{"type": "FeatureCollection", "features": [{"id": "0", "type": "Feature", "properties": {"min_value": 12.313385009765625, "max_value": 15.0, "color": "#e1db31"}, "geometry": {"type": "MultiPolygon", "coordinates": [[[[-125.5, 41.52404318820225], [-125.44793567518248, 41.5], [-125.5, 41.47653680098684], [-125.58769851434427, 41.5], [-125.5, 41.52404318820225]]], [[[-125.10825710343418, 41.75], [-125.13081173780488, 42.0], [-125.03995625259373, 42.25], [-125.17716360778746, 42.5], [-125.25, 42.572366764053996], [-125.48647901019314, 42.75], [-125.5, 42.78579989346591], [-125.58891325176887, 43.0], [-125.5, 43.12441986386139], [-125.25, 43.16294757443532], [-125.2040687635428, 43.25], [-125.05957206289719, 43.5], [-125.00791206962145, 43.75], [-125.04386404750669, 44.0], [-125.0, 44.107000671527246], [-124.94333086222628, 44.25], [-124.78837283721751, 44.5], [-124.75, 44.5377857701669], [-124.59952462401381, 44.75], [-124.5, 44.88709352182034], [-124.3482151250235, 44.75], [-124.30056019840964, 44.5], [-124.35633975195822, 44.25], [-124.46656737947532, 44.0], [-124.46159957627118, 43.75], [-124.45387863648722, 43.5], [-124.5, 43.328305288461536], [-124.56596659703274, 43.25], [-124.75, 43.12651082789793], [-124.8850241969956, 43.0], [-124.9592158614041, 42.75], [-124.75, 42.576041470199925], [-124.71616976085588, 42.5], [-124.6799375971902, 42.25], [-124.68744401412161, 42.0], [-124.52134162034177, 41.75], [-124.75, 41.51490394792549], [-125.0, 41.637987785533], [-125.10825710343418, 41.75]]], [[[-142.5, 46.420032051282064], [-142.5151102228682, 46.5], [-142.54439715485074, 46.75], [-142.62642299107142, 47.0], [-142.74379239341084, 47.25], [-142.75, 47.26455965909091], [-142.90986689814815, 47.5], [-143.0, 47.589033917682926], [-143.25, 47.71145519578314], [-143.5, 47.723667689732146], [-143.75, 47.69797825168919], [-144.0, 47.67923677884615], [-144.25, 47.734152693089435], [-144.5, 47.70000685307018], [-144.75, 47.695937924016285], [-145.0, 47.632957175925924], [-145.125, 47.632957175925924], [-145.125, 47.75], [-145.125, 47.875], [-145.125, 48.0], [-145.125, 48.125], [-145.125, 48.25], [-145.125, 48.375], [-145.125, 48.5], [-145.125, 48.625], [-145.125, 48.75], [-145.125, 48.875], [-145.125, 49.0], [-145.125, 49.125], [-145.125, 49.25], [-145.125, 49.375], [-145.125, 49.5], [-145.125, 49.625], [-145.125, 49.75], [-145.125, 49.875], [-145.125, 50.0], [-145.125, 50.125], [-145.125, 50.25], [-145.125, 50.375], [-145.125, 50.5], [-145.125, 50.625], [-145.125, 50.75], [-145.125, 50.875], [-145.125, 51.0], [-145.125, 51.125], [-145.125, 51.25], [-145.125, 51.375], [-145.125, 51.5], [-145.125, 51.625], [-145.125, 51.75], [-145.125, 51.875], [-145.125, 52.0], [-145.125, 52.125], [-145.0, 52.125], [-144.875, 52.125], [-144.75, 52.125], [-144.625, 52.125], [-144.5, 52.125], [-144.375, 52.125], [-144.25, 52.125], [-144.125, 52.125], [-144.0, 52.125], [-143.875, 52.125], [-143.75, 52.125], [-143.625, 52.125], [-143.5, 52.125], [-143.375, 52.125], [-143.25, 52.125], [-143.125, 52.125], [-143.0, 52.125], [-142.875, 52.125], [-142.75, 52.125], [-142.625, 52.125], [-142.5, 52.125], [-142.375, 52.125], [-142.25, 52.125], [-142.125, 52.125], [-142.0, 52.125], [-141.875, 52.125], [-141.75, 52.125], [-141.625, 52.125], [-141.5, 52.125], [-141.375, 52.125], [-141.25, 52.125], [-141.125, 52.125], [-141.0, 52.125], [-140.875, 52.125], [-140.75, 52.125], [-140.625, 52.125], [-140.5, 52.125], [-140.375, 52.125], [-140.25, 52.125], [-140.125, 52.125], [-140.0, 52.125], [-139.875, 52.125], [-139.75, 52.125], [-139.625, 52.125], [-139.5, 52.125], [-139.375, 52.125], [-139.25, 52.125], [-139.125, 52.125], [-139.0, 52.125], [-138.875, 52.125], [-138.75, 52.125], [-138.625, 52.125], [-138.5, 52.125], [-138.375, 52.125], [-138.25, 52.125], [-138.125, 52.125], [-138.0, 52.125], [-137.875, 52.125], [-137.75, 52.125], [-137.625, 52.125], [-137.5, 52.125], [-137.375, 52.125], [-137.25, 52.125], [-137.125, 52.125], [-137.0, 52.125], [-136.875, 52.125], [-136.75, 52.125], [-136.625, 52.125], [-136.5, 52.125], [-136.375, 52.125], [-136.25, 52.125], [-136.125, 52.125], [-136.0, 52.125], [-135.875, 52.125], [-135.75, 52.125], [-135.625, 52.125], [-135.5, 52.125], [-135.375, 52.125], [-135.25, 52.125], [-135.125, 52.125], [-135.0, 52.125], [-134.875, 52.125], [-134.75, 52.125], [-134.625, 52.125], [-134.5, 52.125], [-134.375, 52.125], [-134.36995671948358, 52.125], [-134.36995671948358, 52.0], [-134.5, 51.80493507922535], [-134.54193968413978, 51.75], [-134.72883234797297, 51.5], [-134.75, 51.48164367675781], [-134.95519301470588, 51.25], [-135.0, 51.212709233261336], [-135.23037280701755, 51.0], [-135.25, 50.98285294618529], [-135.5, 50.81518016014235], [-135.58257720919747, 50.75], [-135.75, 50.62856646500981], [-135.93883585494717, 50.5], [-136.0, 50.45970134493671], [-136.25, 50.326851039416844], [-136.35166294642858, 50.25], [-136.5, 50.135643240638764], [-136.7215180980216, 50.0], [-136.75, 49.98293541217672], [-137.0, 49.8021028506424], [-137.06740174861497, 49.75], [-137.25, 49.624680667775664], [-137.43319003142457, 49.5], [-137.5, 49.45690456081081], [-137.75, 49.265295963822894], [-137.767573278536, 49.25], [-138.0, 49.073932389567666], [-138.09454815204327, 49.0], [-138.25, 48.882421875], [-138.43532323473283, 48.75], [-138.5, 48.70485263099467], [-138.73682141940452, 48.5], [-138.75, 48.48736620324803], [-139.0, 48.316449359202565], [-139.09923245614036, 48.25], [-139.25, 48.11629243281471], [-139.3538115530303, 48.0], [-139.5, 47.83738588483146], [-139.6116365131579, 47.75], [-139.75, 47.589344618055556], [-139.83734300746775, 47.5], [-140.0, 47.35399527726996], [-140.14401371308017, 47.25], [-140.25, 47.19122894244268], [-140.4942655409444, 47.0], [-140.5, 46.99510772565018], [-140.75, 46.966449058219176], [-141.0, 46.757649739583336], [-141.01001420454546, 46.75], [-141.25, 46.57401041666667], [-141.36328125, 46.5], [-141.5, 46.44136351203501], [-141.75, 46.39174006323397], [-142.0, 46.30612490377213], [-142.24630489864865, 46.25], [-142.25, 46.249200475146196], [-142.25798357664235, 46.25], [-142.5, 46.420032051282064]]], [[[-128.81428789316703, 50.75], [-128.75, 50.881281146179404], [-128.6943534259019, 51.0], [-128.5, 51.189484754554655], [-128.27522908834587, 51.25], [-128.25, 51.25314292822854], [-128.24402941503558, 51.25], [-128.0, 51.14134915329768], [-127.75954451650944, 51.0], [-128.0, 50.95018866689932], [-128.25, 50.85517619748325], [-128.455963086248, 50.75], [-128.5, 50.673482821132595], [-128.75, 50.688544906687405], [-128.81428789316703, 50.75]]]]}}, {"id": "1", "type": "Feature", "properties": {"min_value": 15.0, "max_value": 20.0, "color": "#eed02d"}, "geometry": {"type": "MultiPolygon", "coordinates": [[[[-107.66100403502747, 37.75], [-107.5, 37.80576162583254], [-107.25, 37.835044416243655], [-107.1689073088093, 37.75], [-107.25, 37.712596557420966], [-107.5, 37.713181737867124], [-107.66100403502747, 37.75]]], [[[-128.19661458333334, 29.75], [-128.25, 29.774266098484848], [-128.360154805915, 30.0], [-128.3999142530488, 30.25], [-128.5, 30.39921875], [-128.65837053571428, 30.5], [-128.75, 30.572887073863637], [-129.0, 30.514729817708332], [-129.01860608552633, 30.5], [-129.25, 30.368270131086142], [-129.5, 30.32988782051282], [-129.75, 30.337646484374996], [-129.88571068548387, 30.25], [-130.0, 30.202602424749166], [-130.16871279761904, 30.25], [-130.25, 30.420703125000006], [-130.26888020833334, 30.5], [-130.33857421875, 30.75], [-130.5, 30.967958860759488], [-130.5206351902174, 31.0], [-130.67404513888889, 31.25], [-130.75, 31.30396792763158], [-130.97573390151516, 31.5], [-130.9099609375, 31.75], [-130.75, 31.96328124999999], [-130.71328125, 32.0], [-130.5, 32.127968749999994], [-130.39104352678572, 32.25], [-130.25737847222223, 32.5], [-130.25, 32.50510817307692], [-130.0, 32.68408203125], [-129.8681640625, 32.75], [-129.75, 32.98632812499999], [-129.73997395833334, 33.0], [-129.5, 33.09998914930556], [-129.25, 33.10928415697674], [-129.0, 33.14043898809524], [-128.96570675872093, 33.0], [-128.75949622844828, 32.75], [-128.75, 32.72496448863636], [-128.60443474264707, 32.5], [-128.5, 32.447782628676464], [-128.25, 32.484079071969695], [-128.17494419642856, 32.5], [-128.0, 32.74492187500001], [-127.99937787136294, 32.75], [-128.0, 32.750725446428575], [-128.1246372767857, 33.0], [-128.23586107336956, 33.25], [-128.25, 33.29064941406251], [-128.318359375, 33.5], [-128.4288143382353, 33.75], [-128.5, 33.91353462837837], [-128.75, 33.99461570945946], [-128.94256981382978, 33.75], [-129.0, 33.677048141891895], [-129.25, 33.59001736111111], [-129.5, 33.528277853260875], [-129.58671875000002, 33.5], [-129.75, 33.47013147865854], [-129.97265625, 33.5], [-130.0, 33.589120370370416], [-130.03193933823528, 33.75], [-130.25, 33.8658447265625], [-130.36958165322582, 33.75], [-130.5, 33.67953431372549], [-130.54680716353113, 33.75], [-130.62261310223266, 34.0], [-130.63220486111112, 34.25], [-130.75, 34.42669270833333], [-130.81468290441177, 34.5], [-130.96307663690476, 34.75], [-130.94652478448276, 35.0], [-130.89997632575756, 35.25], [-131.0, 35.38753255208333], [-131.08997395833333, 35.5], [-131.0, 35.56583460365854], [-130.83585258152175, 35.75], [-131.0, 35.93416539634146], [-131.0613458806818, 36.0], [-131.25, 36.120301177536234], [-131.5, 36.22322530864197], [-131.54840959821428, 36.25], [-131.75, 36.33959573412699], [-132.0, 36.316259765625], [-132.1633246527778, 36.5], [-132.25, 36.575735740291265], [-132.5, 36.70459980867347], [-132.6059337797619, 36.75], [-132.75, 36.827574118589745], [-133.0, 36.857747395833336], [-133.16596137152777, 37.0], [-133.25, 37.12874002659574], [-133.36873372395834, 37.25], [-133.5, 37.44093276515151], [-133.5609130859375, 37.5], [-133.5, 37.54754192073171], [-133.25, 37.631616709183675], [-133.1765723892405, 37.75], [-133.0825973731884, 38.0], [-133.0, 38.154032939189186], [-132.75, 38.20958533653847], [-132.53984375000002, 38.25], [-132.5, 38.3496093749999], [-132.48796875, 38.5], [-132.5, 38.575195312500014], [-132.53178267045453, 38.75], [-132.5599609375, 39.0], [-132.75, 39.131061422413794], [-133.0, 39.24396306818181], [-133.00485899390245, 39.25], [-133.059326171875, 39.5], [-133.25, 39.53547420058139], [-133.5, 39.676131063432834], [-133.75, 39.62685032894737], [-134.0, 39.57873717350746], [-134.25, 39.66634436881188], [-134.5, 39.58293635670732], [-134.75, 39.53944762323944], [-135.0, 39.713982077205884], [-135.1224609375, 39.75], [-135.25, 39.79723668981482], [-135.4933159722222, 40.0], [-135.5, 40.01503906250001], [-135.5552849264706, 40.25], [-135.65046432783018, 40.5], [-135.7191515771028, 40.75], [-135.75, 40.86002604166666], [-135.78888165509258, 41.0], [-135.89046999007937, 41.25], [-136.0, 41.38398816747573], [-136.23429840686273, 41.5], [-136.25, 41.51404879385965], [-136.5, 41.64908854166667], [-136.75, 41.615069653614455], [-137.0, 41.66711211622807], [-137.25, 41.680084228515625], [-137.5, 41.67018613000756], [-137.75, 41.74195577330509], [-137.7796630859375, 41.75], [-138.0, 41.80256873252563], [-138.25, 41.77870349867139], [-138.5, 41.782699598572705], [-138.75, 41.7553473907767], [-139.0, 41.80600806451613], [-139.25, 41.89318970959596], [-139.5, 41.97432528409091], [-139.594140625, 42.0], [-139.75, 42.075415826612904], [-139.92744620901638, 42.25], [-140.0, 42.364213709677415], [-140.09354166666665, 42.5], [-140.1969921875, 42.75], [-140.20270155826557, 43.0], [-140.25, 43.02889590231788], [-140.2791858277592, 43.0], [-140.5, 42.83369411209068], [-140.74273322610293, 43.0], [-140.75, 43.00477430555556], [-141.0, 43.07931601633394], [-141.25, 43.10044001436782], [-141.5, 43.124375], [-141.7078354779412, 43.25], [-141.75, 43.31348016605166], [-142.0, 43.40299267100977], [-142.12548279494382, 43.5], [-142.25, 43.58812748508946], [-142.5, 43.74835846303502], [-142.5017876059322, 43.75], [-142.75, 43.870779639175254], [-143.0, 43.80094986510791], [-143.25, 43.7932064318783], [-143.35144118788818, 43.75], [-143.5, 43.641773897058826], [-143.75, 43.5478955518018], [-143.86658785635964, 43.5], [-144.0, 43.42489390432099], [-144.25, 43.33120684313031], [-144.40167204034393, 43.25], [-144.5, 43.18646501068376], [-144.75, 43.095448117581604], [-144.93486215876436, 43.0], [-145.0, 42.9546640625], [-145.125, 42.9546640625], [-145.125, 43.0], [-145.125, 43.125], [-145.125, 43.25], [-145.125, 43.375], [-145.125, 43.5], [-145.125, 43.625], [-145.125, 43.75], [-145.125, 43.875], [-145.125, 44.0], [-145.125, 44.125], [-145.125, 44.25], [-145.125, 44.375], [-145.125, 44.5], [-145.125, 44.625], [-145.125, 44.75], [-145.125, 44.875], [-145.125, 45.0], [-145.125, 45.125], [-145.125, 45.25], [-145.125, 45.375], [-145.125, 45.5], [-145.125, 45.625], [-145.125, 45.75], [-145.125, 45.875], [-145.125, 46.0], [-145.125, 46.125], [-145.125, 46.25], [-145.125, 46.375], [-145.125, 46.5], [-145.125, 46.625], [-145.125, 46.75], [-145.125, 46.875], [-145.125, 47.0], [-145.125, 47.125], [-145.125, 47.25], [-145.125, 47.375], [-145.125, 47.5], [-145.125, 47.625], [-145.125, 47.632957175925924], [-145.0, 47.632957175925924], [-144.75, 47.695937924016285], [-144.5, 47.70000685307018], [-144.25, 47.734152693089435], [-144.0, 47.67923677884615], [-143.75, 47.69797825168919], [-143.5, 47.723667689732146], [-143.25, 47.71145519578314], [-143.0, 47.589033917682926], [-142.90986689814815, 47.5], [-142.75, 47.26455965909091], [-142.74379239341084, 47.25], [-142.62642299107142, 47.0], [-142.54439715485074, 46.75], [-142.5151102228682, 46.5], [-142.5, 46.420032051282064], [-142.25798357664235, 46.25], [-142.25, 46.249200475146196], [-142.24630489864865, 46.25], [-142.0, 46.30612490377213], [-141.75, 46.39174006323397], [-141.5, 46.44136351203501], [-141.36328125, 46.5], [-141.25, 46.57401041666667], [-141.01001420454546, 46.75], [-141.0, 46.757649739583336], [-140.75, 46.966449058219176], [-140.5, 46.99510772565018], [-140.4942655409444, 47.0], [-140.25, 47.19122894244268], [-140.14401371308017, 47.25], [-140.0, 47.35399527726996], [-139.83734300746775, 47.5], [-139.75, 47.589344618055556], [-139.6116365131579, 47.75], [-139.5, 47.83738588483146], [-139.3538115530303, 48.0], [-139.25, 48.11629243281471], [-139.09923245614036, 48.25], [-139.0, 48.316449359202565], [-138.75, 48.48736620324803], [-138.73682141940452, 48.5], [-138.5, 48.70485263099467], [-138.43532323473283, 48.75], [-138.25, 48.882421875], [-138.09454815204327, 49.0], [-138.0, 49.073932389567666], [-137.767573278536, 49.25], [-137.75, 49.265295963822894], [-137.5, 49.45690456081081], [-137.43319003142457, 49.5], [-137.25, 49.624680667775664], [-137.06740174861497, 49.75], [-137.0, 49.8021028506424], [-136.75, 49.98293541217672], [-136.7215180980216, 50.0], [-136.5, 50.135643240638764], [-136.35166294642858, 50.25], [-136.25, 50.326851039416844], [-136.0, 50.45970134493671], [-135.93883585494717, 50.5], [-135.75, 50.62856646500981], [-135.58257720919747, 50.75], [-135.5, 50.81518016014235], [-135.25, 50.98285294618529], [-135.23037280701755, 51.0], [-135.0, 51.212709233261336], [-134.95519301470588, 51.25], [-134.75, 51.48164367675781], [-134.72883234797297, 51.5], [-134.54193968413978, 51.75], [-134.5, 51.80493507922535], [-134.36995671948358, 52.0], [-134.36995671948358, 52.125], [-134.25, 52.125], [-134.125, 52.125], [-134.0, 52.125], [-133.875, 52.125], [-133.75, 52.125], [-133.625, 52.125], [-133.5, 52.125], [-133.375, 52.125], [-133.25, 52.125], [-133.125, 52.125], [-133.0, 52.125], [-132.875, 52.125], [-132.75, 52.125], [-132.625, 52.125], [-132.5, 52.125], [-132.375, 52.125], [-132.25, 52.125], [-132.125, 52.125], [-132.0, 52.125], [-131.875, 52.125], [-131.75, 52.125], [-131.625, 52.125], [-131.5, 52.125], [-131.375, 52.125], [-131.25, 52.125], [-131.125, 52.125], [-131.0, 52.125], [-130.875, 52.125], [-130.75, 52.125], [-130.625, 52.125], [-130.5, 52.125], [-130.375, 52.125], [-130.25, 52.125], [-130.125, 52.125], [-130.0, 52.125], [-129.875, 52.125], [-129.75, 52.125], [-129.625, 52.125], [-129.5, 52.125], [-129.375, 52.125], [-129.25, 52.125], [-129.125, 52.125], [-129.0, 52.125], [-128.875, 52.125], [-128.75, 52.125], [-128.625, 52.125], [-128.5, 52.125], [-128.375, 52.125], [-128.25, 52.125], [-128.1839667015497, 52.125], [-128.1839667015497, 52.0], [-128.1120952057632, 51.75], [-128.09395078760556, 51.5], [-128.0, 51.42232881040096], [-127.75, 51.30667254608514], [-127.65880399464831, 51.25], [-127.5, 51.15003098228896], [-127.33866350533071, 51.0], [-127.5, 50.88850701895565], [-127.75, 50.82921803325688], [-128.0, 50.77151129820275], [-128.03278756648936, 50.75], [-128.14436541152065, 50.5], [-128.0, 50.30292371904636], [-127.94353613336143, 50.25], [-127.75, 50.04308847280649], [-127.66086344211344, 50.0], [-127.5, 49.91500482387717], [-127.25, 49.84836211622807], [-127.0211575255102, 49.75], [-127.0, 49.7389387169912], [-126.78355800982604, 49.5], [-126.75, 49.47283326269805], [-126.5, 49.34650580680642], [-126.34212597904317, 49.25], [-126.25, 49.185237630208334], [-126.0, 49.092412914426525], [-125.75, 49.018919650591975], [-125.66941113161131, 49.0], [-125.5, 48.94723749233834], [-125.25, 48.813409944615046], [-125.11625679504974, 48.75], [-125.0, 48.68846610039792], [-124.75, 48.5741022589141], [-124.637635552347, 48.5], [-124.70405714774036, 48.25], [-124.69315720739144, 48.0], [-124.5, 47.77152096710353], [-124.46228855194205, 47.75], [-124.371063124755, 47.5], [-124.31876929632728, 47.25], [-124.29767724813269, 47.0], [-124.3124792939704, 46.75], [-124.25, 46.65345207622298], [-124.19143101389491, 46.5], [-124.08354074758554, 46.25], [-124.06705579462584, 46.0], [-124.11616507918292, 45.75], [-124.12729651821633, 45.5], [-124.1104736268313, 45.25], [-124.06883779934738, 45.0], [-124.06485951153707, 44.75], [-124.06548436918881, 44.5], [-124.10922234523375, 44.25], [-124.25, 44.12570664879681], [-124.33197929262394, 44.0], [-124.33051247503712, 43.75], [-124.31467254622078, 43.5], [-124.3431036116526, 43.25], [-124.5, 43.02021708961142], [-124.52904718951766, 43.0], [-124.61659021017473, 42.75], [-124.50135960771973, 42.5], [-124.5, 42.49549099067761], [-124.41312075290526, 42.25], [-124.39326826327222, 42.0], [-124.2680946904905, 41.75], [-124.25, 41.50779316212871], [-124.24935716655608, 41.5], [-124.25, 41.472858297413794], [-124.25629336315501, 41.25], [-124.25, 41.0363507231405], [-124.24926726292117, 41.0], [-124.25, 40.99838426393608], [-124.34579090667611, 40.75], [-124.43555039696454, 40.5], [-124.43435930947915, 40.25], [-124.25, 40.047599532059245], [-124.19332310036424, 40.0], [-124.0125958922228, 39.75], [-124.02832263764881, 39.5], [-124.09469410211267, 39.25], [-124.0, 39.172039874188314], [-123.83703076944201, 39.0], [-123.75, 38.928100896098], [-123.5, 38.774229594588256], [-123.46541687583668, 38.75], [-123.38094244707229, 38.5], [-123.32123635946195, 38.25], [-123.25, 38.18860432768414], [-123.0, 38.09788955397373], [-122.84023064661243, 38.0], [-122.75, 37.89845675955274], [-122.63811811591799, 37.75], [-122.55405850082626, 37.5], [-122.5700947095781, 37.25], [-122.5, 37.161146822257386], [-122.29663579938764, 37.0], [-122.25, 36.94580739036275], [-122.0, 36.88066199639883], [-121.95354635112427, 36.75], [-121.95854699565638, 36.5], [-121.93155610812249, 36.25], [-121.75, 36.01107024078108], [-121.7432694695393, 36.0], [-121.75, 35.88883056640625], [-121.79098319303506, 35.75], [-121.75, 35.6094120846519], [-121.65043421526278, 35.5], [-121.5, 35.39619814952807], [-121.2862767792302, 35.25], [-121.25, 35.23060825892857], [-121.0, 35.11328563658057], [-120.85761346594919, 35.0], [-120.75, 34.898137420674686], [-120.67003543901559, 34.75], [-120.58175036108533, 34.5], [-120.5, 34.40663293861199], [-120.25, 34.29718723478126], [-120.17059286548948, 34.25], [-120.12158681389761, 34.0], [-120.25, 33.851019779159515], [-120.36636360829834, 33.75], [-120.25079576737784, 33.5], [-120.29916242812915, 33.25], [-120.25, 33.197093645882916], [-120.0, 33.00834404293922], [-119.98816226941227, 33.0], [-119.75, 32.76993110236221], [-119.69916094080338, 32.75], [-119.74737298976608, 32.5], [-119.75, 32.49424078525641], [-120.0, 32.25935813848921], [-120.216796875, 32.25], [-120.25, 32.24169921875], [-120.25603693181819, 32.25], [-120.5, 32.28795300530348], [-120.75, 32.346463760855045], [-120.94202958776596, 32.25], [-121.0, 32.02294921875], [-121.25, 32.125619283536594], [-121.5, 32.18162722908093], [-121.75, 32.20240384615385], [-121.98081140350877, 32.0], [-122.0, 31.96484375], [-122.0871128318584, 32.0], [-122.04815729483283, 32.25], [-122.0, 32.309787735849056], [-121.75, 32.336740654205606], [-121.5, 32.48848684210526], [-121.49266387195121, 32.5], [-121.5, 32.505661764705884], [-121.75, 32.72491952789699], [-121.85435267857142, 32.75], [-122.0, 32.835855263157896], [-122.02691831683168, 32.75], [-122.25, 32.62198153409091], [-122.5, 32.664147418478265], [-122.75, 32.506971914556964], [-122.768359375, 32.5], [-122.75, 32.465576171875], [-122.5, 32.32440043604652], [-122.43045176630434, 32.25], [-122.35956101190476, 32.0], [-122.5, 31.91807725694445], [-122.64043898809524, 32.0], [-122.75, 32.1000339673913], [-123.0, 32.01253255208334], [-123.02313701923077, 32.0], [-123.25, 31.96218950320513], [-123.5, 31.928906249999997], [-123.67129321808511, 31.75], [-123.75, 31.682741477272728], [-123.86686954941861, 31.5], [-123.99516969086022, 31.25], [-124.0, 31.243393841911764], [-124.25, 31.131404433139537], [-124.5, 31.206263950892858], [-124.71793926886792, 31.0], [-124.75, 30.973858173076927], [-125.0, 30.956923342541437], [-125.09640444015444, 30.75], [-125.25, 30.602479913473427], [-125.33838619402985, 30.5], [-125.388671875, 30.25], [-125.5, 30.086718750000017], [-125.75, 30.069260817307693], [-126.0, 30.12067708333333], [-126.25, 30.19788896276596], [-126.5, 30.207824707031254], [-126.6349609375, 30.25], [-126.75, 30.285949707031246], [-127.0, 30.368882665094336], [-127.25, 30.366686698717945], [-127.35583212209302, 30.25], [-127.5, 30.112239583333334], [-127.75, 30.126953124999996], [-127.876953125, 30.0], [-127.75, 29.779947916666664], [-127.73502604166667, 29.75], [-127.75, 29.735026041666668], [-128.0, 29.660629734848488], [-128.19661458333334, 29.75]], [[-124.68744401412161, 42.0], [-124.6799375971902, 42.25], [-124.71616976085588, 42.5], [-124.75, 42.576041470199925], [-124.9592158614041, 42.75], [-124.8850241969956, 43.0], [-124.75, 43.12651082789793], [-124.56596659703274, 43.25], [-124.5, 43.328305288461536], [-124.45387863648722, 43.5], [-124.46159957627118, 43.75], [-124.46656737947532, 44.0], [-124.35633975195822, 44.25], [-124.30056019840964, 44.5], [-124.3482151250235, 44.75], [-124.5, 44.88709352182034], [-124.59952462401381, 44.75], [-124.75, 44.5377857701669], [-124.78837283721751, 44.5], [-124.94333086222628, 44.25], [-125.0, 44.107000671527246], [-125.04386404750669, 44.0], [-125.00791206962145, 43.75], [-125.05957206289719, 43.5], [-125.2040687635428, 43.25], [-125.25, 43.16294757443532], [-125.5, 43.12441986386139], [-125.58891325176887, 43.0], [-125.5, 42.78579989346591], [-125.48647901019314, 42.75], [-125.25, 42.572366764053996], [-125.17716360778746, 42.5], [-125.03995625259373, 42.25], [-125.13081173780488, 42.0], [-125.10825710343418, 41.75], [-125.0, 41.637987785533], [-124.75, 41.51490394792549], [-124.52134162034177, 41.75], [-124.68744401412161, 42.0]], [[-125.5, 41.52404318820225], [-125.58769851434427, 41.5], [-125.5, 41.47653680098684], [-125.44793567518248, 41.5], [-125.5, 41.52404318820225]], [[-128.25, 50.85517619748325], [-128.0, 50.95018866689932], [-127.75954451650944, 51.0], [-128.0, 51.14134915329768], [-128.24402941503558, 51.25], [-128.25, 51.25314292822854], [-128.27522908834587, 51.25], [-128.5, 51.189484754554655], [-128.6943534259019, 51.0], [-128.75, 50.881281146179404], [-128.81428789316703, 50.75], [-128.75, 50.688544906687405], [-128.5, 50.673482821132595], [-128.455963086248, 50.75], [-128.25, 50.85517619748325]], [[-127.75, 34.445041769801975], [-127.67290581597223, 34.5], [-127.56012457770271, 34.75], [-127.5, 34.864082532051285], [-127.43689546130952, 35.0], [-127.5, 35.08834635416667], [-127.72556322674419, 35.25], [-127.75, 35.27388139204545], [-127.93772110849056, 35.5], [-127.99969773065476, 35.75], [-128.0, 35.7506681743421], [-128.00032344745222, 35.75], [-128.0345179738562, 35.5], [-128.25, 35.277538798920375], [-128.2756038268507, 35.25], [-128.26509201077198, 35.0], [-128.5, 34.838064665841586], [-128.68386627906978, 34.75], [-128.51382606907896, 34.5], [-128.65078125, 34.25], [-128.5, 34.0615234375], [-128.25, 34.11118236940298], [-128.09498697916666, 34.25], [-128.0, 34.35554108796296], [-127.75, 34.445041769801975]], [[-121.25890492584746, 34.0], [-121.25, 33.969977678571425], [-121.24626388888889, 34.0], [-121.25, 34.015452665441174], [-121.25890492584746, 34.0]], [[-121.85006009615384, 33.0], [-121.75, 32.839903846153845], [-121.60546875, 33.0], [-121.75, 33.01803509532063], [-121.85006009615384, 33.0]], [[-128.9781580105634, 31.5], [-129.0, 31.55964543269231], [-129.25, 31.509399414062504], [-129.263671875, 31.5], [-129.5, 31.359480574324323], [-129.6265869140625, 31.25], [-129.5, 31.057105654761905], [-129.25, 31.113984374999998], [-129.00711495535714, 31.25], [-129.0, 31.278459821428566], [-128.9781580105634, 31.5]], [[-127.78025072674419, 30.5], [-127.75, 30.427734375], [-127.677734375, 30.5], [-127.75, 30.53868494423792], [-127.78025072674419, 30.5]]], [[[-123.25, 48.41034129235015], [-123.26718662758236, 48.5], [-123.25, 48.55607860293413], [-123.0, 48.65828534765355], [-122.75, 48.60017326644923], [-122.7024311050133, 48.5], [-122.75, 48.37085523308958], [-122.93648184062059, 48.25], [-123.0, 48.23608246028803], [-123.07524540517961, 48.25], [-123.25, 48.41034129235015]]], [[[-95.07545230263159, 52.125], [-95.0, 52.125], [-94.875, 52.125], [-94.875, 52.0], [-94.875, 51.957835477941174], [-95.0, 51.957835477941174], [-95.07545230263159, 52.0], [-95.07545230263159, 52.125]]]]}}, {"id": "2", "type": "Feature", "properties": {"min_value": 20.0, "max_value": 25.0, "color": "#ffb827"}, "geometry": {"type": "MultiPolygon", "coordinates": [[[[-115.34409466911765, 26.0], [-115.25, 26.01666259765625], [-115.23683449074073, 26.0], [-115.25, 25.988106993494423], [-115.34409466911765, 26.0]]], [[[-113.5, 26.4877536285545], [-113.55940193965517, 26.5], [-113.5, 26.501494982824084], [-113.25, 26.507352247663825], [-113.22248058331523, 26.5], [-113.0, 26.278816819654427], [-112.96271569791813, 26.25], [-112.75, 26.029903679340755], [-112.71340991508933, 26.0], [-112.75, 25.97139090594744], [-112.806607484948, 26.0], [-113.0, 26.18147309964047], [-113.15110065118913, 26.25], [-113.25, 26.35201883761682], [-113.5, 26.4877536285545]]], [[[-127.75, 30.427734375], [-127.78025072674419, 30.5], [-127.75, 30.53868494423792], [-127.677734375, 30.5], [-127.75, 30.427734375]]], [[[-129.263671875, 31.5], [-129.25, 31.509399414062504], [-129.0, 31.55964543269231], [-128.9781580105634, 31.5], [-129.0, 31.278459821428566], [-129.00711495535714, 31.25], [-129.25, 31.113984374999998], [-129.5, 31.057105654761905], [-129.6265869140625, 31.25], [-129.5, 31.359480574324323], [-129.263671875, 31.5]]], [[[-121.75, 32.839903846153845], [-121.85006009615384, 33.0], [-121.75, 33.01803509532063], [-121.60546875, 33.0], [-121.75, 32.839903846153845]]], [[[-121.25, 33.969977678571425], [-121.25890492584746, 34.0], [-121.25, 34.015452665441174], [-121.24626388888889, 34.0], [-121.25, 33.969977678571425]]], [[[-128.68386627906978, 34.75], [-128.5, 34.838064665841586], [-128.26509201077198, 35.0], [-128.2756038268507, 35.25], [-128.25, 35.277538798920375], [-128.0345179738562, 35.5], [-128.00032344745222, 35.75], [-128.0, 35.7506681743421], [-127.99969773065476, 35.75], [-127.93772110849056, 35.5], [-127.75, 35.27388139204545], [-127.72556322674419, 35.25], [-127.5, 35.08834635416667], [-127.43689546130952, 35.0], [-127.5, 34.864082532051285], [-127.56012457770271, 34.75], [-127.67290581597223, 34.5], [-127.75, 34.445041769801975], [-128.0, 34.35554108796296], [-128.09498697916666, 34.25], [-128.25, 34.11118236940298], [-128.5, 34.0615234375], [-128.65078125, 34.25], [-128.51382606907896, 34.5], [-128.68386627906978, 34.75]]], [[[-118.42109297221468, 36.5], [-118.5, 36.4543274267903], [-118.54633523331208, 36.5], [-118.59759757242489, 36.75], [-118.5, 36.80356157073458], [-118.46893675830275, 36.75], [-118.42109297221468, 36.5]]], [[[-121.5, 21.875], [-121.625, 21.875], [-121.75, 21.875], [-121.875, 21.875], [-122.0, 21.875], [-122.125, 21.875], [-122.25, 21.875], [-122.375, 21.875], [-122.5, 21.875], [-122.625, 21.875], [-122.75, 21.875], [-122.875, 21.875], [-123.0, 21.875], [-123.125, 21.875], [-123.25, 21.875], [-123.375, 21.875], [-123.5, 21.875], [-123.625, 21.875], [-123.75, 21.875], [-123.875, 21.875], [-124.0, 21.875], [-124.125, 21.875], [-124.25, 21.875], [-124.375, 21.875], [-124.5, 21.875], [-124.625, 21.875], [-124.75, 21.875], [-124.875, 21.875], [-125.0, 21.875], [-125.125, 21.875], [-125.25, 21.875], [-125.375, 21.875], [-125.5, 21.875], [-125.625, 21.875], [-125.75, 21.875], [-125.875, 21.875], [-126.0, 21.875], [-126.125, 21.875], [-126.25, 21.875], [-126.375, 21.875], [-126.5, 21.875], [-126.625, 21.875], [-126.75, 21.875], [-126.875, 21.875], [-127.0, 21.875], [-127.125, 21.875], [-127.25, 21.875], [-127.375, 21.875], [-127.5, 21.875], [-127.625, 21.875], [-127.75, 21.875], [-127.875, 21.875], [-128.0, 21.875], [-128.125, 21.875], [-128.25, 21.875], [-128.375, 21.875], [-128.5, 21.875], [-128.625, 21.875], [-128.75, 21.875], [-128.875, 21.875], [-129.0, 21.875], [-129.125, 21.875], [-129.25, 21.875], [-129.375, 21.875], [-129.5, 21.875], [-129.625, 21.875], [-129.75, 21.875], [-129.875, 21.875], [-130.0, 21.875], [-130.125, 21.875], [-130.25, 21.875], [-130.375, 21.875], [-130.5, 21.875], [-130.625, 21.875], [-130.75, 21.875], [-130.875, 21.875], [-131.0, 21.875], [-131.125, 21.875], [-131.25, 21.875], [-131.375, 21.875], [-131.5, 21.875], [-131.625, 21.875], [-131.75, 21.875], [-131.875, 21.875], [-132.0, 21.875], [-132.125, 21.875], [-132.25, 21.875], [-132.375, 21.875], [-132.5, 21.875], [-132.625, 21.875], [-132.75, 21.875], [-132.875, 21.875], [-133.0, 21.875], [-133.125, 21.875], [-133.25, 21.875], [-133.375, 21.875], [-133.5, 21.875], [-133.625, 21.875], [-133.75, 21.875], [-133.875, 21.875], [-134.0, 21.875], [-134.125, 21.875], [-134.25, 21.875], [-134.375, 21.875], [-134.5, 21.875], [-134.625, 21.875], [-134.75, 21.875], [-134.875, 21.875], [-135.0, 21.875], [-135.125, 21.875], [-135.25, 21.875], [-135.375, 21.875], [-135.5, 21.875], [-135.625, 21.875], [-135.75, 21.875], [-135.875, 21.875], [-136.0, 21.875], [-136.125, 21.875], [-136.25, 21.875], [-136.375, 21.875], [-136.5, 21.875], [-136.625, 21.875], [-136.75, 21.875], [-136.875, 21.875], [-137.0, 21.875], [-137.125, 21.875], [-137.25, 21.875], [-137.375, 21.875], [-137.5, 21.875], [-137.625, 21.875], [-137.75, 21.875], [-137.875, 21.875], [-138.0, 21.875], [-138.125, 21.875], [-138.25, 21.875], [-138.375, 21.875], [-138.5, 21.875], [-138.625, 21.875], [-138.75, 21.875], [-138.875, 21.875], [-139.0, 21.875], [-139.125, 21.875], [-139.25, 21.875], [-139.375, 21.875], [-139.5, 21.875], [-139.625, 21.875], [-139.75, 21.875], [-139.875, 21.875], [-140.0, 21.875], [-140.125, 21.875], [-140.25, 21.875], [-140.375, 21.875], [-140.5, 21.875], [-140.625, 21.875], [-140.75, 21.875], [-140.875, 21.875], [-141.0, 21.875], [-141.125, 21.875], [-141.25, 21.875], [-141.375, 21.875], [-141.5, 21.875], [-141.625, 21.875], [-141.75, 21.875], [-141.875, 21.875], [-142.0, 21.875], [-142.125, 21.875], [-142.25, 21.875], [-142.375, 21.875], [-142.5, 21.875], [-142.625, 21.875], [-142.75, 21.875], [-142.875, 21.875], [-143.0, 21.875], [-143.125, 21.875], [-143.25, 21.875], [-143.375, 21.875], [-143.5, 21.875], [-143.625, 21.875], [-143.75, 21.875], [-143.875, 21.875], [-144.0, 21.875], [-144.125, 21.875], [-144.25, 21.875], [-144.375, 21.875], [-144.5, 21.875], [-144.625, 21.875], [-144.75, 21.875], [-144.875, 21.875], [-145.0, 21.875], [-145.125, 21.875], [-145.125, 22.0], [-145.125, 22.125], [-145.125, 22.25], [-145.125, 22.375], [-145.125, 22.5], [-145.125, 22.625], [-145.125, 22.75], [-145.125, 22.875], [-145.125, 23.0], [-145.125, 23.125], [-145.125, 23.25], [-145.125, 23.375], [-145.125, 23.5], [-145.125, 23.625], [-145.125, 23.75], [-145.125, 23.875], [-145.125, 24.0], [-145.125, 24.125], [-145.125, 24.25], [-145.125, 24.375], [-145.125, 24.5], [-145.125, 24.625], [-145.125, 24.75], [-145.125, 24.875], [-145.125, 25.0], [-145.125, 25.125], [-145.125, 25.25], [-145.125, 25.375], [-145.125, 25.5], [-145.125, 25.625], [-145.125, 25.75], [-145.125, 25.875], [-145.125, 26.0], [-145.125, 26.125], [-145.125, 26.25], [-145.125, 26.375], [-145.125, 26.5], [-145.125, 26.625], [-145.125, 26.75], [-145.125, 26.875], [-145.125, 27.0], [-145.125, 27.125], [-145.125, 27.25], [-145.125, 27.375], [-145.125, 27.5], [-145.125, 27.625], [-145.125, 27.75], [-145.125, 27.875], [-145.125, 28.0], [-145.125, 28.125], [-145.125, 28.25], [-145.125, 28.375], [-145.125, 28.5], [-145.125, 28.625], [-145.125, 28.75], [-145.125, 28.875], [-145.125, 29.0], [-145.125, 29.125], [-145.125, 29.25], [-145.125, 29.375], [-145.125, 29.5], [-145.125, 29.625], [-145.125, 29.75], [-145.125, 29.875], [-145.125, 30.0], [-145.125, 30.125], [-145.125, 30.25], [-145.125, 30.375], [-145.125, 30.5], [-145.125, 30.625], [-145.125, 30.75], [-145.125, 30.875], [-145.125, 31.0], [-145.125, 31.125], [-145.125, 31.25], [-145.125, 31.375], [-145.125, 31.5], [-145.125, 31.625], [-145.125, 31.75], [-145.125, 31.875], [-145.125, 32.0], [-145.125, 32.125], [-145.125, 32.25], [-145.125, 32.375], [-145.125, 32.5], [-145.125, 32.625], [-145.125, 32.75], [-145.125, 32.875], [-145.125, 33.0], [-145.125, 33.125], [-145.125, 33.25], [-145.125, 33.375], [-145.125, 33.5], [-145.125, 33.625], [-145.125, 33.75], [-145.125, 33.875], [-145.125, 34.0], [-145.125, 34.125], [-145.125, 34.25], [-145.125, 34.375], [-145.125, 34.5], [-145.125, 34.625], [-145.125, 34.75], [-145.125, 34.875], [-145.125, 35.0], [-145.125, 35.125], [-145.125, 35.25], [-145.125, 35.375], [-145.125, 35.5], [-145.125, 35.625], [-145.125, 35.75], [-145.125, 35.875], [-145.125, 36.0], [-145.125, 36.125], [-145.125, 36.25], [-145.125, 36.375], [-145.125, 36.5], [-145.125, 36.625], [-145.125, 36.75], [-145.125, 36.875], [-145.125, 37.0], [-145.125, 37.125], [-145.125, 37.25], [-145.125, 37.375], [-145.125, 37.5], [-145.125, 37.625], [-145.125, 37.75], [-145.125, 37.875], [-145.125, 38.0], [-145.125, 38.125], [-145.125, 38.25], [-145.125, 38.375], [-145.125, 38.5], [-145.125, 38.625], [-145.125, 38.75], [-145.125, 38.875], [-145.125, 39.0], [-145.125, 39.125], [-145.125, 39.25], [-145.125, 39.375], [-145.125, 39.5], [-145.125, 39.625], [-145.125, 39.75], [-145.125, 39.875], [-145.125, 40.0], [-145.125, 40.125], [-145.125, 40.25], [-145.125, 40.375], [-145.125, 40.5], [-145.125, 40.625], [-145.125, 40.75], [-145.125, 40.875], [-145.125, 41.0], [-145.125, 41.125], [-145.125, 41.25], [-145.125, 41.375], [-145.125, 41.5], [-145.125, 41.625], [-145.125, 41.75], [-145.125, 41.875], [-145.125, 42.0], [-145.125, 42.125], [-145.125, 42.25], [-145.125, 42.375], [-145.125, 42.5], [-145.125, 42.625], [-145.125, 42.75], [-145.125, 42.875], [-145.125, 42.9546640625], [-145.0, 42.9546640625], [-144.93486215876436, 43.0], [-144.75, 43.095448117581604], [-144.5, 43.18646501068376], [-144.40167204034393, 43.25], [-144.25, 43.33120684313031], [-144.0, 43.42489390432099], [-143.86658785635964, 43.5], [-143.75, 43.5478955518018], [-143.5, 43.641773897058826], [-143.35144118788818, 43.75], [-143.25, 43.7932064318783], [-143.0, 43.80094986510791], [-142.75, 43.870779639175254], [-142.5017876059322, 43.75], [-142.5, 43.74835846303502], [-142.25, 43.58812748508946], [-142.12548279494382, 43.5], [-142.0, 43.40299267100977], [-141.75, 43.31348016605166], [-141.7078354779412, 43.25], [-141.5, 43.124375], [-141.25, 43.10044001436782], [-141.0, 43.07931601633394], [-140.75, 43.00477430555556], [-140.74273322610293, 43.0], [-140.5, 42.83369411209068], [-140.2791858277592, 43.0], [-140.25, 43.02889590231788], [-140.20270155826557, 43.0], [-140.1969921875, 42.75], [-140.09354166666665, 42.5], [-140.0, 42.364213709677415], [-139.92744620901638, 42.25], [-139.75, 42.075415826612904], [-139.594140625, 42.0], [-139.5, 41.97432528409091], [-139.25, 41.89318970959596], [-139.0, 41.80600806451613], [-138.75, 41.7553473907767], [-138.5, 41.782699598572705], [-138.25, 41.77870349867139], [-138.0, 41.80256873252563], [-137.7796630859375, 41.75], [-137.75, 41.74195577330509], [-137.5, 41.67018613000756], [-137.25, 41.680084228515625], [-137.0, 41.66711211622807], [-136.75, 41.615069653614455], [-136.5, 41.64908854166667], [-136.25, 41.51404879385965], [-136.23429840686273, 41.5], [-136.0, 41.38398816747573], [-135.89046999007937, 41.25], [-135.78888165509258, 41.0], [-135.75, 40.86002604166666], [-135.7191515771028, 40.75], [-135.65046432783018, 40.5], [-135.5552849264706, 40.25], [-135.5, 40.01503906250001], [-135.4933159722222, 40.0], [-135.25, 39.79723668981482], [-135.1224609375, 39.75], [-135.0, 39.713982077205884], [-134.75, 39.53944762323944], [-134.5, 39.58293635670732], [-134.25, 39.66634436881188], [-134.0, 39.57873717350746], [-133.75, 39.62685032894737], [-133.5, 39.676131063432834], [-133.25, 39.53547420058139], [-133.059326171875, 39.5], [-133.00485899390245, 39.25], [-133.0, 39.24396306818181], [-132.75, 39.131061422413794], [-132.5599609375, 39.0], [-132.53178267045453, 38.75], [-132.5, 38.575195312500014], [-132.48796875, 38.5], [-132.5, 38.3496093749999], [-132.53984375000002, 38.25], [-132.75, 38.20958533653847], [-133.0, 38.154032939189186], [-133.0825973731884, 38.0], [-133.1765723892405, 37.75], [-133.25, 37.631616709183675], [-133.5, 37.54754192073171], [-133.5609130859375, 37.5], [-133.5, 37.44093276515151], [-133.36873372395834, 37.25], [-133.25, 37.12874002659574], [-133.16596137152777, 37.0], [-133.0, 36.857747395833336], [-132.75, 36.827574118589745], [-132.6059337797619, 36.75], [-132.5, 36.70459980867347], [-132.25, 36.575735740291265], [-132.1633246527778, 36.5], [-132.0, 36.316259765625], [-131.75, 36.33959573412699], [-131.54840959821428, 36.25], [-131.5, 36.22322530864197], [-131.25, 36.120301177536234], [-131.0613458806818, 36.0], [-131.0, 35.93416539634146], [-130.83585258152175, 35.75], [-131.0, 35.56583460365854], [-131.08997395833333, 35.5], [-131.0, 35.38753255208333], [-130.89997632575756, 35.25], [-130.94652478448276, 35.0], [-130.96307663690476, 34.75], [-130.81468290441177, 34.5], [-130.75, 34.42669270833333], [-130.63220486111112, 34.25], [-130.62261310223266, 34.0], [-130.54680716353113, 33.75], [-130.5, 33.67953431372549], [-130.36958165322582, 33.75], [-130.25, 33.8658447265625], [-130.03193933823528, 33.75], [-130.0, 33.589120370370416], [-129.97265625, 33.5], [-129.75, 33.47013147865854], [-129.58671875000002, 33.5], [-129.5, 33.528277853260875], [-129.25, 33.59001736111111], [-129.0, 33.677048141891895], [-128.94256981382978, 33.75], [-128.75, 33.99461570945946], [-128.5, 33.91353462837837], [-128.4288143382353, 33.75], [-128.318359375, 33.5], [-128.25, 33.29064941406251], [-128.23586107336956, 33.25], [-128.1246372767857, 33.0], [-128.0, 32.750725446428575], [-127.99937787136294, 32.75], [-128.0, 32.74492187500001], [-128.17494419642856, 32.5], [-128.25, 32.484079071969695], [-128.5, 32.447782628676464], [-128.60443474264707, 32.5], [-128.75, 32.72496448863636], [-128.75949622844828, 32.75], [-128.96570675872093, 33.0], [-129.0, 33.14043898809524], [-129.25, 33.10928415697674], [-129.5, 33.09998914930556], [-129.73997395833334, 33.0], [-129.75, 32.98632812499999], [-129.8681640625, 32.75], [-130.0, 32.68408203125], [-130.25, 32.50510817307692], [-130.25737847222223, 32.5], [-130.39104352678572, 32.25], [-130.5, 32.127968749999994], [-130.71328125, 32.0], [-130.75, 31.96328124999999], [-130.9099609375, 31.75], [-130.97573390151516, 31.5], [-130.75, 31.30396792763158], [-130.67404513888889, 31.25], [-130.5206351902174, 31.0], [-130.5, 30.967958860759488], [-130.33857421875, 30.75], [-130.26888020833334, 30.5], [-130.25, 30.420703125000006], [-130.16871279761904, 30.25], [-130.0, 30.202602424749166], [-129.88571068548387, 30.25], [-129.75, 30.337646484374996], [-129.5, 30.32988782051282], [-129.25, 30.368270131086142], [-129.01860608552633, 30.5], [-129.0, 30.514729817708332], [-128.75, 30.572887073863637], [-128.65837053571428, 30.5], [-128.5, 30.39921875], [-128.3999142530488, 30.25], [-128.360154805915, 30.0], [-128.25, 29.774266098484848], [-128.19661458333334, 29.75], [-128.0, 29.660629734848488], [-127.75, 29.735026041666668], [-127.73502604166667, 29.75], [-127.75, 29.779947916666664], [-127.876953125, 30.0], [-127.75, 30.126953124999996], [-127.5, 30.112239583333334], [-127.35583212209302, 30.25], [-127.25, 30.366686698717945], [-127.0, 30.368882665094336], [-126.75, 30.285949707031246], [-126.6349609375, 30.25], [-126.5, 30.207824707031254], [-126.25, 30.19788896276596], [-126.0, 30.12067708333333], [-125.75, 30.069260817307693], [-125.5, 30.086718750000017], [-125.388671875, 30.25], [-125.33838619402985, 30.5], [-125.25, 30.602479913473427], [-125.09640444015444, 30.75], [-125.0, 30.956923342541437], [-124.75, 30.973858173076927], [-124.71793926886792, 31.0], [-124.5, 31.206263950892858], [-124.25, 31.131404433139537], [-124.0, 31.243393841911764], [-123.99516969086022, 31.25], [-123.86686954941861, 31.5], [-123.75, 31.682741477272728], [-123.67129321808511, 31.75], [-123.5, 31.928906249999997], [-123.25, 31.96218950320513], [-123.02313701923077, 32.0], [-123.0, 32.01253255208334], [-122.75, 32.1000339673913], [-122.64043898809524, 32.0], [-122.5, 31.91807725694445], [-122.35956101190476, 32.0], [-122.43045176630434, 32.25], [-122.5, 32.32440043604652], [-122.75, 32.465576171875], [-122.768359375, 32.5], [-122.75, 32.506971914556964], [-122.5, 32.664147418478265], [-122.25, 32.62198153409091], [-122.02691831683168, 32.75], [-122.0, 32.835855263157896], [-121.85435267857142, 32.75], [-121.75, 32.72491952789699], [-121.5, 32.505661764705884], [-121.49266387195121, 32.5], [-121.5, 32.48848684210526], [-121.75, 32.336740654205606], [-122.0, 32.309787735849056], [-122.04815729483283, 32.25], [-122.0871128318584, 32.0], [-122.0, 31.96484375], [-121.98081140350877, 32.0], [-121.75, 32.20240384615385], [-121.5, 32.18162722908093], [-121.25, 32.125619283536594], [-121.0, 32.02294921875], [-120.94202958776596, 32.25], [-120.75, 32.346463760855045], [-120.5, 32.28795300530348], [-120.25603693181819, 32.25], [-120.25, 32.24169921875], [-120.216796875, 32.25], [-120.0, 32.25935813848921], [-119.75, 32.49424078525641], [-119.74737298976608, 32.5], [-119.69916094080338, 32.75], [-119.75, 32.76993110236221], [-119.98816226941227, 33.0], [-120.0, 33.00834404293922], [-120.25, 33.197093645882916], [-120.29916242812915, 33.25], [-120.25079576737784, 33.5], [-120.36636360829834, 33.75], [-120.25, 33.851019779159515], [-120.12158681389761, 34.0], [-120.17059286548948, 34.25], [-120.25, 34.29718723478126], [-120.5, 34.40663293861199], [-120.58175036108533, 34.5], [-120.67003543901559, 34.75], [-120.75, 34.898137420674686], [-120.85761346594919, 35.0], [-121.0, 35.11328563658057], [-121.25, 35.23060825892857], [-121.2862767792302, 35.25], [-121.5, 35.39619814952807], [-121.65043421526278, 35.5], [-121.75, 35.6094120846519], [-121.79098319303506, 35.75], [-121.75, 35.88883056640625], [-121.7432694695393, 36.0], [-121.75, 36.01107024078108], [-121.93155610812249, 36.25], [-121.95854699565638, 36.5], [-121.95354635112427, 36.75], [-122.0, 36.88066199639883], [-122.25, 36.94580739036275], [-122.29663579938764, 37.0], [-122.5, 37.161146822257386], [-122.5700947095781, 37.25], [-122.55405850082626, 37.5], [-122.63811811591799, 37.75], [-122.75, 37.89845675955274], [-122.84023064661243, 38.0], [-123.0, 38.09788955397373], [-123.25, 38.18860432768414], [-123.32123635946195, 38.25], [-123.38094244707229, 38.5], [-123.46541687583668, 38.75], [-123.5, 38.774229594588256], [-123.75, 38.928100896098], [-123.83703076944201, 39.0], [-124.0, 39.172039874188314], [-124.09469410211267, 39.25], [-124.02832263764881, 39.5], [-124.0125958922228, 39.75], [-124.19332310036424, 40.0], [-124.25, 40.047599532059245], [-124.43435930947915, 40.25], [-124.43555039696454, 40.5], [-124.34579090667611, 40.75], [-124.25, 40.99838426393608], [-124.24926726292117, 41.0], [-124.25, 41.0363507231405], [-124.25629336315501, 41.25], [-124.25, 41.472858297413794], [-124.24935716655608, 41.5], [-124.25, 41.50779316212871], [-124.2680946904905, 41.75], [-124.39326826327222, 42.0], [-124.41312075290526, 42.25], [-124.5, 42.49549099067761], [-124.50135960771973, 42.5], [-124.61659021017473, 42.75], [-124.52904718951766, 43.0], [-124.5, 43.02021708961142], [-124.3431036116526, 43.25], [-124.31467254622078, 43.5], [-124.33051247503712, 43.75], [-124.33197929262394, 44.0], [-124.25, 44.12570664879681], [-124.10922234523375, 44.25], [-124.06548436918881, 44.5], [-124.06485951153707, 44.75], [-124.06883779934738, 45.0], [-124.1104736268313, 45.25], [-124.12729651821633, 45.5], [-124.11616507918292, 45.75], [-124.06705579462584, 46.0], [-124.08354074758554, 46.25], [-124.19143101389491, 46.5], [-124.25, 46.65345207622298], [-124.3124792939704, 46.75], [-124.29767724813269, 47.0], [-124.31876929632728, 47.25], [-124.371063124755, 47.5], [-124.46228855194205, 47.75], [-124.5, 47.77152096710353], [-124.69315720739144, 48.0], [-124.70405714774036, 48.25], [-124.637635552347, 48.5], [-124.75, 48.5741022589141], [-125.0, 48.68846610039792], [-125.11625679504974, 48.75], [-125.25, 48.813409944615046], [-125.5, 48.94723749233834], [-125.66941113161131, 49.0], [-125.75, 49.018919650591975], [-126.0, 49.092412914426525], [-126.25, 49.185237630208334], [-126.34212597904317, 49.25], [-126.5, 49.34650580680642], [-126.75, 49.47283326269805], [-126.78355800982604, 49.5], [-127.0, 49.7389387169912], [-127.0211575255102, 49.75], [-127.25, 49.84836211622807], [-127.5, 49.91500482387717], [-127.66086344211344, 50.0], [-127.75, 50.04308847280649], [-127.94353613336143, 50.25], [-128.0, 50.30292371904636], [-128.14436541152065, 50.5], [-128.03278756648936, 50.75], [-128.0, 50.77151129820275], [-127.75, 50.82921803325688], [-127.5, 50.88850701895565], [-127.33866350533071, 51.0], [-127.5, 51.15003098228896], [-127.65880399464831, 51.25], [-127.75, 51.30667254608514], [-128.0, 51.42232881040096], [-128.09395078760556, 51.5], [-128.1120952057632, 51.75], [-128.1839667015497, 52.0], [-128.1839667015497, 52.125], [-128.125, 52.125], [-128.0, 52.125], [-127.875, 52.125], [-127.81146925643469, 52.125], [-127.81146925643469, 52.0], [-127.75, 51.89656520692974], [-127.64553081408644, 51.75], [-127.5707974505457, 51.5], [-127.5, 51.469985811885486], [-127.3433963598642, 51.5], [-127.25, 51.697128781847134], [-127.12969882246377, 51.75], [-127.25, 51.85122903963414], [-127.28144128543815, 52.0], [-127.28144128543815, 52.125], [-127.25, 52.125], [-127.125, 52.125], [-127.0, 52.125], [-126.875, 52.125], [-126.75, 52.125], [-126.625, 52.125], [-126.5, 52.125], [-126.375, 52.125], [-126.25, 52.125], [-126.125, 52.125], [-126.0, 52.125], [-125.875, 52.125], [-125.75, 52.125], [-125.625, 52.125], [-125.5, 52.125], [-125.375, 52.125], [-125.25, 52.125], [-125.24922386735808, 52.125], [-125.24922386735808, 52.0], [-125.0, 51.897811520814685], [-124.75, 51.79863844366464], [-124.63870578342014, 51.75], [-124.5, 51.700682388117286], [-124.25, 51.59642192213424], [-124.05390265529141, 51.5], [-124.0, 51.47337535511364], [-123.75, 51.42439060585171], [-123.5, 51.41892515409977], [-123.25, 51.383882973179546], [-123.0, 51.31581848915431], [-122.83825172908232, 51.25], [-122.75, 51.14119046381032], [-122.56512969771242, 51.0], [-122.75, 50.883759631849315], [-122.98815739329268, 50.75], [-123.0, 50.741197881259914], [-123.23099093967014, 50.5], [-123.25, 50.484062272561864], [-123.5, 50.37403155297784], [-123.75, 50.346128216911765], [-124.0, 50.462146896837616], [-124.25, 50.44729724033273], [-124.5, 50.37460127338349], [-124.75, 50.45329605953809], [-124.79062112763322, 50.5], [-124.8295729002366, 50.75], [-125.0, 50.91830339758567], [-125.25, 50.86276568521195], [-125.5, 50.85993261423716], [-125.75, 50.887024947678846], [-126.0, 50.996554227022976], [-126.00439390923567, 51.0], [-126.25, 51.11222397045984], [-126.5, 51.163716744087836], [-126.75, 51.182816850636435], [-126.86194594034797, 51.25], [-127.0, 51.49952268643306], [-127.22017871300211, 51.25], [-127.02957791472568, 51.0], [-127.0, 50.974325718858815], [-126.75, 50.82479688840179], [-126.62040228698811, 50.75], [-126.75, 50.62512430389817], [-127.0, 50.53156273925407], [-127.25, 50.504289809431526], [-127.27554086538461, 50.5], [-127.39356704905063, 50.25], [-127.25, 50.212088701253485], [-127.0, 50.16812561001115], [-126.75, 50.053695186491936], [-126.70790387908325, 50.0], [-126.5, 49.81458871725596], [-126.42811560334684, 49.75], [-126.25, 49.645649031096816], [-126.0, 49.6426474471831], [-125.82810643669382, 49.5], [-125.75, 49.387163632462915], [-125.51255438242785, 49.25], [-125.5, 49.24670658890992], [-125.25, 49.13874161819357], [-125.11773384550216, 49.0], [-125.0, 48.93228243776026], [-124.75, 48.79959524643403], [-124.68500970043391, 48.75], [-124.5, 48.64125190062782], [-124.25, 48.56304838982414], [-124.07950475053349, 48.5], [-124.25, 48.39150703200776], [-124.5, 48.29016002987467], [-124.5198314712867, 48.25], [-124.50279432815289, 48.0], [-124.5, 47.99669468510863], [-124.25, 47.84506244473917], [-124.16908098422907, 47.75], [-124.16217742069148, 47.5], [-124.12700863037406, 47.25], [-124.10338378640446, 47.0], [-124.141502140063, 46.75], [-124.0, 46.52830880889844], [-123.97867674610312, 46.5], [-123.80657634147408, 46.25], [-123.8979450370942, 46.0], [-123.93889598475552, 45.75], [-123.94081925049431, 45.5], [-123.94272977794212, 45.25], [-123.9285202938247, 45.0], [-123.93687322366527, 44.75], [-123.93907940877446, 44.5], [-123.94820860628501, 44.25], [-124.0, 44.1744371069618], [-124.18970403259821, 44.0], [-124.1898494595006, 43.75], [-124.17051311325679, 43.5], [-124.17243593168081, 43.25], [-124.25, 43.13343684053583], [-124.34510074382868, 43.0], [-124.29973443182826, 42.75], [-124.25, 42.682426630107265], [-124.20121688368195, 42.5], [-124.19920052420035, 42.25], [-124.22236926575557, 42.0], [-124.01728216201585, 41.75], [-124.0, 41.600189313139936], [-123.99259635088272, 41.5], [-124.0, 41.29754849137931], [-124.00271879775225, 41.25], [-124.03603166257132, 41.0], [-124.08447479783443, 40.75], [-124.25, 40.62163351668792], [-124.3073195814967, 40.5], [-124.29311013711101, 40.25], [-124.25, 40.20267116182573], [-124.00867886508709, 40.0], [-124.0, 39.988416622545245], [-123.86859762972199, 39.75], [-123.86103261347643, 39.5], [-123.9024156392163, 39.25], [-123.75, 39.09370610024385], [-123.64012482129537, 39.0], [-123.5, 38.89428211756706], [-123.29406480087015, 38.75], [-123.25, 38.640424746171774], [-123.21190065593389, 38.5], [-123.06099126143596, 38.25], [-123.0, 38.220600703432076], [-122.75, 38.07761376489738], [-122.65755918545048, 38.0], [-122.5, 37.791587436978446], [-122.47355031650818, 37.75], [-122.4052766759349, 37.5], [-122.39826629501303, 37.25], [-122.25, 37.11721153591131], [-122.0, 37.06056775668858], [-121.9074586042792, 37.0], [-121.81698024192474, 36.75], [-121.84622688333626, 36.5], [-121.78022009488059, 36.25], [-121.75, 36.210230035397544], [-121.62218347956674, 36.0], [-121.5, 35.82318938227242], [-121.43538991691842, 35.75], [-121.25, 35.593263103113586], [-121.09496013969682, 35.5], [-121.0, 35.39662539290006], [-120.8585023753234, 35.25], [-120.75, 35.153971328464266], [-120.5, 35.00470346177593], [-120.4952625014134, 35.0], [-120.4585304729813, 34.75], [-120.25, 34.567204654581744], [-120.08847615728735, 34.5], [-120.0, 34.43402039114248], [-119.75, 34.29240709763562], [-119.63761579596056, 34.25], [-119.5, 34.16705457704289], [-119.25, 34.06242315098367], [-119.08349706064357, 34.0], [-119.0, 33.960514090483436], [-118.75, 33.89383553506938], [-118.5, 33.78006488347458], [-118.4492777905433, 33.75], [-118.25, 33.61787228730067], [-118.0, 33.55040634674923], [-117.91040192610063, 33.5], [-117.75, 33.340906534908825], [-117.6621343990956, 33.25], [-117.5, 33.12652186630756], [-117.3531443781069, 33.0], [-117.33137244102494, 32.75], [-117.25, 32.68026569943069], [-117.05808375595275, 32.5], [-117.0, 32.26936241404715], [-116.99648018973214, 32.25], [-116.87554230532065, 32.0], [-116.75, 31.881157751000668], [-116.69922051559372, 31.75], [-116.52913176546392, 31.5], [-116.5, 31.473271081630724], [-116.31364845261122, 31.25], [-116.28063558409875, 31.0], [-116.25, 30.966209041262136], [-116.01519432983784, 30.75], [-116.0017162919393, 30.5], [-116.0, 30.4984064984166], [-115.85324753732198, 30.25], [-115.78072938205234, 30.0], [-115.75, 29.944451489747973], [-115.63031788155646, 29.75], [-115.5, 29.58830890148426], [-115.29327152539138, 29.5], [-115.25, 29.48732772839092], [-115.0, 29.42088929275505], [-114.80948660714286, 29.25], [-114.75, 29.122568708804142], [-114.61341241474292, 29.0], [-114.5, 28.937812410097813], [-114.32211554836512, 28.75], [-114.26724274874785, 28.5], [-114.29069258536283, 28.25], [-114.32899152150131, 28.0], [-114.5, 27.923934353359538], [-114.75, 27.783116221392792], [-114.77752745346179, 27.75], [-114.75, 27.633256146121884], [-114.72893806096761, 27.5], [-114.56926973423899, 27.25], [-114.5, 27.14566882697656], [-114.29731982448867, 27.0], [-114.25, 26.945606632247816], [-114.0, 26.7870593284207], [-113.9738654482107, 26.75], [-113.78508496429517, 26.5], [-114.0, 26.39437231899129], [-114.17017670157068, 26.5], [-114.25, 26.55909399224806], [-114.46077434953783, 26.75], [-114.5, 26.783783908300162], [-114.75, 26.881417108274118], [-115.0, 26.98858872347707], [-115.25, 26.851844336219333], [-115.5, 26.751905817474047], [-115.56884765624994, 26.75], [-115.75, 26.735361426767675], [-116.0, 26.53146945224719], [-116.02373543432203, 26.5], [-116.15730794270834, 26.25], [-116.0, 26.206100109011626], [-115.75, 26.10479095319635], [-115.54690956858407, 26.0], [-115.75, 25.809352284527517], [-116.0, 25.85932849702381], [-116.25, 25.91111472800926], [-116.5, 25.96959568298969], [-116.75, 25.923858173076923], [-116.82278262867646, 26.0], [-116.85875355113636, 26.25], [-117.0, 26.356540178571425], [-117.25, 26.387526747503568], [-117.34210718457945, 26.5], [-117.5, 26.581468505123567], [-117.75, 26.585734826235928], [-118.0, 26.539818830442083], [-118.16782134433961, 26.5], [-118.25, 26.441635259631486], [-118.49816973969632, 26.25], [-118.5, 26.24768835616439], [-118.63453311011905, 26.0], [-118.5, 25.89133864182692], [-118.25, 25.836028343023266], [-118.0, 25.894167877906984], [-117.75, 25.81741240530303], [-117.5, 25.789496527777782], [-117.25, 25.821200284090917], [-117.13538490853658, 25.75], [-117.0, 25.63898437499999], [-116.86636117788461, 25.5], [-116.76981571936057, 25.25], [-116.81702586206896, 25.0], [-116.98937774122807, 24.75], [-117.0, 24.741472271126757], [-117.02522786458334, 24.75], [-117.25, 24.89196134868422], [-117.39861425339367, 25.0], [-117.5, 25.05959109042553], [-117.75, 25.2307753164557], [-117.82670454545456, 25.25], [-118.0, 25.28280353728489], [-118.1885302197802, 25.25], [-118.25, 25.228149414062493], [-118.5, 25.038769531250004], [-118.53299534574468, 25.0], [-118.70147705078125, 24.75], [-118.75, 24.65481321839079], [-118.92416487068964, 24.5], [-119.0, 24.472509765624995], [-119.25, 24.384533110119047], [-119.5, 24.302365860849058], [-119.65859375000001, 24.25], [-119.75, 24.22218070652174], [-120.0, 24.053546736725664], [-120.0687588778409, 24.0], [-120.25, 23.836208279845955], [-120.35444206842924, 23.75], [-120.5, 23.517757444168733], [-120.51516154661017, 23.5], [-120.60718368902438, 23.25], [-120.68093152866241, 23.0], [-120.75, 22.96693978658536], [-121.0, 22.904817708333333], [-121.17201967592594, 22.75], [-121.25, 22.665781250000006], [-121.30974099099099, 22.5], [-121.25, 22.311612215909104], [-121.23284216772151, 22.25], [-121.0, 22.143287708484408], [-120.901203125, 22.0], [-120.901203125, 21.875], [-121.0, 21.875], [-121.125, 21.875], [-121.25, 21.875], [-121.375, 21.875], [-121.5, 21.875]], [[-126.75, 51.83750310019841], [-126.92782888104838, 51.75], [-126.75, 51.69119791666667], [-126.71300204488256, 51.75], [-126.75, 51.83750310019841]]], [[[-118.67950924869622, 37.25], [-118.75, 37.09784313438087], [-119.0, 37.187471159880396], [-119.05073667066048, 37.25], [-119.0, 37.488973441027085], [-118.75, 37.36823177676538], [-118.67950924869622, 37.25]]], [[[-119.5, 38.30648781640368], [-119.41354166666667, 38.25], [-119.26392764136905, 38.0], [-119.25, 37.9816722421671], [-119.19084635416667, 37.75], [-119.25, 37.68889086174242], [-119.31788865244836, 37.75], [-119.5, 37.916680344012605], [-119.56913449665892, 38.0], [-119.67256935726839, 38.25], [-119.5, 38.30648781640368]]], [[[-110.5912160326087, 40.75], [-110.5, 40.872544903621495], [-110.38396190542036, 40.75], [-110.5, 40.72446483994645], [-110.5912160326087, 40.75]]], [[[-114.89086646529924, 44.0], [-114.75, 44.06760298678533], [-114.64305807380546, 44.0], [-114.75, 43.93232400782937], [-114.89086646529924, 44.0]]], [[[-123.76557916395046, 48.25], [-123.75, 48.25558635752688], [-123.5, 48.36919313620239], [-123.41764652943078, 48.5], [-123.34473922651088, 48.75], [-123.25, 48.90413981638137], [-123.0, 48.84905129159851], [-122.75, 48.82193922410699], [-122.57085058686845, 48.75], [-122.53004633682367, 48.5], [-122.62375868401809, 48.25], [-122.75, 48.08273095133231], [-123.0, 48.077852656221026], [-123.25, 48.10983300935801], [-123.5, 48.14230795588731], [-123.75, 48.24244198687539], [-123.76557916395046, 48.25]], [[-123.0, 48.65828534765355], [-123.25, 48.55607860293413], [-123.26718662758236, 48.5], [-123.25, 48.41034129235015], [-123.07524540517961, 48.25], [-123.0, 48.23608246028803], [-122.93648184062059, 48.25], [-122.75, 48.37085523308958], [-122.7024311050133, 48.5], [-122.75, 48.60017326644923], [-123.0, 48.65828534765355]]], [[[-124.18198305600649, 49.75], [-124.0, 49.696311512212645], [-123.89575319493896, 49.5], [-124.0, 49.31990402570299], [-124.25, 49.32623622837727], [-124.45950884543761, 49.5], [-124.26957870911215, 49.75], [-124.25, 49.76515451216204], [-124.18198305600649, 49.75]]], [[[-116.0, 51.087854529430615], [-116.25, 51.183034146769664], [-116.39937245457394, 51.25], [-116.5, 51.30882841117216], [-116.75, 51.4160724619709], [-116.804369510497, 51.5], [-117.0, 51.66688653600146], [-117.19205949113176, 51.75], [-117.25, 51.76714181971514], [-117.5, 51.829757428126854], [-117.75, 51.783358047096314], [-118.0, 51.92471001508864], [-118.0539588402271, 52.0], [-118.0539588402271, 52.125], [-118.0, 52.125], [-117.875, 52.125], [-117.75, 52.125], [-117.625, 52.125], [-117.5, 52.125], [-117.375, 52.125], [-117.25, 52.125], [-117.125, 52.125], [-117.0, 52.125], [-116.875, 52.125], [-116.75, 52.125], [-116.625, 52.125], [-116.5, 52.125], [-116.375, 52.125], [-116.25, 52.125], [-116.125, 52.125], [-116.0, 52.125], [-115.90743419924554, 52.125], [-115.90743419924554, 52.0], [-115.75, 51.8769887124866], [-115.64597851733977, 51.75], [-115.59181169947817, 51.5], [-115.52970513370951, 51.25], [-115.5, 51.123876953125], [-115.46103477228047, 51.0], [-115.25, 50.77698125865651], [-115.22561893773467, 50.75], [-115.25, 50.71379095027881], [-115.5, 50.689713403098025], [-115.55341474594029, 50.75], [-115.75, 50.95395720108696], [-115.83499072030497, 51.0], [-116.0, 51.087854529430615]]], [[[-101.25, 21.875], [-101.375, 21.875], [-101.5, 21.875], [-101.625, 21.875], [-101.7380787661987, 21.875], [-101.7380787661987, 22.0], [-101.75, 22.027876420454543], [-101.7866771343688, 22.25], [-101.75, 22.329226244089167], [-101.52798411885246, 22.5], [-101.5, 22.523850736027946], [-101.4812119202044, 22.5], [-101.25, 22.354405167079207], [-101.0, 22.284654416137986], [-100.89129547574626, 22.25], [-100.75, 22.172720025510205], [-100.62989667100284, 22.0], [-100.62989667100284, 21.875], [-100.75, 21.875], [-100.875, 21.875], [-101.0, 21.875], [-101.125, 21.875], [-101.25, 21.875]]], [[[-102.39216726547694, 22.25], [-102.5, 22.023006358045212], [-102.73192828634511, 22.25], [-102.67236061304645, 22.5], [-102.5, 22.626674667419678], [-102.37518934710027, 22.5], [-102.39216726547694, 22.25]]], [[[-103.84084345379146, 23.5], [-103.75, 23.552228797683924], [-103.578857421875, 23.5], [-103.5, 23.481248341295117], [-103.38964744807498, 23.25], [-103.35106094775071, 23.0], [-103.45272933931861, 22.75], [-103.5, 22.716965291184042], [-103.52341967951642, 22.75], [-103.75, 22.986057063925855], [-103.76089542711235, 23.0], [-103.99860088641827, 23.25], [-103.84084345379146, 23.5]]], [[[-105.51784460976978, 23.75], [-105.5, 23.839777542372882], [-105.47569196428572, 24.0], [-105.5, 24.120849609374996], [-105.6321538880814, 24.25], [-105.5, 24.45853641055046], [-105.48747618635261, 24.5], [-105.5, 24.518168969849242], [-105.7228713768116, 24.75], [-105.75, 24.788835580912867], [-105.80310326086956, 25.0], [-105.75, 25.054215864701707], [-105.69917713881492, 25.0], [-105.5, 24.819563291616404], [-105.44502576858913, 24.75], [-105.25, 24.573807056733774], [-105.0, 24.587156179351922], [-104.90622104135295, 24.5], [-104.89380525914635, 24.25], [-104.93444989579714, 24.0], [-104.75, 23.822326268067453], [-104.6771913944089, 23.75], [-104.66553503003314, 23.5], [-104.75, 23.419463439320626], [-104.94877985620278, 23.5], [-105.0, 23.53681784337772], [-105.25, 23.58403429073857], [-105.5, 23.725112568519968], [-105.51784460976978, 23.75]]], [[[-100.25, 24.14034865857314], [-100.32333537991178, 24.25], [-100.45529027242466, 24.5], [-100.5, 24.689883277529763], [-100.53360934900167, 24.75], [-100.69713431253786, 25.0], [-100.75, 25.087985131048388], [-100.92869551923505, 25.25], [-100.75, 25.448909344059405], [-100.72174452429843, 25.5], [-100.5, 25.565522358627945], [-100.40547681916321, 25.5], [-100.25, 25.28497245984989], [-100.22977203239509, 25.25], [-100.12749277042892, 25.0], [-100.0, 24.85029543773534], [-99.93568498835805, 24.75], [-99.8858316016624, 24.5], [-99.7988421297573, 24.25], [-99.75, 24.195410630345997], [-99.6260887490838, 24.0], [-99.52291369074189, 23.75], [-99.71701946611594, 23.5], [-99.75, 23.40895534206081], [-99.79146033653846, 23.5], [-100.0, 23.63789499618515], [-100.06173625700279, 23.75], [-100.16955963834722, 24.0], [-100.25, 24.14034865857314]]], [[[-106.25, 26.39105544883808], [-106.0865178377498, 26.25], [-106.09635333625639, 26.0], [-106.25, 25.815388529693486], [-106.5, 25.93762486806393], [-106.59905935704023, 26.0], [-106.60693297645386, 26.25], [-106.5, 26.447165464743588], [-106.25, 26.39105544883808]]], [[[-105.56827942251462, 33.0], [-105.5, 33.23967879398827], [-105.46143424855491, 33.0], [-105.5, 32.80684084194978], [-105.56827942251462, 33.0]]], [[[-105.5, 36.13633468111077], [-105.31435687276655, 36.0], [-105.43951744305708, 35.75], [-105.5, 35.702418299330745], [-105.75, 35.68360750440141], [-105.80615460580742, 35.75], [-105.75841023295665, 36.0], [-105.75, 36.010939382530125], [-105.5, 36.13633468111077]]], [[[-105.30003169269156, 37.25], [-105.25, 37.394961229011194], [-105.0, 37.315749019724336], [-104.96913349974898, 37.25], [-104.9720776398771, 37.0], [-105.0, 36.85753145627063], [-105.0271970210768, 36.75], [-105.11278625317132, 36.5], [-105.219672107342, 36.25], [-105.25, 36.166039075900514], [-105.29343320208518, 36.25], [-105.36150105794272, 36.5], [-105.42891443234186, 36.75], [-105.36055172068828, 37.0], [-105.30003169269156, 37.25]]], [[[-107.25, 37.39984850285171], [-107.5, 37.42122924580823], [-107.75, 37.4439472240972], [-107.93959403538813, 37.5], [-108.0, 37.54493514351223], [-108.13007507406411, 37.75], [-108.0, 37.94092692520557], [-107.93582785794038, 38.0], [-107.75, 38.10618343884963], [-107.5, 38.209043390287775], [-107.32111645718774, 38.25], [-107.25, 38.27742263226979], [-107.17985698605372, 38.25], [-107.0, 38.204280051864494], [-106.75, 38.124535545532645], [-106.60469188552526, 38.0], [-106.55753627232143, 37.75], [-106.5, 37.68219631207913], [-106.3709306984198, 37.5], [-106.25, 37.288528903806046], [-106.23289388020834, 37.25], [-106.25, 37.11212978078358], [-106.40816200657895, 37.0], [-106.5, 36.986710419840065], [-106.51500362747205, 37.0], [-106.75, 37.13122899285757], [-106.88386847179001, 37.25], [-107.0, 37.339437128790244], [-107.25, 37.39984850285171]], [[-107.5, 37.713181737867124], [-107.25, 37.712596557420966], [-107.1689073088093, 37.75], [-107.25, 37.835044416243655], [-107.5, 37.80576162583254], [-107.66100403502747, 37.75], [-107.5, 37.713181737867124]]], [[[-105.4234466680637, 39.0], [-105.25, 39.056714231876114], [-105.17304876348085, 39.0], [-105.25, 38.911306525932275], [-105.4234466680637, 39.0]]], [[[-107.0, 38.96606029501216], [-107.0117318912952, 39.0], [-107.0, 39.01992745535714], [-106.87095289963943, 39.25], [-106.75, 39.348466548434445], [-106.60463029959324, 39.5], [-106.5, 39.59101753878606], [-106.25, 39.74639402636055], [-106.24473606628601, 39.75], [-106.0, 39.89909208635814], [-105.75, 39.96826746323529], [-105.5, 39.86563648897059], [-105.46125189922799, 39.75], [-105.44953337791829, 39.5], [-105.5, 39.36202210771276], [-105.73143028846154, 39.25], [-105.75, 39.24062369954224], [-106.0, 39.02992125284414], [-106.03149794161678, 39.0], [-106.16344179360813, 38.75], [-106.21523902529762, 38.5], [-106.25, 38.46308569058154], [-106.5, 38.49001888134851], [-106.50625600301866, 38.5], [-106.75, 38.70223204121129], [-106.84283047566372, 38.75], [-107.0, 38.96606029501216]]], [[[-105.84596564180107, 40.5], [-105.75, 40.53781696901483], [-105.67013597595079, 40.5], [-105.75, 40.309095086898395], [-105.84596564180107, 40.5]]], [[[-109.7840967987805, 43.0], [-110.0, 43.20471857654949], [-110.05147131309148, 43.25], [-110.21793075607903, 43.5], [-110.12786822552448, 43.75], [-110.19706113114316, 44.0], [-110.14799360795455, 44.25], [-110.25, 44.306687058878154], [-110.4754759261265, 44.5], [-110.25, 44.698625357824426], [-110.14500658151326, 44.75], [-110.18697426736614, 45.0], [-110.25, 45.23165309175532], [-110.25391956676137, 45.25], [-110.25, 45.252641055704444], [-110.17661236702128, 45.25], [-110.0, 45.23490767045455], [-109.97514736152695, 45.25], [-109.75, 45.27878989998086], [-109.57672991071428, 45.25], [-109.5, 45.19997065727699], [-109.44221912474904, 45.0], [-109.5, 44.901257070660236], [-109.75, 44.82602188010621], [-109.87506825436827, 44.75], [-109.89202153497409, 44.5], [-109.75, 44.368346992074926], [-109.58306338922765, 44.25], [-109.5, 44.189842216633956], [-109.25, 44.0410892520562], [-109.20430699790396, 44.0], [-109.25, 43.89275631708408], [-109.5, 43.83985991825331], [-109.64134216308594, 43.75], [-109.75, 43.55638232308585], [-109.8132832845052, 43.5], [-109.87198635174894, 43.25], [-109.75, 43.10708301417082], [-109.65146388962239, 43.25], [-109.5, 43.30136047188395], [-109.46062645867656, 43.25], [-109.3133131267289, 43.0], [-109.25, 42.823261040057915], [-109.0, 42.75261470656912], [-108.9981845141591, 42.75], [-109.0, 42.74584235767327], [-109.25, 42.723424916841736], [-109.36128803152494, 42.75], [-109.5, 42.78727405929866], [-109.75, 42.98203125], [-109.7840967987805, 43.0]]], [[[-107.5, 44.758208445927316], [-107.47465194993188, 44.75], [-107.25, 44.64852644230769], [-107.07015240778688, 44.5], [-107.05744108606558, 44.25], [-107.25, 44.190117953431375], [-107.30689240638972, 44.25], [-107.38771084444761, 44.5], [-107.5, 44.72840653561585], [-107.51142403484533, 44.75], [-107.5, 44.758208445927316]]], [[[-95.82510446947674, 47.5], [-95.75517460684551, 47.75], [-95.75, 47.75390625], [-95.52175761010363, 48.0], [-95.5, 48.02544981060606], [-95.25, 48.20414613589212], [-95.21524911556604, 48.25], [-95.25, 48.335006009615384], [-95.5, 48.41109035326087], [-95.75, 48.32854412553648], [-95.88970062022901, 48.25], [-96.0, 48.17474365234375], [-96.25, 48.146265332943926], [-96.5, 48.16684484649122], [-96.66344288793104, 48.25], [-96.75, 48.31005158492823], [-96.90387294089146, 48.5], [-97.0, 48.6083003548035], [-97.1358418367347, 48.75], [-97.25, 48.89740287162162], [-97.33076795212767, 49.0], [-97.5, 49.116969209558825], [-97.75, 49.09453125], [-97.86559527853261, 49.0], [-97.97697282037817, 48.75], [-98.0, 48.730496552491104], [-98.25, 48.70727444066148], [-98.5, 48.70584435096154], [-98.75, 48.73428874211356], [-99.0, 48.725712763798704], [-99.25, 48.68249841638514], [-99.5, 48.57940879564607], [-99.75, 48.587300923447536], [-100.0, 48.62113223522167], [-100.25, 48.74143676757812], [-100.26665795972644, 48.75], [-100.5, 48.844660334463626], [-100.71208833122895, 49.0], [-100.75, 49.08796691894531], [-100.93193188048245, 49.25], [-101.0, 49.315517810026385], [-101.25, 49.42742399467054], [-101.47307799702159, 49.5], [-101.5, 49.51386359279141], [-101.75, 49.58941070418552], [-102.0, 49.621522856130404], [-102.25, 49.632386608489554], [-102.5, 49.64691914597603], [-102.66182585685485, 49.75], [-102.75, 49.8401120364011], [-103.0, 49.975771233974356], [-103.0605719150641, 50.0], [-103.25, 50.10437362030905], [-103.5, 50.23635375656168], [-103.52007420366795, 50.25], [-103.67625722163865, 50.5], [-103.70539434523809, 50.75], [-103.75, 50.79334988430389], [-103.97772790055248, 51.0], [-104.0, 51.012176173327134], [-104.25, 51.192640540843804], [-104.30756615990991, 51.25], [-104.43348564345018, 51.5], [-104.5, 51.63470632881831], [-104.56872042037861, 51.75], [-104.70005309466019, 52.0], [-104.70005309466019, 52.125], [-104.625, 52.125], [-104.5, 52.125], [-104.375, 52.125], [-104.25, 52.125], [-104.125, 52.125], [-104.0, 52.125], [-103.875, 52.125], [-103.75, 52.125], [-103.625, 52.125], [-103.5, 52.125], [-103.375, 52.125], [-103.25, 52.125], [-103.125, 52.125], [-103.0, 52.125], [-102.875, 52.125], [-102.75, 52.125], [-102.625, 52.125], [-102.5, 52.125], [-102.375, 52.125], [-102.25, 52.125], [-102.125, 52.125], [-102.0, 52.125], [-101.875, 52.125], [-101.75, 52.125], [-101.625, 52.125], [-101.5, 52.125], [-101.375, 52.125], [-101.25, 52.125], [-101.125, 52.125], [-101.0, 52.125], [-100.875, 52.125], [-100.75, 52.125], [-100.625, 52.125], [-100.5, 52.125], [-100.375, 52.125], [-100.25, 52.125], [-100.125, 52.125], [-100.0, 52.125], [-99.875, 52.125], [-99.75, 52.125], [-99.625, 52.125], [-99.5, 52.125], [-99.375, 52.125], [-99.25, 52.125], [-99.125, 52.125], [-99.0, 52.125], [-98.875, 52.125], [-98.75, 52.125], [-98.625, 52.125], [-98.5, 52.125], [-98.375, 52.125], [-98.25, 52.125], [-98.125, 52.125], [-98.0, 52.125], [-97.875, 52.125], [-97.75, 52.125], [-97.625, 52.125], [-97.5, 52.125], [-97.375, 52.125], [-97.25, 52.125], [-97.125, 52.125], [-97.0, 52.125], [-96.875, 52.125], [-96.75, 52.125], [-96.625, 52.125], [-96.5, 52.125], [-96.375, 52.125], [-96.25, 52.125], [-96.125, 52.125], [-96.0, 52.125], [-95.875, 52.125], [-95.75, 52.125], [-95.625, 52.125], [-95.5, 52.125], [-95.375, 52.125], [-95.25, 52.125], [-95.125, 52.125], [-95.07545230263159, 52.125], [-95.07545230263159, 52.0], [-95.0, 51.957835477941174], [-94.875, 51.957835477941174], [-94.875, 51.875], [-94.875, 51.75], [-94.875, 51.625], [-94.875, 51.5], [-94.875, 51.375], [-94.875, 51.25], [-94.875, 51.125], [-94.875, 51.0], [-94.875, 50.875], [-94.875, 50.75], [-94.875, 50.625], [-94.875, 50.5], [-94.875, 50.375], [-94.875, 50.25], [-94.875, 50.125], [-94.875, 50.0], [-94.875, 49.875], [-94.875, 49.75], [-94.875, 49.625], [-94.875, 49.5], [-94.875, 49.375], [-94.875, 49.25], [-94.875, 49.125], [-94.875, 49.0], [-94.875, 48.875], [-94.875, 48.75], [-94.875, 48.625], [-94.875, 48.5], [-94.875, 48.375], [-94.875, 48.25], [-94.875, 48.125], [-94.875, 48.0], [-94.875, 47.875], [-94.875, 47.75], [-94.875, 47.625], [-94.875, 47.5], [-94.875, 47.375], [-94.875, 47.31109375], [-95.0, 47.31109375], [-95.1076110888711, 47.25], [-95.21607607886905, 47.0], [-95.25, 46.98054874146758], [-95.5, 46.911527494041536], [-95.73708371350364, 47.0], [-95.75, 47.025279017857144], [-95.80638160842294, 47.25], [-95.82510446947674, 47.5]]]]}}, {"id": "3", "type": "Feature", "properties": {"min_value": 25.0, "max_value": 30.0, "color": "#ff9d22"}, "geometry": {"type": "MultiPolygon", "coordinates": [[[[-109.30403645833334, 24.0], [-109.25, 24.031012228260867], [-109.1831298828125, 24.0], [-109.25, 23.837890625], [-109.30403645833334, 24.0]]], [[[-108.49969894026975, 30.0], [-108.25, 30.017572033898304], [-108.23766361256546, 30.0], [-108.25, 29.890545819256758], [-108.49969894026975, 30.0]]], [[[-108.32357018135033, 33.5], [-108.5, 33.3429661086269], [-108.64810159946512, 33.5], [-108.55252898432397, 33.75], [-108.5, 33.7891156979572], [-108.47242048182443, 33.75], [-108.32357018135033, 33.5]]], [[[-109.5, 34.051074226140926], [-109.25, 34.060356262684834], [-109.0, 34.03306961464901], [-108.94733260943141, 34.0], [-108.8260382608149, 33.75], [-109.0, 33.67277000055829], [-109.25, 33.630009848569514], [-109.5, 33.575144298041046], [-109.69566316544885, 33.75], [-109.5693712736431, 34.0], [-109.5, 34.051074226140926]]], [[[-106.99299479166666, 21.875], [-106.99299479166666, 22.0], [-107.0, 22.013646509740262], [-107.00772633272058, 22.0], [-107.00772633272058, 21.875], [-107.125, 21.875], [-107.25, 21.875], [-107.375, 21.875], [-107.5, 21.875], [-107.625, 21.875], [-107.75, 21.875], [-107.875, 21.875], [-108.0, 21.875], [-108.125, 21.875], [-108.25, 21.875], [-108.375, 21.875], [-108.5, 21.875], [-108.625, 21.875], [-108.75, 21.875], [-108.875, 21.875], [-109.0, 21.875], [-109.125, 21.875], [-109.25, 21.875], [-109.375, 21.875], [-109.5, 21.875], [-109.625, 21.875], [-109.75, 21.875], [-109.875, 21.875], [-110.0, 21.875], [-110.125, 21.875], [-110.25, 21.875], [-110.375, 21.875], [-110.5, 21.875], [-110.625, 21.875], [-110.75, 21.875], [-110.875, 21.875], [-111.0, 21.875], [-111.125, 21.875], [-111.25, 21.875], [-111.375, 21.875], [-111.5, 21.875], [-111.625, 21.875], [-111.75, 21.875], [-111.875, 21.875], [-112.0, 21.875], [-112.125, 21.875], [-112.25, 21.875], [-112.375, 21.875], [-112.5, 21.875], [-112.625, 21.875], [-112.75, 21.875], [-112.875, 21.875], [-113.0, 21.875], [-113.125, 21.875], [-113.25, 21.875], [-113.375, 21.875], [-113.5, 21.875], [-113.625, 21.875], [-113.75, 21.875], [-113.875, 21.875], [-114.0, 21.875], [-114.125, 21.875], [-114.25, 21.875], [-114.375, 21.875], [-114.5, 21.875], [-114.625, 21.875], [-114.75, 21.875], [-114.875, 21.875], [-115.0, 21.875], [-115.125, 21.875], [-115.25, 21.875], [-115.375, 21.875], [-115.5, 21.875], [-115.625, 21.875], [-115.75, 21.875], [-115.875, 21.875], [-116.0, 21.875], [-116.125, 21.875], [-116.25, 21.875], [-116.375, 21.875], [-116.5, 21.875], [-116.625, 21.875], [-116.75, 21.875], [-116.875, 21.875], [-117.0, 21.875], [-117.125, 21.875], [-117.25, 21.875], [-117.375, 21.875], [-117.5, 21.875], [-117.625, 21.875], [-117.75, 21.875], [-117.875, 21.875], [-118.0, 21.875], [-118.125, 21.875], [-118.25, 21.875], [-118.375, 21.875], [-118.5, 21.875], [-118.625, 21.875], [-118.75, 21.875], [-118.875, 21.875], [-119.0, 21.875], [-119.125, 21.875], [-119.25, 21.875], [-119.375, 21.875], [-119.5, 21.875], [-119.625, 21.875], [-119.75, 21.875], [-119.875, 21.875], [-120.0, 21.875], [-120.125, 21.875], [-120.25, 21.875], [-120.375, 21.875], [-120.5, 21.875], [-120.625, 21.875], [-120.75, 21.875], [-120.875, 21.875], [-120.901203125, 21.875], [-120.901203125, 22.0], [-121.0, 22.143287708484408], [-121.23284216772151, 22.25], [-121.25, 22.311612215909104], [-121.30974099099099, 22.5], [-121.25, 22.665781250000006], [-121.17201967592594, 22.75], [-121.0, 22.904817708333333], [-120.75, 22.96693978658536], [-120.68093152866241, 23.0], [-120.60718368902438, 23.25], [-120.51516154661017, 23.5], [-120.5, 23.517757444168733], [-120.35444206842924, 23.75], [-120.25, 23.836208279845955], [-120.0687588778409, 24.0], [-120.0, 24.053546736725664], [-119.75, 24.22218070652174], [-119.65859375000001, 24.25], [-119.5, 24.302365860849058], [-119.25, 24.384533110119047], [-119.0, 24.472509765624995], [-118.92416487068964, 24.5], [-118.75, 24.65481321839079], [-118.70147705078125, 24.75], [-118.53299534574468, 25.0], [-118.5, 25.038769531250004], [-118.25, 25.228149414062493], [-118.1885302197802, 25.25], [-118.0, 25.28280353728489], [-117.82670454545456, 25.25], [-117.75, 25.2307753164557], [-117.5, 25.05959109042553], [-117.39861425339367, 25.0], [-117.25, 24.89196134868422], [-117.02522786458334, 24.75], [-117.0, 24.741472271126757], [-116.98937774122807, 24.75], [-116.81702586206896, 25.0], [-116.76981571936057, 25.25], [-116.86636117788461, 25.5], [-117.0, 25.63898437499999], [-117.13538490853658, 25.75], [-117.25, 25.821200284090917], [-117.5, 25.789496527777782], [-117.75, 25.81741240530303], [-118.0, 25.894167877906984], [-118.25, 25.836028343023266], [-118.5, 25.89133864182692], [-118.63453311011905, 26.0], [-118.5, 26.24768835616439], [-118.49816973969632, 26.25], [-118.25, 26.441635259631486], [-118.16782134433961, 26.5], [-118.0, 26.539818830442083], [-117.75, 26.585734826235928], [-117.5, 26.581468505123567], [-117.34210718457945, 26.5], [-117.25, 26.387526747503568], [-117.0, 26.356540178571425], [-116.85875355113636, 26.25], [-116.82278262867646, 26.0], [-116.75, 25.923858173076923], [-116.5, 25.96959568298969], [-116.25, 25.91111472800926], [-116.0, 25.85932849702381], [-115.75, 25.809352284527517], [-115.54690956858407, 26.0], [-115.75, 26.10479095319635], [-116.0, 26.206100109011626], [-116.15730794270834, 26.25], [-116.02373543432203, 26.5], [-116.0, 26.53146945224719], [-115.75, 26.735361426767675], [-115.56884765624994, 26.75], [-115.5, 26.751905817474047], [-115.25, 26.851844336219333], [-115.0, 26.98858872347707], [-114.75, 26.881417108274118], [-114.5, 26.783783908300162], [-114.46077434953783, 26.75], [-114.25, 26.55909399224806], [-114.17017670157068, 26.5], [-114.0, 26.39437231899129], [-113.78508496429517, 26.5], [-113.9738654482107, 26.75], [-114.0, 26.7870593284207], [-114.25, 26.945606632247816], [-114.29731982448867, 27.0], [-114.5, 27.14566882697656], [-114.56926973423899, 27.25], [-114.72893806096761, 27.5], [-114.75, 27.633256146121884], [-114.77752745346179, 27.75], [-114.75, 27.783116221392792], [-114.5, 27.923934353359538], [-114.32899152150131, 28.0], [-114.29069258536283, 28.25], [-114.26724274874785, 28.5], [-114.32211554836512, 28.75], [-114.5, 28.937812410097813], [-114.61341241474292, 29.0], [-114.75, 29.122568708804142], [-114.80948660714286, 29.25], [-115.0, 29.42088929275505], [-115.25, 29.48732772839092], [-115.29327152539138, 29.5], [-115.5, 29.58830890148426], [-115.63031788155646, 29.75], [-115.75, 29.944451489747973], [-115.78072938205234, 30.0], [-115.85324753732198, 30.25], [-116.0, 30.4984064984166], [-116.0017162919393, 30.5], [-116.01519432983784, 30.75], [-116.25, 30.966209041262136], [-116.28063558409875, 31.0], [-116.31364845261122, 31.25], [-116.5, 31.473271081630724], [-116.52913176546392, 31.5], [-116.69922051559372, 31.75], [-116.75, 31.881157751000668], [-116.87554230532065, 32.0], [-116.99648018973214, 32.25], [-117.0, 32.26936241404715], [-117.05808375595275, 32.5], [-117.25, 32.68026569943069], [-117.33137244102494, 32.75], [-117.3531443781069, 33.0], [-117.5, 33.12652186630756], [-117.6621343990956, 33.25], [-117.75, 33.340906534908825], [-117.91040192610063, 33.5], [-118.0, 33.55040634674923], [-118.25, 33.61787228730067], [-118.4492777905433, 33.75], [-118.5, 33.78006488347458], [-118.75, 33.89383553506938], [-119.0, 33.960514090483436], [-119.08349706064357, 34.0], [-119.25, 34.06242315098367], [-119.5, 34.16705457704289], [-119.63761579596056, 34.25], [-119.75, 34.29240709763562], [-120.0, 34.43402039114248], [-120.08847615728735, 34.5], [-120.25, 34.567204654581744], [-120.4585304729813, 34.75], [-120.4952625014134, 35.0], [-120.5, 35.00470346177593], [-120.75, 35.153971328464266], [-120.8585023753234, 35.25], [-121.0, 35.39662539290006], [-121.09496013969682, 35.5], [-121.25, 35.593263103113586], [-121.43538991691842, 35.75], [-121.5, 35.82318938227242], [-121.62218347956674, 36.0], [-121.75, 36.210230035397544], [-121.78022009488059, 36.25], [-121.84622688333626, 36.5], [-121.81698024192474, 36.75], [-121.9074586042792, 37.0], [-122.0, 37.06056775668858], [-122.25, 37.11721153591131], [-122.39826629501303, 37.25], [-122.4052766759349, 37.5], [-122.47355031650818, 37.75], [-122.5, 37.791587436978446], [-122.65755918545048, 38.0], [-122.75, 38.07761376489738], [-123.0, 38.220600703432076], [-123.06099126143596, 38.25], [-123.21190065593389, 38.5], [-123.25, 38.640424746171774], [-123.29406480087015, 38.75], [-123.5, 38.89428211756706], [-123.64012482129537, 39.0], [-123.75, 39.09370610024385], [-123.9024156392163, 39.25], [-123.86103261347643, 39.5], [-123.86859762972199, 39.75], [-124.0, 39.988416622545245], [-124.00867886508709, 40.0], [-124.25, 40.20267116182573], [-124.29311013711101, 40.25], [-124.3073195814967, 40.5], [-124.25, 40.62163351668792], [-124.08447479783443, 40.75], [-124.03603166257132, 41.0], [-124.00271879775225, 41.25], [-124.0, 41.29754849137931], [-123.99259635088272, 41.5], [-124.0, 41.600189313139936], [-124.01728216201585, 41.75], [-124.22236926575557, 42.0], [-124.19920052420035, 42.25], [-124.20121688368195, 42.5], [-124.25, 42.682426630107265], [-124.29973443182826, 42.75], [-124.34510074382868, 43.0], [-124.25, 43.13343684053583], [-124.17243593168081, 43.25], [-124.17051311325679, 43.5], [-124.1898494595006, 43.75], [-124.18970403259821, 44.0], [-124.0, 44.1744371069618], [-123.94820860628501, 44.25], [-123.93907940877446, 44.5], [-123.93687322366527, 44.75], [-123.9285202938247, 45.0], [-123.94272977794212, 45.25], [-123.94081925049431, 45.5], [-123.93889598475552, 45.75], [-123.8979450370942, 46.0], [-123.80657634147408, 46.25], [-123.97867674610312, 46.5], [-124.0, 46.52830880889844], [-124.141502140063, 46.75], [-124.10338378640446, 47.0], [-124.12700863037406, 47.25], [-124.16217742069148, 47.5], [-124.16908098422907, 47.75], [-124.25, 47.84506244473917], [-124.5, 47.99669468510863], [-124.50279432815289, 48.0], [-124.5198314712867, 48.25], [-124.5, 48.29016002987467], [-124.25, 48.39150703200776], [-124.07950475053349, 48.5], [-124.25, 48.56304838982414], [-124.5, 48.64125190062782], [-124.68500970043391, 48.75], [-124.75, 48.79959524643403], [-125.0, 48.93228243776026], [-125.11773384550216, 49.0], [-125.25, 49.13874161819357], [-125.5, 49.24670658890992], [-125.51255438242785, 49.25], [-125.75, 49.387163632462915], [-125.82810643669382, 49.5], [-126.0, 49.6426474471831], [-126.25, 49.645649031096816], [-126.42811560334684, 49.75], [-126.5, 49.81458871725596], [-126.70790387908325, 50.0], [-126.75, 50.053695186491936], [-127.0, 50.16812561001115], [-127.25, 50.212088701253485], [-127.39356704905063, 50.25], [-127.27554086538461, 50.5], [-127.25, 50.504289809431526], [-127.0, 50.53156273925407], [-126.75, 50.62512430389817], [-126.62040228698811, 50.75], [-126.75, 50.82479688840179], [-127.0, 50.974325718858815], [-127.02957791472568, 51.0], [-127.22017871300211, 51.25], [-127.0, 51.49952268643306], [-126.86194594034797, 51.25], [-126.75, 51.182816850636435], [-126.5, 51.163716744087836], [-126.25, 51.11222397045984], [-126.00439390923567, 51.0], [-126.0, 50.996554227022976], [-125.75, 50.887024947678846], [-125.5, 50.85993261423716], [-125.25, 50.86276568521195], [-125.0, 50.91830339758567], [-124.8295729002366, 50.75], [-124.79062112763322, 50.5], [-124.75, 50.45329605953809], [-124.5, 50.37460127338349], [-124.25, 50.44729724033273], [-124.0, 50.462146896837616], [-123.75, 50.346128216911765], [-123.5, 50.37403155297784], [-123.25, 50.484062272561864], [-123.23099093967014, 50.5], [-123.0, 50.741197881259914], [-122.98815739329268, 50.75], [-122.75, 50.883759631849315], [-122.56512969771242, 51.0], [-122.75, 51.14119046381032], [-122.83825172908232, 51.25], [-123.0, 51.31581848915431], [-123.25, 51.383882973179546], [-123.5, 51.41892515409977], [-123.75, 51.42439060585171], [-124.0, 51.47337535511364], [-124.05390265529141, 51.5], [-124.25, 51.59642192213424], [-124.5, 51.700682388117286], [-124.63870578342014, 51.75], [-124.75, 51.79863844366464], [-125.0, 51.897811520814685], [-125.24922386735808, 52.0], [-125.24922386735808, 52.125], [-125.125, 52.125], [-125.0, 52.125], [-124.875, 52.125], [-124.75, 52.125], [-124.625, 52.125], [-124.5, 52.125], [-124.375, 52.125], [-124.25, 52.125], [-124.125, 52.125], [-124.0, 52.125], [-123.875, 52.125], [-123.76841136945393, 52.125], [-123.76841136945393, 52.0], [-123.75, 51.99279768858478], [-123.5, 51.90579265668044], [-123.25, 51.878392988590356], [-123.08521787907416, 51.75], [-123.0, 51.73276757569968], [-122.75, 51.63395705254611], [-122.5, 51.51977391030775], [-122.39980072463769, 51.5], [-122.25, 51.44446459273587], [-122.0851232233965, 51.25], [-122.0, 51.14791165865385], [-121.75, 51.10306399505087], [-121.52793616706161, 51.0], [-121.75, 50.90051917462845], [-121.86094605829422, 50.75], [-121.75, 50.68029052974435], [-121.58643579950936, 50.5], [-121.5, 50.38772360225956], [-121.39628667648341, 50.25], [-121.29328408804238, 50.0], [-121.25, 49.81268763646288], [-121.21939132462687, 49.75], [-121.24256388346355, 49.5], [-121.25, 49.48456503378378], [-121.26030855144404, 49.5], [-121.4208984375, 49.75], [-121.5, 49.75785405585106], [-121.51481913855591, 49.75], [-121.75, 49.65912487881073], [-122.0, 49.62651151769302], [-122.25, 49.55169846339779], [-122.5, 49.52282340617376], [-122.61347903481013, 49.5], [-122.75, 49.47998579215959], [-123.0, 49.37399225315126], [-123.11212065444529, 49.25], [-123.06240638216636, 49.0], [-123.0, 48.97406044754254], [-122.75, 48.944436054023015], [-122.5, 48.87914688536978], [-122.25, 48.817383362676054], [-122.13417337489408, 48.75], [-122.25, 48.584255369825044], [-122.27579583421723, 48.5], [-122.4232503434066, 48.25], [-122.44101008912754, 48.0], [-122.5, 47.941010089127545], [-122.75, 47.802630677666826], [-123.0, 47.82340821903857], [-123.25, 47.84508609258218], [-123.5, 47.79728327139705], [-123.75, 47.759729290979294], [-123.82972794822626, 47.75], [-123.90528766125676, 47.5], [-123.9257886763308, 47.25], [-123.87315067345197, 47.0], [-124.0, 46.794496075236964], [-124.01144727316603, 46.75], [-124.0, 46.73206557425979], [-123.8251995278777, 46.5], [-123.75, 46.401015772964016], [-123.5, 46.2626858372457], [-123.490749106056, 46.25], [-123.5, 46.23630855196487], [-123.75, 46.04422883064516], [-123.77048038861781, 46.0], [-123.81807287733622, 45.75], [-123.83536530420992, 45.5], [-123.8403952720259, 45.25], [-123.83408322727608, 45.0], [-123.8447736409915, 44.75], [-123.85085222377309, 44.5], [-123.85099033988418, 44.25], [-124.0, 44.032597064853036], [-124.03544999548083, 44.0], [-124.03394202953714, 43.75], [-124.02205567878683, 43.5], [-124.01613823340864, 43.25], [-124.0, 43.044136974299064], [-123.99125434027778, 43.0], [-124.0, 42.980677846914425], [-124.05721590909091, 42.75], [-124.03619931833565, 42.5], [-124.05529136685593, 42.25], [-124.0, 42.001370544742166], [-123.99902414056875, 42.0], [-123.81371704101562, 41.75], [-123.83118399274906, 41.5], [-123.834308958715, 41.25], [-123.83645280788745, 41.0], [-123.85949021361961, 40.75], [-124.0, 40.546282163819306], [-124.05943977991654, 40.5], [-124.09135998260791, 40.25], [-124.0, 40.17607331661374], [-123.84232715859885, 40.0], [-123.75, 39.796295718665334], [-123.6968099811599, 39.75], [-123.64837318978658, 39.5], [-123.75, 39.34202088270142], [-123.77007486171422, 39.25], [-123.75, 39.22941432755513], [-123.5, 39.03027653278526], [-123.47805972760551, 39.0], [-123.25, 38.84360464043119], [-123.16531564503919, 38.75], [-123.0962937195177, 38.5], [-123.0, 38.369310607685705], [-122.80618559587813, 38.25], [-122.75, 38.218862937265506], [-122.5, 38.014586607543784], [-122.48970188466903, 38.0], [-122.33202002017913, 37.75], [-122.274671094587, 37.5], [-122.25, 37.27622483803795], [-122.24530220292618, 37.25], [-122.0, 37.148433075629384], [-121.77320929912423, 37.0], [-121.75, 36.936665980967376], [-121.65087979673253, 36.75], [-121.72103625434302, 36.5], [-121.65895854625845, 36.25], [-121.50109748959417, 36.0], [-121.5, 35.99841183264887], [-121.28070713746223, 35.75], [-121.25, 35.72403881765472], [-121.0, 35.57044151236076], [-120.89249948739935, 35.5], [-120.75, 35.35321020545315], [-120.64348471187381, 35.25], [-120.5, 35.148394525987875], [-120.35053161041384, 35.0], [-120.30097261970704, 34.75], [-120.25, 34.70531800463975], [-120.0, 34.60793698982525], [-119.83096220066619, 34.5], [-119.75, 34.44603167756841], [-119.5, 34.36073391760324], [-119.25, 34.311887853285846], [-119.18044009878616, 34.25], [-119.0, 34.15349943888121], [-118.75, 34.06568479764055], [-118.61995173502459, 34.0], [-118.5, 33.93502856386199], [-118.25, 33.78651739110871], [-118.09504280168025, 33.75], [-118.0, 33.72459748069268], [-117.75, 33.622540286537216], [-117.63182588238111, 33.5], [-117.5, 33.36442788366824], [-117.36696382558407, 33.25], [-117.25, 33.15084192961165], [-117.07026007924571, 33.0], [-117.0, 32.77741318490013], [-116.98739944828168, 32.75], [-116.83555523324418, 32.5], [-116.76790876116071, 32.25], [-116.75, 32.225515365600586], [-116.62080062416952, 32.0], [-116.53392058662104, 31.75], [-116.5, 31.703141724645437], [-116.25, 31.552797440680038], [-116.1897442943886, 31.5], [-116.00462792934593, 31.25], [-116.0, 31.238700896669513], [-115.84939722521551, 31.0], [-115.75311006153376, 30.75], [-115.75274923573369, 30.5], [-115.75, 30.494271359959555], [-115.60460738143958, 30.25], [-115.52955316064411, 30.0], [-115.5, 29.958933387719767], [-115.33184994372387, 29.75], [-115.25, 29.690535929834123], [-115.0, 29.621873916435508], [-114.79008338807931, 29.5], [-114.75, 29.4643646463842], [-114.5307935850798, 29.25], [-114.5, 29.220598431829963], [-114.25, 29.013557386165388], [-114.23397712628866, 29.0], [-114.06646132727765, 28.75], [-114.03350408475026, 28.5], [-114.09411344823974, 28.25], [-114.07789991150807, 28.0], [-114.25, 27.87859048344948], [-114.4758596618727, 27.75], [-114.4473860636864, 27.5], [-114.25, 27.27812914273089], [-114.22666926278862, 27.25], [-114.0, 27.057925983850215], [-113.94109128953662, 27.0], [-113.77229858076454, 26.75], [-113.75, 26.72450343236552], [-113.5, 26.68663329416019], [-113.25, 26.655938932903823], [-113.0, 26.590529404397028], [-112.83239612887385, 26.5], [-112.75, 26.426085054573935], [-112.5811226705159, 26.25], [-112.5, 26.17342109053042], [-112.29885934368093, 26.0], [-112.25, 25.94503606325162], [-112.05323473226784, 25.75], [-112.04583617080307, 25.5], [-112.07574185924369, 25.25], [-112.05405682533262, 25.0], [-112.0, 24.921528366827612], [-111.8332375190307, 24.75], [-111.75, 24.656267858418456], [-111.60233926763416, 24.5], [-111.5, 24.407905226872384], [-111.34109091325877, 24.25], [-111.25, 24.177686890377057], [-111.0, 24.121305149791855], [-110.84139603683724, 24.0], [-110.75, 23.9042094305506], [-110.52394207795118, 23.75], [-110.5, 23.722261570069204], [-110.25006383754864, 23.5], [-110.25, 23.49643342391304], [-110.24685854579465, 23.25], [-110.04293938951061, 23.0], [-110.0, 22.956242021276594], [-109.75, 22.915652700687595], [-109.5, 22.87296396572721], [-109.33686257260948, 23.0], [-109.25, 23.122205524123842], [-109.06498151308304, 23.25], [-109.00139878719679, 23.5], [-109.0, 23.50238641211604], [-108.99453735351562, 23.5], [-108.86322138409962, 23.25], [-108.75678362165178, 23.0], [-108.75, 22.994087427042803], [-108.53303339818419, 22.75], [-108.5, 22.72150083923909], [-108.25, 22.670320494599203], [-108.0, 22.591598510742188], [-107.75, 22.707418007425744], [-107.53839172979798, 22.5], [-107.5, 22.466949728260868], [-107.46983506944444, 22.5], [-107.25, 22.734739141949152], [-107.04015743371212, 22.5], [-107.0, 22.443608710106385], [-106.75, 22.33943256578948], [-106.5, 22.431700138504144], [-106.39637638230649, 22.25], [-106.39986070736435, 22.0], [-106.39986070736435, 21.875], [-106.5, 21.875], [-106.625, 21.875], [-106.75, 21.875], [-106.875, 21.875], [-106.99299479166666, 21.875]], [[-113.22248058331523, 26.5], [-113.25, 26.507352247663825], [-113.5, 26.501494982824084], [-113.55940193965517, 26.5], [-113.5, 26.4877536285545], [-113.25, 26.35201883761682], [-113.15110065118913, 26.25], [-113.0, 26.18147309964047], [-112.806607484948, 26.0], [-112.75, 25.97139090594744], [-112.71340991508933, 26.0], [-112.75, 26.029903679340755], [-112.96271569791813, 26.25], [-113.0, 26.278816819654427], [-113.22248058331523, 26.5]], [[-115.23683449074073, 26.0], [-115.25, 26.01666259765625], [-115.34409466911765, 26.0], [-115.25, 25.988106993494423], [-115.23683449074073, 26.0]], [[-123.0, 48.84905129159851], [-123.25, 48.90413981638137], [-123.34473922651088, 48.75], [-123.41764652943078, 48.5], [-123.5, 48.36919313620239], [-123.75, 48.25558635752688], [-123.76557916395046, 48.25], [-123.75, 48.24244198687539], [-123.5, 48.14230795588731], [-123.25, 48.10983300935801], [-123.0, 48.077852656221026], [-122.75, 48.08273095133231], [-122.62375868401809, 48.25], [-122.53004633682367, 48.5], [-122.57085058686845, 48.75], [-122.75, 48.82193922410699], [-123.0, 48.84905129159851]], [[-124.5, 49.03527239367708], [-124.5311841448536, 49.0], [-124.5, 48.97792428941583], [-124.25, 48.79752091535433], [-124.2367746758583, 48.75], [-124.0, 48.65646191790211], [-123.75, 48.56207585738877], [-123.5037815536086, 48.75], [-123.5431355819097, 49.0], [-123.75, 49.11186102977565], [-124.0, 49.07475008794559], [-124.25, 49.03087788312403], [-124.5, 49.03527239367708]], [[-124.26957870911215, 49.75], [-124.45950884543761, 49.5], [-124.25, 49.32623622837727], [-124.0, 49.31990402570299], [-123.89575319493896, 49.5], [-124.0, 49.696311512212645], [-124.18198305600649, 49.75], [-124.25, 49.76515451216204], [-124.26957870911215, 49.75]]], [[[-118.86425023844782, 36.75], [-119.0, 36.99809202981651], [-119.00131692470872, 37.0], [-119.20409895911338, 37.25], [-119.25, 37.33593092861549], [-119.4388128387971, 37.5], [-119.5, 37.55692580751681], [-119.68584395226537, 37.75], [-119.75, 37.824208305481285], [-119.85164432999652, 38.0], [-120.0, 38.2279338628266], [-120.01995991566847, 38.25], [-120.18553213091256, 38.5], [-120.25, 38.56784556013677], [-120.32266301949615, 38.75], [-120.385072327452, 39.0], [-120.45517259295647, 39.25], [-120.5, 39.375882056451616], [-120.55244294745337, 39.5], [-120.5, 39.66102526156388], [-120.25, 39.61772180634302], [-120.13607306670096, 39.5], [-120.0, 39.27658273507883], [-119.97632350175527, 39.25], [-119.7634077978581, 39.0], [-119.75, 38.98599213286713], [-119.57231005160068, 38.75], [-119.5, 38.70027112905562], [-119.25, 38.55890683054671], [-119.15433749057213, 38.5], [-119.0, 38.31766722886965], [-118.92681804102423, 38.25], [-118.85625110973011, 38.0], [-118.75, 37.901269386239896], [-118.64758224419124, 37.75], [-118.5, 37.59322341877299], [-118.44933941123364, 37.5], [-118.40555588067, 37.25], [-118.2554526001292, 37.0], [-118.25, 36.99200698390152], [-118.17085004490832, 36.75], [-118.15346742736729, 36.5], [-118.18971016221374, 36.25], [-118.25, 36.154935378550796], [-118.5, 36.17660124277805], [-118.56354698572322, 36.25], [-118.75, 36.43383797842281], [-118.77711878013855, 36.5], [-118.86425023844782, 36.75]], [[-119.0, 37.187471159880396], [-118.75, 37.09784313438087], [-118.67950924869622, 37.25], [-118.75, 37.36823177676538], [-119.0, 37.488973441027085], [-119.05073667066048, 37.25], [-119.0, 37.187471159880396]], [[-119.5, 38.30648781640368], [-119.67256935726839, 38.25], [-119.56913449665892, 38.0], [-119.5, 37.916680344012605], [-119.31788865244836, 37.75], [-119.25, 37.68889086174242], [-119.19084635416667, 37.75], [-119.25, 37.9816722421671], [-119.26392764136905, 38.0], [-119.41354166666667, 38.25], [-119.5, 38.30648781640368]], [[-118.54633523331208, 36.5], [-118.5, 36.4543274267903], [-118.42109297221468, 36.5], [-118.46893675830275, 36.75], [-118.5, 36.80356157073458], [-118.59759757242489, 36.75], [-118.54633523331208, 36.5]]], [[[-111.31059136531891, 40.5], [-111.29865921894032, 40.75], [-111.25, 40.80347954317269], [-111.08126346982759, 41.0], [-111.0, 41.10567895179372], [-110.75, 41.229113839285716], [-110.66234824640287, 41.25], [-110.5, 41.35777985074627], [-110.2583249665328, 41.25], [-110.25, 41.24893325804791], [-110.0, 41.20478465311596], [-109.75, 41.1401571411597], [-109.5, 41.04734488224638], [-109.43729756477927, 41.0], [-109.5, 40.92770573997234], [-109.5796634734623, 40.75], [-109.75, 40.66140391189371], [-110.0, 40.54528147563177], [-110.15650763146168, 40.5], [-110.25, 40.47242417521031], [-110.5, 40.40576660413375], [-110.75, 40.42701309647303], [-111.0, 40.359512843798655], [-111.25, 40.42785323783692], [-111.31059136531891, 40.5]], [[-110.38396190542036, 40.75], [-110.5, 40.872544903621495], [-110.5912160326087, 40.75], [-110.5, 40.72446483994645], [-110.38396190542036, 40.75]]], [[[-108.75, 41.50050463516746], [-108.5, 41.51237218143681], [-108.4805972450658, 41.5], [-108.43536060546103, 41.25], [-108.5, 41.21436654668412], [-108.75, 41.14764046717172], [-109.0, 41.109845003342244], [-109.16483637971697, 41.25], [-109.0, 41.428900917235495], [-108.7512593283582, 41.5], [-108.75, 41.50050463516746]]], [[[-122.0, 43.77872020208132], [-121.84785657051282, 43.75], [-122.0, 43.69858237651647], [-122.02165545164235, 43.75], [-122.0, 43.77872020208132]]], [[[-111.27779758817428, 42.0], [-111.49851098391089, 42.25], [-111.5, 42.27313701923079], [-111.50338213159404, 42.5], [-111.5, 42.663845486111086], [-111.4947608741554, 42.75], [-111.5, 42.776284427966104], [-111.54341848273026, 43.0], [-111.5, 43.059996448863636], [-111.43968141233766, 43.25], [-111.48724524456522, 43.5], [-111.46271091858353, 43.75], [-111.33041726077313, 44.0], [-111.36701571462714, 44.25], [-111.5, 44.34673265820584], [-111.75, 44.38577859096434], [-112.0, 44.44508502269881], [-112.25, 44.437859076115835], [-112.5, 44.39569594816273], [-112.75, 44.28378656649361], [-112.81599185842434, 44.25], [-113.0, 44.143835086633665], [-113.25, 44.02614768491973], [-113.29057078514235, 44.0], [-113.48177195292348, 43.75], [-113.5, 43.73133871588909], [-113.75, 43.6049551988972], [-114.0, 43.50083617780916], [-114.25, 43.535971865835776], [-114.5, 43.52655562920331], [-114.67167903428094, 43.5], [-114.75, 43.48805129472543], [-114.89647673964035, 43.5], [-115.0, 43.509718603200234], [-115.25, 43.59929954535495], [-115.39759589592275, 43.75], [-115.5, 43.96930290670956], [-115.51912854381443, 44.0], [-115.75, 44.19837675319882], [-115.81741544826478, 44.25], [-115.99275772270116, 44.5], [-116.0, 44.51109292473592], [-116.22318950452302, 44.75], [-116.25, 44.78617371705964], [-116.39454223701482, 45.0], [-116.25, 45.1531883445946], [-116.15049913194444, 45.25], [-116.0, 45.3419560401847], [-115.78966845208437, 45.5], [-115.75, 45.53365892756482], [-115.5, 45.606171105295566], [-115.25, 45.63012406423569], [-115.0, 45.594545479482115], [-114.75, 45.666976976246104], [-114.65018580290263, 45.75], [-114.53317121904092, 46.0], [-114.5, 46.190366683467744], [-114.25, 46.1264428490991], [-114.00888063707946, 46.0], [-114.0, 45.99714929917279], [-113.9977814288269, 46.0], [-113.78454724976937, 46.25], [-113.75, 46.279052923778124], [-113.5, 46.39325397770579], [-113.25, 46.42028981063579], [-113.0, 46.31066786504425], [-112.75, 46.264140624999996], [-112.5, 46.411192797911546], [-112.33432962436869, 46.25], [-112.44779256781524, 46.0], [-112.44071640452539, 45.75], [-112.5, 45.695080841002046], [-112.61262636511216, 45.5], [-112.71606480643995, 45.25], [-112.5, 45.06814764768575], [-112.25, 45.16719760237069], [-112.06349362864077, 45.25], [-112.0, 45.289780071472016], [-111.75, 45.384643165515406], [-111.65761635638299, 45.5], [-111.5, 45.59681088277574], [-111.25, 45.621252855744125], [-111.0, 45.66628507653061], [-110.75, 45.62749605144404], [-110.5, 45.63365290715144], [-110.25, 45.7055442404345], [-110.0, 45.607927899362906], [-109.75, 45.52939471585539], [-109.63038611778846, 45.5], [-109.5, 45.4748699847109], [-109.25, 45.32923486827479], [-109.15506168420352, 45.25], [-109.14538502984085, 45.0], [-109.25, 44.82424312054367], [-109.29009423319897, 44.75], [-109.25, 44.59854403409091], [-109.18755850374424, 44.5], [-109.0, 44.31157316984954], [-108.95856758664331, 44.25], [-108.81864982020966, 44.0], [-108.75, 43.80552378280387], [-108.72434638241864, 43.75], [-108.75, 43.702257459916865], [-108.95542916917972, 43.5], [-108.98196873044566, 43.25], [-108.88820855884384, 43.0], [-108.75, 42.79504728056694], [-108.69840158924205, 42.75], [-108.53944543688104, 42.5], [-108.50068725743856, 42.25], [-108.72800721436985, 42.0], [-108.75, 41.97945888338834], [-109.0, 41.962328125], [-109.04380450581395, 42.0], [-109.25, 42.23691132264529], [-109.26122851002864, 42.25], [-109.5, 42.314849221789885], [-109.69986454133064, 42.5], [-109.75, 42.5412619261615], [-110.0, 42.65118978140917], [-110.1079403409091, 42.5], [-110.13832223833377, 42.25], [-110.25, 42.157753974303134], [-110.42860114644971, 42.0], [-110.46278417645287, 41.75], [-110.5, 41.713139352818374], [-110.60509672619048, 41.75], [-110.75, 41.88922079248366], [-111.0, 41.983957122093024], [-111.25, 41.97729078389831], [-111.27779758817428, 42.0]], [[-114.64305807380546, 44.0], [-114.75, 44.06760298678533], [-114.89086646529924, 44.0], [-114.75, 43.93232400782937], [-114.64305807380546, 44.0]], [[-109.46062645867656, 43.25], [-109.5, 43.30136047188395], [-109.65146388962239, 43.25], [-109.75, 43.10708301417082], [-109.87198635174894, 43.25], [-109.8132832845052, 43.5], [-109.75, 43.55638232308585], [-109.64134216308594, 43.75], [-109.5, 43.83985991825331], [-109.25, 43.89275631708408], [-109.20430699790396, 44.0], [-109.25, 44.0410892520562], [-109.5, 44.189842216633956], [-109.58306338922765, 44.25], [-109.75, 44.368346992074926], [-109.89202153497409, 44.5], [-109.87506825436827, 44.75], [-109.75, 44.82602188010621], [-109.5, 44.901257070660236], [-109.44221912474904, 45.0], [-109.5, 45.19997065727699], [-109.57672991071428, 45.25], [-109.75, 45.27878989998086], [-109.97514736152695, 45.25], [-110.0, 45.23490767045455], [-110.17661236702128, 45.25], [-110.25, 45.252641055704444], [-110.25391956676137, 45.25], [-110.25, 45.23165309175532], [-110.18697426736614, 45.0], [-110.14500658151326, 44.75], [-110.25, 44.698625357824426], [-110.4754759261265, 44.5], [-110.25, 44.306687058878154], [-110.14799360795455, 44.25], [-110.19706113114316, 44.0], [-110.12786822552448, 43.75], [-110.21793075607903, 43.5], [-110.05147131309148, 43.25], [-110.0, 43.20471857654949], [-109.7840967987805, 43.0], [-109.75, 42.98203125], [-109.5, 42.78727405929866], [-109.36128803152494, 42.75], [-109.25, 42.723424916841736], [-109.0, 42.74584235767327], [-108.9981845141591, 42.75], [-109.0, 42.75261470656912], [-109.25, 42.823261040057915], [-109.3133131267289, 43.0], [-109.46062645867656, 43.25]], [[-114.0, 44.47613602650316], [-113.98356629664941, 44.5], [-113.9700006227167, 44.75], [-114.0, 44.82502335963456], [-114.02441300675676, 44.75], [-114.04727909482759, 44.5], [-114.0, 44.47613602650316]]], [[[-117.32681083236659, 45.25], [-117.25, 45.27857306613443], [-117.1209967121286, 45.25], [-117.25, 45.211538810630266], [-117.32681083236659, 45.25]]], [[[-110.75, 46.48282584203036], [-110.5, 46.47461627650176], [-110.25, 46.35638915235623], [-110.14495329751577, 46.25], [-110.22649055390033, 46.0], [-110.25, 45.93989136080332], [-110.5, 45.93368269686907], [-110.67740720177665, 46.0], [-110.75, 46.02609631614963], [-110.92654563848922, 46.25], [-110.75, 46.48282584203036]]], [[[-110.75, 47.04689545157068], [-110.5, 47.00409339612369], [-110.49255274366087, 47.0], [-110.31189857115086, 46.75], [-110.5, 46.5378083881579], [-110.75, 46.51278358933616], [-111.0, 46.66216681985294], [-111.1614231418919, 46.75], [-111.0, 46.91932788337629], [-110.91675324135639, 47.0], [-110.75, 47.04689545157068]]], [[[-121.0, 48.89182477678571], [-120.97343064692983, 49.0], [-120.75, 49.176148642807746], [-120.5, 49.22001443806689], [-120.42393380370304, 49.25], [-120.25, 49.36310271770894], [-120.0, 49.294960618436406], [-119.95906736898017, 49.25], [-119.83881487165178, 49.0], [-119.91751728273138, 48.75], [-120.0, 48.666893515096376], [-120.25, 48.56693971362476], [-120.34818137943138, 48.5], [-120.4084032120523, 48.25], [-120.5, 48.14675845828528], [-120.75, 48.028848428301096], [-121.0, 48.12343158143939], [-121.1225401113294, 48.25], [-121.09425858321256, 48.5], [-121.02619454980211, 48.75], [-121.0, 48.89182477678571]]], [[[-113.615982667704, 47.5], [-113.67956254346315, 47.75], [-113.70771247240617, 48.0], [-113.75, 48.057069265143994], [-113.83397114969024, 48.25], [-114.0, 48.490887594063544], [-114.01517888231197, 48.5], [-114.25, 48.59882858294256], [-114.5, 48.74346663913363], [-114.51332101422156, 48.75], [-114.75, 48.90747167579681], [-114.81048075358073, 49.0], [-114.92750743555848, 49.25], [-115.0, 49.32763395385051], [-115.19487736075544, 49.5], [-115.25, 49.53110605581647], [-115.5, 49.65932381659467], [-115.62569782310379, 49.75], [-115.70542907714844, 50.0], [-115.7341310682207, 50.25], [-115.75, 50.2841007008272], [-115.8148628715035, 50.25], [-115.91979399181548, 50.0], [-116.0, 49.89981703066915], [-116.03845494394085, 49.75], [-116.17623108390748, 49.5], [-116.25, 49.382340315934066], [-116.38605129110348, 49.25], [-116.5, 49.21034792909793], [-116.75, 49.17279499151103], [-116.888961465591, 49.25], [-117.0, 49.46836688701923], [-117.03688165639014, 49.5], [-117.25, 49.68821936881188], [-117.31709509408603, 49.75], [-117.5, 49.97986697635135], [-117.52669970878136, 50.0], [-117.75, 50.17749510327636], [-117.80693337527964, 50.25], [-118.0, 50.30616255185878], [-118.25, 50.32813389806378], [-118.34025026166267, 50.5], [-118.5, 50.73679216533688], [-118.51230513111707, 50.75], [-118.54867290976821, 51.0], [-118.75, 51.06601604913138], [-118.7855560124269, 51.0], [-118.87877908602752, 50.75], [-119.0, 50.68592752187796], [-119.25, 50.682267070643796], [-119.34266836431962, 50.75], [-119.468927999288, 51.0], [-119.42103587962963, 51.25], [-119.5, 51.3418978987069], [-119.74650327620968, 51.5], [-119.75, 51.501956062030075], [-120.0, 51.59971127717391], [-120.25, 51.65776271446079], [-120.43447457107843, 51.75], [-120.5, 51.77472352805179], [-120.75, 51.868717621991976], [-121.0, 51.943133636934675], [-121.06051554144385, 52.0], [-121.06051554144385, 52.125], [-121.0, 52.125], [-120.875, 52.125], [-120.75, 52.125], [-120.625, 52.125], [-120.5, 52.125], [-120.375, 52.125], [-120.25, 52.125], [-120.125, 52.125], [-120.0, 52.125], [-119.875, 52.125], [-119.75, 52.125], [-119.625, 52.125], [-119.5, 52.125], [-119.375, 52.125], [-119.25, 52.125], [-119.125, 52.125], [-119.0, 52.125], [-118.875, 52.125], [-118.75, 52.125], [-118.625, 52.125], [-118.5, 52.125], [-118.375, 52.125], [-118.25, 52.125], [-118.125, 52.125], [-118.0539588402271, 52.125], [-118.0539588402271, 52.0], [-118.0, 51.92471001508864], [-117.75, 51.783358047096314], [-117.5, 51.829757428126854], [-117.25, 51.76714181971514], [-117.19205949113176, 51.75], [-117.0, 51.66688653600146], [-116.804369510497, 51.5], [-116.75, 51.4160724619709], [-116.5, 51.30882841117216], [-116.39937245457394, 51.25], [-116.25, 51.183034146769664], [-116.0, 51.087854529430615], [-115.83499072030497, 51.0], [-115.75, 50.95395720108696], [-115.55341474594029, 50.75], [-115.5, 50.689713403098025], [-115.25, 50.71379095027881], [-115.22561893773467, 50.75], [-115.25, 50.77698125865651], [-115.46103477228047, 51.0], [-115.5, 51.123876953125], [-115.52970513370951, 51.25], [-115.59181169947817, 51.5], [-115.64597851733977, 51.75], [-115.75, 51.8769887124866], [-115.90743419924554, 52.0], [-115.90743419924554, 52.125], [-115.875, 52.125], [-115.75, 52.125], [-115.625, 52.125], [-115.5, 52.125], [-115.375, 52.125], [-115.25, 52.125], [-115.125, 52.125], [-115.07494219186921, 52.125], [-115.07494219186921, 52.0], [-115.0, 51.80470501681614], [-114.85477120535714, 51.75], [-114.75, 51.70981378424658], [-114.5280230978261, 51.5], [-114.65374642346208, 51.25], [-114.7359623939582, 51.0], [-114.5, 50.761670585161966], [-114.48601458802905, 50.75], [-114.25667060988434, 50.5], [-114.25, 50.486040160326944], [-114.12258717970474, 50.25], [-114.1534479035804, 50.0], [-114.25, 49.793953166890084], [-114.27335403311966, 49.75], [-114.26438357945092, 49.5], [-114.25, 49.49060377038043], [-114.0, 49.25764266304348], [-113.99179967852871, 49.25], [-113.75, 49.09914587220149], [-113.5, 49.01473018930746], [-113.46299145554494, 49.0], [-113.25, 48.80827103055078], [-113.19182909149484, 48.75], [-113.15876898364486, 48.5], [-113.0, 48.27548526982379], [-112.97814172701511, 48.25], [-112.78891920006794, 48.0], [-112.79373629385965, 47.75], [-112.78629898747087, 47.5], [-112.75, 47.36747007978723], [-112.72164671331365, 47.25], [-112.75, 47.03866626794259], [-112.83390719984803, 47.25], [-113.0, 47.30739971769958], [-113.25, 47.31630208333333], [-113.5, 47.39969441537082], [-113.615982667704, 47.5]]], [[[-120.55076132015306, 51.25], [-120.5, 51.28338664010067], [-120.46638777449324, 51.25], [-120.5, 51.23590762216714], [-120.55076132015306, 51.25]]], [[[-114.75, 51.79055659562212], [-114.87766634480337, 52.0], [-114.87766634480337, 52.125], [-114.875, 52.125], [-114.75, 52.125], [-114.625, 52.125], [-114.5, 52.125], [-114.375, 52.125], [-114.25, 52.125], [-114.125, 52.125], [-114.0, 52.125], [-113.875, 52.125], [-113.75, 52.125], [-113.625, 52.125], [-113.5, 52.125], [-113.375, 52.125], [-113.25, 52.125], [-113.125, 52.125], [-113.0, 52.125], [-112.875, 52.125], [-112.75, 52.125], [-112.625, 52.125], [-112.5, 52.125], [-112.375, 52.125], [-112.25, 52.125], [-112.125, 52.125], [-112.0, 52.125], [-111.875, 52.125], [-111.80692545572917, 52.125], [-111.80692545572917, 52.0], [-112.0, 51.77487664473684], [-112.06246029224906, 51.75], [-112.25, 51.63844009826153], [-112.5, 51.672528429933976], [-112.75, 51.647021932339456], [-113.0, 51.61416651912182], [-113.25, 51.6358736892936], [-113.5, 51.535748922413795], [-113.56462662337663, 51.5], [-113.75, 51.31567988119835], [-114.0, 51.272291451446286], [-114.11632412398922, 51.25], [-114.25, 51.242279926836865], [-114.28332913306451, 51.25], [-114.47040417729592, 51.5], [-114.5, 51.53353052745665], [-114.70242820945946, 51.75], [-114.75, 51.79055659562212]]], [[[-126.92782888104838, 51.75], [-126.75, 51.83750310019841], [-126.71300204488256, 51.75], [-126.75, 51.69119791666667], [-126.92782888104838, 51.75]]], [[[-127.81146925643469, 52.125], [-127.75, 52.125], [-127.625, 52.125], [-127.5, 52.125], [-127.375, 52.125], [-127.28144128543815, 52.125], [-127.28144128543815, 52.0], [-127.25, 51.85122903963414], [-127.12969882246377, 51.75], [-127.25, 51.697128781847134], [-127.3433963598642, 51.5], [-127.5, 51.469985811885486], [-127.5707974505457, 51.5], [-127.64553081408644, 51.75], [-127.75, 51.89656520692974], [-127.81146925643469, 52.0], [-127.81146925643469, 52.125]]], [[[-106.85745126538987, 22.75], [-106.75, 22.993179179566557], [-106.54703649870802, 22.75], [-106.75, 22.53361742424243], [-106.85745126538987, 22.75]]], [[[-106.72605298913042, 23.0], [-106.5, 23.023197852760738], [-106.49006123058543, 23.0], [-106.5, 22.866686698717956], [-106.72605298913042, 23.0]]], [[[-99.875, 21.875], [-100.0, 21.875], [-100.125, 21.875], [-100.25, 21.875], [-100.375, 21.875], [-100.5, 21.875], [-100.625, 21.875], [-100.62989667100284, 21.875], [-100.62989667100284, 22.0], [-100.75, 22.172720025510205], [-100.89129547574626, 22.25], [-101.0, 22.284654416137986], [-101.25, 22.354405167079207], [-101.4812119202044, 22.5], [-101.5, 22.523850736027946], [-101.52798411885246, 22.5], [-101.75, 22.329226244089167], [-101.7866771343688, 22.25], [-101.75, 22.027876420454543], [-101.7380787661987, 22.0], [-101.7380787661987, 21.875], [-101.75, 21.875], [-101.875, 21.875], [-102.0, 21.875], [-102.125, 21.875], [-102.25, 21.875], [-102.375, 21.875], [-102.5, 21.875], [-102.625, 21.875], [-102.75, 21.875], [-102.875, 21.875], [-103.0, 21.875], [-103.125, 21.875], [-103.25, 21.875], [-103.375, 21.875], [-103.5, 21.875], [-103.625, 21.875], [-103.63501722277556, 21.875], [-103.63501722277556, 22.0], [-103.75, 22.103443287037038], [-103.80360701571087, 22.0], [-103.80360701571087, 21.875], [-103.875, 21.875], [-104.0, 21.875], [-104.125, 21.875], [-104.25, 21.875], [-104.375, 21.875], [-104.5, 21.875], [-104.625, 21.875], [-104.75, 21.875], [-104.83762130157439, 21.875], [-104.83762130157439, 22.0], [-105.0, 22.152272654957365], [-105.11683562842362, 22.25], [-105.25, 22.447107263513512], [-105.27144887660972, 22.5], [-105.35024725408243, 22.75], [-105.5, 22.950815465328464], [-105.57732453893442, 23.0], [-105.75, 23.122088706172125], [-105.87659072985375, 23.25], [-106.0, 23.350286209508273], [-106.15416891648668, 23.5], [-106.24462876614061, 23.75], [-106.25, 23.760607527389496], [-106.37816987762945, 24.0], [-106.5, 24.222754484097635], [-106.51435819041123, 24.25], [-106.5, 24.4780863003096], [-106.49804633590946, 24.5], [-106.5, 24.506559893419833], [-106.62583083832335, 24.75], [-106.75, 24.852715722211215], [-106.90725486566532, 25.0], [-106.90985125750751, 25.25], [-106.75, 25.423389149022803], [-106.7029491747937, 25.5], [-106.75, 25.518623799861427], [-107.0, 25.535044380149078], [-107.19018461471711, 25.75], [-107.14242199745297, 26.0], [-107.15914597430898, 26.25], [-107.24967211460856, 26.5], [-107.25, 26.50005160696138], [-107.37677794780927, 26.75], [-107.40169216881733, 27.0], [-107.32745422979798, 27.25], [-107.5, 27.293688059462916], [-107.64883389068265, 27.5], [-107.75, 27.566786883373936], [-107.92449880365429, 27.75], [-108.0, 27.801488948773734], [-108.16025417132366, 28.0], [-108.25, 28.21552075345092], [-108.26427331349207, 28.25], [-108.31634893518907, 28.5], [-108.25, 28.594567847753346], [-108.08810479746317, 28.5], [-108.0, 28.43776643786127], [-107.75, 28.4447584384273], [-107.57065119219654, 28.5], [-107.5, 28.581484375], [-107.25, 28.54325706845238], [-107.18882838804714, 28.5], [-107.09234058277028, 28.25], [-107.09041364199717, 28.0], [-107.1260146722561, 27.75], [-107.11089837822459, 27.5], [-107.0, 27.36026380258126], [-106.9304367083836, 27.25], [-106.75, 27.052922224967062], [-106.70481668307087, 27.0], [-106.5, 26.858631963315215], [-106.25, 26.758939352931378], [-106.0, 26.81229803451947], [-105.88063173805361, 26.75], [-105.75, 26.61430746822034], [-105.65651686262376, 26.5], [-105.60121984649123, 26.25], [-105.61858428030303, 26.0], [-105.5, 25.852217475453173], [-105.42379733248873, 25.75], [-105.38657636262036, 25.5], [-105.262665625, 25.25], [-105.25, 25.231864798109967], [-105.21788634634888, 25.25], [-105.0, 25.316348343885114], [-104.82390496926229, 25.25], [-104.75, 25.178554625594295], [-104.56650167956026, 25.0], [-104.5, 24.94548460447263], [-104.25, 24.866537051375477], [-104.0, 24.830983299325762], [-103.836525116404, 24.75], [-103.75, 24.701018222830495], [-103.5, 24.529765694198407], [-103.41405250959079, 24.5], [-103.25, 24.410035720546983], [-103.03790805065056, 24.25], [-103.0, 24.21736875], [-102.75, 24.157700662593236], [-102.5, 24.119281538832944], [-102.25016703987288, 24.0], [-102.25, 23.999749945934255], [-102.24601293103447, 24.0], [-102.0, 24.019014858742004], [-101.88923105189161, 24.25], [-101.88423104606525, 24.5], [-101.9557638888889, 24.75], [-102.0, 24.858055639324487], [-102.04616393683798, 25.0], [-102.09345540523996, 25.25], [-102.0, 25.493413185586736], [-101.95767161885246, 25.5], [-101.75, 25.511171048280424], [-101.5, 25.554278445051782], [-101.25, 25.66189604321315], [-101.0, 25.73325861276174], [-100.94650627260398, 25.75], [-100.75, 25.83146024643928], [-100.5, 25.830643562572085], [-100.45100352575334, 25.75], [-100.25, 25.62923497447503], [-100.12420113985655, 25.5], [-100.0, 25.268839983791], [-99.98818219198564, 25.25], [-99.8749743454027, 25.0], [-99.75, 24.8048835503238], [-99.72000907733707, 24.75], [-99.64089474978147, 24.5], [-99.5891338335035, 24.25], [-99.5, 24.12738732694623], [-99.4219834802777, 24.0], [-99.33163664924184, 23.75], [-99.30983642879161, 23.5], [-99.25, 23.40833808830474], [-99.17612478426909, 23.25], [-99.25, 23.04851339509264], [-99.29611636043413, 23.0], [-99.3916264397019, 22.75], [-99.3320127106075, 22.5], [-99.27752412007696, 22.25], [-99.28819749932322, 22.0], [-99.28819749932322, 21.875], [-99.375, 21.875], [-99.5, 21.875], [-99.625, 21.875], [-99.75, 21.875], [-99.875, 21.875]], [[-106.60693297645386, 26.25], [-106.59905935704023, 26.0], [-106.5, 25.93762486806393], [-106.25, 25.815388529693486], [-106.09635333625639, 26.0], [-106.0865178377498, 26.25], [-106.25, 26.39105544883808], [-106.5, 26.447165464743588], [-106.60693297645386, 26.25]], [[-100.25, 23.103267289518904], [-100.3554413377193, 23.0], [-100.25, 22.955214931073023], [-100.10552509014423, 23.0], [-100.25, 23.103267289518904]], [[-103.578857421875, 23.5], [-103.75, 23.552228797683924], [-103.84084345379146, 23.5], [-103.99860088641827, 23.25], [-103.76089542711235, 23.0], [-103.75, 22.986057063925855], [-103.52341967951642, 22.75], [-103.5, 22.716965291184042], [-103.45272933931861, 22.75], [-103.35106094775071, 23.0], [-103.38964744807498, 23.25], [-103.5, 23.481248341295117], [-103.578857421875, 23.5]], [[-103.0, 23.75343835072595], [-103.00263129340277, 23.75], [-103.0, 23.748428101016387], [-102.99404235455975, 23.75], [-103.0, 23.75343835072595]], [[-104.89380525914635, 24.25], [-104.90622104135295, 24.5], [-105.0, 24.587156179351922], [-105.25, 24.573807056733774], [-105.44502576858913, 24.75], [-105.5, 24.819563291616404], [-105.69917713881492, 25.0], [-105.75, 25.054215864701707], [-105.80310326086956, 25.0], [-105.75, 24.788835580912867], [-105.7228713768116, 24.75], [-105.5, 24.518168969849242], [-105.48747618635261, 24.5], [-105.5, 24.45853641055046], [-105.6321538880814, 24.25], [-105.5, 24.120849609374996], [-105.47569196428572, 24.0], [-105.5, 23.839777542372882], [-105.51784460976978, 23.75], [-105.5, 23.725112568519968], [-105.25, 23.58403429073857], [-105.0, 23.53681784337772], [-104.94877985620278, 23.5], [-104.75, 23.419463439320626], [-104.66553503003314, 23.5], [-104.6771913944089, 23.75], [-104.75, 23.822326268067453], [-104.93444989579714, 24.0], [-104.89380525914635, 24.25]], [[-99.7988421297573, 24.25], [-99.8858316016624, 24.5], [-99.93568498835805, 24.75], [-100.0, 24.85029543773534], [-100.12749277042892, 25.0], [-100.22977203239509, 25.25], [-100.25, 25.28497245984989], [-100.40547681916321, 25.5], [-100.5, 25.565522358627945], [-100.72174452429843, 25.5], [-100.75, 25.448909344059405], [-100.92869551923505, 25.25], [-100.75, 25.087985131048388], [-100.69713431253786, 25.0], [-100.53360934900167, 24.75], [-100.5, 24.689883277529763], [-100.45529027242466, 24.5], [-100.32333537991178, 24.25], [-100.25, 24.14034865857314], [-100.16955963834722, 24.0], [-100.06173625700279, 23.75], [-100.0, 23.63789499618515], [-99.79146033653846, 23.5], [-99.75, 23.40895534206081], [-99.71701946611594, 23.5], [-99.52291369074189, 23.75], [-99.6260887490838, 24.0], [-99.75, 24.195410630345997], [-99.7988421297573, 24.25]], [[-102.73192828634511, 22.25], [-102.5, 22.023006358045212], [-102.39216726547694, 22.25], [-102.37518934710027, 22.5], [-102.5, 22.626674667419678], [-102.67236061304645, 22.5], [-102.73192828634511, 22.25]], [[-100.28958146706174, 22.25], [-100.25, 22.177473958333334], [-100.0, 22.093145186143985], [-99.89000637534579, 22.25], [-99.88149317052981, 22.5], [-100.0, 22.69521306818182], [-100.17114854543038, 22.5], [-100.25, 22.3729465432363], [-100.28958146706174, 22.25]]], [[[-95.625, 21.875], [-95.75, 21.875], [-95.875, 21.875], [-96.0, 21.875], [-96.125, 21.875], [-96.25, 21.875], [-96.375, 21.875], [-96.5, 21.875], [-96.625, 21.875], [-96.75, 21.875], [-96.875, 21.875], [-97.0, 21.875], [-97.125, 21.875], [-97.25, 21.875], [-97.375, 21.875], [-97.5, 21.875], [-97.58823960959916, 21.875], [-97.58823960959916, 22.0], [-97.75, 22.188510107407033], [-97.85936092088664, 22.25], [-97.90967843032973, 22.5], [-97.77965543538546, 22.75], [-97.75, 22.78772311979681], [-97.5949545243739, 23.0], [-97.62631033063087, 23.25], [-97.6158532509892, 23.5], [-97.65103932794491, 23.75], [-97.6379992970559, 24.0], [-97.61424150036956, 24.25], [-97.60392788525242, 24.5], [-97.56567817185922, 24.75], [-97.55569134078212, 25.0], [-97.5, 25.195827074185345], [-97.44728890263099, 25.25], [-97.26519951923078, 25.5], [-97.26817729796247, 25.75], [-97.25636249174372, 26.0], [-97.2587389823718, 26.25], [-97.26022141694793, 26.5], [-97.2500822877943, 26.75], [-97.25, 26.758661684782595], [-97.23646150914634, 27.0], [-97.25, 27.030004222972973], [-97.27152259056055, 27.25], [-97.2719827985905, 27.5], [-97.25, 27.646274681201152], [-97.14815983441034, 27.75], [-97.0, 27.83179347826087], [-96.83246585609594, 28.0], [-96.75, 28.04954553035357], [-96.56189354576186, 28.25], [-96.5, 28.292186699948797], [-96.28488018992932, 28.5], [-96.25, 28.51742777851342], [-96.0, 28.51962653983305], [-95.75, 28.517616686059604], [-95.5, 28.520012832052156], [-95.25, 28.646892279880902], [-95.12288607760881, 28.75], [-95.0, 28.878196799781183], [-94.875, 28.878196799781183], [-94.875, 28.875], [-94.875, 28.75], [-94.875, 28.625], [-94.875, 28.5], [-94.875, 28.401900529500757], [-95.0, 28.401900529500757], [-95.06752269670477, 28.25], [-95.0, 28.12770249695493], [-94.875, 28.12770249695493], [-94.875, 28.125], [-94.875, 28.0], [-94.875, 27.875], [-94.875, 27.75], [-94.875, 27.625], [-94.875, 27.5], [-94.875, 27.375], [-94.875, 27.25], [-94.875, 27.125], [-94.875, 27.0], [-94.875, 26.875], [-94.875, 26.75], [-94.875, 26.625], [-94.875, 26.5], [-94.875, 26.375], [-94.875, 26.25], [-94.875, 26.125], [-94.875, 26.0], [-94.875, 25.875], [-94.875, 25.75], [-94.875, 25.625], [-94.875, 25.5], [-94.875, 25.375], [-94.875, 25.25], [-94.875, 25.125], [-94.875, 25.0], [-94.875, 24.875], [-94.875, 24.75], [-94.875, 24.625], [-94.875, 24.5], [-94.875, 24.375], [-94.875, 24.25], [-94.875, 24.125], [-94.875, 24.0], [-94.875, 23.875], [-94.875, 23.75], [-94.875, 23.625], [-94.875, 23.5], [-94.875, 23.375], [-94.875, 23.25], [-94.875, 23.125], [-94.875, 23.0], [-94.875, 22.875], [-94.875, 22.75], [-94.875, 22.625], [-94.875, 22.5], [-94.875, 22.375], [-94.875, 22.25], [-94.875, 22.125], [-94.875, 22.0], [-94.875, 21.875], [-95.0, 21.875], [-95.125, 21.875], [-95.25, 21.875], [-95.375, 21.875], [-95.5, 21.875], [-95.625, 21.875]]], [[[-101.55649683665644, 26.0], [-101.5, 26.01731012100564], [-101.46498485028516, 26.0], [-101.5, 25.97557298574271], [-101.55649683665644, 26.0]]], [[[-108.28834723720715, 29.5], [-108.25, 29.68734704442771], [-108.10300036927623, 29.5], [-108.25, 29.364489719498913], [-108.28834723720715, 29.5]]], [[[-105.89704530769573, 33.25], [-105.8325865094172, 33.5], [-105.79168369133785, 33.75], [-105.75, 33.85626860119048], [-105.5, 33.933358508320126], [-105.37117693110648, 33.75], [-105.25, 33.579683832159624], [-105.22773834572084, 33.5], [-105.21685658264008, 33.25], [-105.18699344427117, 33.0], [-105.20397454023245, 32.75], [-105.25, 32.68442912199454], [-105.5, 32.56009003931091], [-105.75, 32.63325200385928], [-105.85448077178533, 32.75], [-105.89807639649507, 33.0], [-105.89704530769573, 33.25]], [[-105.46143424855491, 33.0], [-105.5, 33.23967879398827], [-105.56827942251462, 33.0], [-105.5, 32.80684084194978], [-105.46143424855491, 33.0]]], [[[-107.75, 33.53523746101871], [-107.73026866268918, 33.5], [-107.75, 33.45171162749288], [-107.85979251012145, 33.5], [-107.75, 33.53523746101871]]], [[[-107.5, 33.89203471522177], [-107.45080361819134, 33.75], [-107.5, 33.6843436917521], [-107.6013657823741, 33.75], [-107.5, 33.89203471522177]]], [[[-106.25, 35.70535256410257], [-106.5, 35.694300030138635], [-106.75, 35.68602472925564], [-106.85776512718397, 35.75], [-107.0, 35.94000450489102], [-107.06587408140192, 36.0], [-107.0, 36.13872767857143], [-106.96930754706655, 36.25], [-106.75, 36.45428158136215], [-106.66558617281626, 36.5], [-106.7315043732419, 36.75], [-106.75, 36.76673077687659], [-107.0, 36.959436311217615], [-107.03788554343265, 37.0], [-107.25, 37.14938491281647], [-107.47596100663716, 37.25], [-107.5, 37.2535583000393], [-107.75, 37.2711493840702], [-108.0, 37.29977129492324], [-108.25, 37.38672984730113], [-108.3805002659357, 37.5], [-108.4468966895754, 37.75], [-108.31865194838056, 38.0], [-108.25, 38.09858739098837], [-108.0, 38.235643894487254], [-107.97288209995928, 38.25], [-107.75, 38.38603340892147], [-107.59904491030284, 38.5], [-107.5, 38.74908811051324], [-107.49960573997853, 38.75], [-107.5, 38.75312943892045], [-107.55664826434159, 39.0], [-107.55057764237452, 39.25], [-107.5, 39.274394058426445], [-107.25, 39.41163681577737], [-107.14386654005524, 39.5], [-107.25, 39.56433407987274], [-107.5, 39.64345812981054], [-107.73309484294042, 39.75], [-107.75, 39.79293020148026], [-107.79779743261199, 40.0], [-107.75, 40.04455004865534], [-107.5, 40.247138535429144], [-107.48943296990171, 40.25], [-107.25, 40.34167377116651], [-107.0, 40.4387637867647], [-106.93818197001187, 40.5], [-107.0, 40.577226678412465], [-107.21095872961956, 40.75], [-107.25, 40.77972521551724], [-107.4266584278208, 41.0], [-107.5, 41.17131984819122], [-107.5571279901501, 41.25], [-107.54141019570707, 41.5], [-107.5, 41.54712194683908], [-107.25, 41.66040410850253], [-107.08010962701613, 41.5], [-107.0, 41.45292135663507], [-106.87934906376518, 41.5], [-106.75, 41.57698606927711], [-106.5, 41.72182493198307], [-106.30900998975409, 41.75], [-106.25, 41.75830359717416], [-106.22313724347015, 41.75], [-106.0, 41.6610107421875], [-105.80815741356383, 41.5], [-105.77643397643254, 41.25], [-105.75, 41.219245631720426], [-105.5, 41.20965730042017], [-105.43854872229065, 41.0], [-105.35942621213835, 40.75], [-105.27840895137524, 40.5], [-105.27982416274068, 40.25], [-105.27745609789824, 40.0], [-105.2510022277431, 39.75], [-105.25, 39.74414437380038], [-105.17446602211996, 39.5], [-105.0, 39.349255627886095], [-104.80940963669951, 39.25], [-104.75, 39.190758166523395], [-104.5, 39.127562433226494], [-104.25, 39.062925277217744], [-104.10941019144144, 39.0], [-104.25, 38.97872827568581], [-104.5, 38.922165294980445], [-104.6521541480628, 38.75], [-104.75, 38.70010328681601], [-104.95529020043705, 38.5], [-105.0, 38.41262792666765], [-105.13210601076554, 38.25], [-105.0, 38.14619266378419], [-104.88216200090915, 38.0], [-104.77159905996615, 37.75], [-104.75, 37.69560003366247], [-104.66989028033089, 37.5], [-104.65584752291403, 37.25], [-104.5, 37.10111667798913], [-104.25, 37.026141986583426], [-104.1920503901649, 37.0], [-104.0, 36.86052114520958], [-103.87959066286115, 36.75], [-103.89228494978857, 36.5], [-104.0, 36.415646988824506], [-104.25, 36.36410045171801], [-104.47490042892156, 36.5], [-104.5, 36.517179374266064], [-104.56497858502539, 36.5], [-104.75, 36.309166393979055], [-104.75952045598146, 36.25], [-104.90709997106481, 36.0], [-105.0, 35.87764386432927], [-105.04391663024475, 35.75], [-105.19313673898964, 35.5], [-105.25, 35.47725469559586], [-105.5, 35.34700695375335], [-105.75, 35.30755443207441], [-105.88080399904214, 35.5], [-106.0, 35.68540021603099], [-106.25, 35.70535256410257]], [[-105.75, 39.24062369954224], [-105.73143028846154, 39.25], [-105.5, 39.36202210771276], [-105.44953337791829, 39.5], [-105.46125189922799, 39.75], [-105.5, 39.86563648897059], [-105.75, 39.96826746323529], [-106.0, 39.89909208635814], [-106.24473606628601, 39.75], [-106.25, 39.74639402636055], [-106.5, 39.59101753878606], [-106.60463029959324, 39.5], [-106.75, 39.348466548434445], [-106.87095289963943, 39.25], [-107.0, 39.01992745535714], [-107.0117318912952, 39.0], [-107.0, 38.96606029501216], [-106.84283047566372, 38.75], [-106.75, 38.70223204121129], [-106.50625600301866, 38.5], [-106.5, 38.49001888134851], [-106.25, 38.46308569058154], [-106.21523902529762, 38.5], [-106.16344179360813, 38.75], [-106.03149794161678, 39.0], [-106.0, 39.02992125284414], [-105.75, 39.24062369954224]], [[-106.3709306984198, 37.5], [-106.5, 37.68219631207913], [-106.55753627232143, 37.75], [-106.60469188552526, 38.0], [-106.75, 38.124535545532645], [-107.0, 38.204280051864494], [-107.17985698605372, 38.25], [-107.25, 38.27742263226979], [-107.32111645718774, 38.25], [-107.5, 38.209043390287775], [-107.75, 38.10618343884963], [-107.93582785794038, 38.0], [-108.0, 37.94092692520557], [-108.13007507406411, 37.75], [-108.0, 37.54493514351223], [-107.93959403538813, 37.5], [-107.75, 37.4439472240972], [-107.5, 37.42122924580823], [-107.25, 37.39984850285171], [-107.0, 37.339437128790244], [-106.88386847179001, 37.25], [-106.75, 37.13122899285757], [-106.51500362747205, 37.0], [-106.5, 36.986710419840065], [-106.40816200657895, 37.0], [-106.25, 37.11212978078358], [-106.23289388020834, 37.25], [-106.25, 37.288528903806046], [-106.3709306984198, 37.5]], [[-106.0, 37.512979837733106], [-105.83471436412768, 37.75], [-105.9783813805593, 38.0], [-106.0, 38.022263727446216], [-106.04242953380724, 38.0], [-106.10017977786876, 37.75], [-106.0, 37.512979837733106]], [[-105.17304876348085, 39.0], [-105.25, 39.056714231876114], [-105.4234466680637, 39.0], [-105.25, 38.911306525932275], [-105.17304876348085, 39.0]], [[-105.67013597595079, 40.5], [-105.75, 40.53781696901483], [-105.84596564180107, 40.5], [-105.75, 40.309095086898395], [-105.67013597595079, 40.5]], [[-104.9720776398771, 37.0], [-104.96913349974898, 37.25], [-105.0, 37.315749019724336], [-105.25, 37.394961229011194], [-105.30003169269156, 37.25], [-105.36055172068828, 37.0], [-105.42891443234186, 36.75], [-105.36150105794272, 36.5], [-105.29343320208518, 36.25], [-105.25, 36.166039075900514], [-105.219672107342, 36.25], [-105.11278625317132, 36.5], [-105.0271970210768, 36.75], [-105.0, 36.85753145627063], [-104.9720776398771, 37.0]], [[-106.0, 35.95452535377358], [-105.9955350940163, 36.0], [-105.88908137077294, 36.25], [-106.0, 36.37344170026881], [-106.10445930959963, 36.25], [-106.02025341386555, 36.0], [-106.0, 35.95452535377358]], [[-105.75841023295665, 36.0], [-105.80615460580742, 35.75], [-105.75, 35.68360750440141], [-105.5, 35.702418299330745], [-105.43951744305708, 35.75], [-105.31435687276655, 36.0], [-105.5, 36.13633468111077], [-105.75, 36.010939382530125], [-105.75841023295665, 36.0]]], [[[-100.75, 38.404880567528735], [-100.59085787259616, 38.5], [-100.5, 38.54521157296651], [-100.31390964673912, 38.75], [-100.25, 38.829028057795696], [-100.09711162860577, 39.0], [-100.08382523148148, 39.25], [-100.11219049105284, 39.5], [-100.0, 39.68932145365169], [-99.87999131944444, 39.75], [-99.75, 39.77560004102845], [-99.5, 39.802742034313724], [-99.44304195341451, 39.75], [-99.46324118589743, 39.5], [-99.32904017857143, 39.25], [-99.5, 39.00068359375], [-99.5005736451049, 39.0], [-99.75, 38.81985874368687], [-99.81258837669682, 38.75], [-99.92749789798206, 38.5], [-99.9770606124161, 38.25], [-100.0, 38.21864248853211], [-100.1833233173077, 38.0], [-100.25, 37.97332932692308], [-100.5, 37.97669900873656], [-100.64008838383839, 38.0], [-100.75, 38.05037615740741], [-100.84166400935374, 38.25], [-100.75, 38.404880567528735]]], [[[-95.82726033528645, 38.0], [-96.0, 38.159836219879516], [-96.23097511574073, 38.25], [-96.25, 38.25671466503268], [-96.5, 38.30809151785714], [-96.75, 38.41431290064103], [-97.0, 38.49315011160714], [-97.00590144230769, 38.5], [-97.06566753223495, 38.75], [-97.10844338389121, 39.0], [-97.25, 39.11829381555944], [-97.496195874183, 39.25], [-97.5, 39.25128200715859], [-97.75, 39.35307636797189], [-98.0, 39.444179318985846], [-98.11833984375, 39.5], [-98.25, 39.611576403601696], [-98.37189540578359, 39.75], [-98.44365699404761, 40.0], [-98.5, 40.074356834249805], [-98.60089970667869, 40.25], [-98.5, 40.3520044479927], [-98.38950740803816, 40.5], [-98.25, 40.65283348880597], [-98.16202491554054, 40.75], [-98.0, 40.9033228101023], [-97.84117318802521, 41.0], [-97.75, 41.0556390224359], [-97.5, 41.0783000442217], [-97.25, 41.08485029248769], [-97.0, 41.0738068664966], [-96.75, 41.099818638392854], [-96.5, 41.03813583485402], [-96.25, 41.13381013938849], [-96.0, 41.248921931003586], [-95.99814332561729, 41.25], [-95.75, 41.46847401494565], [-95.5, 41.43286018192488], [-95.25, 41.34966180788591], [-95.0, 41.26163218490305], [-94.875, 41.26163218490305], [-94.875, 41.25], [-94.875, 41.125], [-94.875, 41.0], [-94.875, 40.875], [-94.875, 40.75], [-94.875, 40.625], [-94.875, 40.5], [-94.875, 40.375], [-94.875, 40.25], [-94.875, 40.125], [-94.875, 40.0], [-94.875, 39.875], [-94.875, 39.75], [-94.875, 39.625], [-94.875, 39.5], [-94.875, 39.375], [-94.875, 39.25], [-94.875, 39.125], [-94.875, 39.0], [-94.875, 38.875], [-94.875, 38.75], [-94.875, 38.625], [-94.875, 38.5], [-94.875, 38.375], [-94.875, 38.25], [-94.875, 38.125], [-94.875, 38.0], [-94.875, 37.875], [-94.875, 37.75], [-94.875, 37.625], [-94.875, 37.59747065893665], [-95.0, 37.59747065893665], [-95.25, 37.74035826725746], [-95.27734375, 37.75], [-95.5, 37.84499329853273], [-95.75, 37.93465205121146], [-95.82726033528645, 38.0]]], [[[-106.0, 42.13347451427903], [-106.21871567442882, 42.25], [-106.21853395926757, 42.5], [-106.0, 42.631474117580936], [-105.75, 42.58473805568286], [-105.56801334891733, 42.5], [-105.5, 42.455625903034196], [-105.39443305447952, 42.25], [-105.44549084771714, 42.0], [-105.43674576729106, 41.75], [-105.25, 41.574862753378376], [-105.19683451295586, 41.5], [-105.25, 41.29781592153285], [-105.5, 41.27319217995169], [-105.64717623432603, 41.5], [-105.56859130859375, 41.75], [-105.6469946509009, 42.0], [-105.75, 42.03777619080397], [-106.0, 42.13347451427903]]], [[[-107.75, 42.45159375], [-107.64456393828452, 42.25], [-107.75, 42.180580664600555], [-108.0, 42.236776754640374], [-108.25, 42.23258375674818], [-108.4884510869565, 42.25], [-108.25, 42.2704640858209], [-108.0, 42.27658527696793], [-107.75, 42.45159375]]], [[[-107.3338643247636, 43.5], [-107.25, 43.7311049470684], [-107.10978415266798, 43.5], [-107.25, 43.33538464327146], [-107.3338643247636, 43.5]]], [[[-104.32698707617001, 44.25], [-104.25, 44.37876272963259], [-104.0, 44.46659933671653], [-103.75, 44.423962070949834], [-103.5, 44.30164112807059], [-103.43763500864056, 44.25], [-103.38582923485376, 44.0], [-103.5, 43.84944975321396], [-103.75, 43.83331567078133], [-104.0, 43.911361220150475], [-104.12281034717186, 44.0], [-104.25, 44.17128372192383], [-104.32698707617001, 44.25]]], [[[-107.7222664086008, 44.5], [-107.75, 44.5450699113692], [-107.89808552340989, 44.75], [-108.0, 44.99270796809257], [-108.00488189553991, 45.0], [-108.0, 45.00610954024677], [-107.75, 45.100045284687354], [-107.5, 45.04202432301188], [-107.37607922001348, 45.0], [-107.25, 44.958871998131556], [-107.0, 44.78673131461804], [-106.9608154296875, 44.75], [-106.75, 44.56158226656626], [-106.69844144027968, 44.5], [-106.68465998604609, 44.25], [-106.75, 44.05212735141767], [-106.8103545217803, 44.0], [-107.0, 43.813417119565216], [-107.25, 43.759007424301245], [-107.33146940616797, 44.0], [-107.5, 44.1812822028515], [-107.56305659002591, 44.25], [-107.7222664086008, 44.5]], [[-107.5, 44.758208445927316], [-107.51142403484533, 44.75], [-107.5, 44.72840653561585], [-107.38771084444761, 44.5], [-107.30689240638972, 44.25], [-107.25, 44.190117953431375], [-107.05744108606558, 44.25], [-107.07015240778688, 44.5], [-107.25, 44.64852644230769], [-107.47465194993188, 44.75], [-107.5, 44.758208445927316]]], [[[-104.25, 46.02610677083333], [-104.20524553571428, 46.0], [-104.25, 45.96439985795455], [-104.27716311416185, 46.0], [-104.25, 46.02610677083333]]], [[[-96.43229742809734, 43.75], [-96.5, 43.83315641983695], [-96.62134078557312, 44.0], [-96.75, 44.2060176028481], [-96.78293468601896, 44.25], [-97.0, 44.43770811987705], [-97.0799958881579, 44.5], [-97.25, 44.61577340949821], [-97.5, 44.74549278846154], [-97.50466978701476, 44.75], [-97.75, 44.941565517703864], [-97.9191333462733, 45.0], [-98.0, 45.026355326417004], [-98.25, 45.11163961476293], [-98.5, 45.217491662549406], [-98.57989905889497, 45.25], [-98.75, 45.3273058084989], [-99.0, 45.404086164419084], [-99.25, 45.49616304046563], [-99.2581625884434, 45.5], [-99.5, 45.59074253318584], [-99.75, 45.71600341796875], [-99.8476312099359, 45.75], [-100.0, 45.79298287748644], [-100.25, 45.80486539945967], [-100.5, 45.76570570764463], [-100.75, 45.87474318771626], [-100.96419656065089, 46.0], [-100.91737328506098, 46.25], [-100.8935546875, 46.5], [-101.0, 46.593671875000005], [-101.25, 46.676838446100916], [-101.5, 46.57390135422199], [-101.75, 46.56392502682404], [-102.0, 46.568220527251185], [-102.25, 46.62347371688742], [-102.5, 46.631112132352946], [-102.65266481164385, 46.5], [-102.75, 46.40604338842976], [-102.81782058189656, 46.25], [-103.0, 46.1115754639738], [-103.25, 46.051995144422314], [-103.5, 46.074553068693696], [-103.75, 46.21452872983871], [-103.77017631880733, 46.25], [-103.75, 46.30363948170731], [-103.66435339095744, 46.5], [-103.5, 46.68613516566265], [-103.47629611514813, 46.75], [-103.5, 46.99094460227274], [-103.50236812778603, 47.0], [-103.5, 47.00115072202166], [-103.34936352709789, 47.25], [-103.37552490234376, 47.5], [-103.40799793287937, 47.75], [-103.5, 47.93188100961539], [-103.5404359303653, 48.0], [-103.75, 48.15610384778912], [-103.9258310111465, 48.25], [-104.0, 48.29114675353357], [-104.25, 48.46910206545065], [-104.29285249255952, 48.5], [-104.5, 48.62812068568799], [-104.75, 48.6723481393652], [-105.0, 48.66885984182777], [-105.25, 48.676258912655975], [-105.39638623496108, 48.75], [-105.5, 48.82500320184427], [-105.75, 48.87520642784553], [-106.0, 48.931472252155174], [-106.04876821319019, 49.0], [-106.25, 49.13279668522267], [-106.31624535183067, 49.25], [-106.3880277593085, 49.5], [-106.4075375349162, 49.75], [-106.5, 49.86738142730496], [-106.62634607263513, 50.0], [-106.75, 50.11091382575758], [-107.0, 50.21928943452381], [-107.0381610576923, 50.25], [-107.13122600255973, 50.5], [-107.25, 50.718872838050316], [-107.2638246333799, 50.75], [-107.5, 50.941291360294116], [-107.58237847222222, 51.0], [-107.6059323705808, 51.25], [-107.71582609097632, 51.5], [-107.75, 51.55000338203463], [-108.0, 51.69233864635679], [-108.25, 51.723582863471606], [-108.43477112676055, 51.75], [-108.5, 51.76356546572935], [-108.68253900949796, 52.0], [-108.68253900949796, 52.125], [-108.625, 52.125], [-108.5, 52.125], [-108.375, 52.125], [-108.25, 52.125], [-108.125, 52.125], [-108.0, 52.125], [-107.875, 52.125], [-107.75, 52.125], [-107.625, 52.125], [-107.5, 52.125], [-107.375, 52.125], [-107.25, 52.125], [-107.125, 52.125], [-107.0, 52.125], [-106.875, 52.125], [-106.75, 52.125], [-106.625, 52.125], [-106.5, 52.125], [-106.375, 52.125], [-106.25, 52.125], [-106.125, 52.125], [-106.0, 52.125], [-105.875, 52.125], [-105.75, 52.125], [-105.625, 52.125], [-105.5, 52.125], [-105.375, 52.125], [-105.25, 52.125], [-105.125, 52.125], [-105.0, 52.125], [-104.875, 52.125], [-104.75, 52.125], [-104.70005309466019, 52.125], [-104.70005309466019, 52.0], [-104.56872042037861, 51.75], [-104.5, 51.63470632881831], [-104.43348564345018, 51.5], [-104.30756615990991, 51.25], [-104.25, 51.192640540843804], [-104.0, 51.012176173327134], [-103.97772790055248, 51.0], [-103.75, 50.79334988430389], [-103.70539434523809, 50.75], [-103.67625722163865, 50.5], [-103.52007420366795, 50.25], [-103.5, 50.23635375656168], [-103.25, 50.10437362030905], [-103.0605719150641, 50.0], [-103.0, 49.975771233974356], [-102.75, 49.8401120364011], [-102.66182585685485, 49.75], [-102.5, 49.64691914597603], [-102.25, 49.632386608489554], [-102.0, 49.621522856130404], [-101.75, 49.58941070418552], [-101.5, 49.51386359279141], [-101.47307799702159, 49.5], [-101.25, 49.42742399467054], [-101.0, 49.315517810026385], [-100.93193188048245, 49.25], [-100.75, 49.08796691894531], [-100.71208833122895, 49.0], [-100.5, 48.844660334463626], [-100.26665795972644, 48.75], [-100.25, 48.74143676757812], [-100.0, 48.62113223522167], [-99.75, 48.587300923447536], [-99.5, 48.57940879564607], [-99.25, 48.68249841638514], [-99.0, 48.725712763798704], [-98.75, 48.73428874211356], [-98.5, 48.70584435096154], [-98.25, 48.70727444066148], [-98.0, 48.730496552491104], [-97.97697282037817, 48.75], [-97.86559527853261, 49.0], [-97.75, 49.09453125], [-97.5, 49.116969209558825], [-97.33076795212767, 49.0], [-97.25, 48.89740287162162], [-97.1358418367347, 48.75], [-97.0, 48.6083003548035], [-96.90387294089146, 48.5], [-96.75, 48.31005158492823], [-96.66344288793104, 48.25], [-96.5, 48.16684484649122], [-96.25, 48.146265332943926], [-96.0, 48.17474365234375], [-95.88970062022901, 48.25], [-95.75, 48.32854412553648], [-95.5, 48.41109035326087], [-95.25, 48.335006009615384], [-95.21524911556604, 48.25], [-95.25, 48.20414613589212], [-95.5, 48.02544981060606], [-95.52175761010363, 48.0], [-95.75, 47.75390625], [-95.75517460684551, 47.75], [-95.82510446947674, 47.5], [-95.80638160842294, 47.25], [-95.75, 47.025279017857144], [-95.73708371350364, 47.0], [-95.5, 46.911527494041536], [-95.25, 46.98054874146758], [-95.21607607886905, 47.0], [-95.1076110888711, 47.25], [-95.0, 47.31109375], [-94.875, 47.31109375], [-94.875, 47.25], [-94.875, 47.125], [-94.875, 47.0], [-94.875, 46.875], [-94.875, 46.75], [-94.875, 46.625], [-94.875, 46.5], [-94.875, 46.375], [-94.875, 46.25], [-94.875, 46.125], [-94.875, 46.0], [-94.875, 45.875], [-94.875, 45.75], [-94.875, 45.625], [-94.875, 45.5], [-94.875, 45.375], [-94.875, 45.25], [-94.875, 45.125], [-94.875, 45.0], [-94.875, 44.875], [-94.875, 44.75], [-94.875, 44.625], [-94.875, 44.5], [-94.875, 44.375], [-94.875, 44.25], [-94.875, 44.125], [-94.875, 44.0], [-94.875, 43.875], [-94.875, 43.75], [-94.875, 43.625], [-94.875, 43.5], [-94.875, 43.40263500548245], [-95.0, 43.40263500548245], [-95.25, 43.254820097477065], [-95.27335069444445, 43.25], [-95.5, 43.190004595588235], [-95.75, 43.21479752218935], [-95.91078969594594, 43.25], [-96.0, 43.26919058866279], [-96.24060132575758, 43.5], [-96.25, 43.509068896198826], [-96.43229742809734, 43.75]]]]}}, {"id": "4", "type": "Feature", "properties": {"min_value": 30.0, "max_value": 35.0, "color": "#ff801d"}, "geometry": {"type": "MultiPolygon", "coordinates": [[[[-107.00772633272058, 22.0], [-107.0, 22.013646509740262], [-106.99299479166666, 22.0], [-106.99299479166666, 21.875], [-107.0, 21.875], [-107.00772633272058, 21.875], [-107.00772633272058, 22.0]]], [[[-110.0, 32.7270708624321], [-110.04860050516918, 32.75], [-110.0, 32.765522983114444], [-109.98186376589216, 32.75], [-110.0, 32.7270708624321]]], [[[-106.5, 33.376052771855015], [-106.39736328125, 33.25], [-106.5, 33.110568985849056], [-106.75, 33.07318115234375], [-106.85986802184466, 33.25], [-106.75, 33.306394051079735], [-106.5, 33.376052771855015]]], [[[-111.5, 34.999920580760545], [-111.5001625096302, 35.0], [-111.75, 35.09933044260663], [-112.0, 35.22611244717527], [-112.03852167772597, 35.25], [-112.05416998895976, 35.5], [-112.0, 35.637998046875], [-111.75, 35.578215071298544], [-111.69119596829378, 35.5], [-111.5, 35.3289381377551], [-111.43621423565304, 35.25], [-111.4996436866554, 35.0], [-111.25, 34.84210570245726], [-111.11428817394727, 34.75], [-111.0, 34.64447447311046], [-110.75, 34.54999930183199], [-110.63534996157787, 34.5], [-110.75, 34.447484013844885], [-111.0, 34.45190592113221], [-111.05471222650337, 34.5], [-111.25, 34.70112758645125], [-111.27873697916667, 34.75], [-111.5, 34.999920580760545]]], [[[-98.0, 21.875], [-98.125, 21.875], [-98.25, 21.875], [-98.375, 21.875], [-98.5, 21.875], [-98.625, 21.875], [-98.75, 21.875], [-98.875, 21.875], [-99.0, 21.875], [-99.125, 21.875], [-99.25, 21.875], [-99.28819749932322, 21.875], [-99.28819749932322, 22.0], [-99.27752412007696, 22.25], [-99.3320127106075, 22.5], [-99.3916264397019, 22.75], [-99.29611636043413, 23.0], [-99.25, 23.04851339509264], [-99.17612478426909, 23.25], [-99.25, 23.40833808830474], [-99.30983642879161, 23.5], [-99.33163664924184, 23.75], [-99.4219834802777, 24.0], [-99.5, 24.12738732694623], [-99.5891338335035, 24.25], [-99.64089474978147, 24.5], [-99.72000907733707, 24.75], [-99.75, 24.8048835503238], [-99.8749743454027, 25.0], [-99.98818219198564, 25.25], [-100.0, 25.268839983791], [-100.12420113985655, 25.5], [-100.25, 25.62923497447503], [-100.45100352575334, 25.75], [-100.5, 25.830643562572085], [-100.75, 25.83146024643928], [-100.94650627260398, 25.75], [-101.0, 25.73325861276174], [-101.25, 25.66189604321315], [-101.5, 25.554278445051782], [-101.75, 25.511171048280424], [-101.95767161885246, 25.5], [-102.0, 25.493413185586736], [-102.09345540523996, 25.25], [-102.04616393683798, 25.0], [-102.0, 24.858055639324487], [-101.9557638888889, 24.75], [-101.88423104606525, 24.5], [-101.88923105189161, 24.25], [-102.0, 24.019014858742004], [-102.24601293103447, 24.0], [-102.25, 23.999749945934255], [-102.25016703987288, 24.0], [-102.5, 24.119281538832944], [-102.75, 24.157700662593236], [-103.0, 24.21736875], [-103.03790805065056, 24.25], [-103.25, 24.410035720546983], [-103.41405250959079, 24.5], [-103.5, 24.529765694198407], [-103.75, 24.701018222830495], [-103.836525116404, 24.75], [-104.0, 24.830983299325762], [-104.25, 24.866537051375477], [-104.5, 24.94548460447263], [-104.56650167956026, 25.0], [-104.75, 25.178554625594295], [-104.82390496926229, 25.25], [-105.0, 25.316348343885114], [-105.21788634634888, 25.25], [-105.25, 25.231864798109967], [-105.262665625, 25.25], [-105.38657636262036, 25.5], [-105.42379733248873, 25.75], [-105.5, 25.852217475453173], [-105.61858428030303, 26.0], [-105.60121984649123, 26.25], [-105.65651686262376, 26.5], [-105.75, 26.61430746822034], [-105.88063173805361, 26.75], [-106.0, 26.81229803451947], [-106.25, 26.758939352931378], [-106.5, 26.858631963315215], [-106.70481668307087, 27.0], [-106.75, 27.052922224967062], [-106.9304367083836, 27.25], [-107.0, 27.36026380258126], [-107.11089837822459, 27.5], [-107.1260146722561, 27.75], [-107.09041364199717, 28.0], [-107.09234058277028, 28.25], [-107.18882838804714, 28.5], [-107.25, 28.54325706845238], [-107.5, 28.581484375], [-107.57065119219654, 28.5], [-107.75, 28.4447584384273], [-108.0, 28.43776643786127], [-108.08810479746317, 28.5], [-108.25, 28.594567847753346], [-108.31634893518907, 28.5], [-108.26427331349207, 28.25], [-108.25, 28.21552075345092], [-108.16025417132366, 28.0], [-108.0, 27.801488948773734], [-107.92449880365429, 27.75], [-107.75, 27.566786883373936], [-107.64883389068265, 27.5], [-107.5, 27.293688059462916], [-107.32745422979798, 27.25], [-107.40169216881733, 27.0], [-107.37677794780927, 26.75], [-107.25, 26.50005160696138], [-107.24967211460856, 26.5], [-107.15914597430898, 26.25], [-107.14242199745297, 26.0], [-107.19018461471711, 25.75], [-107.0, 25.535044380149078], [-106.75, 25.518623799861427], [-106.7029491747937, 25.5], [-106.75, 25.423389149022803], [-106.90985125750751, 25.25], [-106.90725486566532, 25.0], [-106.75, 24.852715722211215], [-106.62583083832335, 24.75], [-106.5, 24.506559893419833], [-106.49804633590946, 24.5], [-106.5, 24.4780863003096], [-106.51435819041123, 24.25], [-106.5, 24.222754484097635], [-106.37816987762945, 24.0], [-106.25, 23.760607527389496], [-106.24462876614061, 23.75], [-106.15416891648668, 23.5], [-106.0, 23.350286209508273], [-105.87659072985375, 23.25], [-105.75, 23.122088706172125], [-105.57732453893442, 23.0], [-105.5, 22.950815465328464], [-105.35024725408243, 22.75], [-105.27144887660972, 22.5], [-105.25, 22.447107263513512], [-105.11683562842362, 22.25], [-105.0, 22.152272654957365], [-104.83762130157439, 22.0], [-104.83762130157439, 21.875], [-104.875, 21.875], [-105.0, 21.875], [-105.125, 21.875], [-105.25, 21.875], [-105.375, 21.875], [-105.5, 21.875], [-105.625, 21.875], [-105.75, 21.875], [-105.875, 21.875], [-106.0, 21.875], [-106.125, 21.875], [-106.25, 21.875], [-106.375, 21.875], [-106.39986070736435, 21.875], [-106.39986070736435, 22.0], [-106.39637638230649, 22.25], [-106.5, 22.431700138504144], [-106.75, 22.33943256578948], [-107.0, 22.443608710106385], [-107.04015743371212, 22.5], [-107.25, 22.734739141949152], [-107.46983506944444, 22.5], [-107.5, 22.466949728260868], [-107.53839172979798, 22.5], [-107.75, 22.707418007425744], [-108.0, 22.591598510742188], [-108.25, 22.670320494599203], [-108.5, 22.72150083923909], [-108.53303339818419, 22.75], [-108.75, 22.994087427042803], [-108.75678362165178, 23.0], [-108.86322138409962, 23.25], [-108.99453735351562, 23.5], [-109.0, 23.50238641211604], [-109.00139878719679, 23.5], [-109.06498151308304, 23.25], [-109.25, 23.122205524123842], [-109.33686257260948, 23.0], [-109.5, 22.87296396572721], [-109.75, 22.915652700687595], [-110.0, 22.956242021276594], [-110.04293938951061, 23.0], [-110.24685854579465, 23.25], [-110.25, 23.49643342391304], [-110.25006383754864, 23.5], [-110.5, 23.722261570069204], [-110.52394207795118, 23.75], [-110.75, 23.9042094305506], [-110.84139603683724, 24.0], [-111.0, 24.121305149791855], [-111.25, 24.177686890377057], [-111.34109091325877, 24.25], [-111.5, 24.407905226872384], [-111.60233926763416, 24.5], [-111.75, 24.656267858418456], [-111.8332375190307, 24.75], [-112.0, 24.921528366827612], [-112.05405682533262, 25.0], [-112.07574185924369, 25.25], [-112.04583617080307, 25.5], [-112.05323473226784, 25.75], [-112.25, 25.94503606325162], [-112.29885934368093, 26.0], [-112.5, 26.17342109053042], [-112.5811226705159, 26.25], [-112.75, 26.426085054573935], [-112.83239612887385, 26.5], [-113.0, 26.590529404397028], [-113.25, 26.655938932903823], [-113.5, 26.68663329416019], [-113.75, 26.72450343236552], [-113.77229858076454, 26.75], [-113.94109128953662, 27.0], [-114.0, 27.057925983850215], [-114.22666926278862, 27.25], [-114.25, 27.27812914273089], [-114.4473860636864, 27.5], [-114.4758596618727, 27.75], [-114.25, 27.87859048344948], [-114.07789991150807, 28.0], [-114.09411344823974, 28.25], [-114.03350408475026, 28.5], [-114.06646132727765, 28.75], [-114.23397712628866, 29.0], [-114.25, 29.013557386165388], [-114.5, 29.220598431829963], [-114.5307935850798, 29.25], [-114.75, 29.4643646463842], [-114.79008338807931, 29.5], [-115.0, 29.621873916435508], [-115.25, 29.690535929834123], [-115.33184994372387, 29.75], [-115.5, 29.958933387719767], [-115.52955316064411, 30.0], [-115.60460738143958, 30.25], [-115.75, 30.494271359959555], [-115.75274923573369, 30.5], [-115.75311006153376, 30.75], [-115.84939722521551, 31.0], [-116.0, 31.238700896669513], [-116.00462792934593, 31.25], [-116.1897442943886, 31.5], [-116.25, 31.552797440680038], [-116.5, 31.703141724645437], [-116.53392058662104, 31.75], [-116.62080062416952, 32.0], [-116.75, 32.225515365600586], [-116.76790876116071, 32.25], [-116.83555523324418, 32.5], [-116.98739944828168, 32.75], [-117.0, 32.77741318490013], [-117.07026007924571, 33.0], [-117.25, 33.15084192961165], [-117.36696382558407, 33.25], [-117.5, 33.36442788366824], [-117.63182588238111, 33.5], [-117.75, 33.622540286537216], [-118.0, 33.72459748069268], [-118.09504280168025, 33.75], [-118.25, 33.78651739110871], [-118.5, 33.93502856386199], [-118.61995173502459, 34.0], [-118.75, 34.06568479764055], [-119.0, 34.15349943888121], [-119.18044009878616, 34.25], [-119.25, 34.311887853285846], [-119.5, 34.36073391760324], [-119.75, 34.44603167756841], [-119.83096220066619, 34.5], [-120.0, 34.60793698982525], [-120.25, 34.70531800463975], [-120.30097261970704, 34.75], [-120.35053161041384, 35.0], [-120.5, 35.148394525987875], [-120.64348471187381, 35.25], [-120.75, 35.35321020545315], [-120.89249948739935, 35.5], [-121.0, 35.57044151236076], [-121.25, 35.72403881765472], [-121.28070713746223, 35.75], [-121.5, 35.99841183264887], [-121.50109748959417, 36.0], [-121.65895854625845, 36.25], [-121.72103625434302, 36.5], [-121.65087979673253, 36.75], [-121.75, 36.936665980967376], [-121.77320929912423, 37.0], [-122.0, 37.148433075629384], [-122.24530220292618, 37.25], [-122.25, 37.27622483803795], [-122.274671094587, 37.5], [-122.33202002017913, 37.75], [-122.48970188466903, 38.0], [-122.5, 38.014586607543784], [-122.75, 38.218862937265506], [-122.80618559587813, 38.25], [-123.0, 38.369310607685705], [-123.0962937195177, 38.5], [-123.16531564503919, 38.75], [-123.25, 38.84360464043119], [-123.47805972760551, 39.0], [-123.5, 39.03027653278526], [-123.75, 39.22941432755513], [-123.77007486171422, 39.25], [-123.75, 39.34202088270142], [-123.64837318978658, 39.5], [-123.6968099811599, 39.75], [-123.75, 39.796295718665334], [-123.84232715859885, 40.0], [-124.0, 40.17607331661374], [-124.09135998260791, 40.25], [-124.05943977991654, 40.5], [-124.0, 40.546282163819306], [-123.85949021361961, 40.75], [-123.83645280788745, 41.0], [-123.834308958715, 41.25], [-123.83118399274906, 41.5], [-123.81371704101562, 41.75], [-123.99902414056875, 42.0], [-124.0, 42.001370544742166], [-124.05529136685593, 42.25], [-124.03619931833565, 42.5], [-124.05721590909091, 42.75], [-124.0, 42.980677846914425], [-123.99125434027778, 43.0], [-124.0, 43.044136974299064], [-124.01613823340864, 43.25], [-124.02205567878683, 43.5], [-124.03394202953714, 43.75], [-124.03544999548083, 44.0], [-124.0, 44.032597064853036], [-123.85099033988418, 44.25], [-123.85085222377309, 44.5], [-123.8447736409915, 44.75], [-123.83408322727608, 45.0], [-123.8403952720259, 45.25], [-123.83536530420992, 45.5], [-123.81807287733622, 45.75], [-123.77048038861781, 46.0], [-123.75, 46.04422883064516], [-123.5, 46.23630855196487], [-123.490749106056, 46.25], [-123.5, 46.2626858372457], [-123.75, 46.401015772964016], [-123.8251995278777, 46.5], [-124.0, 46.73206557425979], [-124.01144727316603, 46.75], [-124.0, 46.794496075236964], [-123.87315067345197, 47.0], [-123.9257886763308, 47.25], [-123.90528766125676, 47.5], [-123.82972794822626, 47.75], [-123.75, 47.759729290979294], [-123.5, 47.79728327139705], [-123.25, 47.84508609258218], [-123.0, 47.82340821903857], [-122.75, 47.802630677666826], [-122.5, 47.941010089127545], [-122.44101008912754, 48.0], [-122.4232503434066, 48.25], [-122.27579583421723, 48.5], [-122.25, 48.584255369825044], [-122.13417337489408, 48.75], [-122.25, 48.817383362676054], [-122.5, 48.87914688536978], [-122.75, 48.944436054023015], [-123.0, 48.97406044754254], [-123.06240638216636, 49.0], [-123.11212065444529, 49.25], [-123.0, 49.37399225315126], [-122.75, 49.47998579215959], [-122.61347903481013, 49.5], [-122.5, 49.52282340617376], [-122.25, 49.55169846339779], [-122.0, 49.62651151769302], [-121.75, 49.65912487881073], [-121.51481913855591, 49.75], [-121.5, 49.75785405585106], [-121.4208984375, 49.75], [-121.26030855144404, 49.5], [-121.25, 49.48456503378378], [-121.24256388346355, 49.5], [-121.21939132462687, 49.75], [-121.25, 49.81268763646288], [-121.29328408804238, 50.0], [-121.39628667648341, 50.25], [-121.5, 50.38772360225956], [-121.58643579950936, 50.5], [-121.75, 50.68029052974435], [-121.86094605829422, 50.75], [-121.75, 50.90051917462845], [-121.52793616706161, 51.0], [-121.75, 51.10306399505087], [-122.0, 51.14791165865385], [-122.0851232233965, 51.25], [-122.25, 51.44446459273587], [-122.39980072463769, 51.5], [-122.5, 51.51977391030775], [-122.75, 51.63395705254611], [-123.0, 51.73276757569968], [-123.08521787907416, 51.75], [-123.25, 51.878392988590356], [-123.5, 51.90579265668044], [-123.75, 51.99279768858478], [-123.76841136945393, 52.0], [-123.76841136945393, 52.125], [-123.75, 52.125], [-123.625, 52.125], [-123.5, 52.125], [-123.375, 52.125], [-123.25, 52.125], [-123.125, 52.125], [-123.0, 52.125], [-122.875, 52.125], [-122.75, 52.125], [-122.625, 52.125], [-122.5, 52.125], [-122.375, 52.125], [-122.25, 52.125], [-122.125, 52.125], [-122.0, 52.125], [-121.875, 52.125], [-121.75, 52.125], [-121.625, 52.125], [-121.5, 52.125], [-121.375, 52.125], [-121.25, 52.125], [-121.125, 52.125], [-121.06051554144385, 52.125], [-121.06051554144385, 52.0], [-121.0, 51.943133636934675], [-120.75, 51.868717621991976], [-120.5, 51.77472352805179], [-120.43447457107843, 51.75], [-120.25, 51.65776271446079], [-120.0, 51.59971127717391], [-119.75, 51.501956062030075], [-119.74650327620968, 51.5], [-119.5, 51.3418978987069], [-119.42103587962963, 51.25], [-119.468927999288, 51.0], [-119.34266836431962, 50.75], [-119.25, 50.682267070643796], [-119.0, 50.68592752187796], [-118.87877908602752, 50.75], [-118.7855560124269, 51.0], [-118.75, 51.06601604913138], [-118.54867290976821, 51.0], [-118.51230513111707, 50.75], [-118.5, 50.73679216533688], [-118.34025026166267, 50.5], [-118.25, 50.32813389806378], [-118.0, 50.30616255185878], [-117.80693337527964, 50.25], [-117.75, 50.17749510327636], [-117.52669970878136, 50.0], [-117.5, 49.97986697635135], [-117.31709509408603, 49.75], [-117.25, 49.68821936881188], [-117.03688165639014, 49.5], [-117.0, 49.46836688701923], [-116.888961465591, 49.25], [-116.75, 49.17279499151103], [-116.5, 49.21034792909793], [-116.38605129110348, 49.25], [-116.25, 49.382340315934066], [-116.17623108390748, 49.5], [-116.03845494394085, 49.75], [-116.0, 49.89981703066915], [-115.91979399181548, 50.0], [-115.8148628715035, 50.25], [-115.75, 50.2841007008272], [-115.7341310682207, 50.25], [-115.70542907714844, 50.0], [-115.62569782310379, 49.75], [-115.5, 49.65932381659467], [-115.25, 49.53110605581647], [-115.19487736075544, 49.5], [-115.0, 49.32763395385051], [-114.92750743555848, 49.25], [-114.81048075358073, 49.0], [-114.75, 48.90747167579681], [-114.51332101422156, 48.75], [-114.5, 48.74346663913363], [-114.25, 48.59882858294256], [-114.01517888231197, 48.5], [-114.0, 48.490887594063544], [-113.83397114969024, 48.25], [-113.75, 48.057069265143994], [-113.70771247240617, 48.0], [-113.67956254346315, 47.75], [-113.615982667704, 47.5], [-113.5, 47.39969441537082], [-113.25, 47.31630208333333], [-113.0, 47.30739971769958], [-112.83390719984803, 47.25], [-112.75, 47.03866626794259], [-112.72164671331365, 47.25], [-112.75, 47.36747007978723], [-112.78629898747087, 47.5], [-112.79373629385965, 47.75], [-112.78891920006794, 48.0], [-112.97814172701511, 48.25], [-113.0, 48.27548526982379], [-113.15876898364486, 48.5], [-113.19182909149484, 48.75], [-113.25, 48.80827103055078], [-113.46299145554494, 49.0], [-113.5, 49.01473018930746], [-113.75, 49.09914587220149], [-113.99179967852871, 49.25], [-114.0, 49.25764266304348], [-114.25, 49.49060377038043], [-114.26438357945092, 49.5], [-114.27335403311966, 49.75], [-114.25, 49.793953166890084], [-114.1534479035804, 50.0], [-114.12258717970474, 50.25], [-114.25, 50.486040160326944], [-114.25667060988434, 50.5], [-114.48601458802905, 50.75], [-114.5, 50.761670585161966], [-114.7359623939582, 51.0], [-114.65374642346208, 51.25], [-114.5280230978261, 51.5], [-114.75, 51.70981378424658], [-114.85477120535714, 51.75], [-115.0, 51.80470501681614], [-115.07494219186921, 52.0], [-115.07494219186921, 52.125], [-115.0, 52.125], [-114.87766634480337, 52.125], [-114.87766634480337, 52.0], [-114.75, 51.79055659562212], [-114.70242820945946, 51.75], [-114.5, 51.53353052745665], [-114.47040417729592, 51.5], [-114.28332913306451, 51.25], [-114.25, 51.242279926836865], [-114.11632412398922, 51.25], [-114.0, 51.272291451446286], [-113.75, 51.31567988119835], [-113.56462662337663, 51.5], [-113.5, 51.535748922413795], [-113.25, 51.6358736892936], [-113.0, 51.61416651912182], [-112.75, 51.647021932339456], [-112.5, 51.672528429933976], [-112.25, 51.63844009826153], [-112.06246029224906, 51.75], [-112.0, 51.77487664473684], [-111.80692545572917, 52.0], [-111.80692545572917, 52.125], [-111.75, 52.125], [-111.625, 52.125], [-111.5, 52.125], [-111.375, 52.125], [-111.25, 52.125], [-111.125, 52.125], [-111.0, 52.125], [-110.875, 52.125], [-110.75, 52.125], [-110.625, 52.125], [-110.5, 52.125], [-110.375, 52.125], [-110.25, 52.125], [-110.125, 52.125], [-110.0, 52.125], [-109.875, 52.125], [-109.75, 52.125], [-109.625, 52.125], [-109.5, 52.125], [-109.375, 52.125], [-109.25, 52.125], [-109.125, 52.125], [-109.0, 52.125], [-108.875, 52.125], [-108.75, 52.125], [-108.68253900949796, 52.125], [-108.68253900949796, 52.0], [-108.5, 51.76356546572935], [-108.43477112676055, 51.75], [-108.25, 51.723582863471606], [-108.0, 51.69233864635679], [-107.75, 51.55000338203463], [-107.71582609097632, 51.5], [-107.6059323705808, 51.25], [-107.58237847222222, 51.0], [-107.5, 50.941291360294116], [-107.2638246333799, 50.75], [-107.25, 50.718872838050316], [-107.13122600255973, 50.5], [-107.0381610576923, 50.25], [-107.0, 50.21928943452381], [-106.75, 50.11091382575758], [-106.62634607263513, 50.0], [-106.5, 49.86738142730496], [-106.4075375349162, 49.75], [-106.3880277593085, 49.5], [-106.31624535183067, 49.25], [-106.25, 49.13279668522267], [-106.04876821319019, 49.0], [-106.0, 48.931472252155174], [-105.75, 48.87520642784553], [-105.5, 48.82500320184427], [-105.39638623496108, 48.75], [-105.25, 48.676258912655975], [-105.0, 48.66885984182777], [-104.75, 48.6723481393652], [-104.5, 48.62812068568799], [-104.29285249255952, 48.5], [-104.25, 48.46910206545065], [-104.0, 48.29114675353357], [-103.9258310111465, 48.25], [-103.75, 48.15610384778912], [-103.5404359303653, 48.0], [-103.5, 47.93188100961539], [-103.40799793287937, 47.75], [-103.37552490234376, 47.5], [-103.34936352709789, 47.25], [-103.5, 47.00115072202166], [-103.50236812778603, 47.0], [-103.5, 46.99094460227274], [-103.47629611514813, 46.75], [-103.5, 46.68613516566265], [-103.66435339095744, 46.5], [-103.75, 46.30363948170731], [-103.77017631880733, 46.25], [-103.75, 46.21452872983871], [-103.5, 46.074553068693696], [-103.25, 46.051995144422314], [-103.0, 46.1115754639738], [-102.81782058189656, 46.25], [-102.75, 46.40604338842976], [-102.65266481164385, 46.5], [-102.5, 46.631112132352946], [-102.25, 46.62347371688742], [-102.0, 46.568220527251185], [-101.75, 46.56392502682404], [-101.5, 46.57390135422199], [-101.25, 46.676838446100916], [-101.0, 46.593671875000005], [-100.8935546875, 46.5], [-100.91737328506098, 46.25], [-100.96419656065089, 46.0], [-100.75, 45.87474318771626], [-100.5, 45.76570570764463], [-100.25, 45.80486539945967], [-100.0, 45.79298287748644], [-99.8476312099359, 45.75], [-99.75, 45.71600341796875], [-99.5, 45.59074253318584], [-99.2581625884434, 45.5], [-99.25, 45.49616304046563], [-99.0, 45.404086164419084], [-98.75, 45.3273058084989], [-98.57989905889497, 45.25], [-98.5, 45.217491662549406], [-98.25, 45.11163961476293], [-98.0, 45.026355326417004], [-97.9191333462733, 45.0], [-97.75, 44.941565517703864], [-97.50466978701476, 44.75], [-97.5, 44.74549278846154], [-97.25, 44.61577340949821], [-97.0799958881579, 44.5], [-97.0, 44.43770811987705], [-96.78293468601896, 44.25], [-96.75, 44.2060176028481], [-96.62134078557312, 44.0], [-96.5, 43.83315641983695], [-96.43229742809734, 43.75], [-96.25, 43.509068896198826], [-96.24060132575758, 43.5], [-96.0, 43.26919058866279], [-95.91078969594594, 43.25], [-95.75, 43.21479752218935], [-95.5, 43.190004595588235], [-95.27335069444445, 43.25], [-95.25, 43.254820097477065], [-95.0, 43.40263500548245], [-94.875, 43.40263500548245], [-94.875, 43.375], [-94.875, 43.25], [-94.875, 43.125], [-94.875, 43.0], [-94.875, 42.875], [-94.875, 42.75], [-94.875, 42.625], [-94.875, 42.5], [-94.875, 42.375], [-94.875, 42.25], [-94.875, 42.125], [-94.875, 42.0], [-94.875, 41.875], [-94.875, 41.75], [-94.875, 41.625], [-94.875, 41.5], [-94.875, 41.375], [-94.875, 41.26163218490305], [-95.0, 41.26163218490305], [-95.25, 41.34966180788591], [-95.5, 41.43286018192488], [-95.75, 41.46847401494565], [-95.99814332561729, 41.25], [-96.0, 41.248921931003586], [-96.25, 41.13381013938849], [-96.5, 41.03813583485402], [-96.75, 41.099818638392854], [-97.0, 41.0738068664966], [-97.25, 41.08485029248769], [-97.5, 41.0783000442217], [-97.75, 41.0556390224359], [-97.84117318802521, 41.0], [-98.0, 40.9033228101023], [-98.16202491554054, 40.75], [-98.25, 40.65283348880597], [-98.38950740803816, 40.5], [-98.5, 40.3520044479927], [-98.60089970667869, 40.25], [-98.5, 40.074356834249805], [-98.44365699404761, 40.0], [-98.37189540578359, 39.75], [-98.25, 39.611576403601696], [-98.11833984375, 39.5], [-98.0, 39.444179318985846], [-97.75, 39.35307636797189], [-97.5, 39.25128200715859], [-97.496195874183, 39.25], [-97.25, 39.11829381555944], [-97.10844338389121, 39.0], [-97.06566753223495, 38.75], [-97.00590144230769, 38.5], [-97.0, 38.49315011160714], [-96.75, 38.41431290064103], [-96.5, 38.30809151785714], [-96.25, 38.25671466503268], [-96.23097511574073, 38.25], [-96.0, 38.159836219879516], [-95.82726033528645, 38.0], [-95.75, 37.93465205121146], [-95.5, 37.84499329853273], [-95.27734375, 37.75], [-95.25, 37.74035826725746], [-95.0, 37.59747065893665], [-94.875, 37.59747065893665], [-94.875, 37.5], [-94.875, 37.375], [-94.875, 37.25], [-94.875, 37.125], [-94.875, 37.0], [-94.875, 36.875], [-94.875, 36.75], [-94.875, 36.625], [-94.875, 36.5], [-94.875, 36.375], [-94.875, 36.25], [-94.875, 36.125], [-94.875, 36.0], [-94.875, 35.875], [-94.875, 35.75], [-94.875, 35.625], [-94.875, 35.5], [-94.875, 35.375], [-94.875, 35.25], [-94.875, 35.125], [-94.875, 35.0], [-94.875, 34.875], [-94.875, 34.75], [-94.875, 34.625], [-94.875, 34.5], [-94.875, 34.40339757619974], [-95.0, 34.40339757619974], [-95.25, 34.389266896802326], [-95.5, 34.438099778543304], [-95.75, 34.486989229134466], [-96.0, 34.47349513319672], [-96.05653135926573, 34.5], [-96.25, 34.68505696070234], [-96.5, 34.65241458873057], [-96.75, 34.60835122455471], [-97.0, 34.664515155579394], [-97.25, 34.728677844684384], [-97.38952105978262, 34.75], [-97.5, 34.77135307247899], [-97.75, 34.92739069206009], [-97.8047507079288, 35.0], [-98.0, 35.131442333878], [-98.25, 35.12206101190476], [-98.5, 35.14213367693111], [-98.75, 35.21360305521092], [-98.82639567057291, 35.25], [-99.0, 35.321374799250535], [-99.25, 35.29526427469136], [-99.42132739485982, 35.25], [-99.5, 35.22674594267956], [-99.75, 35.13375577059659], [-100.0, 35.08876177443992], [-100.11054415028535, 35.0], [-100.25, 34.874795402789644], [-100.5, 34.760295885180994], [-100.53227504432624, 34.75], [-100.75, 34.66253783831909], [-100.84768969392124, 34.5], [-100.76053642349498, 34.25], [-100.75, 34.233242603058514], [-100.56175375637241, 34.0], [-100.61439526914076, 33.75], [-100.75, 33.67919103526536], [-101.0, 33.59158240300147], [-101.25, 33.525001525878906], [-101.37674040841586, 33.5], [-101.5, 33.47084492096019], [-101.75, 33.45815045646067], [-102.0, 33.25448927238806], [-102.21932291666667, 33.5], [-102.25, 33.51870553861788], [-102.43120521496816, 33.75], [-102.5, 33.81171875], [-102.61021205357142, 33.75], [-102.59436677631578, 33.5], [-102.75, 33.32308360042735], [-102.84828484195403, 33.25], [-103.0, 33.201827668795616], [-103.25, 33.11010259631491], [-103.44468240093241, 33.25], [-103.5, 33.2843234741105], [-103.75, 33.44615528681507], [-103.82301543150155, 33.5], [-103.97173713235294, 33.75], [-104.0, 33.990234375], [-104.00052966101694, 34.0], [-104.02210266518964, 34.25], [-104.10887670229272, 34.5], [-104.25, 34.71498325892857], [-104.5, 34.74695026993355], [-104.62388671875, 34.5], [-104.75, 34.283805803571425], [-104.76305963714128, 34.25], [-104.88763140214985, 34.0], [-104.94281398573693, 33.75], [-104.89643002717392, 33.5], [-104.91258613561192, 33.25], [-104.949710431173, 33.0], [-104.95692830618111, 32.75], [-104.87634135109664, 32.5], [-104.75, 32.33227294699727], [-104.68044771634615, 32.25], [-104.75, 32.10036331195697], [-105.0, 32.21195940290178], [-105.04830552012471, 32.25], [-105.25, 32.347851777365236], [-105.5, 32.26273695695629], [-105.57732858009709, 32.25], [-105.75, 32.0966796875], [-105.84047133319203, 32.25], [-106.0, 32.40818752627155], [-106.06150996198255, 32.5], [-106.1502822514548, 32.75], [-106.16294877216518, 33.0], [-106.21719184833023, 33.25], [-106.25, 33.424008302583026], [-106.3473444065126, 33.5], [-106.5, 33.72019412878788], [-106.51152086383601, 33.75], [-106.75, 33.98517362113774], [-106.97227244814411, 33.75], [-107.0, 33.73491779245843], [-107.16094449247356, 33.5], [-107.25, 33.37288127903601], [-107.34688716231685, 33.25], [-107.45572171767735, 33.0], [-107.5, 32.93222553633976], [-107.59175553902116, 32.75], [-107.75, 32.6208998426259], [-108.0, 32.57309528247184], [-108.25, 32.614132754695504], [-108.39654312461633, 32.75], [-108.47270882021114, 33.0], [-108.5, 33.0183802578019], [-108.75, 33.088270916005285], [-108.95256326623593, 33.25], [-109.0, 33.30510548979984], [-109.25, 33.32867126165358], [-109.5, 33.2662458492796], [-109.75, 33.27700750842066], [-110.0, 33.48728465544872], [-110.00585389921795, 33.5], [-110.0, 33.51789439557962], [-109.95342762919721, 33.75], [-109.97820600909338, 34.0], [-109.9872402200489, 34.25], [-109.75, 34.39511915538413], [-109.5, 34.4080158390411], [-109.25, 34.423703395003756], [-109.03301115117522, 34.5], [-109.11102430555556, 34.75], [-109.12158086031175, 35.0], [-109.25, 35.15360568304051], [-109.31542802385009, 35.25], [-109.5, 35.46812086568881], [-109.5258497551306, 35.5], [-109.72090911865234, 35.75], [-109.75, 35.81832353784404], [-110.0, 35.809971140391795], [-110.16040231299212, 36.0], [-110.25, 36.09311707242226], [-110.43433743990386, 36.25], [-110.5, 36.310219631834215], [-110.6894462477993, 36.5], [-110.75, 36.64698517628205], [-110.790377669598, 36.75], [-110.75, 36.78503701853198], [-110.5, 36.85255951407068], [-110.25, 36.816511308068456], [-110.16629807692308, 36.75], [-110.0, 36.63084153543307], [-109.85694839015152, 36.5], [-109.76924426020409, 36.25], [-109.75, 36.18421148255814], [-109.69966358985765, 36.25], [-109.51255495030581, 36.5], [-109.5, 36.51586654589372], [-109.25, 36.73917083695967], [-109.0, 36.71806266696349], [-108.75, 36.58713231266433], [-108.54915561868687, 36.5], [-108.5, 36.442764995589535], [-108.3185869058714, 36.5], [-108.25, 36.63454067641682], [-108.20972177933675, 36.75], [-108.25, 36.76369983731019], [-108.5, 36.96278617981284], [-108.52789172094188, 37.0], [-108.72731370192307, 37.25], [-108.75, 37.2912066492016], [-108.88984688335562, 37.5], [-109.0, 37.60338084222083], [-109.25, 37.67716421654161], [-109.5, 37.649417829298315], [-109.75, 37.58695239715273], [-110.0, 37.50253550991212], [-110.11889667615868, 37.75], [-110.0, 37.96438451664306], [-109.9267723880597, 38.0], [-109.75, 38.07972315711706], [-109.56902700226837, 38.25], [-109.5, 38.32975680443548], [-109.25, 38.48308948863637], [-109.21436482279694, 38.5], [-109.15228786659515, 38.75], [-109.0, 38.969482925257736], [-108.94307391826923, 39.0], [-108.75, 39.052182140072766], [-108.5, 39.052257859563255], [-108.3216021993886, 39.25], [-108.5, 39.362704533261805], [-108.75, 39.399961214539005], [-109.0, 39.40152640039233], [-109.25, 39.29853364405053], [-109.3306921155149, 39.25], [-109.5, 39.16126553484243], [-109.75, 39.10510053195446], [-109.98185639880953, 39.25], [-110.0, 39.268658943437806], [-110.25, 39.39312248153123], [-110.5, 39.45276757188498], [-110.67633289599237, 39.5], [-110.75, 39.51302346912956], [-110.76607059221482, 39.5], [-110.8580569068748, 39.25], [-110.89823467548077, 39.0], [-111.0, 38.88552088967009], [-111.04936527285264, 38.75], [-111.13975526086114, 38.5], [-111.04448004096722, 38.25], [-111.0, 38.02194864241804], [-110.98684160012286, 38.0], [-111.0, 37.993452972188265], [-111.25, 37.81669838408119], [-111.39167100037821, 37.75], [-111.5, 37.6713126717033], [-111.75, 37.58625977447869], [-112.0, 37.52853784956606], [-112.0422854153909, 37.5], [-112.25, 37.4056648048577], [-112.5, 37.33552003069599], [-112.75, 37.32666337510215], [-113.0, 37.407704165631216], [-113.14915599899598, 37.5], [-113.09506494585867, 37.75], [-113.0, 37.861007514418816], [-112.87064861168456, 38.0], [-112.83666217137898, 38.25], [-112.75, 38.45268090197216], [-112.72912535184238, 38.5], [-112.5, 38.697229487885465], [-112.37443494496856, 38.75], [-112.25, 38.83602241847826], [-112.07209979363208, 39.0], [-112.0, 39.08818359375], [-111.86913758748057, 39.25], [-111.89628040941456, 39.5], [-112.0, 39.74829841382576], [-112.00082274496337, 39.75], [-112.0, 39.75071417925278], [-111.75, 39.934048779121866], [-111.70214462776333, 40.0], [-111.74086802521532, 40.25], [-111.75, 40.26039151278409], [-111.91294858481453, 40.5], [-111.9620028409091, 40.75], [-112.0, 40.86260808555825], [-112.05124344194394, 40.75], [-112.25, 40.567565105816755], [-112.5, 40.515398672964466], [-112.75, 40.52527692059691], [-112.93940945263975, 40.75], [-112.99531868595716, 41.0], [-113.0, 41.018274147727276], [-113.01830743397086, 41.0], [-113.24949048913044, 40.75], [-113.25, 40.74984815644055], [-113.25111295391062, 40.75], [-113.5, 40.802228348475964], [-113.67355886702676, 41.0], [-113.66003818820454, 41.25], [-113.75, 41.49236630721831], [-114.0, 41.401281984060404], [-114.22235280517879, 41.25], [-114.14899376977849, 41.0], [-114.2279670160296, 40.75], [-114.25, 40.64742393800229], [-114.28598829876681, 40.5], [-114.33799297216157, 40.25], [-114.25, 40.09559087643679], [-114.1442829713983, 40.0], [-114.0, 39.93820184891107], [-113.83565892432647, 39.75], [-114.0, 39.57774216154485], [-114.04610914408866, 39.5], [-114.0, 39.26716029228856], [-113.99546751806832, 39.25], [-113.848388066067, 39.0], [-113.87038599738676, 38.75], [-113.75, 38.61844062351261], [-113.68506165187891, 38.5], [-113.70527305528375, 38.25], [-113.75, 38.21692406837916], [-114.0, 38.06481228772441], [-114.2293701171875, 38.25], [-114.25, 38.41827512254902], [-114.2757282021605, 38.5], [-114.5, 38.61144794861963], [-114.75, 38.54180021367522], [-115.0, 38.66094109011999], [-115.114262610547, 38.75], [-115.25, 38.85859702568134], [-115.45111582184123, 39.0], [-115.5, 39.0867435515873], [-115.75, 39.23380866635688], [-115.884103478145, 39.0], [-116.0, 38.847155096660806], [-116.04260268958076, 38.75], [-116.2490486819728, 38.5], [-116.25, 38.49888548515641], [-116.5, 38.33347816549676], [-116.68334012748295, 38.25], [-116.75, 38.21376410153103], [-116.8167588331354, 38.25], [-117.0, 38.341146987151085], [-117.2117310531496, 38.5], [-117.25, 38.521639164069455], [-117.5, 38.57744731427936], [-117.75, 38.70238675458715], [-117.77478435410697, 38.75], [-117.7991157722754, 39.0], [-117.83166043015103, 39.25], [-117.75, 39.39803073820582], [-117.5, 39.464542796776726], [-117.36079764660494, 39.5], [-117.25, 39.5319381116548], [-117.0, 39.653872940891475], [-116.85496619152048, 39.75], [-116.75, 39.785402798323474], [-116.5, 39.826469809322035], [-116.25, 39.76513577793834], [-116.20730723505434, 39.75], [-116.0, 39.60329026442308], [-115.8733232606132, 39.5], [-115.75, 39.28570056352459], [-115.5, 39.39763382177034], [-115.33837936732768, 39.5], [-115.43584118150685, 39.75], [-115.5, 39.814268867924525], [-115.62318686006826, 40.0], [-115.7066396882494, 40.25], [-115.6806768113577, 40.5], [-115.5, 40.72989773671097], [-115.48143932131902, 40.75], [-115.28353059505989, 41.0], [-115.5, 41.21975921352583], [-115.75, 41.00610191993464], [-116.0, 41.03755916731066], [-116.25, 41.056667877906975], [-116.5, 41.21939571399345], [-116.56799715909091, 41.25], [-116.52611019736842, 41.5], [-116.5, 41.52958357224771], [-116.34499747983871, 41.75], [-116.39382285362026, 42.0], [-116.4680135275264, 42.25], [-116.5, 42.27655858641202], [-116.75, 42.385536703082906], [-116.89420131033182, 42.5], [-117.0, 42.742504861711325], [-117.00306210275424, 42.75], [-117.13178194115324, 43.0], [-117.0, 43.157429523472516], [-116.78548899067823, 43.0], [-116.75, 42.9769554894594], [-116.5, 42.902933451147476], [-116.31633402139784, 42.75], [-116.25, 42.67724410076531], [-116.05417224492672, 42.5], [-116.0, 42.43125782367668], [-115.75, 42.29135334794438], [-115.65447145600558, 42.25], [-115.5, 42.19263404434648], [-115.25, 42.19307054679421], [-115.0, 42.19042684037901], [-114.75, 42.16295336400574], [-114.5, 42.12446442610063], [-114.25, 42.22243858245482], [-114.2084073153409, 42.25], [-114.0, 42.318998659706544], [-113.75, 42.31069241337556], [-113.5, 42.27148614573889], [-113.35808851047904, 42.25], [-113.25, 42.20335715439276], [-113.0747233435412, 42.0], [-113.20807350056054, 41.75], [-113.0, 41.70211517995356], [-112.75, 41.717503094772], [-112.5, 41.66929022606383], [-112.29297552580226, 41.5], [-112.25, 41.473273580771306], [-112.17856257884304, 41.5], [-112.09866026606426, 41.75], [-112.25, 41.8936477525413], [-112.5, 41.924273784456354], [-112.75, 41.929062896573605], [-112.86361471036585, 42.0], [-113.0, 42.05814693457539], [-113.21494993932039, 42.25], [-113.05777675653594, 42.5], [-113.0, 42.65293847318339], [-112.95070161467487, 42.75], [-112.76036195728291, 43.0], [-113.0, 43.20224770981088], [-113.25, 43.13470416302447], [-113.5, 43.19915244020062], [-113.75, 43.1501163435571], [-114.0, 43.16609918872371], [-114.25, 43.15764430662693], [-114.5, 43.163673449194015], [-114.75, 43.15568286092985], [-115.0, 43.18525300448126], [-115.25, 43.23638385933623], [-115.29072211270872, 43.25], [-115.5, 43.31967311998147], [-115.75, 43.485016651642624], [-115.77032523777174, 43.5], [-116.0, 43.7262320998394], [-116.02522638494318, 43.75], [-116.25, 43.97199863215488], [-116.27336069171348, 44.0], [-116.47102974556589, 44.25], [-116.5, 44.287610505756575], [-116.75, 44.41848473515071], [-117.0, 44.426904004491014], [-117.25, 44.36397924788824], [-117.48233650662252, 44.25], [-117.5, 44.24181844325153], [-117.75, 44.119600039308175], [-118.0, 44.00906057315022], [-118.02329115634006, 44.0], [-118.25, 43.90651459447415], [-118.5, 43.82411699229134], [-118.71027762066365, 43.75], [-118.75, 43.72389897175421], [-119.0, 43.66217654931862], [-119.25, 43.629712076527525], [-119.5, 43.605609871748555], [-119.75, 43.60950969827586], [-119.8881091101695, 43.75], [-119.93049226588629, 44.0], [-120.0, 44.13763451986755], [-120.25, 44.05664762544803], [-120.5, 44.13279943561873], [-120.53955188346501, 44.25], [-120.75, 44.4632765584787], [-120.78776003381358, 44.5], [-120.75, 44.56769735108065], [-120.5, 44.571068674774324], [-120.25, 44.51332318407235], [-120.21845864986187, 44.5], [-120.0, 44.337279771090536], [-119.75, 44.27369031567259], [-119.5, 44.31228568193582], [-119.25, 44.41987326781674], [-119.14822984015805, 44.5], [-119.08267017121011, 44.75], [-119.25, 44.95691803699897], [-119.3644070687773, 45.0], [-119.25, 45.11341653138528], [-119.03681904560811, 45.25], [-119.0, 45.25430768280633], [-118.75, 45.397293592027616], [-118.58353072550081, 45.5], [-118.5, 45.55840299684542], [-118.25, 45.66038292847504], [-118.10840884861408, 45.75], [-118.00900251274066, 46.0], [-118.0, 46.00762880878119], [-117.75, 46.198877172085204], [-117.59811777611301, 46.0], [-117.62618041749502, 45.75], [-117.5, 45.734884793998575], [-117.25, 45.73669704861111], [-117.0, 45.708795779596564], [-116.75, 45.67128302968147], [-116.5, 45.708927817326256], [-116.37183499623494, 45.75], [-116.25, 45.79231089827406], [-116.0, 45.9431592011347], [-115.83584665697674, 46.0], [-115.75, 46.05266597762646], [-115.56038226359246, 46.25], [-115.54159203506097, 46.5], [-115.52335627362949, 46.75], [-115.75, 46.88117563594092], [-116.0, 46.96383691809075], [-116.0652303890306, 47.0], [-116.14069172166148, 47.25], [-116.0257192225898, 47.5], [-116.04492981453252, 47.75], [-116.25, 47.937885533054], [-116.31770965490992, 48.0], [-116.5, 48.134106076162034], [-116.57724819584422, 48.25], [-116.75, 48.48676777796726], [-117.0, 48.48515195348304], [-117.10587724673202, 48.5], [-117.25, 48.5201561071755], [-117.46884179177546, 48.75], [-117.5, 48.799931354602506], [-117.75, 48.94150411900871], [-118.0, 48.99977022058823], [-118.00228987068965, 49.0], [-118.25, 49.02194580575356], [-118.35583563535911, 49.0], [-118.47983530405405, 48.75], [-118.5, 48.688612539556964], [-118.58324240572625, 48.5], [-118.75, 48.45181661117837], [-119.0, 48.469681982127476], [-119.14914923199153, 48.5], [-119.19342815921871, 48.75], [-119.25, 48.7909854738422], [-119.5, 48.81928188422509], [-119.53062869596248, 48.75], [-119.7273382739486, 48.5], [-119.75, 48.48783034033877], [-119.94224217165315, 48.25], [-120.0, 48.13282053755144], [-120.04604192671184, 48.0], [-120.18265420007289, 47.75], [-120.25, 47.59444707491583], [-120.2812022038376, 47.5], [-120.3228690822259, 47.25], [-120.42514115021008, 47.0], [-120.5, 46.924506753177965], [-120.66087341308594, 46.75], [-120.75, 46.67105049740484], [-120.83402310552408, 46.5], [-120.88938739300032, 46.25], [-121.0, 46.132174082409975], [-121.25, 46.00364343572946], [-121.26295851700252, 46.0], [-121.5, 45.92355364033306], [-121.75, 45.80127938646789], [-122.0, 45.77120457975389], [-122.25, 45.845953969220545], [-122.43965972600873, 46.0], [-122.5, 46.05410122830604], [-122.75, 46.13648465338516], [-123.0, 46.167636303191486], [-123.05658101436265, 46.0], [-123.15422423811984, 45.75], [-123.25, 45.68561740451389], [-123.5, 45.50188179347826], [-123.50219925050813, 45.5], [-123.61594619614003, 45.25], [-123.62334301669675, 45.0], [-123.75, 44.80234375], [-123.75267405831775, 44.75], [-123.76262503877172, 44.5], [-123.75377207348333, 44.25], [-123.85076658530124, 44.0], [-123.83366512666113, 43.75], [-123.7991456068006, 43.5], [-123.75, 43.32150999832664], [-123.70934705574581, 43.25], [-123.5665184324374, 43.0], [-123.53881654113067, 42.75], [-123.57301661912172, 42.5], [-123.5, 42.36429044826478], [-123.37019274635037, 42.25], [-123.25, 42.206438078703705], [-123.0, 42.20547100577478], [-122.87616267398286, 42.25], [-122.75, 42.330931275755496], [-122.57416852678571, 42.5], [-122.68806061921296, 42.75], [-122.75, 42.87009790170556], [-122.8050231701521, 43.0], [-122.75754837633451, 43.25], [-122.75, 43.274968731606826], [-122.65206759093238, 43.5], [-122.61962053571429, 43.75], [-122.5, 43.89557436543811], [-122.43343791555851, 44.0], [-122.41109759784521, 44.25], [-122.42740550889329, 44.5], [-122.42302644230769, 44.75], [-122.38273689516129, 45.0], [-122.25, 45.22017594381688], [-122.21767779478093, 45.25], [-122.04064955616997, 45.5], [-122.0, 45.65116003787879], [-121.75, 45.631892168515584], [-121.5, 45.51340583471761], [-121.48808516855314, 45.5], [-121.38127361255863, 45.25], [-121.5, 45.11149791033435], [-121.58213795902373, 45.0], [-121.63024557464249, 44.75], [-121.6186712803552, 44.5], [-121.58598617601245, 44.25], [-121.5, 44.097692175045985], [-121.35836805555556, 44.0], [-121.25, 43.95459439013035], [-121.0, 43.89472301136364], [-120.75, 43.88383842294351], [-120.5, 43.7518310546875], [-120.49704071969697, 43.75], [-120.38959703947367, 43.5], [-120.5, 43.47272819609967], [-120.75, 43.41334908963586], [-120.95991945644349, 43.25], [-120.75, 43.092645372369134], [-120.5, 43.13326057637706], [-120.34530529004614, 43.0], [-120.25, 42.90264099326599], [-120.0, 42.849165101931334], [-119.75, 42.87697482638889], [-119.5, 42.76660678475936], [-119.49110180873926, 42.75], [-119.32064520899053, 42.5], [-119.25, 42.44990037751678], [-119.09459918478261, 42.25], [-119.0, 42.10377814180107], [-118.90491263854679, 42.0], [-118.78613739730046, 41.75], [-118.95621324924127, 41.5], [-119.0, 41.461780836092714], [-119.25, 41.25152386675824], [-119.25153511300738, 41.25], [-119.47740360799207, 41.0], [-119.5, 40.97439301085329], [-119.75, 40.84042094216418], [-120.0, 40.77397681451613], [-120.07873742055085, 40.75], [-120.25, 40.660182291666665], [-120.3425314906932, 40.5], [-120.25, 40.35289381377551], [-120.17463681801196, 40.25], [-120.0, 40.12701891447368], [-119.784521484375, 40.0], [-119.75, 39.97307516538997], [-119.5, 39.79321206860269], [-119.46225298713236, 39.75], [-119.43542439088984, 39.5], [-119.35902877621785, 39.25], [-119.27628086262955, 39.0], [-119.25, 38.97411884630779], [-119.0, 38.84989867133538], [-118.75, 38.75556331306561], [-118.74262949606594, 38.75], [-118.5, 38.56131173513986], [-118.43987946428571, 38.5], [-118.27226940829297, 38.25], [-118.25, 38.207358374384235], [-118.19012769829317, 38.0], [-118.05743556701032, 37.75], [-118.0, 37.59781331949301], [-117.89581151070763, 37.5], [-118.0, 37.41972852403156], [-118.07691858338751, 37.25], [-118.0255974264706, 37.0], [-118.01227720050792, 36.75], [-118.0004306028814, 36.5], [-118.0, 36.478039253048784], [-117.98502115249825, 36.25], [-118.0, 36.20053116732804], [-118.04809694241752, 36.0], [-118.2377534546604, 35.75], [-118.25, 35.73916290361253], [-118.31918048469387, 35.75], [-118.5, 35.784882504921256], [-118.66926841310409, 36.0], [-118.75, 36.100851997871516], [-118.7888820053975, 36.25], [-118.88493322137758, 36.5], [-118.99276106899927, 36.75], [-119.0, 36.76322964449541], [-119.16342432085867, 37.0], [-119.25, 37.10813058565327], [-119.39062377508623, 37.25], [-119.5, 37.350197718050914], [-119.71085892089967, 37.5], [-119.75, 37.54046643935831], [-119.90584918768704, 37.75], [-120.0, 37.91349934192765], [-120.07412769680144, 38.0], [-120.25, 38.19601961384734], [-120.29251339104387, 38.25], [-120.43836202330509, 38.5], [-120.5, 38.66883196959146], [-120.53659186636668, 38.75], [-120.64847423088716, 39.0], [-120.75, 39.18060511363636], [-120.79174014381016, 39.25], [-120.95303798900181, 39.5], [-121.0, 39.54918036521359], [-121.21630368640075, 39.75], [-121.25, 39.79325299838742], [-121.4381276366471, 40.0], [-121.5, 40.06492073229407], [-121.64623964035889, 40.25], [-121.73687370455994, 40.5], [-121.66483686674009, 40.75], [-121.5, 40.917793581838566], [-121.25, 40.9220712043379], [-121.01748765326975, 41.0], [-121.0, 41.06755756578948], [-120.86244419642857, 41.25], [-121.0, 41.434875], [-121.25, 41.29427568280571], [-121.3019884293003, 41.25], [-121.5, 41.05313632246377], [-121.75, 41.0602512328905], [-122.0, 41.10240681425916], [-122.25, 41.07353395577231], [-122.48680211919105, 41.0], [-122.5, 40.99582354643246], [-122.75, 40.86869912518713], [-123.0, 40.802204497051115], [-123.14379794675091, 40.75], [-123.20010429008688, 40.5], [-123.05317232985838, 40.25], [-123.0, 40.1324660326087], [-122.95833262103392, 40.0], [-123.0, 39.76197509765625], [-123.00694208559783, 39.75], [-123.03369318181818, 39.5], [-123.25, 39.42115008616119], [-123.41347888706002, 39.25], [-123.29431008649154, 39.0], [-123.25, 38.96961369733215], [-123.05131493253474, 38.75], [-123.0, 38.56766960047469], [-122.92390180160143, 38.5], [-122.75, 38.417816336612844], [-122.50745358835684, 38.25], [-122.5, 38.244492310282894], [-122.32738892499366, 38.0], [-122.25, 37.86715518883326], [-122.11312031091047, 37.75], [-122.09641850036982, 37.5], [-122.03309181622248, 37.25], [-122.0, 37.2362983945702], [-121.75, 37.163595910917095], [-121.5, 37.00528216486903], [-121.49317151915544, 37.0], [-121.4171646297498, 36.75], [-121.5, 36.57349919342449], [-121.51888843374921, 36.5], [-121.54520099204586, 36.25], [-121.5, 36.178446600661225], [-121.36396413154226, 36.0], [-121.25, 35.87280326041417], [-121.08803308533312, 35.75], [-121.0, 35.69551479748876], [-120.75, 35.55764009195096], [-120.68127151747882, 35.5], [-120.5, 35.32616790684681], [-120.4226375490095, 35.25], [-120.25, 35.07961271639511], [-120.14622394969138, 35.0], [-120.0, 34.76862463243016], [-119.96655784461626, 34.75], [-119.75, 34.685767870126966], [-119.5, 34.58194836073409], [-119.25, 34.625858938071204], [-119.0, 34.56217723909357], [-118.94764489226375, 34.5], [-118.8443961623394, 34.25], [-118.75, 34.21018694259426], [-118.5, 34.10416703160034], [-118.3504354250503, 34.0], [-118.25, 33.94010510409167], [-118.0, 33.927489600243504], [-117.75, 33.892868383504926], [-117.62135511134623, 33.75], [-117.5, 33.623918747382746], [-117.32735241029755, 33.5], [-117.25, 33.43591975289995], [-117.0, 33.305393779256875], [-116.86119066165689, 33.25], [-116.75, 33.095869855182926], [-116.72986855793854, 33.0], [-116.53969355354532, 32.75], [-116.5, 32.682868760624324], [-116.42417379533512, 32.5], [-116.25, 32.281639118733935], [-116.20968845957012, 32.25], [-116.04523559347783, 32.0], [-116.00346725416233, 31.75], [-116.0, 31.747255328459637], [-115.75, 31.54965618191721], [-115.72276430961344, 31.5], [-115.56806050488112, 31.25], [-115.5, 31.125503259202453], [-115.43128636336372, 31.0], [-115.3431277928616, 30.75], [-115.3073992519305, 30.5], [-115.25, 30.407976439182917], [-115.18682897586633, 30.25], [-115.08824891638702, 30.0], [-115.0, 29.923254347033076], [-114.86932834280998, 29.75], [-114.75, 29.693427989130434], [-114.54599946120689, 29.5], [-114.5, 29.454861579823614], [-114.26551072569015, 29.25], [-114.25, 29.236865132152825], [-114.0, 29.047578944134994], [-113.9570889664598, 29.0], [-113.75, 28.795688319970846], [-113.70184052320221, 28.75], [-113.61475537007954, 28.5], [-113.63586633242693, 28.25], [-113.75, 28.137472771447722], [-113.81901392160161, 28.0], [-114.0, 27.79511530281869], [-114.12672187054208, 27.75], [-114.09878073191409, 27.5], [-114.0, 27.357480803207395], [-113.87422968352418, 27.25], [-113.75, 27.13277967436975], [-113.66614445128886, 27.0], [-113.5, 26.914409205194552], [-113.25, 26.840971953227132], [-113.0335433467742, 26.75], [-113.0, 26.741419419721794], [-112.9149660484813, 26.75], [-112.75, 26.8001236800071], [-112.64197862880093, 26.75], [-112.5, 26.562948790627363], [-112.47138756871277, 26.5], [-112.25, 26.34364637253316], [-112.10977428242703, 26.25], [-112.0, 26.168319703523476], [-111.75, 26.0283800333764], [-111.5173328529445, 26.25], [-111.55017481239645, 26.5], [-111.67394339097399, 26.75], [-111.75, 26.86608080075977], [-111.93201002038043, 27.0], [-112.0, 27.04147929791114], [-112.25, 27.220845238095237], [-112.27330664399554, 27.25], [-112.47694331264952, 27.5], [-112.5, 27.5326736147897], [-112.60898070180099, 27.75], [-112.6167905311215, 28.0], [-112.75, 28.102381542293887], [-112.96785071942446, 28.25], [-113.0, 28.3944091796875], [-113.02157165917005, 28.5], [-113.25, 28.697271865797884], [-113.31065540540541, 28.75], [-113.5, 28.995804289857787], [-113.50393642468399, 29.0], [-113.5, 29.002732209224394], [-113.2656944604815, 29.25], [-113.32725911951518, 29.5], [-113.5, 29.650202991994323], [-113.75, 29.661401938526023], [-114.0, 29.580736377571203], [-114.12082377534409, 29.5], [-114.25, 29.314130376916523], [-114.36631713086354, 29.5], [-114.31715327857906, 29.75], [-114.30016047032035, 30.0], [-114.36949008019162, 30.25], [-114.5, 30.396174763793304], [-114.55418810118105, 30.5], [-114.5823299632353, 30.75], [-114.60368678441587, 31.0], [-114.73170688781256, 31.25], [-114.57649817645884, 31.5], [-114.5, 31.5365124833079], [-114.4270585222942, 31.5], [-114.25, 31.3865164722765], [-114.0, 31.390377321981425], [-113.75, 31.400886080752883], [-113.5, 31.31751515445084], [-113.407885668429, 31.25], [-113.25, 31.115655125321336], [-113.17660710644373, 31.0], [-113.13367715632728, 30.75], [-113.0, 30.637629666926543], [-112.84988691657219, 30.5], [-112.75, 30.37867066907672], [-112.66560935794664, 30.25], [-112.6617742257829, 30.0], [-112.67657295224879, 29.75], [-112.54038245619583, 29.5], [-112.5, 29.451974253366433], [-112.3721320307663, 29.25], [-112.35931736140387, 29.0], [-112.25, 28.88745625813802], [-112.08767338864685, 28.75], [-112.0, 28.669105802199102], [-111.75, 28.51094331196163], [-111.73789028650347, 28.5], [-111.5, 28.33006784857629], [-111.39175764905858, 28.25], [-111.25, 28.12277477234322], [-111.11456121841343, 28.0], [-111.0, 27.885958440721648], [-110.75, 27.814435875934105], [-110.67065699011869, 27.75], [-110.54571937177332, 27.5], [-110.5, 27.438688739789967], [-110.34809658379258, 27.25], [-110.25, 27.143586531929348], [-110.1031308630394, 27.0], [-110.0, 26.919370008692347], [-109.8031697866027, 26.75], [-109.75, 26.710089273020237], [-109.5, 26.649126517202237], [-109.32728591474515, 26.5], [-109.34301588743926, 26.25], [-109.33661617805723, 26.0], [-109.28239588705517, 25.75], [-109.25, 25.713287185856224], [-109.0, 25.615116620824278], [-108.75251847877921, 25.5], [-108.75, 25.497865816697647], [-108.5, 25.40434864112138], [-108.25, 25.345699441248588], [-108.09387740384616, 25.25], [-108.0, 25.056561063559993], [-107.94452056125621, 25.0], [-107.77681288608285, 24.75], [-107.75, 24.713334627329193], [-107.50134267059815, 24.75], [-107.5, 24.750754616477273], [-107.48007812499996, 24.75], [-107.25, 24.716655344202906], [-107.24797822385764, 24.75], [-107.25, 24.751969846960616], [-107.45372659546413, 25.0], [-107.5, 25.079469542572465], [-107.61470285844842, 25.25], [-107.75, 25.38302778055112], [-107.84045658971587, 25.5], [-108.0, 25.721147929152398], [-108.01932294653096, 25.75], [-108.13255259672252, 26.0], [-108.25, 26.130005881751227], [-108.3788513290861, 26.25], [-108.36931351694282, 26.5], [-108.34987300745706, 26.75], [-108.5, 26.901704545454546], [-108.75, 26.998561491603557], [-108.75120703707796, 27.0], [-108.75, 27.04075326492538], [-108.7379866913025, 27.25], [-108.68114904455237, 27.5], [-108.63645765516493, 27.75], [-108.51948165893555, 28.0], [-108.75, 28.20742599406854], [-108.87913062431619, 28.0], [-109.0, 27.869876785188456], [-109.17876150384305, 28.0], [-109.1055389899942, 28.25], [-109.02574327256944, 28.5], [-109.0, 28.529758278383028], [-108.75, 28.657695431957183], [-108.68395274890591, 28.75], [-108.59484497729505, 29.0], [-108.57254956746401, 29.25], [-108.64630138991618, 29.5], [-108.75, 29.67913184092845], [-108.807103101407, 29.75], [-108.92246827700939, 30.0], [-108.9247260256796, 30.25], [-108.75, 30.4717214549389], [-108.72574713427947, 30.5], [-108.5, 30.669829480124836], [-108.25, 30.65600680933852], [-108.05780500993804, 30.5], [-108.0, 30.419634874837453], [-107.89888637244454, 30.25], [-107.75, 30.041668078904557], [-107.7140953563084, 30.0], [-107.5, 29.852300431173436], [-107.25, 29.796570644142935], [-107.0, 29.809063105620154], [-106.75, 29.812107795653638], [-106.5, 29.803186242629206], [-106.43603006362119, 29.75], [-106.35245124324754, 29.5], [-106.26694757065852, 29.25], [-106.25, 29.18141030365566], [-106.21055994423791, 29.0], [-106.17169934983221, 28.75], [-106.1088598455348, 28.5], [-106.25, 28.366616321148186], [-106.39706934560644, 28.25], [-106.41660415897341, 28.0], [-106.32676427251934, 27.75], [-106.28002593623482, 27.5], [-106.25, 27.425237840221776], [-106.03800495426829, 27.25], [-106.0, 27.23877375270173], [-105.75, 27.2360720235951], [-105.5, 27.16345474567819], [-105.3312145983522, 27.0], [-105.25, 26.918673728085256], [-105.0, 26.858266669293823], [-104.75, 26.75269476888668], [-104.74748054135688, 26.75], [-104.62293891331657, 26.5], [-104.53963567355117, 26.25], [-104.5, 26.22416034465434], [-104.25, 26.078972723470365], [-104.13381790611814, 26.0], [-104.0, 25.932712495579917], [-103.75, 25.783100328947366], [-103.70166985509606, 25.75], [-103.6182471132698, 25.5], [-103.5, 25.300384823638616], [-103.25, 25.35238861169468], [-103.0, 25.36472312273824], [-102.75, 25.47149225966473], [-102.71899995349702, 25.5], [-102.5, 25.74943723516949], [-102.49942455589255, 25.75], [-102.42387032214506, 26.0], [-102.5, 26.061511260910223], [-102.75, 26.174724641393443], [-103.0, 26.197650748239436], [-103.0960412629199, 26.25], [-103.25, 26.383293134787472], [-103.30356054286447, 26.5], [-103.25, 26.616706865212528], [-103.16724717881945, 26.75], [-103.00185355392156, 27.0], [-103.0, 27.011077880859375], [-102.9787919339459, 27.25], [-102.9725560040633, 27.5], [-102.96876150024534, 27.75], [-103.0, 27.842804755830905], [-103.12281997437358, 28.0], [-103.25, 28.0776388406049], [-103.5, 28.13352561773256], [-103.75, 28.14389698775773], [-103.83815410867237, 28.25], [-104.0, 28.38236783056042], [-104.11888136061947, 28.5], [-104.21163330078124, 28.75], [-104.11025298620459, 29.0], [-104.0, 29.06182488207547], [-103.88654020948753, 29.0], [-103.75, 28.908306446924776], [-103.59616498135804, 28.75], [-103.5, 28.62747858787966], [-103.25, 28.501744381731566], [-103.24551072761194, 28.5], [-103.0, 28.37402130060175], [-102.75, 28.438092863475177], [-102.72642429101958, 28.5], [-102.73001019233163, 28.75], [-102.71978711032423, 29.0], [-102.56686052698791, 29.25], [-102.5, 29.31147023716343], [-102.25, 29.414205080388182], [-102.0, 29.362936100746268], [-101.8529020460731, 29.25], [-101.75, 29.051898156811376], [-101.70735797201722, 29.0], [-101.75, 28.905793563179348], [-101.8016970525248, 28.75], [-101.90495120475589, 28.5], [-101.79119970547124, 28.25], [-101.80054298217354, 28.0], [-101.75, 27.87844621642562], [-101.71257196342565, 27.75], [-101.74218456957989, 27.5], [-101.74188664895256, 27.25], [-101.68150250077544, 27.0], [-101.5, 26.813879114980917], [-101.25, 26.753256932947018], [-101.23933195498915, 26.75], [-101.0, 26.510668045010846], [-100.76581101190476, 26.5], [-100.75, 26.499559055444887], [-100.74930245535714, 26.5], [-100.5, 26.66367995689655], [-100.25, 26.65565115154712], [-100.08228949611669, 26.5], [-100.0, 26.437079048377754], [-99.78672494220606, 26.25], [-99.75, 26.21111778846154], [-99.61700509361233, 26.0], [-99.75, 25.82468151132404], [-99.86648692255434, 25.75], [-99.8181601625742, 25.5], [-99.75, 25.382401507216013], [-99.63942517982116, 25.25], [-99.546900642779, 25.0], [-99.53127419087289, 24.75], [-99.5, 24.64899925595238], [-99.43415436921296, 24.5], [-99.38962071988449, 24.25], [-99.2646966776235, 24.0], [-99.25, 23.963088785587534], [-99.11878355425694, 23.75], [-99.06584208259615, 23.5], [-99.0, 23.296553553445545], [-98.79675822793907, 23.5], [-98.75, 23.55679883903631], [-98.5, 23.63167033973851], [-98.25, 23.688309645137526], [-98.18861116202345, 23.75], [-98.24052248606347, 24.0], [-98.20311415038191, 24.25], [-98.10418610074626, 24.5], [-98.06760009853099, 24.75], [-98.0, 24.9418371886121], [-97.98744444139597, 25.0], [-97.93485791909318, 25.25], [-97.85677818973635, 25.5], [-97.8060367602657, 25.75], [-97.75, 25.868363360969393], [-97.69266493055557, 26.0], [-97.60702016843972, 26.25], [-97.64385001890122, 26.5], [-97.54515402939276, 26.75], [-97.61772427107391, 27.0], [-97.7163883649844, 27.25], [-97.68856608930453, 27.5], [-97.57685007168926, 27.75], [-97.5, 27.902310449496255], [-97.46687198861147, 28.0], [-97.25, 28.177449197190167], [-97.13247140617742, 28.25], [-97.0, 28.35709131230639], [-96.84215590979782, 28.5], [-96.75, 28.580803977272726], [-96.5, 28.66197175132722], [-96.25, 28.74341647907839], [-96.0, 28.727098782316233], [-95.75, 28.709794450491703], [-95.56708397370218, 28.75], [-95.5, 28.786293768477456], [-95.33189271438954, 29.0], [-95.25, 29.102291553195354], [-95.12521807898773, 29.25], [-95.0, 29.41394013554217], [-94.875, 29.41394013554217], [-94.875, 29.375], [-94.875, 29.25], [-94.875, 29.125], [-94.875, 29.0], [-94.875, 28.878196799781183], [-95.0, 28.878196799781183], [-95.12288607760881, 28.75], [-95.25, 28.646892279880902], [-95.5, 28.520012832052156], [-95.75, 28.517616686059604], [-96.0, 28.51962653983305], [-96.25, 28.51742777851342], [-96.28488018992932, 28.5], [-96.5, 28.292186699948797], [-96.56189354576186, 28.25], [-96.75, 28.04954553035357], [-96.83246585609594, 28.0], [-97.0, 27.83179347826087], [-97.14815983441034, 27.75], [-97.25, 27.646274681201152], [-97.2719827985905, 27.5], [-97.27152259056055, 27.25], [-97.25, 27.030004222972973], [-97.23646150914634, 27.0], [-97.25, 26.758661684782595], [-97.2500822877943, 26.75], [-97.26022141694793, 26.5], [-97.2587389823718, 26.25], [-97.25636249174372, 26.0], [-97.26817729796247, 25.75], [-97.26519951923078, 25.5], [-97.44728890263099, 25.25], [-97.5, 25.195827074185345], [-97.55569134078212, 25.0], [-97.56567817185922, 24.75], [-97.60392788525242, 24.5], [-97.61424150036956, 24.25], [-97.6379992970559, 24.0], [-97.65103932794491, 23.75], [-97.6158532509892, 23.5], [-97.62631033063087, 23.25], [-97.5949545243739, 23.0], [-97.75, 22.78772311979681], [-97.77965543538546, 22.75], [-97.90967843032973, 22.5], [-97.85936092088664, 22.25], [-97.75, 22.188510107407033], [-97.58823960959916, 22.0], [-97.58823960959916, 21.875], [-97.625, 21.875], [-97.75, 21.875], [-97.875, 21.875], [-98.0, 21.875]], [[-121.84785657051282, 43.75], [-122.0, 43.77872020208132], [-122.02165545164235, 43.75], [-122.0, 43.69858237651647], [-121.84785657051282, 43.75]], [[-107.10978415266798, 43.5], [-107.25, 43.7311049470684], [-107.3338643247636, 43.5], [-107.25, 43.33538464327146], [-107.10978415266798, 43.5]], [[-104.25, 43.278715779958674], [-104.17239017210144, 43.5], [-104.25, 43.60378058381783], [-104.5, 43.54056178682573], [-104.60861545138889, 43.5], [-104.5, 43.36328125], [-104.25, 43.278715779958674]], [[-112.5, 43.03065522119341], [-112.44011148174158, 43.25], [-112.5, 43.490093609234236], [-112.75, 43.33431321747449], [-112.9051679870892, 43.25], [-112.75, 43.02516475340136], [-112.5, 43.03065522119341]], [[-104.0, 44.46659933671653], [-104.25, 44.37876272963259], [-104.32698707617001, 44.25], [-104.25, 44.17128372192383], [-104.12281034717186, 44.0], [-104.0, 43.911361220150475], [-103.75, 43.83331567078133], [-103.5, 43.84944975321396], [-103.38582923485376, 44.0], [-103.43763500864056, 44.25], [-103.5, 44.30164112807059], [-103.75, 44.423962070949834], [-104.0, 44.46659933671653]], [[-108.4884510869565, 42.25], [-108.25, 42.23258375674818], [-108.0, 42.236776754640374], [-107.75, 42.180580664600555], [-107.64456393828452, 42.25], [-107.75, 42.45159375], [-108.0, 42.27658527696793], [-108.25, 42.2704640858209], [-108.4884510869565, 42.25]], [[-122.75, 41.84866527184236], [-122.85376482521848, 41.75], [-122.75, 41.518221904629115], [-122.5, 41.53541050295858], [-122.25, 41.7067725529229], [-122.19654704010567, 41.75], [-122.15778445089757, 42.0], [-122.25, 42.017578125], [-122.41082527624309, 42.0], [-122.5, 41.985054976851856], [-122.75, 41.84866527184236]], [[-121.87464607802013, 42.0], [-121.75, 41.92978349480151], [-121.5, 41.84270438762626], [-121.40024201766303, 41.75], [-121.25, 41.68745581165159], [-121.10450246710526, 41.75], [-121.25, 41.89104352678571], [-121.35169270833333, 42.0], [-121.5, 42.15729561237374], [-121.75, 42.06840613489871], [-121.87464607802013, 42.0]], [[-110.1079403409091, 42.5], [-110.0, 42.65118978140917], [-109.75, 42.5412619261615], [-109.69986454133064, 42.5], [-109.5, 42.314849221789885], [-109.26122851002864, 42.25], [-109.25, 42.23691132264529], [-109.04380450581395, 42.0], [-109.0, 41.962328125], [-108.75, 41.97945888338834], [-108.72800721436985, 42.0], [-108.50068725743856, 42.25], [-108.53944543688104, 42.5], [-108.69840158924205, 42.75], [-108.75, 42.79504728056694], [-108.88820855884384, 43.0], [-108.98196873044566, 43.25], [-108.95542916917972, 43.5], [-108.75, 43.702257459916865], [-108.72434638241864, 43.75], [-108.75, 43.80552378280387], [-108.81864982020966, 44.0], [-108.95856758664331, 44.25], [-109.0, 44.31157316984954], [-109.18755850374424, 44.5], [-109.25, 44.59854403409091], [-109.29009423319897, 44.75], [-109.25, 44.82424312054367], [-109.14538502984085, 45.0], [-109.15506168420352, 45.25], [-109.25, 45.32923486827479], [-109.5, 45.4748699847109], [-109.63038611778846, 45.5], [-109.75, 45.52939471585539], [-110.0, 45.607927899362906], [-110.25, 45.7055442404345], [-110.5, 45.63365290715144], [-110.75, 45.62749605144404], [-111.0, 45.66628507653061], [-111.25, 45.621252855744125], [-111.5, 45.59681088277574], [-111.65761635638299, 45.5], [-111.75, 45.384643165515406], [-112.0, 45.289780071472016], [-112.06349362864077, 45.25], [-112.25, 45.16719760237069], [-112.5, 45.06814764768575], [-112.71606480643995, 45.25], [-112.61262636511216, 45.5], [-112.5, 45.695080841002046], [-112.44071640452539, 45.75], [-112.44779256781524, 46.0], [-112.33432962436869, 46.25], [-112.5, 46.411192797911546], [-112.75, 46.264140624999996], [-113.0, 46.31066786504425], [-113.25, 46.42028981063579], [-113.5, 46.39325397770579], [-113.75, 46.279052923778124], [-113.78454724976937, 46.25], [-113.9977814288269, 46.0], [-114.0, 45.99714929917279], [-114.00888063707946, 46.0], [-114.25, 46.1264428490991], [-114.5, 46.190366683467744], [-114.53317121904092, 46.0], [-114.65018580290263, 45.75], [-114.75, 45.666976976246104], [-115.0, 45.594545479482115], [-115.25, 45.63012406423569], [-115.5, 45.606171105295566], [-115.75, 45.53365892756482], [-115.78966845208437, 45.5], [-116.0, 45.3419560401847], [-116.15049913194444, 45.25], [-116.25, 45.1531883445946], [-116.39454223701482, 45.0], [-116.25, 44.78617371705964], [-116.22318950452302, 44.75], [-116.0, 44.51109292473592], [-115.99275772270116, 44.5], [-115.81741544826478, 44.25], [-115.75, 44.19837675319882], [-115.51912854381443, 44.0], [-115.5, 43.96930290670956], [-115.39759589592275, 43.75], [-115.25, 43.59929954535495], [-115.0, 43.509718603200234], [-114.89647673964035, 43.5], [-114.75, 43.48805129472543], [-114.67167903428094, 43.5], [-114.5, 43.52655562920331], [-114.25, 43.535971865835776], [-114.0, 43.50083617780916], [-113.75, 43.6049551988972], [-113.5, 43.73133871588909], [-113.48177195292348, 43.75], [-113.29057078514235, 44.0], [-113.25, 44.02614768491973], [-113.0, 44.143835086633665], [-112.81599185842434, 44.25], [-112.75, 44.28378656649361], [-112.5, 44.39569594816273], [-112.25, 44.437859076115835], [-112.0, 44.44508502269881], [-111.75, 44.38577859096434], [-111.5, 44.34673265820584], [-111.36701571462714, 44.25], [-111.33041726077313, 44.0], [-111.46271091858353, 43.75], [-111.48724524456522, 43.5], [-111.43968141233766, 43.25], [-111.5, 43.059996448863636], [-111.54341848273026, 43.0], [-111.5, 42.776284427966104], [-111.4947608741554, 42.75], [-111.5, 42.663845486111086], [-111.50338213159404, 42.5], [-111.5, 42.27313701923079], [-111.49851098391089, 42.25], [-111.27779758817428, 42.0], [-111.25, 41.97729078389831], [-111.0, 41.983957122093024], [-110.75, 41.88922079248366], [-110.60509672619048, 41.75], [-110.5, 41.713139352818374], [-110.46278417645287, 41.75], [-110.42860114644971, 42.0], [-110.25, 42.157753974303134], [-110.13832223833377, 42.25], [-110.1079403409091, 42.5]], [[-120.75, 41.502890230429294], [-120.78946659482757, 41.5], [-120.75, 41.48131377551021], [-120.74643725680934, 41.5], [-120.75, 41.502890230429294]], [[-105.39443305447952, 42.25], [-105.5, 42.455625903034196], [-105.56801334891733, 42.5], [-105.75, 42.58473805568286], [-106.0, 42.631474117580936], [-106.21853395926757, 42.5], [-106.21871567442882, 42.25], [-106.0, 42.13347451427903], [-105.75, 42.03777619080397], [-105.6469946509009, 42.0], [-105.56859130859375, 41.75], [-105.64717623432603, 41.5], [-105.5, 41.27319217995169], [-105.25, 41.29781592153285], [-105.19683451295586, 41.5], [-105.25, 41.574862753378376], [-105.43674576729106, 41.75], [-105.44549084771714, 42.0], [-105.39443305447952, 42.25]], [[-108.7512593283582, 41.5], [-109.0, 41.428900917235495], [-109.16483637971697, 41.25], [-109.0, 41.109845003342244], [-108.75, 41.14764046717172], [-108.5, 41.21436654668412], [-108.43536060546103, 41.25], [-108.4805972450658, 41.5], [-108.5, 41.51237218143681], [-108.75, 41.50050463516746], [-108.7512593283582, 41.5]], [[-109.5, 40.92770573997234], [-109.43729756477927, 41.0], [-109.5, 41.04734488224638], [-109.75, 41.1401571411597], [-110.0, 41.20478465311596], [-110.25, 41.24893325804791], [-110.2583249665328, 41.25], [-110.5, 41.35777985074627], [-110.66234824640287, 41.25], [-110.75, 41.229113839285716], [-111.0, 41.10567895179372], [-111.08126346982759, 41.0], [-111.25, 40.80347954317269], [-111.29865921894032, 40.75], [-111.31059136531891, 40.5], [-111.25, 40.42785323783692], [-111.0, 40.359512843798655], [-110.75, 40.42701309647303], [-110.5, 40.40576660413375], [-110.25, 40.47242417521031], [-110.15650763146168, 40.5], [-110.0, 40.54528147563177], [-109.75, 40.66140391189371], [-109.5796634734623, 40.75], [-109.5, 40.92770573997234]], [[-106.75, 44.56158226656626], [-106.9608154296875, 44.75], [-107.0, 44.78673131461804], [-107.25, 44.958871998131556], [-107.37607922001348, 45.0], [-107.5, 45.04202432301188], [-107.75, 45.100045284687354], [-108.0, 45.00610954024677], [-108.00488189553991, 45.0], [-108.0, 44.99270796809257], [-107.89808552340989, 44.75], [-107.75, 44.5450699113692], [-107.7222664086008, 44.5], [-107.56305659002591, 44.25], [-107.5, 44.1812822028515], [-107.33146940616797, 44.0], [-107.25, 43.759007424301245], [-107.0, 43.813417119565216], [-106.8103545217803, 44.0], [-106.75, 44.05212735141767], [-106.68465998604609, 44.25], [-106.69844144027968, 44.5], [-106.75, 44.56158226656626]], [[-109.94782172577769, 40.0], [-109.75, 39.89718811142004], [-109.5, 39.92344549075531], [-109.31106644417476, 40.0], [-109.3068276589482, 40.25], [-109.5, 40.354902626811594], [-109.75, 40.306390994822486], [-109.89571984900613, 40.25], [-109.94782172577769, 40.0]], [[-103.75, 40.234160258507856], [-103.7091163429054, 40.25], [-103.6169921875, 40.5], [-103.75, 40.547165890957444], [-103.83365271226415, 40.5], [-104.0, 40.33872427591463], [-104.25, 40.378934151785714], [-104.44260475852273, 40.5], [-104.5, 40.510081399700596], [-104.75, 40.53446652164686], [-104.78988365667976, 40.5], [-104.86017507530121, 40.25], [-104.82618824196928, 40.0], [-104.76731586793287, 39.75], [-104.75, 39.74021878118762], [-104.73411542747164, 39.75], [-104.57459555868166, 40.0], [-104.5, 40.09206039186508], [-104.25, 40.15081988324176], [-104.0, 40.103022411616166], [-103.75, 40.234160258507856]], [[-108.0, 38.75857518724173], [-108.0219017974934, 38.75], [-108.0, 38.73568830818965], [-107.99229268221913, 38.75], [-108.0, 38.75857518724173]], [[-99.81258837669682, 38.75], [-99.75, 38.81985874368687], [-99.5005736451049, 39.0], [-99.5, 39.00068359375], [-99.32904017857143, 39.25], [-99.46324118589743, 39.5], [-99.44304195341451, 39.75], [-99.5, 39.802742034313724], [-99.75, 39.77560004102845], [-99.87999131944444, 39.75], [-100.0, 39.68932145365169], [-100.11219049105284, 39.5], [-100.08382523148148, 39.25], [-100.09711162860577, 39.0], [-100.25, 38.829028057795696], [-100.31390964673912, 38.75], [-100.5, 38.54521157296651], [-100.59085787259616, 38.5], [-100.75, 38.404880567528735], [-100.84166400935374, 38.25], [-100.75, 38.05037615740741], [-100.64008838383839, 38.0], [-100.5, 37.97669900873656], [-100.25, 37.97332932692308], [-100.1833233173077, 38.0], [-100.0, 38.21864248853211], [-99.9770606124161, 38.25], [-99.92749789798206, 38.5], [-99.81258837669682, 38.75]], [[-118.2554526001292, 37.0], [-118.40555588067, 37.25], [-118.44933941123364, 37.5], [-118.5, 37.59322341877299], [-118.64758224419124, 37.75], [-118.75, 37.901269386239896], [-118.85625110973011, 38.0], [-118.92681804102423, 38.25], [-119.0, 38.31766722886965], [-119.15433749057213, 38.5], [-119.25, 38.55890683054671], [-119.5, 38.70027112905562], [-119.57231005160068, 38.75], [-119.75, 38.98599213286713], [-119.7634077978581, 39.0], [-119.97632350175527, 39.25], [-120.0, 39.27658273507883], [-120.13607306670096, 39.5], [-120.25, 39.61772180634302], [-120.5, 39.66102526156388], [-120.55244294745337, 39.5], [-120.5, 39.375882056451616], [-120.45517259295647, 39.25], [-120.385072327452, 39.0], [-120.32266301949615, 38.75], [-120.25, 38.56784556013677], [-120.18553213091256, 38.5], [-120.01995991566847, 38.25], [-120.0, 38.2279338628266], [-119.85164432999652, 38.0], [-119.75, 37.824208305481285], [-119.68584395226537, 37.75], [-119.5, 37.55692580751681], [-119.4388128387971, 37.5], [-119.25, 37.33593092861549], [-119.20409895911338, 37.25], [-119.00131692470872, 37.0], [-119.0, 36.99809202981651], [-118.86425023844782, 36.75], [-118.77711878013855, 36.5], [-118.75, 36.43383797842281], [-118.56354698572322, 36.25], [-118.5, 36.17660124277805], [-118.25, 36.154935378550796], [-118.18971016221374, 36.25], [-118.15346742736729, 36.5], [-118.17085004490832, 36.75], [-118.25, 36.99200698390152], [-118.2554526001292, 37.0]], [[-103.75, 38.25633267375041], [-103.896015625, 38.25], [-104.0, 38.23447994402985], [-104.25, 38.16139387376237], [-104.27681049547698, 38.0], [-104.25, 37.970629222972974], [-104.0, 37.830298069133136], [-103.89900008491847, 37.75], [-103.75, 37.62594563065611], [-103.5, 37.620384470961284], [-103.25, 37.68836078447165], [-103.14032494984237, 37.75], [-103.21218846849173, 38.0], [-103.25, 38.03193157033806], [-103.5, 38.16651538022193], [-103.72438322368421, 38.25], [-103.75, 38.25633267375041]], [[-102.45503880033557, 37.0], [-102.36831536091549, 36.75], [-102.25, 36.640904017857146], [-102.0568875718391, 36.75], [-102.0, 36.85100446428572], [-101.98206747006448, 37.0], [-102.0, 37.03862847222222], [-102.25, 37.17971047794117], [-102.45503880033557, 37.0]], [[-104.75952045598146, 36.25], [-104.75, 36.309166393979055], [-104.56497858502539, 36.5], [-104.5, 36.517179374266064], [-104.47490042892156, 36.5], [-104.25, 36.36410045171801], [-104.0, 36.415646988824506], [-103.89228494978857, 36.5], [-103.87959066286115, 36.75], [-104.0, 36.86052114520958], [-104.1920503901649, 37.0], [-104.25, 37.026141986583426], [-104.5, 37.10111667798913], [-104.65584752291403, 37.25], [-104.66989028033089, 37.5], [-104.75, 37.69560003366247], [-104.77159905996615, 37.75], [-104.88216200090915, 38.0], [-105.0, 38.14619266378419], [-105.13210601076554, 38.25], [-105.0, 38.41262792666765], [-104.95529020043705, 38.5], [-104.75, 38.70010328681601], [-104.6521541480628, 38.75], [-104.5, 38.922165294980445], [-104.25, 38.97872827568581], [-104.10941019144144, 39.0], [-104.25, 39.062925277217744], [-104.5, 39.127562433226494], [-104.75, 39.190758166523395], [-104.80940963669951, 39.25], [-105.0, 39.349255627886095], [-105.17446602211996, 39.5], [-105.25, 39.74414437380038], [-105.2510022277431, 39.75], [-105.27745609789824, 40.0], [-105.27982416274068, 40.25], [-105.27840895137524, 40.5], [-105.35942621213835, 40.75], [-105.43854872229065, 41.0], [-105.5, 41.20965730042017], [-105.75, 41.219245631720426], [-105.77643397643254, 41.25], [-105.80815741356383, 41.5], [-106.0, 41.6610107421875], [-106.22313724347015, 41.75], [-106.25, 41.75830359717416], [-106.30900998975409, 41.75], [-106.5, 41.72182493198307], [-106.75, 41.57698606927711], [-106.87934906376518, 41.5], [-107.0, 41.45292135663507], [-107.08010962701613, 41.5], [-107.25, 41.66040410850253], [-107.5, 41.54712194683908], [-107.54141019570707, 41.5], [-107.5571279901501, 41.25], [-107.5, 41.17131984819122], [-107.4266584278208, 41.0], [-107.25, 40.77972521551724], [-107.21095872961956, 40.75], [-107.0, 40.577226678412465], [-106.93818197001187, 40.5], [-107.0, 40.4387637867647], [-107.25, 40.34167377116651], [-107.48943296990171, 40.25], [-107.5, 40.247138535429144], [-107.75, 40.04455004865534], [-107.79779743261199, 40.0], [-107.75, 39.79293020148026], [-107.73309484294042, 39.75], [-107.5, 39.64345812981054], [-107.25, 39.56433407987274], [-107.14386654005524, 39.5], [-107.25, 39.41163681577737], [-107.5, 39.274394058426445], [-107.55057764237452, 39.25], [-107.55664826434159, 39.0], [-107.5, 38.75312943892045], [-107.49960573997853, 38.75], [-107.5, 38.74908811051324], [-107.59904491030284, 38.5], [-107.75, 38.38603340892147], [-107.97288209995928, 38.25], [-108.0, 38.235643894487254], [-108.25, 38.09858739098837], [-108.31865194838056, 38.0], [-108.4468966895754, 37.75], [-108.3805002659357, 37.5], [-108.25, 37.38672984730113], [-108.0, 37.29977129492324], [-107.75, 37.2711493840702], [-107.5, 37.2535583000393], [-107.47596100663716, 37.25], [-107.25, 37.14938491281647], [-107.03788554343265, 37.0], [-107.0, 36.959436311217615], [-106.75, 36.76673077687659], [-106.7315043732419, 36.75], [-106.66558617281626, 36.5], [-106.75, 36.45428158136215], [-106.96930754706655, 36.25], [-107.0, 36.13872767857143], [-107.06587408140192, 36.0], [-107.0, 35.94000450489102], [-106.85776512718397, 35.75], [-106.75, 35.68602472925564], [-106.5, 35.694300030138635], [-106.25, 35.70535256410257], [-106.0, 35.68540021603099], [-105.88080399904214, 35.5], [-105.75, 35.30755443207441], [-105.5, 35.34700695375335], [-105.25, 35.47725469559586], [-105.19313673898964, 35.5], [-105.04391663024475, 35.75], [-105.0, 35.87764386432927], [-104.90709997106481, 36.0], [-104.75952045598146, 36.25]], [[-103.75, 35.26698968349359], [-103.8082503434066, 35.25], [-103.75, 35.22976801049619], [-103.62071265243902, 35.25], [-103.75, 35.26698968349359]], [[-108.0, 43.85912469660194], [-107.84693928006328, 44.0], [-107.9441580102573, 44.25], [-108.0, 44.41255218876518], [-108.15412817898272, 44.25], [-108.16990815281031, 44.0], [-108.0, 43.85912469660194]], [[-107.0359757227576, 34.75], [-107.01229768933224, 34.5], [-107.0, 34.47073340600775], [-106.96613999439462, 34.5], [-106.79242408041061, 34.75], [-106.90988138686131, 35.0], [-107.0, 35.03091199298949], [-107.04031560214212, 35.0], [-107.0359757227576, 34.75]], [[-109.5, 34.051074226140926], [-109.5693712736431, 34.0], [-109.69566316544885, 33.75], [-109.5, 33.575144298041046], [-109.25, 33.630009848569514], [-109.0, 33.67277000055829], [-108.8260382608149, 33.75], [-108.94733260943141, 34.0], [-109.0, 34.03306961464901], [-109.25, 34.060356262684834], [-109.5, 34.051074226140926]], [[-107.45080361819134, 33.75], [-107.5, 33.89203471522177], [-107.6013657823741, 33.75], [-107.5, 33.6843436917521], [-107.45080361819134, 33.75]], [[-108.64810159946512, 33.5], [-108.5, 33.3429661086269], [-108.32357018135033, 33.5], [-108.47242048182443, 33.75], [-108.5, 33.7891156979572], [-108.55252898432397, 33.75], [-108.64810159946512, 33.5]], [[-107.73026866268918, 33.5], [-107.75, 33.53523746101871], [-107.85979251012145, 33.5], [-107.75, 33.45171162749288], [-107.73026866268918, 33.5]], [[-117.1209967121286, 45.25], [-117.25, 45.27857306613443], [-117.32681083236659, 45.25], [-117.25, 45.211538810630266], [-117.1209967121286, 45.25]], [[-107.0, 46.20395259533898], [-106.91510009765625, 46.25], [-106.75, 46.43113839285715], [-106.7006115522541, 46.5], [-106.75, 46.55239470108695], [-107.0, 46.680680614406775], [-107.25, 46.745962226430976], [-107.2574485636646, 46.75], [-107.40906613372093, 47.0], [-107.30168100421349, 47.25], [-107.25, 47.307138004658384], [-107.02978169326241, 47.5], [-107.0, 47.544672539893625], [-106.88159029907976, 47.75], [-106.91286957335329, 48.0], [-107.0, 48.072033570544555], [-107.25, 48.22951600609756], [-107.31362452651516, 48.25], [-107.5, 48.27546745600414], [-107.75, 48.30073231993737], [-108.0, 48.28482297867063], [-108.16250723379629, 48.25], [-108.25, 48.12055864726027], [-108.38498883928571, 48.25], [-108.5, 48.29626885775862], [-108.63686957046332, 48.5], [-108.75, 48.53392766681141], [-108.99622505252101, 48.5], [-108.75, 48.368014498873876], [-108.55876482664235, 48.25], [-108.5, 48.225967817164175], [-108.27603781434911, 48.0], [-108.48323759191177, 47.75], [-108.5, 47.734385702054794], [-108.75, 47.70152994791667], [-109.0, 47.68328908426184], [-109.25, 47.716703869047606], [-109.26092529296875, 47.75], [-109.5, 47.77854623367537], [-109.75, 47.825975048449614], [-109.8101855730563, 48.0], [-110.0, 48.18680944920844], [-110.07043887867647, 48.25], [-110.0, 48.296775817871094], [-109.76617801966293, 48.5], [-109.75, 48.54021909916201], [-109.55841438137756, 48.75], [-109.75, 48.839700283666765], [-110.0, 48.88156922440293], [-110.25, 48.78979768990929], [-110.29454513007613, 48.75], [-110.5, 48.586135184716596], [-110.62157366071429, 48.5], [-110.75, 48.42582637169967], [-111.0, 48.32339868790064], [-111.19827178030303, 48.25], [-111.25, 48.20976694023569], [-111.45766927083332, 48.0], [-111.5, 47.93316200657895], [-111.72452116935483, 47.75], [-111.75, 47.72384623344371], [-112.0, 47.68352716619318], [-112.10000241873065, 47.5], [-112.03925524259868, 47.25], [-112.0, 47.117404513888886], [-111.908203125, 47.25], [-111.75, 47.41151627945026], [-111.5, 47.46452675065445], [-111.25, 47.43718186748998], [-111.0, 47.47638479631927], [-110.92262660907859, 47.5], [-110.75, 47.59139055774749], [-110.5, 47.59402067764945], [-110.25, 47.6021728515625], [-110.0, 47.53404017857143], [-109.86506965361446, 47.5], [-109.75, 47.476241837686565], [-109.5, 47.46208871221663], [-109.25, 47.49055854512448], [-109.0, 47.360295581210195], [-108.8629308212401, 47.25], [-108.75, 47.158349504817984], [-108.54401331824512, 47.0], [-108.52852126579423, 46.75], [-108.73502604166667, 46.5], [-108.5, 46.47245788574219], [-108.25, 46.381459603658534], [-108.15306036420864, 46.25], [-108.25, 46.1413337953629], [-108.5, 46.03263656965649], [-108.55738779362416, 46.0], [-108.75, 45.83410856213873], [-108.79422729863222, 45.75], [-108.75, 45.721691087062254], [-108.5, 45.72748947143555], [-108.25, 45.73749923706055], [-108.0, 45.728286880630634], [-107.75010016025641, 45.5], [-107.75, 45.49995924458266], [-107.74955060840708, 45.5], [-107.54865373883929, 45.75], [-107.5, 45.77838134765625], [-107.25, 45.98383164943609], [-107.23594515931373, 46.0], [-107.0, 46.20395259533898]], [[-105.25, 33.579683832159624], [-105.37117693110648, 33.75], [-105.5, 33.933358508320126], [-105.75, 33.85626860119048], [-105.79168369133785, 33.75], [-105.8325865094172, 33.5], [-105.89704530769573, 33.25], [-105.89807639649507, 33.0], [-105.85448077178533, 32.75], [-105.75, 32.63325200385928], [-105.5, 32.56009003931091], [-105.25, 32.68442912199454], [-105.20397454023245, 32.75], [-105.18699344427117, 33.0], [-105.21685658264008, 33.25], [-105.22773834572084, 33.5], [-105.25, 33.579683832159624]], [[-108.23766361256546, 30.0], [-108.25, 30.017572033898304], [-108.49969894026975, 30.0], [-108.25, 29.890545819256758], [-108.23766361256546, 30.0]], [[-104.20524553571428, 46.0], [-104.25, 46.02610677083333], [-104.27716311416185, 46.0], [-104.25, 45.96439985795455], [-104.20524553571428, 46.0]], [[-108.10300036927623, 29.5], [-108.25, 29.68734704442771], [-108.28834723720715, 29.5], [-108.25, 29.364489719498913], [-108.10300036927623, 29.5]], [[-110.75, 46.48282584203036], [-110.92654563848922, 46.25], [-110.75, 46.02609631614963], [-110.67740720177665, 46.0], [-110.5, 45.93368269686907], [-110.25, 45.93989136080332], [-110.22649055390033, 46.0], [-110.14495329751577, 46.25], [-110.25, 46.35638915235623], [-110.5, 46.47461627650176], [-110.75, 46.48282584203036]], [[-123.0, 46.79646344954829], [-123.23457893386127, 47.0], [-123.25, 47.03524003016086], [-123.27044250583204, 47.0], [-123.25, 46.97442698200389], [-123.07087660131987, 46.75], [-123.07962947882737, 46.5], [-123.0, 46.30053647193212], [-122.75, 46.463151992092456], [-122.69390914351851, 46.5], [-122.5, 46.68500165636043], [-122.46143704140462, 46.75], [-122.5, 46.77491218046386], [-122.75, 46.82472712663828], [-123.0, 46.79646344954829]], [[-101.46498485028516, 26.0], [-101.5, 26.01731012100564], [-101.55649683665644, 26.0], [-101.5, 25.97557298574271], [-101.46498485028516, 26.0]], [[-110.91675324135639, 47.0], [-111.0, 46.91932788337629], [-111.1614231418919, 46.75], [-111.0, 46.66216681985294], [-110.75, 46.51278358933616], [-110.5, 46.5378083881579], [-110.31189857115086, 46.75], [-110.49255274366087, 47.0], [-110.5, 47.00409339612369], [-110.75, 47.04689545157068], [-110.91675324135639, 47.0]], [[-110.75, 24.79132341095489], [-110.85802454510994, 25.0], [-111.0, 25.152471604787493], [-111.12827626365389, 25.25], [-111.19271174587975, 25.5], [-111.19208443635561, 25.75], [-111.25, 25.803333993580367], [-111.5, 25.868749360548392], [-111.62090169270833, 25.75], [-111.69804354895932, 25.5], [-111.75, 25.370170286643024], [-111.77729969454887, 25.25], [-111.75, 25.013571947674418], [-111.74601914222373, 25.0], [-111.50740037270643, 24.75], [-111.5, 24.742193800403225], [-111.25, 24.506885135135136], [-111.24467228542747, 24.5], [-111.0, 24.38282001201923], [-110.82895534516561, 24.25], [-110.75, 24.202231473966787], [-110.69907106962194, 24.25], [-110.75, 24.45328274442083], [-110.77683408362583, 24.5], [-110.75, 24.59598457969432], [-110.7281882923624, 24.75], [-110.75, 24.79132341095489]], [[-110.25, 24.02729728140332], [-110.36232197179203, 24.0], [-110.25, 23.954302852160215], [-110.12495189347291, 24.0], [-110.25, 24.02729728140332]], [[-109.1831298828125, 24.0], [-109.25, 24.031012228260867], [-109.30403645833334, 24.0], [-109.25, 23.837890625], [-109.1831298828125, 24.0]], [[-114.5, 47.20858179374052], [-114.31130260678393, 47.25], [-114.36613422239915, 47.5], [-114.5, 47.594246309790734], [-114.66830372038706, 47.5], [-114.73822858842189, 47.25], [-114.5, 47.20858179374052]], [[-109.88148266214982, 23.25], [-109.75, 23.175923989963977], [-109.5, 23.14937727050084], [-109.40899452709687, 23.25], [-109.45197002888193, 23.5], [-109.5, 23.548952564486353], [-109.75, 23.695399147492136], [-109.84069583173262, 23.5], [-109.88148266214982, 23.25]], [[-106.49006123058543, 23.0], [-106.5, 23.023197852760738], [-106.72605298913042, 23.0], [-106.5, 22.866686698717956], [-106.49006123058543, 23.0]], [[-119.91751728273138, 48.75], [-119.83881487165178, 49.0], [-119.95906736898017, 49.25], [-120.0, 49.294960618436406], [-120.25, 49.36310271770894], [-120.42393380370304, 49.25], [-120.5, 49.22001443806689], [-120.75, 49.176148642807746], [-120.97343064692983, 49.0], [-121.0, 48.89182477678571], [-121.02619454980211, 48.75], [-121.09425858321256, 48.5], [-121.1225401113294, 48.25], [-121.0, 48.12343158143939], [-120.75, 48.028848428301096], [-120.5, 48.14675845828528], [-120.4084032120523, 48.25], [-120.34818137943138, 48.5], [-120.25, 48.56693971362476], [-120.0, 48.666893515096376], [-119.91751728273138, 48.75]], [[-106.54703649870802, 22.75], [-106.75, 22.993179179566557], [-106.85745126538987, 22.75], [-106.75, 22.53361742424243], [-106.54703649870802, 22.75]], [[-99.03633878364676, 23.0], [-99.00441036397535, 22.75], [-99.0, 22.74305333886619], [-98.76549030172413, 22.75], [-98.75, 22.751502403846153], [-98.70835449800322, 23.0], [-98.75, 23.110731417660208], [-99.0, 23.177249606564747], [-99.03633878364676, 23.0]], [[-122.0, 48.27546014813177], [-122.01382759966378, 48.25], [-122.0, 48.225766782407405], [-121.9582767210145, 48.25], [-122.0, 48.27546014813177]], [[-120.25, 50.7066656650641], [-120.13098316461267, 50.75], [-120.25, 50.76743206872099], [-120.5, 50.77845146525503], [-120.64829458841463, 50.75], [-120.5, 50.677412886136395], [-120.25, 50.7066656650641]], [[-120.46638777449324, 51.25], [-120.5, 51.28338664010067], [-120.55076132015306, 51.25], [-120.5, 51.23590762216714], [-120.46638777449324, 51.25]]], [[[-112.5, 40.24091131036932], [-112.507998046875, 40.25], [-112.5, 40.2825206480305], [-112.47829198473282, 40.25], [-112.5, 40.24091131036932]]], [[[-118.0, 41.84916938012542], [-118.25, 41.83755658953722], [-118.5, 41.86295166015625], [-118.60270601580797, 42.0], [-118.5, 42.05118817478844], [-118.25, 42.12322096306471], [-118.0, 42.11825713880484], [-117.85025293342912, 42.0], [-117.75, 41.76320347850679], [-117.53375193698346, 42.0], [-117.5, 42.033068699392715], [-117.25, 42.065283203125], [-117.19706767314189, 42.0], [-117.00870916193182, 41.75], [-117.25, 41.51913733351454], [-117.5, 41.59790769908041], [-117.75, 41.74537472756093], [-117.76343138665132, 41.75], [-118.0, 41.84916938012542]]], [[[-118.75, 42.821299913194444], [-118.5, 42.92030939980159], [-118.44560460234474, 42.75], [-118.5, 42.68669916113569], [-118.75, 42.649044370698135], [-118.86768487965838, 42.5], [-119.0, 42.39019209085052], [-119.1638671875, 42.5], [-119.00889819126074, 42.75], [-119.0, 42.75575353172765], [-118.75, 42.821299913194444]]], [[[-113.9700006227167, 44.75], [-113.98356629664941, 44.5], [-114.0, 44.47613602650316], [-114.04727909482759, 44.5], [-114.02441300675676, 44.75], [-114.0, 44.82502335963456], [-113.9700006227167, 44.75]]], [[[-124.5, 48.97792428941583], [-124.5311841448536, 49.0], [-124.5, 49.03527239367708], [-124.25, 49.03087788312403], [-124.0, 49.07475008794559], [-123.75, 49.11186102977565], [-123.5431355819097, 49.0], [-123.5037815536086, 48.75], [-123.75, 48.56207585738877], [-124.0, 48.65646191790211], [-124.2367746758583, 48.75], [-124.25, 48.79752091535433], [-124.5, 48.97792428941583]]], [[[-103.80360701571087, 22.0], [-103.75, 22.103443287037038], [-103.63501722277556, 22.0], [-103.63501722277556, 21.875], [-103.75, 21.875], [-103.80360701571087, 21.875], [-103.80360701571087, 22.0]]], [[[-100.25, 22.3729465432363], [-100.17114854543038, 22.5], [-100.0, 22.69521306818182], [-99.88149317052981, 22.5], [-99.89000637534579, 22.25], [-100.0, 22.093145186143985], [-100.25, 22.177473958333334], [-100.28958146706174, 22.25], [-100.25, 22.3729465432363]]], [[[-100.10552509014423, 23.0], [-100.25, 22.955214931073023], [-100.3554413377193, 23.0], [-100.25, 23.103267289518904], [-100.10552509014423, 23.0]]], [[[-103.0, 23.748428101016387], [-103.00263129340277, 23.75], [-103.0, 23.75343835072595], [-102.99404235455975, 23.75], [-103.0, 23.748428101016387]]], [[[-98.75, 24.79789657285161], [-98.61737220884413, 24.75], [-98.58424704560586, 24.5], [-98.75, 24.368829853793468], [-99.0, 24.43458869485294], [-99.05066023633258, 24.5], [-99.04767261125654, 24.75], [-99.0, 24.816788279339853], [-98.75, 24.79789657285161]]], [[[-104.0, 27.682602826286764], [-103.86503269361413, 27.5], [-104.0, 27.349491003787875], [-104.25, 27.31028988486842], [-104.28844791666666, 27.5], [-104.25, 27.574704501295336], [-104.0, 27.682602826286764]]], [[[-94.875, 28.401900529500757], [-94.875, 28.375], [-94.875, 28.25], [-94.875, 28.12770249695493], [-95.0, 28.12770249695493], [-95.06752269670477, 28.25], [-95.0, 28.401900529500757], [-94.875, 28.401900529500757]]], [[[-104.25, 30.159567753820962], [-104.29364380268704, 30.25], [-104.28830891775397, 30.5], [-104.34284294372776, 30.75], [-104.25, 30.84556361607143], [-104.0, 30.93650956587358], [-103.80373283352017, 30.75], [-103.75, 30.644466743119267], [-103.5, 30.553448856829075], [-103.25, 30.524265103603227], [-103.0, 30.528225516944286], [-102.87826434764656, 30.5], [-102.75, 30.2755373916185], [-102.74344515022256, 30.25], [-102.75, 30.24546875], [-103.0, 30.15012247796846], [-103.25, 30.081294052071346], [-103.41544386709602, 30.0], [-103.5, 29.952664085545724], [-103.75, 29.96569700915404], [-103.90795330668604, 30.0], [-104.0, 30.026743296030407], [-104.25, 30.159567753820962]]], [[[-105.88908137077294, 36.25], [-105.9955350940163, 36.0], [-106.0, 35.95452535377358], [-106.02025341386555, 36.0], [-106.10445930959963, 36.25], [-106.0, 36.37344170026881], [-105.88908137077294, 36.25]]], [[[-105.9783813805593, 38.0], [-105.83471436412768, 37.75], [-106.0, 37.512979837733106], [-106.10017977786876, 37.75], [-106.04242953380724, 38.0], [-106.0, 38.022263727446216], [-105.9783813805593, 38.0]]]]}}, {"id": "5", "type": "Feature", "properties": {"min_value": 35.0, "max_value": 40.0, "color": "#f86218"}, "geometry": {"type": "MultiPolygon", "coordinates": [[[[-109.84069583173262, 23.5], [-109.75, 23.695399147492136], [-109.5, 23.548952564486353], [-109.45197002888193, 23.5], [-109.40899452709687, 23.25], [-109.5, 23.14937727050084], [-109.75, 23.175923989963977], [-109.88148266214982, 23.25], [-109.84069583173262, 23.5]]], [[[-110.25, 23.954302852160215], [-110.36232197179203, 24.0], [-110.25, 24.02729728140332], [-110.12495189347291, 24.0], [-110.25, 23.954302852160215]]], [[[-111.25, 24.506885135135136], [-111.5, 24.742193800403225], [-111.50740037270643, 24.75], [-111.74601914222373, 25.0], [-111.75, 25.013571947674418], [-111.77729969454887, 25.25], [-111.75, 25.370170286643024], [-111.69804354895932, 25.5], [-111.62090169270833, 25.75], [-111.5, 25.868749360548392], [-111.25, 25.803333993580367], [-111.19208443635561, 25.75], [-111.19271174587975, 25.5], [-111.12827626365389, 25.25], [-111.0, 25.152471604787493], [-110.85802454510994, 25.0], [-110.75, 24.79132341095489], [-110.7281882923624, 24.75], [-110.75, 24.59598457969432], [-110.77683408362583, 24.5], [-110.75, 24.45328274442083], [-110.69907106962194, 24.25], [-110.75, 24.202231473966787], [-110.82895534516561, 24.25], [-111.0, 24.38282001201923], [-111.24467228542747, 24.5], [-111.25, 24.506885135135136]]], [[[-115.25, 35.21671931407943], [-115.3669044384058, 35.25], [-115.25, 35.29336777553763], [-115.22611428130784, 35.25], [-115.25, 35.21671931407943]]], [[[-115.5, 36.691907610212056], [-115.34619926766547, 36.5], [-115.46360069444445, 36.25], [-115.5, 36.209132516217565], [-115.75, 36.095950315457415], [-115.86842504122612, 36.25], [-115.8633660975355, 36.5], [-115.75, 36.62126829200179], [-115.5, 36.691907610212056]]], [[[-120.75, 41.48131377551021], [-120.78946659482757, 41.5], [-120.75, 41.502890230429294], [-120.74643725680934, 41.5], [-120.75, 41.48131377551021]]], [[[-122.85376482521848, 41.75], [-122.75, 41.84866527184236], [-122.5, 41.985054976851856], [-122.41082527624309, 42.0], [-122.25, 42.017578125], [-122.15778445089757, 42.0], [-122.19654704010567, 41.75], [-122.25, 41.7067725529229], [-122.5, 41.53541050295858], [-122.75, 41.518221904629115], [-122.85376482521848, 41.75]]], [[[-121.87464607802013, 42.0], [-121.75, 42.06840613489871], [-121.5, 42.15729561237374], [-121.35169270833333, 42.0], [-121.25, 41.89104352678571], [-121.10450246710526, 41.75], [-121.25, 41.68745581165159], [-121.40024201766303, 41.75], [-121.5, 41.84270438762626], [-121.75, 41.92978349480151], [-121.87464607802013, 42.0]]], [[[-112.5, 43.490093609234236], [-112.44011148174158, 43.25], [-112.5, 43.03065522119341], [-112.75, 43.02516475340136], [-112.9051679870892, 43.25], [-112.75, 43.33431321747449], [-112.5, 43.490093609234236]]], [[[-123.07087660131987, 46.75], [-123.25, 46.97442698200389], [-123.27044250583204, 47.0], [-123.25, 47.03524003016086], [-123.23457893386127, 47.0], [-123.0, 46.79646344954829], [-122.75, 46.82472712663828], [-122.5, 46.77491218046386], [-122.46143704140462, 46.75], [-122.5, 46.68500165636043], [-122.69390914351851, 46.5], [-122.75, 46.463151992092456], [-123.0, 46.30053647193212], [-123.07962947882737, 46.5], [-123.07087660131987, 46.75]]], [[[-114.36613422239915, 47.5], [-114.31130260678393, 47.25], [-114.5, 47.20858179374052], [-114.73822858842189, 47.25], [-114.66830372038706, 47.5], [-114.5, 47.594246309790734], [-114.36613422239915, 47.5]]], [[[-122.0, 48.225766782407405], [-122.01382759966378, 48.25], [-122.0, 48.27546014813177], [-121.9582767210145, 48.25], [-122.0, 48.225766782407405]]], [[[-120.5, 50.77845146525503], [-120.25, 50.76743206872099], [-120.13098316461267, 50.75], [-120.25, 50.7066656650641], [-120.5, 50.677412886136395], [-120.64829458841463, 50.75], [-120.5, 50.77845146525503]]], [[[-98.75, 23.110731417660208], [-98.70835449800322, 23.0], [-98.75, 22.751502403846153], [-98.76549030172413, 22.75], [-99.0, 22.74305333886619], [-99.00441036397535, 22.75], [-99.03633878364676, 23.0], [-99.0, 23.177249606564747], [-98.75, 23.110731417660208]]], [[[-107.0, 35.03091199298949], [-106.90988138686131, 35.0], [-106.79242408041061, 34.75], [-106.96613999439462, 34.5], [-107.0, 34.47073340600775], [-107.01229768933224, 34.5], [-107.0359757227576, 34.75], [-107.04031560214212, 35.0], [-107.0, 35.03091199298949]]], [[[-103.62071265243902, 35.25], [-103.75, 35.22976801049619], [-103.8082503434066, 35.25], [-103.75, 35.26698968349359], [-103.62071265243902, 35.25]]], [[[-99.2646966776235, 24.0], [-99.38962071988449, 24.25], [-99.43415436921296, 24.5], [-99.5, 24.64899925595238], [-99.53127419087289, 24.75], [-99.546900642779, 25.0], [-99.63942517982116, 25.25], [-99.75, 25.382401507216013], [-99.8181601625742, 25.5], [-99.86648692255434, 25.75], [-99.75, 25.82468151132404], [-99.61700509361233, 26.0], [-99.75, 26.21111778846154], [-99.78672494220606, 26.25], [-100.0, 26.437079048377754], [-100.08228949611669, 26.5], [-100.25, 26.65565115154712], [-100.5, 26.66367995689655], [-100.74930245535714, 26.5], [-100.75, 26.499559055444887], [-100.76581101190476, 26.5], [-101.0, 26.510668045010846], [-101.23933195498915, 26.75], [-101.25, 26.753256932947018], [-101.5, 26.813879114980917], [-101.68150250077544, 27.0], [-101.74188664895256, 27.25], [-101.74218456957989, 27.5], [-101.71257196342565, 27.75], [-101.75, 27.87844621642562], [-101.80054298217354, 28.0], [-101.79119970547124, 28.25], [-101.90495120475589, 28.5], [-101.8016970525248, 28.75], [-101.75, 28.905793563179348], [-101.70735797201722, 29.0], [-101.75, 29.051898156811376], [-101.8529020460731, 29.25], [-102.0, 29.362936100746268], [-102.25, 29.414205080388182], [-102.5, 29.31147023716343], [-102.56686052698791, 29.25], [-102.71978711032423, 29.0], [-102.73001019233163, 28.75], [-102.72642429101958, 28.5], [-102.75, 28.438092863475177], [-103.0, 28.37402130060175], [-103.24551072761194, 28.5], [-103.25, 28.501744381731566], [-103.5, 28.62747858787966], [-103.59616498135804, 28.75], [-103.75, 28.908306446924776], [-103.88654020948753, 29.0], [-104.0, 29.06182488207547], [-104.11025298620459, 29.0], [-104.21163330078124, 28.75], [-104.11888136061947, 28.5], [-104.0, 28.38236783056042], [-103.83815410867237, 28.25], [-103.75, 28.14389698775773], [-103.5, 28.13352561773256], [-103.25, 28.0776388406049], [-103.12281997437358, 28.0], [-103.0, 27.842804755830905], [-102.96876150024534, 27.75], [-102.9725560040633, 27.5], [-102.9787919339459, 27.25], [-103.0, 27.011077880859375], [-103.00185355392156, 27.0], [-103.16724717881945, 26.75], [-103.25, 26.616706865212528], [-103.30356054286447, 26.5], [-103.25, 26.383293134787472], [-103.0960412629199, 26.25], [-103.0, 26.197650748239436], [-102.75, 26.174724641393443], [-102.5, 26.061511260910223], [-102.42387032214506, 26.0], [-102.49942455589255, 25.75], [-102.5, 25.74943723516949], [-102.71899995349702, 25.5], [-102.75, 25.47149225966473], [-103.0, 25.36472312273824], [-103.25, 25.35238861169468], [-103.5, 25.300384823638616], [-103.6182471132698, 25.5], [-103.70166985509606, 25.75], [-103.75, 25.783100328947366], [-104.0, 25.932712495579917], [-104.13381790611814, 26.0], [-104.25, 26.078972723470365], [-104.5, 26.22416034465434], [-104.53963567355117, 26.25], [-104.62293891331657, 26.5], [-104.74748054135688, 26.75], [-104.75, 26.75269476888668], [-105.0, 26.858266669293823], [-105.25, 26.918673728085256], [-105.3312145983522, 27.0], [-105.5, 27.16345474567819], [-105.75, 27.2360720235951], [-106.0, 27.23877375270173], [-106.03800495426829, 27.25], [-106.25, 27.425237840221776], [-106.28002593623482, 27.5], [-106.32676427251934, 27.75], [-106.41660415897341, 28.0], [-106.39706934560644, 28.25], [-106.25, 28.366616321148186], [-106.1088598455348, 28.5], [-106.17169934983221, 28.75], [-106.21055994423791, 29.0], [-106.25, 29.18141030365566], [-106.26694757065852, 29.25], [-106.35245124324754, 29.5], [-106.43603006362119, 29.75], [-106.5, 29.803186242629206], [-106.75, 29.812107795653638], [-107.0, 29.809063105620154], [-107.25, 29.796570644142935], [-107.5, 29.852300431173436], [-107.7140953563084, 30.0], [-107.75, 30.041668078904557], [-107.89888637244454, 30.25], [-108.0, 30.419634874837453], [-108.05780500993804, 30.5], [-108.25, 30.65600680933852], [-108.5, 30.669829480124836], [-108.72574713427947, 30.5], [-108.75, 30.4717214549389], [-108.9247260256796, 30.25], [-108.92246827700939, 30.0], [-108.807103101407, 29.75], [-108.75, 29.67913184092845], [-108.64630138991618, 29.5], [-108.57254956746401, 29.25], [-108.59484497729505, 29.0], [-108.68395274890591, 28.75], [-108.75, 28.657695431957183], [-109.0, 28.529758278383028], [-109.02574327256944, 28.5], [-109.1055389899942, 28.25], [-109.17876150384305, 28.0], [-109.0, 27.869876785188456], [-108.87913062431619, 28.0], [-108.75, 28.20742599406854], [-108.51948165893555, 28.0], [-108.63645765516493, 27.75], [-108.68114904455237, 27.5], [-108.7379866913025, 27.25], [-108.75, 27.04075326492538], [-108.75120703707796, 27.0], [-108.75, 26.998561491603557], [-108.5, 26.901704545454546], [-108.34987300745706, 26.75], [-108.36931351694282, 26.5], [-108.3788513290861, 26.25], [-108.25, 26.130005881751227], [-108.13255259672252, 26.0], [-108.01932294653096, 25.75], [-108.0, 25.721147929152398], [-107.84045658971587, 25.5], [-107.75, 25.38302778055112], [-107.61470285844842, 25.25], [-107.5, 25.079469542572465], [-107.45372659546413, 25.0], [-107.25, 24.751969846960616], [-107.24797822385764, 24.75], [-107.25, 24.716655344202906], [-107.48007812499996, 24.75], [-107.5, 24.750754616477273], [-107.50134267059815, 24.75], [-107.75, 24.713334627329193], [-107.77681288608285, 24.75], [-107.94452056125621, 25.0], [-108.0, 25.056561063559993], [-108.09387740384616, 25.25], [-108.25, 25.345699441248588], [-108.5, 25.40434864112138], [-108.75, 25.497865816697647], [-108.75251847877921, 25.5], [-109.0, 25.615116620824278], [-109.25, 25.713287185856224], [-109.28239588705517, 25.75], [-109.33661617805723, 26.0], [-109.34301588743926, 26.25], [-109.32728591474515, 26.5], [-109.5, 26.649126517202237], [-109.75, 26.710089273020237], [-109.8031697866027, 26.75], [-110.0, 26.919370008692347], [-110.1031308630394, 27.0], [-110.25, 27.143586531929348], [-110.34809658379258, 27.25], [-110.5, 27.438688739789967], [-110.54571937177332, 27.5], [-110.67065699011869, 27.75], [-110.75, 27.814435875934105], [-111.0, 27.885958440721648], [-111.11456121841343, 28.0], [-111.25, 28.12277477234322], [-111.39175764905858, 28.25], [-111.5, 28.33006784857629], [-111.73789028650347, 28.5], [-111.75, 28.51094331196163], [-112.0, 28.669105802199102], [-112.08767338864685, 28.75], [-112.25, 28.88745625813802], [-112.35931736140387, 29.0], [-112.3721320307663, 29.25], [-112.5, 29.451974253366433], [-112.54038245619583, 29.5], [-112.67657295224879, 29.75], [-112.6617742257829, 30.0], [-112.66560935794664, 30.25], [-112.75, 30.37867066907672], [-112.84988691657219, 30.5], [-113.0, 30.637629666926543], [-113.13367715632728, 30.75], [-113.17660710644373, 31.0], [-113.25, 31.115655125321336], [-113.407885668429, 31.25], [-113.5, 31.31751515445084], [-113.75, 31.400886080752883], [-114.0, 31.390377321981425], [-114.25, 31.3865164722765], [-114.4270585222942, 31.5], [-114.5, 31.5365124833079], [-114.57649817645884, 31.5], [-114.73170688781256, 31.25], [-114.60368678441587, 31.0], [-114.5823299632353, 30.75], [-114.55418810118105, 30.5], [-114.5, 30.396174763793304], [-114.36949008019162, 30.25], [-114.30016047032035, 30.0], [-114.31715327857906, 29.75], [-114.36631713086354, 29.5], [-114.25, 29.314130376916523], [-114.12082377534409, 29.5], [-114.0, 29.580736377571203], [-113.75, 29.661401938526023], [-113.5, 29.650202991994323], [-113.32725911951518, 29.5], [-113.2656944604815, 29.25], [-113.5, 29.002732209224394], [-113.50393642468399, 29.0], [-113.5, 28.995804289857787], [-113.31065540540541, 28.75], [-113.25, 28.697271865797884], [-113.02157165917005, 28.5], [-113.0, 28.3944091796875], [-112.96785071942446, 28.25], [-112.75, 28.102381542293887], [-112.6167905311215, 28.0], [-112.60898070180099, 27.75], [-112.5, 27.5326736147897], [-112.47694331264952, 27.5], [-112.27330664399554, 27.25], [-112.25, 27.220845238095237], [-112.0, 27.04147929791114], [-111.93201002038043, 27.0], [-111.75, 26.86608080075977], [-111.67394339097399, 26.75], [-111.55017481239645, 26.5], [-111.5173328529445, 26.25], [-111.75, 26.0283800333764], [-112.0, 26.168319703523476], [-112.10977428242703, 26.25], [-112.25, 26.34364637253316], [-112.47138756871277, 26.5], [-112.5, 26.562948790627363], [-112.64197862880093, 26.75], [-112.75, 26.8001236800071], [-112.9149660484813, 26.75], [-113.0, 26.741419419721794], [-113.0335433467742, 26.75], [-113.25, 26.840971953227132], [-113.5, 26.914409205194552], [-113.66614445128886, 27.0], [-113.75, 27.13277967436975], [-113.87422968352418, 27.25], [-114.0, 27.357480803207395], [-114.09878073191409, 27.5], [-114.12672187054208, 27.75], [-114.0, 27.79511530281869], [-113.81901392160161, 28.0], [-113.75, 28.137472771447722], [-113.63586633242693, 28.25], [-113.61475537007954, 28.5], [-113.70184052320221, 28.75], [-113.75, 28.795688319970846], [-113.9570889664598, 29.0], [-114.0, 29.047578944134994], [-114.25, 29.236865132152825], [-114.26551072569015, 29.25], [-114.5, 29.454861579823614], [-114.54599946120689, 29.5], [-114.75, 29.693427989130434], [-114.86932834280998, 29.75], [-115.0, 29.923254347033076], [-115.08824891638702, 30.0], [-115.18682897586633, 30.25], [-115.25, 30.407976439182917], [-115.3073992519305, 30.5], [-115.3431277928616, 30.75], [-115.43128636336372, 31.0], [-115.5, 31.125503259202453], [-115.56806050488112, 31.25], [-115.72276430961344, 31.5], [-115.75, 31.54965618191721], [-116.0, 31.747255328459637], [-116.00346725416233, 31.75], [-116.04523559347783, 32.0], [-116.20968845957012, 32.25], [-116.25, 32.281639118733935], [-116.42417379533512, 32.5], [-116.5, 32.682868760624324], [-116.53969355354532, 32.75], [-116.72986855793854, 33.0], [-116.75, 33.095869855182926], [-116.86119066165689, 33.25], [-117.0, 33.305393779256875], [-117.25, 33.43591975289995], [-117.32735241029755, 33.5], [-117.5, 33.623918747382746], [-117.62135511134623, 33.75], [-117.75, 33.892868383504926], [-118.0, 33.927489600243504], [-118.25, 33.94010510409167], [-118.3504354250503, 34.0], [-118.5, 34.10416703160034], [-118.75, 34.21018694259426], [-118.8443961623394, 34.25], [-118.94764489226375, 34.5], [-119.0, 34.56217723909357], [-119.25, 34.625858938071204], [-119.5, 34.58194836073409], [-119.75, 34.685767870126966], [-119.96655784461626, 34.75], [-120.0, 34.76862463243016], [-120.14622394969138, 35.0], [-120.25, 35.07961271639511], [-120.4226375490095, 35.25], [-120.5, 35.32616790684681], [-120.68127151747882, 35.5], [-120.75, 35.55764009195096], [-121.0, 35.69551479748876], [-121.08803308533312, 35.75], [-121.25, 35.87280326041417], [-121.36396413154226, 36.0], [-121.5, 36.178446600661225], [-121.54520099204586, 36.25], [-121.51888843374921, 36.5], [-121.5, 36.57349919342449], [-121.4171646297498, 36.75], [-121.49317151915544, 37.0], [-121.5, 37.00528216486903], [-121.75, 37.163595910917095], [-122.0, 37.2362983945702], [-122.03309181622248, 37.25], [-122.09641850036982, 37.5], [-122.11312031091047, 37.75], [-122.25, 37.86715518883326], [-122.32738892499366, 38.0], [-122.5, 38.244492310282894], [-122.50745358835684, 38.25], [-122.75, 38.417816336612844], [-122.92390180160143, 38.5], [-123.0, 38.56766960047469], [-123.05131493253474, 38.75], [-123.25, 38.96961369733215], [-123.29431008649154, 39.0], [-123.41347888706002, 39.25], [-123.25, 39.42115008616119], [-123.03369318181818, 39.5], [-123.00694208559783, 39.75], [-123.0, 39.76197509765625], [-122.95833262103392, 40.0], [-123.0, 40.1324660326087], [-123.05317232985838, 40.25], [-123.20010429008688, 40.5], [-123.14379794675091, 40.75], [-123.0, 40.802204497051115], [-122.75, 40.86869912518713], [-122.5, 40.99582354643246], [-122.48680211919105, 41.0], [-122.25, 41.07353395577231], [-122.0, 41.10240681425916], [-121.75, 41.0602512328905], [-121.5, 41.05313632246377], [-121.3019884293003, 41.25], [-121.25, 41.29427568280571], [-121.0, 41.434875], [-120.86244419642857, 41.25], [-121.0, 41.06755756578948], [-121.01748765326975, 41.0], [-121.25, 40.9220712043379], [-121.5, 40.917793581838566], [-121.66483686674009, 40.75], [-121.73687370455994, 40.5], [-121.64623964035889, 40.25], [-121.5, 40.06492073229407], [-121.4381276366471, 40.0], [-121.25, 39.79325299838742], [-121.21630368640075, 39.75], [-121.0, 39.54918036521359], [-120.95303798900181, 39.5], [-120.79174014381016, 39.25], [-120.75, 39.18060511363636], [-120.64847423088716, 39.0], [-120.53659186636668, 38.75], [-120.5, 38.66883196959146], [-120.43836202330509, 38.5], [-120.29251339104387, 38.25], [-120.25, 38.19601961384734], [-120.07412769680144, 38.0], [-120.0, 37.91349934192765], [-119.90584918768704, 37.75], [-119.75, 37.54046643935831], [-119.71085892089967, 37.5], [-119.5, 37.350197718050914], [-119.39062377508623, 37.25], [-119.25, 37.10813058565327], [-119.16342432085867, 37.0], [-119.0, 36.76322964449541], [-118.99276106899927, 36.75], [-118.88493322137758, 36.5], [-118.7888820053975, 36.25], [-118.75, 36.100851997871516], [-118.66926841310409, 36.0], [-118.5, 35.784882504921256], [-118.31918048469387, 35.75], [-118.25, 35.73916290361253], [-118.2377534546604, 35.75], [-118.04809694241752, 36.0], [-118.0, 36.20053116732804], [-117.98502115249825, 36.25], [-118.0, 36.478039253048784], [-118.0004306028814, 36.5], [-118.01227720050792, 36.75], [-118.0255974264706, 37.0], [-118.07691858338751, 37.25], [-118.0, 37.41972852403156], [-117.89581151070763, 37.5], [-118.0, 37.59781331949301], [-118.05743556701032, 37.75], [-118.19012769829317, 38.0], [-118.25, 38.207358374384235], [-118.27226940829297, 38.25], [-118.43987946428571, 38.5], [-118.5, 38.56131173513986], [-118.74262949606594, 38.75], [-118.75, 38.75556331306561], [-119.0, 38.84989867133538], [-119.25, 38.97411884630779], [-119.27628086262955, 39.0], [-119.35902877621785, 39.25], [-119.43542439088984, 39.5], [-119.46225298713236, 39.75], [-119.5, 39.79321206860269], [-119.75, 39.97307516538997], [-119.784521484375, 40.0], [-120.0, 40.12701891447368], [-120.17463681801196, 40.25], [-120.25, 40.35289381377551], [-120.3425314906932, 40.5], [-120.25, 40.660182291666665], [-120.07873742055085, 40.75], [-120.0, 40.77397681451613], [-119.75, 40.84042094216418], [-119.5, 40.97439301085329], [-119.47740360799207, 41.0], [-119.25153511300738, 41.25], [-119.25, 41.25152386675824], [-119.0, 41.461780836092714], [-118.95621324924127, 41.5], [-118.78613739730046, 41.75], [-118.90491263854679, 42.0], [-119.0, 42.10377814180107], [-119.09459918478261, 42.25], [-119.25, 42.44990037751678], [-119.32064520899053, 42.5], [-119.49110180873926, 42.75], [-119.5, 42.76660678475936], [-119.75, 42.87697482638889], [-120.0, 42.849165101931334], [-120.25, 42.90264099326599], [-120.34530529004614, 43.0], [-120.5, 43.13326057637706], [-120.75, 43.092645372369134], [-120.95991945644349, 43.25], [-120.75, 43.41334908963586], [-120.5, 43.47272819609967], [-120.38959703947367, 43.5], [-120.49704071969697, 43.75], [-120.5, 43.7518310546875], [-120.75, 43.88383842294351], [-121.0, 43.89472301136364], [-121.25, 43.95459439013035], [-121.35836805555556, 44.0], [-121.5, 44.097692175045985], [-121.58598617601245, 44.25], [-121.6186712803552, 44.5], [-121.63024557464249, 44.75], [-121.58213795902373, 45.0], [-121.5, 45.11149791033435], [-121.38127361255863, 45.25], [-121.48808516855314, 45.5], [-121.5, 45.51340583471761], [-121.75, 45.631892168515584], [-122.0, 45.65116003787879], [-122.04064955616997, 45.5], [-122.21767779478093, 45.25], [-122.25, 45.22017594381688], [-122.38273689516129, 45.0], [-122.42302644230769, 44.75], [-122.42740550889329, 44.5], [-122.41109759784521, 44.25], [-122.43343791555851, 44.0], [-122.5, 43.89557436543811], [-122.61962053571429, 43.75], [-122.65206759093238, 43.5], [-122.75, 43.274968731606826], [-122.75754837633451, 43.25], [-122.8050231701521, 43.0], [-122.75, 42.87009790170556], [-122.68806061921296, 42.75], [-122.57416852678571, 42.5], [-122.75, 42.330931275755496], [-122.87616267398286, 42.25], [-123.0, 42.20547100577478], [-123.25, 42.206438078703705], [-123.37019274635037, 42.25], [-123.5, 42.36429044826478], [-123.57301661912172, 42.5], [-123.53881654113067, 42.75], [-123.5665184324374, 43.0], [-123.70934705574581, 43.25], [-123.75, 43.32150999832664], [-123.7991456068006, 43.5], [-123.83366512666113, 43.75], [-123.85076658530124, 44.0], [-123.75377207348333, 44.25], [-123.76262503877172, 44.5], [-123.75267405831775, 44.75], [-123.75, 44.80234375], [-123.62334301669675, 45.0], [-123.61594619614003, 45.25], [-123.50219925050813, 45.5], [-123.5, 45.50188179347826], [-123.25, 45.68561740451389], [-123.15422423811984, 45.75], [-123.05658101436265, 46.0], [-123.0, 46.167636303191486], [-122.75, 46.13648465338516], [-122.5, 46.05410122830604], [-122.43965972600873, 46.0], [-122.25, 45.845953969220545], [-122.0, 45.77120457975389], [-121.75, 45.80127938646789], [-121.5, 45.92355364033306], [-121.26295851700252, 46.0], [-121.25, 46.00364343572946], [-121.0, 46.132174082409975], [-120.88938739300032, 46.25], [-120.83402310552408, 46.5], [-120.75, 46.67105049740484], [-120.66087341308594, 46.75], [-120.5, 46.924506753177965], [-120.42514115021008, 47.0], [-120.3228690822259, 47.25], [-120.2812022038376, 47.5], [-120.25, 47.59444707491583], [-120.18265420007289, 47.75], [-120.04604192671184, 48.0], [-120.0, 48.13282053755144], [-119.94224217165315, 48.25], [-119.75, 48.48783034033877], [-119.7273382739486, 48.5], [-119.53062869596248, 48.75], [-119.5, 48.81928188422509], [-119.25, 48.7909854738422], [-119.19342815921871, 48.75], [-119.14914923199153, 48.5], [-119.0, 48.469681982127476], [-118.75, 48.45181661117837], [-118.58324240572625, 48.5], [-118.5, 48.688612539556964], [-118.47983530405405, 48.75], [-118.35583563535911, 49.0], [-118.25, 49.02194580575356], [-118.00228987068965, 49.0], [-118.0, 48.99977022058823], [-117.75, 48.94150411900871], [-117.5, 48.799931354602506], [-117.46884179177546, 48.75], [-117.25, 48.5201561071755], [-117.10587724673202, 48.5], [-117.0, 48.48515195348304], [-116.75, 48.48676777796726], [-116.57724819584422, 48.25], [-116.5, 48.134106076162034], [-116.31770965490992, 48.0], [-116.25, 47.937885533054], [-116.04492981453252, 47.75], [-116.0257192225898, 47.5], [-116.14069172166148, 47.25], [-116.0652303890306, 47.0], [-116.0, 46.96383691809075], [-115.75, 46.88117563594092], [-115.52335627362949, 46.75], [-115.54159203506097, 46.5], [-115.56038226359246, 46.25], [-115.75, 46.05266597762646], [-115.83584665697674, 46.0], [-116.0, 45.9431592011347], [-116.25, 45.79231089827406], [-116.37183499623494, 45.75], [-116.5, 45.708927817326256], [-116.75, 45.67128302968147], [-117.0, 45.708795779596564], [-117.25, 45.73669704861111], [-117.5, 45.734884793998575], [-117.62618041749502, 45.75], [-117.59811777611301, 46.0], [-117.75, 46.198877172085204], [-118.0, 46.00762880878119], [-118.00900251274066, 46.0], [-118.10840884861408, 45.75], [-118.25, 45.66038292847504], [-118.5, 45.55840299684542], [-118.58353072550081, 45.5], [-118.75, 45.397293592027616], [-119.0, 45.25430768280633], [-119.03681904560811, 45.25], [-119.25, 45.11341653138528], [-119.3644070687773, 45.0], [-119.25, 44.95691803699897], [-119.08267017121011, 44.75], [-119.14822984015805, 44.5], [-119.25, 44.41987326781674], [-119.5, 44.31228568193582], [-119.75, 44.27369031567259], [-120.0, 44.337279771090536], [-120.21845864986187, 44.5], [-120.25, 44.51332318407235], [-120.5, 44.571068674774324], [-120.75, 44.56769735108065], [-120.78776003381358, 44.5], [-120.75, 44.4632765584787], [-120.53955188346501, 44.25], [-120.5, 44.13279943561873], [-120.25, 44.05664762544803], [-120.0, 44.13763451986755], [-119.93049226588629, 44.0], [-119.8881091101695, 43.75], [-119.75, 43.60950969827586], [-119.5, 43.605609871748555], [-119.25, 43.629712076527525], [-119.0, 43.66217654931862], [-118.75, 43.72389897175421], [-118.71027762066365, 43.75], [-118.5, 43.82411699229134], [-118.25, 43.90651459447415], [-118.02329115634006, 44.0], [-118.0, 44.00906057315022], [-117.75, 44.119600039308175], [-117.5, 44.24181844325153], [-117.48233650662252, 44.25], [-117.25, 44.36397924788824], [-117.0, 44.426904004491014], [-116.75, 44.41848473515071], [-116.5, 44.287610505756575], [-116.47102974556589, 44.25], [-116.27336069171348, 44.0], [-116.25, 43.97199863215488], [-116.02522638494318, 43.75], [-116.0, 43.7262320998394], [-115.77032523777174, 43.5], [-115.75, 43.485016651642624], [-115.5, 43.31967311998147], [-115.29072211270872, 43.25], [-115.25, 43.23638385933623], [-115.0, 43.18525300448126], [-114.75, 43.15568286092985], [-114.5, 43.163673449194015], [-114.25, 43.15764430662693], [-114.0, 43.16609918872371], [-113.75, 43.1501163435571], [-113.5, 43.19915244020062], [-113.25, 43.13470416302447], [-113.0, 43.20224770981088], [-112.76036195728291, 43.0], [-112.95070161467487, 42.75], [-113.0, 42.65293847318339], [-113.05777675653594, 42.5], [-113.21494993932039, 42.25], [-113.0, 42.05814693457539], [-112.86361471036585, 42.0], [-112.75, 41.929062896573605], [-112.5, 41.924273784456354], [-112.25, 41.8936477525413], [-112.09866026606426, 41.75], [-112.17856257884304, 41.5], [-112.25, 41.473273580771306], [-112.29297552580226, 41.5], [-112.5, 41.66929022606383], [-112.75, 41.717503094772], [-113.0, 41.70211517995356], [-113.20807350056054, 41.75], [-113.0747233435412, 42.0], [-113.25, 42.20335715439276], [-113.35808851047904, 42.25], [-113.5, 42.27148614573889], [-113.75, 42.31069241337556], [-114.0, 42.318998659706544], [-114.2084073153409, 42.25], [-114.25, 42.22243858245482], [-114.5, 42.12446442610063], [-114.75, 42.16295336400574], [-115.0, 42.19042684037901], [-115.25, 42.19307054679421], [-115.5, 42.19263404434648], [-115.65447145600558, 42.25], [-115.75, 42.29135334794438], [-116.0, 42.43125782367668], [-116.05417224492672, 42.5], [-116.25, 42.67724410076531], [-116.31633402139784, 42.75], [-116.5, 42.902933451147476], [-116.75, 42.9769554894594], [-116.78548899067823, 43.0], [-117.0, 43.157429523472516], [-117.13178194115324, 43.0], [-117.00306210275424, 42.75], [-117.0, 42.742504861711325], [-116.89420131033182, 42.5], [-116.75, 42.385536703082906], [-116.5, 42.27655858641202], [-116.4680135275264, 42.25], [-116.39382285362026, 42.0], [-116.34499747983871, 41.75], [-116.5, 41.52958357224771], [-116.52611019736842, 41.5], [-116.56799715909091, 41.25], [-116.5, 41.21939571399345], [-116.25, 41.056667877906975], [-116.0, 41.03755916731066], [-115.75, 41.00610191993464], [-115.5, 41.21975921352583], [-115.28353059505989, 41.0], [-115.48143932131902, 40.75], [-115.5, 40.72989773671097], [-115.6806768113577, 40.5], [-115.7066396882494, 40.25], [-115.62318686006826, 40.0], [-115.5, 39.814268867924525], [-115.43584118150685, 39.75], [-115.33837936732768, 39.5], [-115.5, 39.39763382177034], [-115.75, 39.28570056352459], [-115.8733232606132, 39.5], [-116.0, 39.60329026442308], [-116.20730723505434, 39.75], [-116.25, 39.76513577793834], [-116.5, 39.826469809322035], [-116.75, 39.785402798323474], [-116.85496619152048, 39.75], [-117.0, 39.653872940891475], [-117.25, 39.5319381116548], [-117.36079764660494, 39.5], [-117.5, 39.464542796776726], [-117.75, 39.39803073820582], [-117.83166043015103, 39.25], [-117.7991157722754, 39.0], [-117.77478435410697, 38.75], [-117.75, 38.70238675458715], [-117.5, 38.57744731427936], [-117.25, 38.521639164069455], [-117.2117310531496, 38.5], [-117.0, 38.341146987151085], [-116.8167588331354, 38.25], [-116.75, 38.21376410153103], [-116.68334012748295, 38.25], [-116.5, 38.33347816549676], [-116.25, 38.49888548515641], [-116.2490486819728, 38.5], [-116.04260268958076, 38.75], [-116.0, 38.847155096660806], [-115.884103478145, 39.0], [-115.75, 39.23380866635688], [-115.5, 39.0867435515873], [-115.45111582184123, 39.0], [-115.25, 38.85859702568134], [-115.114262610547, 38.75], [-115.0, 38.66094109011999], [-114.75, 38.54180021367522], [-114.5, 38.61144794861963], [-114.2757282021605, 38.5], [-114.25, 38.41827512254902], [-114.2293701171875, 38.25], [-114.0, 38.06481228772441], [-113.75, 38.21692406837916], [-113.70527305528375, 38.25], [-113.68506165187891, 38.5], [-113.75, 38.61844062351261], [-113.87038599738676, 38.75], [-113.848388066067, 39.0], [-113.99546751806832, 39.25], [-114.0, 39.26716029228856], [-114.04610914408866, 39.5], [-114.0, 39.57774216154485], [-113.83565892432647, 39.75], [-114.0, 39.93820184891107], [-114.1442829713983, 40.0], [-114.25, 40.09559087643679], [-114.33799297216157, 40.25], [-114.28598829876681, 40.5], [-114.25, 40.64742393800229], [-114.2279670160296, 40.75], [-114.14899376977849, 41.0], [-114.22235280517879, 41.25], [-114.0, 41.401281984060404], [-113.75, 41.49236630721831], [-113.66003818820454, 41.25], [-113.67355886702676, 41.0], [-113.5, 40.802228348475964], [-113.25111295391062, 40.75], [-113.25, 40.74984815644055], [-113.24949048913044, 40.75], [-113.01830743397086, 41.0], [-113.0, 41.018274147727276], [-112.99531868595716, 41.0], [-112.93940945263975, 40.75], [-112.75, 40.52527692059691], [-112.5, 40.515398672964466], [-112.25, 40.567565105816755], [-112.05124344194394, 40.75], [-112.0, 40.86260808555825], [-111.9620028409091, 40.75], [-111.91294858481453, 40.5], [-111.75, 40.26039151278409], [-111.74086802521532, 40.25], [-111.70214462776333, 40.0], [-111.75, 39.934048779121866], [-112.0, 39.75071417925278], [-112.00082274496337, 39.75], [-112.0, 39.74829841382576], [-111.89628040941456, 39.5], [-111.86913758748057, 39.25], [-112.0, 39.08818359375], [-112.07209979363208, 39.0], [-112.25, 38.83602241847826], [-112.37443494496856, 38.75], [-112.5, 38.697229487885465], [-112.72912535184238, 38.5], [-112.75, 38.45268090197216], [-112.83666217137898, 38.25], [-112.87064861168456, 38.0], [-113.0, 37.861007514418816], [-113.09506494585867, 37.75], [-113.14915599899598, 37.5], [-113.0, 37.407704165631216], [-112.75, 37.32666337510215], [-112.5, 37.33552003069599], [-112.25, 37.4056648048577], [-112.0422854153909, 37.5], [-112.0, 37.52853784956606], [-111.75, 37.58625977447869], [-111.5, 37.6713126717033], [-111.39167100037821, 37.75], [-111.25, 37.81669838408119], [-111.0, 37.993452972188265], [-110.98684160012286, 38.0], [-111.0, 38.02194864241804], [-111.04448004096722, 38.25], [-111.13975526086114, 38.5], [-111.04936527285264, 38.75], [-111.0, 38.88552088967009], [-110.89823467548077, 39.0], [-110.8580569068748, 39.25], [-110.76607059221482, 39.5], [-110.75, 39.51302346912956], [-110.67633289599237, 39.5], [-110.5, 39.45276757188498], [-110.25, 39.39312248153123], [-110.0, 39.268658943437806], [-109.98185639880953, 39.25], [-109.75, 39.10510053195446], [-109.5, 39.16126553484243], [-109.3306921155149, 39.25], [-109.25, 39.29853364405053], [-109.0, 39.40152640039233], [-108.75, 39.399961214539005], [-108.5, 39.362704533261805], [-108.3216021993886, 39.25], [-108.5, 39.052257859563255], [-108.75, 39.052182140072766], [-108.94307391826923, 39.0], [-109.0, 38.969482925257736], [-109.15228786659515, 38.75], [-109.21436482279694, 38.5], [-109.25, 38.48308948863637], [-109.5, 38.32975680443548], [-109.56902700226837, 38.25], [-109.75, 38.07972315711706], [-109.9267723880597, 38.0], [-110.0, 37.96438451664306], [-110.11889667615868, 37.75], [-110.0, 37.50253550991212], [-109.75, 37.58695239715273], [-109.5, 37.649417829298315], [-109.25, 37.67716421654161], [-109.0, 37.60338084222083], [-108.88984688335562, 37.5], [-108.75, 37.2912066492016], [-108.72731370192307, 37.25], [-108.52789172094188, 37.0], [-108.5, 36.96278617981284], [-108.25, 36.76369983731019], [-108.20972177933675, 36.75], [-108.25, 36.63454067641682], [-108.3185869058714, 36.5], [-108.5, 36.442764995589535], [-108.54915561868687, 36.5], [-108.75, 36.58713231266433], [-109.0, 36.71806266696349], [-109.25, 36.73917083695967], [-109.5, 36.51586654589372], [-109.51255495030581, 36.5], [-109.69966358985765, 36.25], [-109.75, 36.18421148255814], [-109.76924426020409, 36.25], [-109.85694839015152, 36.5], [-110.0, 36.63084153543307], [-110.16629807692308, 36.75], [-110.25, 36.816511308068456], [-110.5, 36.85255951407068], [-110.75, 36.78503701853198], [-110.790377669598, 36.75], [-110.75, 36.64698517628205], [-110.6894462477993, 36.5], [-110.5, 36.310219631834215], [-110.43433743990386, 36.25], [-110.25, 36.09311707242226], [-110.16040231299212, 36.0], [-110.0, 35.809971140391795], [-109.75, 35.81832353784404], [-109.72090911865234, 35.75], [-109.5258497551306, 35.5], [-109.5, 35.46812086568881], [-109.31542802385009, 35.25], [-109.25, 35.15360568304051], [-109.12158086031175, 35.0], [-109.11102430555556, 34.75], [-109.03301115117522, 34.5], [-109.25, 34.423703395003756], [-109.5, 34.4080158390411], [-109.75, 34.39511915538413], [-109.9872402200489, 34.25], [-109.97820600909338, 34.0], [-109.95342762919721, 33.75], [-110.0, 33.51789439557962], [-110.00585389921795, 33.5], [-110.0, 33.48728465544872], [-109.75, 33.27700750842066], [-109.5, 33.2662458492796], [-109.25, 33.32867126165358], [-109.0, 33.30510548979984], [-108.95256326623593, 33.25], [-108.75, 33.088270916005285], [-108.5, 33.0183802578019], [-108.47270882021114, 33.0], [-108.39654312461633, 32.75], [-108.25, 32.614132754695504], [-108.0, 32.57309528247184], [-107.75, 32.6208998426259], [-107.59175553902116, 32.75], [-107.5, 32.93222553633976], [-107.45572171767735, 33.0], [-107.34688716231685, 33.25], [-107.25, 33.37288127903601], [-107.16094449247356, 33.5], [-107.0, 33.73491779245843], [-106.97227244814411, 33.75], [-106.75, 33.98517362113774], [-106.51152086383601, 33.75], [-106.5, 33.72019412878788], [-106.3473444065126, 33.5], [-106.25, 33.424008302583026], [-106.21719184833023, 33.25], [-106.16294877216518, 33.0], [-106.1502822514548, 32.75], [-106.06150996198255, 32.5], [-106.0, 32.40818752627155], [-105.84047133319203, 32.25], [-105.75, 32.0966796875], [-105.57732858009709, 32.25], [-105.5, 32.26273695695629], [-105.25, 32.347851777365236], [-105.04830552012471, 32.25], [-105.0, 32.21195940290178], [-104.75, 32.10036331195697], [-104.68044771634615, 32.25], [-104.75, 32.33227294699727], [-104.87634135109664, 32.5], [-104.95692830618111, 32.75], [-104.949710431173, 33.0], [-104.91258613561192, 33.25], [-104.89643002717392, 33.5], [-104.94281398573693, 33.75], [-104.88763140214985, 34.0], [-104.76305963714128, 34.25], [-104.75, 34.283805803571425], [-104.62388671875, 34.5], [-104.5, 34.74695026993355], [-104.25, 34.71498325892857], [-104.10887670229272, 34.5], [-104.02210266518964, 34.25], [-104.00052966101694, 34.0], [-104.0, 33.990234375], [-103.97173713235294, 33.75], [-103.82301543150155, 33.5], [-103.75, 33.44615528681507], [-103.5, 33.2843234741105], [-103.44468240093241, 33.25], [-103.25, 33.11010259631491], [-103.0, 33.201827668795616], [-102.84828484195403, 33.25], [-102.75, 33.32308360042735], [-102.59436677631578, 33.5], [-102.61021205357142, 33.75], [-102.5, 33.81171875], [-102.43120521496816, 33.75], [-102.25, 33.51870553861788], [-102.21932291666667, 33.5], [-102.0, 33.25448927238806], [-101.75, 33.45815045646067], [-101.5, 33.47084492096019], [-101.37674040841586, 33.5], [-101.25, 33.525001525878906], [-101.0, 33.59158240300147], [-100.75, 33.67919103526536], [-100.61439526914076, 33.75], [-100.56175375637241, 34.0], [-100.75, 34.233242603058514], [-100.76053642349498, 34.25], [-100.84768969392124, 34.5], [-100.75, 34.66253783831909], [-100.53227504432624, 34.75], [-100.5, 34.760295885180994], [-100.25, 34.874795402789644], [-100.11054415028535, 35.0], [-100.0, 35.08876177443992], [-99.75, 35.13375577059659], [-99.5, 35.22674594267956], [-99.42132739485982, 35.25], [-99.25, 35.29526427469136], [-99.0, 35.321374799250535], [-98.82639567057291, 35.25], [-98.75, 35.21360305521092], [-98.5, 35.14213367693111], [-98.25, 35.12206101190476], [-98.0, 35.131442333878], [-97.8047507079288, 35.0], [-97.75, 34.92739069206009], [-97.5, 34.77135307247899], [-97.38952105978262, 34.75], [-97.25, 34.728677844684384], [-97.0, 34.664515155579394], [-96.75, 34.60835122455471], [-96.5, 34.65241458873057], [-96.25, 34.68505696070234], [-96.05653135926573, 34.5], [-96.0, 34.47349513319672], [-95.75, 34.486989229134466], [-95.5, 34.438099778543304], [-95.25, 34.389266896802326], [-95.0, 34.40339757619974], [-94.875, 34.40339757619974], [-94.875, 34.375], [-94.875, 34.25], [-94.875, 34.125], [-94.875, 34.0], [-94.875, 33.875], [-94.875, 33.75], [-94.875, 33.625], [-94.875, 33.5], [-94.875, 33.375], [-94.875, 33.25], [-94.875, 33.125], [-94.875, 33.0], [-94.875, 32.875], [-94.875, 32.75], [-94.875, 32.625], [-94.875, 32.5], [-94.875, 32.375], [-94.875, 32.25], [-94.875, 32.125], [-94.875, 32.0], [-94.875, 31.875], [-94.875, 31.75], [-94.875, 31.625], [-94.875, 31.5], [-94.875, 31.375], [-94.875, 31.25], [-94.875, 31.125], [-94.875, 31.0], [-94.875, 30.875], [-94.875, 30.75], [-94.875, 30.625], [-94.875, 30.5], [-94.875, 30.375], [-94.875, 30.25], [-94.875, 30.125], [-94.875, 30.0], [-94.875, 29.875], [-94.875, 29.75], [-94.875, 29.625], [-94.875, 29.5], [-94.875, 29.41394013554217], [-95.0, 29.41394013554217], [-95.12521807898773, 29.25], [-95.25, 29.102291553195354], [-95.33189271438954, 29.0], [-95.5, 28.786293768477456], [-95.56708397370218, 28.75], [-95.75, 28.709794450491703], [-96.0, 28.727098782316233], [-96.25, 28.74341647907839], [-96.5, 28.66197175132722], [-96.75, 28.580803977272726], [-96.84215590979782, 28.5], [-97.0, 28.35709131230639], [-97.13247140617742, 28.25], [-97.25, 28.177449197190167], [-97.46687198861147, 28.0], [-97.5, 27.902310449496255], [-97.57685007168926, 27.75], [-97.68856608930453, 27.5], [-97.7163883649844, 27.25], [-97.61772427107391, 27.0], [-97.54515402939276, 26.75], [-97.64385001890122, 26.5], [-97.60702016843972, 26.25], [-97.69266493055557, 26.0], [-97.75, 25.868363360969393], [-97.8060367602657, 25.75], [-97.85677818973635, 25.5], [-97.93485791909318, 25.25], [-97.98744444139597, 25.0], [-98.0, 24.9418371886121], [-98.06760009853099, 24.75], [-98.10418610074626, 24.5], [-98.20311415038191, 24.25], [-98.24052248606347, 24.0], [-98.18861116202345, 23.75], [-98.25, 23.688309645137526], [-98.5, 23.63167033973851], [-98.75, 23.55679883903631], [-98.79675822793907, 23.5], [-99.0, 23.296553553445545], [-99.06584208259615, 23.5], [-99.11878355425694, 23.75], [-99.25, 23.963088785587534], [-99.2646966776235, 24.0]], [[-104.25, 27.31028988486842], [-104.0, 27.349491003787875], [-103.86503269361413, 27.5], [-104.0, 27.682602826286764], [-104.25, 27.574704501295336], [-104.28844791666666, 27.5], [-104.25, 27.31028988486842]], [[-121.0, 36.22060429216867], [-121.11429560705369, 36.0], [-121.0, 35.949447387493095], [-120.75323239555256, 36.0], [-121.0, 36.22060429216867]], [[-118.99274766261661, 36.5], [-119.0, 36.51663476864374], [-119.19289339468222, 36.75], [-119.25, 36.843711101284065], [-119.39032904411765, 37.0], [-119.5, 37.11113532725322], [-119.64074394333011, 37.25], [-119.75, 37.32346466728957], [-119.95268627565298, 37.5], [-120.0, 37.56831938644935], [-120.2391483820922, 37.75], [-120.25, 37.763898745316226], [-120.5, 37.96770487723955], [-120.53987280845486, 38.0], [-120.6809075192577, 38.25], [-120.75, 38.31244560917722], [-120.86397536057692, 38.5], [-120.84613587056869, 38.75], [-120.93362305145335, 39.0], [-121.0, 39.115860909369886], [-121.12756262159533, 39.25], [-121.25, 39.41405842674661], [-121.32589131560773, 39.5], [-121.5, 39.638623190065985], [-121.58553939681869, 39.75], [-121.75, 39.93393075015743], [-121.80230207814057, 40.0], [-121.94405455508475, 40.25], [-122.0, 40.434627600613915], [-122.0601229218946, 40.5], [-122.25, 40.69476451898327], [-122.5, 40.59747941087308], [-122.59708698168276, 40.5], [-122.65921364886444, 40.25], [-122.5834396087725, 40.0], [-122.61595625739207, 39.75], [-122.63487901858383, 39.5], [-122.62456974023331, 39.25], [-122.52839023344272, 39.0], [-122.55422670104086, 38.75], [-122.5, 38.638715140427216], [-122.40858397419187, 38.5], [-122.25, 38.34791796875], [-122.06169621394231, 38.25], [-122.0, 38.22556818181818], [-121.75, 38.158534573015295], [-121.5, 38.03825842526367], [-121.43151177300348, 38.0], [-121.354122185559, 37.75], [-121.4759552146979, 37.5], [-121.4667778842558, 37.25], [-121.25, 37.0964974346243], [-121.0396082924365, 37.0], [-121.0, 36.97115157169891], [-120.85034193582811, 36.75], [-120.83791566232058, 36.5], [-120.75, 36.275110355941706], [-120.73887863083417, 36.25], [-120.74576247791519, 36.0], [-120.5, 35.86335799361493], [-120.42074283138736, 35.75], [-120.25, 35.5118758979885], [-120.24320261101974, 35.5], [-120.0123802585745, 35.25], [-120.0, 35.24232314945584], [-119.75, 35.140390895864286], [-119.5, 35.09674162413119], [-119.25, 35.11653592205519], [-119.0, 35.24247581845238], [-118.98988426296415, 35.25], [-118.79372288100333, 35.5], [-118.83141350182639, 35.75], [-118.88109547807356, 36.0], [-118.91801840572035, 36.25], [-118.99274766261661, 36.5]], [[-98.7653099798387, 28.5], [-98.75, 28.506501498287673], [-98.5, 28.540057259316768], [-98.25, 28.690959149096386], [-98.21722146739131, 28.75], [-98.0, 28.90034541377315], [-97.87361238532111, 29.0], [-97.75, 29.07591700473293], [-97.5, 29.07952111383109], [-97.25, 29.120533795400814], [-97.0, 29.13838287601626], [-96.75, 29.179846290650406], [-96.5, 29.218648726851853], [-96.25, 29.195173151611048], [-96.09680215032154, 29.25], [-96.21655752144608, 29.5], [-96.25, 29.527824687738974], [-96.5, 29.602726608187133], [-96.69558675054364, 29.75], [-96.75, 29.893688474159145], [-96.94999035493827, 30.0], [-96.75, 30.137281514830505], [-96.59533975290697, 30.25], [-96.5, 30.282153799019607], [-96.25, 30.33759375], [-96.18940065298507, 30.5], [-96.25, 30.65859985351562], [-96.29534580910853, 30.75], [-96.44464032061688, 31.0], [-96.5, 31.15935309579439], [-96.57131778492646, 31.25], [-96.5, 31.307391826923077], [-96.25, 31.470223721590912], [-96.14082031250001, 31.5], [-96.25, 31.579887576219512], [-96.5, 31.690355445906434], [-96.75, 31.58216831140351], [-96.90481709372892, 31.75], [-96.89590498114045, 32.0], [-96.97188868143188, 32.25], [-97.0, 32.379947916666666], [-97.194921875, 32.25], [-97.25, 32.197899070945944], [-97.43926696284329, 32.0], [-97.36126345198676, 31.75], [-97.27007092927632, 31.5], [-97.25, 31.446477521929825], [-97.19018075980392, 31.5], [-97.0, 31.58867857142857], [-96.89790296052632, 31.5], [-96.94918673155738, 31.25], [-97.0, 31.220479910714285], [-97.25, 31.187434532122904], [-97.43955243644068, 31.0], [-97.45655719053399, 30.75], [-97.5, 30.64471507352941], [-97.58039726307189, 30.5], [-97.62442466085271, 30.25], [-97.75, 30.210621771498026], [-97.93356892213983, 30.0], [-97.9847422928709, 29.75], [-98.0, 29.73398311084142], [-98.13154565612918, 29.5], [-98.25, 29.350889278557116], [-98.5, 29.2691927279578], [-98.54775390625, 29.25], [-98.75, 29.02275719803371], [-99.0, 29.05037615740741], [-99.25, 29.03435794420861], [-99.5, 29.088227818853976], [-99.75, 29.1431436283455], [-100.0, 29.187053274601062], [-100.25, 29.18682015117994], [-100.5, 29.1255126953125], [-100.68768253504672, 29.0], [-100.75, 28.909892314189186], [-100.78472349596478, 28.75], [-100.77625724337747, 28.5], [-100.75, 28.458006950573697], [-100.59033070799458, 28.25], [-100.5, 28.141779119318183], [-100.33396209600761, 28.0], [-100.25, 27.915069110576923], [-100.0, 27.81910309163701], [-99.75, 27.878403299356226], [-99.56360505756578, 28.0], [-99.5, 28.030888079073485], [-99.25, 28.215456495098042], [-99.15666390728477, 28.25], [-99.0, 28.396802969858154], [-98.7653099798387, 28.5]], [[-112.47829198473282, 40.25], [-112.5, 40.2825206480305], [-112.507998046875, 40.25], [-112.5, 40.24091131036932], [-112.47829198473282, 40.25]], [[-111.25, 34.84210570245726], [-111.4996436866554, 35.0], [-111.43621423565304, 35.25], [-111.5, 35.3289381377551], [-111.69119596829378, 35.5], [-111.75, 35.578215071298544], [-112.0, 35.637998046875], [-112.05416998895976, 35.5], [-112.03852167772597, 35.25], [-112.0, 35.22611244717527], [-111.75, 35.09933044260663], [-111.5001625096302, 35.0], [-111.5, 34.999920580760545], [-111.27873697916667, 34.75], [-111.25, 34.70112758645125], [-111.05471222650337, 34.5], [-111.0, 34.45190592113221], [-110.75, 34.447484013844885], [-110.63534996157787, 34.5], [-110.75, 34.54999930183199], [-111.0, 34.64447447311046], [-111.11428817394727, 34.75], [-111.25, 34.84210570245726]], [[-117.53375193698346, 42.0], [-117.75, 41.76320347850679], [-117.85025293342912, 42.0], [-118.0, 42.11825713880484], [-118.25, 42.12322096306471], [-118.5, 42.05118817478844], [-118.60270601580797, 42.0], [-118.5, 41.86295166015625], [-118.25, 41.83755658953722], [-118.0, 41.84916938012542], [-117.76343138665132, 41.75], [-117.75, 41.74537472756093], [-117.5, 41.59790769908041], [-117.25, 41.51913733351454], [-117.00870916193182, 41.75], [-117.19706767314189, 42.0], [-117.25, 42.065283203125], [-117.5, 42.033068699392715], [-117.53375193698346, 42.0]], [[-117.5, 34.0175298241031], [-117.50761163415004, 34.0], [-117.5, 33.99105118687767], [-117.48868522369604, 34.0], [-117.5, 34.0175298241031]], [[-98.25, 33.71565998134328], [-98.23782655423281, 33.75], [-98.25, 33.75659013605443], [-98.5, 33.778621265723274], [-98.52031598772322, 33.75], [-98.5, 33.709727599557525], [-98.25, 33.71565998134328]], [[-110.54451407967034, 33.5], [-110.646858626497, 33.25], [-110.5, 33.153751226391954], [-110.42311789772728, 33.25], [-110.49560474026855, 33.5], [-110.4239633284151, 33.75], [-110.5, 33.87610241639478], [-110.68853849085366, 33.75], [-110.54451407967034, 33.5]], [[-106.75, 33.07318115234375], [-106.5, 33.110568985849056], [-106.39736328125, 33.25], [-106.5, 33.376052771855015], [-106.75, 33.306394051079735], [-106.85986802184466, 33.25], [-106.75, 33.07318115234375]], [[-109.98186376589216, 32.75], [-110.0, 32.765522983114444], [-110.04860050516918, 32.75], [-110.0, 32.7270708624321], [-109.98186376589216, 32.75]], [[-109.52443611716153, 32.5], [-109.5, 32.43029553629823], [-109.25, 32.26912006578948], [-109.02628707039912, 32.5], [-109.18286663241338, 32.75], [-109.25, 32.776989642351275], [-109.5, 32.764167033450704], [-109.51088150777552, 32.75], [-109.52443611716153, 32.5]], [[-98.75, 33.07185530462185], [-98.96376953125, 33.0], [-98.75, 32.91092936197917], [-98.62738715277777, 32.75], [-98.5, 32.615119485294116], [-98.41274382961782, 32.5], [-98.25, 32.38744149229075], [-98.0607349537037, 32.5], [-98.1103515625, 32.75], [-98.25, 32.93798828125], [-98.35076904296875, 33.0], [-98.5, 33.085274832589285], [-98.75, 33.07185530462185]], [[-95.75, 31.48612566692073], [-95.72064012096774, 31.5], [-95.70600395698051, 31.75], [-95.75, 31.799097033514496], [-95.99197823660714, 31.75], [-95.83751502403845, 31.5], [-95.75, 31.48612566692073]], [[-103.5, 31.759965513255242], [-103.71534067339601, 32.0], [-103.75, 32.08180687010444], [-103.8575425187813, 32.25], [-104.0, 32.40860972351301], [-104.25, 32.47915251358695], [-104.26235757986518, 32.25], [-104.25, 32.19716282894737], [-104.12473253383757, 32.0], [-104.02499368504618, 31.75], [-104.0, 31.629080831005584], [-103.9595173565484, 31.5], [-103.7864616266203, 31.25], [-103.75, 31.221160758939735], [-103.5, 31.055078125], [-103.27181919642857, 31.0], [-103.25, 30.99625038359247], [-103.24424367933418, 31.0], [-103.17645923731642, 31.25], [-103.25, 31.415909732680724], [-103.30978151766595, 31.5], [-103.48254420896328, 31.75], [-103.5, 31.759965513255242]], [[-106.90042021780303, 31.0], [-107.0, 31.09594548357664], [-107.25, 31.096881200396826], [-107.27580767706131, 31.0], [-107.29953329127079, 30.75], [-107.25, 30.55257026627219], [-107.18725723870057, 30.5], [-107.0, 30.4150684657271], [-106.75, 30.455430018137847], [-106.60216828208556, 30.5], [-106.5, 30.654076360887096], [-106.47780871035448, 30.75], [-106.5, 30.799820026178008], [-106.75, 30.945452008928573], [-106.90042021780303, 31.0]], [[-114.75, 30.3467809280425], [-114.84100175963067, 30.25], [-114.75, 30.125951072939234], [-114.69070097894166, 30.25], [-114.75, 30.3467809280425]], [[-102.74344515022256, 30.25], [-102.75, 30.2755373916185], [-102.87826434764656, 30.5], [-103.0, 30.528225516944286], [-103.25, 30.524265103603227], [-103.5, 30.553448856829075], [-103.75, 30.644466743119267], [-103.80373283352017, 30.75], [-104.0, 30.93650956587358], [-104.25, 30.84556361607143], [-104.34284294372776, 30.75], [-104.28830891775397, 30.5], [-104.29364380268704, 30.25], [-104.25, 30.159567753820962], [-104.0, 30.026743296030407], [-103.90795330668604, 30.0], [-103.75, 29.96569700915404], [-103.5, 29.952664085545724], [-103.41544386709602, 30.0], [-103.25, 30.081294052071346], [-103.0, 30.15012247796846], [-102.75, 30.24546875], [-102.74344515022256, 30.25]], [[-104.7586209049141, 29.5], [-104.75, 29.489189316132265], [-104.5, 29.41029772384306], [-104.36612002627628, 29.5], [-104.5, 29.566047453703703], [-104.74251556396484, 29.75], [-104.75, 29.75910221199525], [-104.75454032138626, 29.75], [-104.7586209049141, 29.5]], [[-113.75, 29.331935839721876], [-113.81440276415358, 29.25], [-113.75, 29.178989782911003], [-113.63398886154235, 29.25], [-113.75, 29.331935839721876]], [[-101.25, 28.049444373072973], [-101.2913310781787, 28.0], [-101.25, 27.933794438073395], [-101.18724864130435, 28.0], [-101.25, 28.049444373072973]], [[-109.51306439308318, 27.75], [-109.54229594385902, 28.0], [-109.5, 28.09897826318027], [-109.4537254917926, 28.25], [-109.5, 28.347156215809626], [-109.66630859374999, 28.5], [-109.68187754252958, 28.75], [-109.61371978950103, 29.0], [-109.5, 29.167789014570555], [-109.43197771256345, 29.25], [-109.5, 29.339634719899664], [-109.75, 29.257626488095237], [-109.75198213180693, 29.25], [-109.88487815072017, 29.0], [-110.0, 28.840145089285713], [-110.0981565241228, 29.0], [-110.15980736642743, 29.25], [-110.25, 29.401205297459892], [-110.29829963235295, 29.5], [-110.5, 29.63679147273936], [-110.75, 29.748323973559756], [-110.75425593613537, 29.75], [-111.0, 29.92950682814992], [-111.25, 29.837674212257618], [-111.5, 29.948798457278482], [-111.61827256944444, 30.0], [-111.5, 30.157389956225682], [-111.44745964403972, 30.25], [-111.25, 30.34081138959391], [-111.0, 30.460483965355806], [-110.99503258886534, 30.5], [-111.0, 30.511071124081845], [-111.17582951254826, 30.75], [-111.25, 30.81592366592313], [-111.48588321789798, 31.0], [-111.5, 31.050793611550635], [-111.64371967751141, 31.25], [-111.7131941898827, 31.5], [-111.5, 31.641438168774318], [-111.25, 31.634367415048544], [-111.0, 31.694920857747395], [-110.95023437500001, 31.75], [-110.77085467896174, 32.0], [-110.88337678471444, 32.25], [-111.0, 32.46210698828921], [-111.01809870500972, 32.5], [-111.02081137268681, 32.75], [-111.0, 32.801743593477], [-110.75, 32.963088624338624], [-110.69558307332294, 33.0], [-110.75, 33.09689236111112], [-111.0, 33.07968311095506], [-111.09493655401879, 33.25], [-111.12563697200392, 33.5], [-111.25, 33.67342679794521], [-111.29860733695652, 33.75], [-111.5, 33.9306564450078], [-111.61335471788333, 34.0], [-111.54001176075269, 34.25], [-111.60921983449012, 34.5], [-111.70823213229704, 34.75], [-111.75, 34.77862969772424], [-112.0, 34.9197934112363], [-112.2443399234694, 35.0], [-112.25, 35.0021900798636], [-112.5, 35.02007261798089], [-112.55250244140625, 35.0], [-112.5, 34.82679606958762], [-112.45973395270269, 34.75], [-112.25, 34.64708015583554], [-112.20513817253237, 34.5], [-112.1983078387605, 34.25], [-112.25, 34.225196100050404], [-112.5, 34.194983048993876], [-112.67064959294436, 34.25], [-112.75, 34.29529217007435], [-112.92630653014942, 34.5], [-113.0, 34.574168400912995], [-113.25, 34.685063570808936], [-113.34021448478458, 34.75], [-113.5, 34.918038062420784], [-113.58023321184864, 35.0], [-113.66899258309168, 35.25], [-113.56072503167229, 35.5], [-113.5, 35.64916688278008], [-113.45736705043859, 35.75], [-113.5, 35.934096827651516], [-113.51807160477797, 36.0], [-113.75, 36.19543900437637], [-113.7701310955918, 36.25], [-113.79225721153847, 36.5], [-113.75, 36.57722009418049], [-113.5117914244186, 36.75], [-113.5, 36.75866226509112], [-113.25, 36.972158376551945], [-113.22235389357054, 37.0], [-113.25, 37.04506645891631], [-113.45832525213343, 37.25], [-113.5, 37.26241191081331], [-113.75, 37.28968793890449], [-114.0, 37.30021340854633], [-114.25, 37.26424890145849], [-114.3832222465035, 37.25], [-114.5, 37.238991945451545], [-114.60244919478527, 37.25], [-114.75, 37.27846246301775], [-115.0, 37.45536981033453], [-115.25, 37.35308053861789], [-115.42464058195591, 37.25], [-115.5, 37.203634798728814], [-115.75, 37.106182023590684], [-116.0, 37.03167825141652], [-116.06326480263158, 37.0], [-116.25, 36.935113958485736], [-116.5, 36.957095034487615], [-116.75, 36.99530025999459], [-116.77319791666667, 37.0], [-117.0, 37.10848313934949], [-117.25, 37.09496168113102], [-117.46147326995012, 37.0], [-117.5, 36.987728976370136], [-117.70472009661422, 36.75], [-117.62744562957418, 36.5], [-117.52085829683497, 36.25], [-117.59599627664318, 36.0], [-117.75, 35.83709021226415], [-117.8176651946053, 35.75], [-117.98576136057174, 35.5], [-118.0, 35.48402031628329], [-118.1915765919227, 35.25], [-118.25, 35.133037264384924], [-118.31117772011862, 35.0], [-118.38044753959275, 34.75], [-118.25, 34.68967270468219], [-118.0, 34.66338799737237], [-117.75, 34.6540525637666], [-117.51167652027027, 34.5], [-117.5, 34.484801011433596], [-117.25, 34.444499203697944], [-117.15208247669956, 34.5], [-117.0, 34.63209449404762], [-116.75, 34.56846015903025], [-116.64821531911376, 34.5], [-116.5, 34.26108575426439], [-116.49567452683029, 34.25], [-116.5, 34.23923557194617], [-116.55394527602708, 34.0], [-116.60497646242843, 33.75], [-116.54340790328294, 33.5], [-116.5, 33.26617167620866], [-116.4965826219922, 33.25], [-116.44745182966321, 33.0], [-116.25359729964241, 32.75], [-116.25, 32.743076991195224], [-116.07630577451548, 32.5], [-116.0, 32.43607438204289], [-115.83629976814838, 32.25], [-115.75, 32.08548503861004], [-115.70749501111447, 32.0], [-115.56675358858355, 31.75], [-115.5, 31.63449248574466], [-115.35094325728363, 31.5], [-115.25, 31.389284980028194], [-115.03464208180988, 31.5], [-115.0, 31.51493240248227], [-114.75, 31.6695187249499], [-114.57151041666667, 31.75], [-114.5, 31.789630157019705], [-114.42003059766401, 31.75], [-114.25, 31.676111973542117], [-114.0, 31.693842230902778], [-113.75, 31.70154841366158], [-113.5, 31.65126026459854], [-113.25383453698704, 31.5], [-113.25, 31.497677710104643], [-113.01922655773919, 31.25], [-113.0, 31.18944187859885], [-112.90928380629596, 31.0], [-112.80244103958073, 30.75], [-112.75, 30.704406539036995], [-112.56753316233608, 30.5], [-112.5, 30.348197837063317], [-112.41164123894892, 30.25], [-112.42743239557356, 30.0], [-112.47072924405646, 29.75], [-112.25, 29.630104292776434], [-112.15200655395137, 29.5], [-112.06797765313391, 29.25], [-112.01011391383113, 29.0], [-112.0, 28.991726401417527], [-111.75, 28.77772996115819], [-111.7222700388418, 28.75], [-111.5, 28.5695330418578], [-111.41074659592738, 28.5], [-111.25, 28.411935063844087], [-111.07060796977368, 28.25], [-111.0, 28.188511005575727], [-110.75, 28.057203430250304], [-110.65902988470873, 28.0], [-110.5, 27.89653326095539], [-110.35215934437983, 27.75], [-110.26641446481531, 27.5], [-110.25, 27.480274348755835], [-110.05984622485016, 27.25], [-110.0, 27.19118913340695], [-109.77446537125488, 27.0], [-109.75, 26.978896342768476], [-109.5, 26.911174492312988], [-109.25, 26.826508472832053], [-109.08203955233793, 27.0], [-109.07017669989776, 27.25], [-109.13054750930311, 27.5], [-109.25, 27.65246181455095], [-109.5, 27.729387705064195], [-109.51306439308318, 27.75]], [[-99.04767261125654, 24.75], [-99.05066023633258, 24.5], [-99.0, 24.43458869485294], [-98.75, 24.368829853793468], [-98.58424704560586, 24.5], [-98.61737220884413, 24.75], [-98.75, 24.79789657285161], [-99.0, 24.816788279339853], [-99.04767261125654, 24.75]], [[-118.5, 42.92030939980159], [-118.75, 42.821299913194444], [-119.0, 42.75575353172765], [-119.00889819126074, 42.75], [-119.1638671875, 42.5], [-119.0, 42.39019209085052], [-118.86768487965838, 42.5], [-118.75, 42.649044370698135], [-118.5, 42.68669916113569], [-118.44560460234474, 42.75], [-118.5, 42.92030939980159]], [[-118.4211021807554, 46.25], [-118.25, 46.40327520810956], [-118.0, 46.47026675312678], [-117.83396577380952, 46.5], [-117.75, 46.57688726380814], [-117.58365703561452, 46.75], [-117.71980660860656, 47.0], [-117.75, 47.040928819444446], [-117.98230131172839, 47.25], [-118.0, 47.26064549814357], [-118.25, 47.290549207089555], [-118.5, 47.37469203838174], [-118.57763295308483, 47.5], [-118.75, 47.69157366071428], [-119.0, 47.70000163100209], [-119.25, 47.60657783141963], [-119.34723958333333, 47.5], [-119.5, 47.360280106707314], [-119.59200694949128, 47.25], [-119.69843885633681, 47.0], [-119.5424431582226, 46.75], [-119.5, 46.66338718220339], [-119.42312724282297, 46.5], [-119.42748895615183, 46.25], [-119.5, 46.17197403169014], [-119.71960712679856, 46.0], [-119.70222800925926, 45.75], [-119.5, 45.7237239833975], [-119.25, 45.72119717789598], [-119.11562212775735, 45.75], [-119.0, 45.82633305521845], [-118.75, 45.96687365172579], [-118.69643289728683, 46.0], [-118.5, 46.164544439935064], [-118.4211021807554, 46.25]]], [[[-102.0, 37.03862847222222], [-101.98206747006448, 37.0], [-102.0, 36.85100446428572], [-102.0568875718391, 36.75], [-102.25, 36.640904017857146], [-102.36831536091549, 36.75], [-102.45503880033557, 37.0], [-102.25, 37.17971047794117], [-102.0, 37.03862847222222]]], [[[-103.89900008491847, 37.75], [-104.0, 37.830298069133136], [-104.25, 37.970629222972974], [-104.27681049547698, 38.0], [-104.25, 38.16139387376237], [-104.0, 38.23447994402985], [-103.896015625, 38.25], [-103.75, 38.25633267375041], [-103.72438322368421, 38.25], [-103.5, 38.16651538022193], [-103.25, 38.03193157033806], [-103.21218846849173, 38.0], [-103.14032494984237, 37.75], [-103.25, 37.68836078447165], [-103.5, 37.620384470961284], [-103.75, 37.62594563065611], [-103.89900008491847, 37.75]]], [[[-108.0, 38.73568830818965], [-108.0219017974934, 38.75], [-108.0, 38.75857518724173], [-107.99229268221913, 38.75], [-108.0, 38.73568830818965]]], [[[-109.75, 40.306390994822486], [-109.5, 40.354902626811594], [-109.3068276589482, 40.25], [-109.31106644417476, 40.0], [-109.5, 39.92344549075531], [-109.75, 39.89718811142004], [-109.94782172577769, 40.0], [-109.89571984900613, 40.25], [-109.75, 40.306390994822486]]], [[[-104.78988365667976, 40.5], [-104.75, 40.53446652164686], [-104.5, 40.510081399700596], [-104.44260475852273, 40.5], [-104.25, 40.378934151785714], [-104.0, 40.33872427591463], [-103.83365271226415, 40.5], [-103.75, 40.547165890957444], [-103.6169921875, 40.5], [-103.7091163429054, 40.25], [-103.75, 40.234160258507856], [-104.0, 40.103022411616166], [-104.25, 40.15081988324176], [-104.5, 40.09206039186508], [-104.57459555868166, 40.0], [-104.73411542747164, 39.75], [-104.75, 39.74021878118762], [-104.76731586793287, 39.75], [-104.82618824196928, 40.0], [-104.86017507530121, 40.25], [-104.78988365667976, 40.5]]], [[[-104.25, 43.60378058381783], [-104.17239017210144, 43.5], [-104.25, 43.278715779958674], [-104.5, 43.36328125], [-104.60861545138889, 43.5], [-104.5, 43.54056178682573], [-104.25, 43.60378058381783]]], [[[-107.9441580102573, 44.25], [-107.84693928006328, 44.0], [-108.0, 43.85912469660194], [-108.16990815281031, 44.0], [-108.15412817898272, 44.25], [-108.0, 44.41255218876518], [-107.9441580102573, 44.25]]], [[[-108.5, 45.72748947143555], [-108.75, 45.721691087062254], [-108.79422729863222, 45.75], [-108.75, 45.83410856213873], [-108.55738779362416, 46.0], [-108.5, 46.03263656965649], [-108.25, 46.1413337953629], [-108.15306036420864, 46.25], [-108.25, 46.381459603658534], [-108.5, 46.47245788574219], [-108.73502604166667, 46.5], [-108.52852126579423, 46.75], [-108.54401331824512, 47.0], [-108.75, 47.158349504817984], [-108.8629308212401, 47.25], [-109.0, 47.360295581210195], [-109.25, 47.49055854512448], [-109.5, 47.46208871221663], [-109.75, 47.476241837686565], [-109.86506965361446, 47.5], [-110.0, 47.53404017857143], [-110.25, 47.6021728515625], [-110.5, 47.59402067764945], [-110.75, 47.59139055774749], [-110.92262660907859, 47.5], [-111.0, 47.47638479631927], [-111.25, 47.43718186748998], [-111.5, 47.46452675065445], [-111.75, 47.41151627945026], [-111.908203125, 47.25], [-112.0, 47.117404513888886], [-112.03925524259868, 47.25], [-112.10000241873065, 47.5], [-112.0, 47.68352716619318], [-111.75, 47.72384623344371], [-111.72452116935483, 47.75], [-111.5, 47.93316200657895], [-111.45766927083332, 48.0], [-111.25, 48.20976694023569], [-111.19827178030303, 48.25], [-111.0, 48.32339868790064], [-110.75, 48.42582637169967], [-110.62157366071429, 48.5], [-110.5, 48.586135184716596], [-110.29454513007613, 48.75], [-110.25, 48.78979768990929], [-110.0, 48.88156922440293], [-109.75, 48.839700283666765], [-109.55841438137756, 48.75], [-109.75, 48.54021909916201], [-109.76617801966293, 48.5], [-110.0, 48.296775817871094], [-110.07043887867647, 48.25], [-110.0, 48.18680944920844], [-109.8101855730563, 48.0], [-109.75, 47.825975048449614], [-109.5, 47.77854623367537], [-109.26092529296875, 47.75], [-109.25, 47.716703869047606], [-109.0, 47.68328908426184], [-108.75, 47.70152994791667], [-108.5, 47.734385702054794], [-108.48323759191177, 47.75], [-108.27603781434911, 48.0], [-108.5, 48.225967817164175], [-108.55876482664235, 48.25], [-108.75, 48.368014498873876], [-108.99622505252101, 48.5], [-108.75, 48.53392766681141], [-108.63686957046332, 48.5], [-108.5, 48.29626885775862], [-108.38498883928571, 48.25], [-108.25, 48.12055864726027], [-108.16250723379629, 48.25], [-108.0, 48.28482297867063], [-107.75, 48.30073231993737], [-107.5, 48.27546745600414], [-107.31362452651516, 48.25], [-107.25, 48.22951600609756], [-107.0, 48.072033570544555], [-106.91286957335329, 48.0], [-106.88159029907976, 47.75], [-107.0, 47.544672539893625], [-107.02978169326241, 47.5], [-107.25, 47.307138004658384], [-107.30168100421349, 47.25], [-107.40906613372093, 47.0], [-107.2574485636646, 46.75], [-107.25, 46.745962226430976], [-107.0, 46.680680614406775], [-106.75, 46.55239470108695], [-106.7006115522541, 46.5], [-106.75, 46.43113839285715], [-106.91510009765625, 46.25], [-107.0, 46.20395259533898], [-107.23594515931373, 46.0], [-107.25, 45.98383164943609], [-107.5, 45.77838134765625], [-107.54865373883929, 45.75], [-107.74955060840708, 45.5], [-107.75, 45.49995924458266], [-107.75010016025641, 45.5], [-108.0, 45.728286880630634], [-108.25, 45.73749923706055], [-108.5, 45.72748947143555]]]]}}, {"id": "6", "type": "Feature", "properties": {"min_value": 40.0, "max_value": 45.0, "color": "#e34613"}, "geometry": {"type": "MultiPolygon", "coordinates": [[[[-113.63398886154235, 29.25], [-113.75, 29.178989782911003], [-113.81440276415358, 29.25], [-113.75, 29.331935839721876], [-113.63398886154235, 29.25]]], [[[-114.69070097894166, 30.25], [-114.75, 30.125951072939234], [-114.84100175963067, 30.25], [-114.75, 30.3467809280425], [-114.69070097894166, 30.25]]], [[[-109.77446537125488, 27.0], [-110.0, 27.19118913340695], [-110.05984622485016, 27.25], [-110.25, 27.480274348755835], [-110.26641446481531, 27.5], [-110.35215934437983, 27.75], [-110.5, 27.89653326095539], [-110.65902988470873, 28.0], [-110.75, 28.057203430250304], [-111.0, 28.188511005575727], [-111.07060796977368, 28.25], [-111.25, 28.411935063844087], [-111.41074659592738, 28.5], [-111.5, 28.5695330418578], [-111.7222700388418, 28.75], [-111.75, 28.77772996115819], [-112.0, 28.991726401417527], [-112.01011391383113, 29.0], [-112.06797765313391, 29.25], [-112.15200655395137, 29.5], [-112.25, 29.630104292776434], [-112.47072924405646, 29.75], [-112.42743239557356, 30.0], [-112.41164123894892, 30.25], [-112.5, 30.348197837063317], [-112.56753316233608, 30.5], [-112.75, 30.704406539036995], [-112.80244103958073, 30.75], [-112.90928380629596, 31.0], [-113.0, 31.18944187859885], [-113.01922655773919, 31.25], [-113.25, 31.497677710104643], [-113.25383453698704, 31.5], [-113.5, 31.65126026459854], [-113.75, 31.70154841366158], [-114.0, 31.693842230902778], [-114.25, 31.676111973542117], [-114.42003059766401, 31.75], [-114.5, 31.789630157019705], [-114.57151041666667, 31.75], [-114.75, 31.6695187249499], [-115.0, 31.51493240248227], [-115.03464208180988, 31.5], [-115.25, 31.389284980028194], [-115.35094325728363, 31.5], [-115.5, 31.63449248574466], [-115.56675358858355, 31.75], [-115.70749501111447, 32.0], [-115.75, 32.08548503861004], [-115.83629976814838, 32.25], [-116.0, 32.43607438204289], [-116.07630577451548, 32.5], [-116.25, 32.743076991195224], [-116.25359729964241, 32.75], [-116.44745182966321, 33.0], [-116.4965826219922, 33.25], [-116.5, 33.26617167620866], [-116.54340790328294, 33.5], [-116.60497646242843, 33.75], [-116.55394527602708, 34.0], [-116.5, 34.23923557194617], [-116.49567452683029, 34.25], [-116.5, 34.26108575426439], [-116.64821531911376, 34.5], [-116.75, 34.56846015903025], [-117.0, 34.63209449404762], [-117.15208247669956, 34.5], [-117.25, 34.444499203697944], [-117.5, 34.484801011433596], [-117.51167652027027, 34.5], [-117.75, 34.6540525637666], [-118.0, 34.66338799737237], [-118.25, 34.68967270468219], [-118.38044753959275, 34.75], [-118.31117772011862, 35.0], [-118.25, 35.133037264384924], [-118.1915765919227, 35.25], [-118.0, 35.48402031628329], [-117.98576136057174, 35.5], [-117.8176651946053, 35.75], [-117.75, 35.83709021226415], [-117.59599627664318, 36.0], [-117.52085829683497, 36.25], [-117.62744562957418, 36.5], [-117.70472009661422, 36.75], [-117.5, 36.987728976370136], [-117.46147326995012, 37.0], [-117.25, 37.09496168113102], [-117.0, 37.10848313934949], [-116.77319791666667, 37.0], [-116.75, 36.99530025999459], [-116.5, 36.957095034487615], [-116.25, 36.935113958485736], [-116.06326480263158, 37.0], [-116.0, 37.03167825141652], [-115.75, 37.106182023590684], [-115.5, 37.203634798728814], [-115.42464058195591, 37.25], [-115.25, 37.35308053861789], [-115.0, 37.45536981033453], [-114.75, 37.27846246301775], [-114.60244919478527, 37.25], [-114.5, 37.238991945451545], [-114.3832222465035, 37.25], [-114.25, 37.26424890145849], [-114.0, 37.30021340854633], [-113.75, 37.28968793890449], [-113.5, 37.26241191081331], [-113.45832525213343, 37.25], [-113.25, 37.04506645891631], [-113.22235389357054, 37.0], [-113.25, 36.972158376551945], [-113.5, 36.75866226509112], [-113.5117914244186, 36.75], [-113.75, 36.57722009418049], [-113.79225721153847, 36.5], [-113.7701310955918, 36.25], [-113.75, 36.19543900437637], [-113.51807160477797, 36.0], [-113.5, 35.934096827651516], [-113.45736705043859, 35.75], [-113.5, 35.64916688278008], [-113.56072503167229, 35.5], [-113.66899258309168, 35.25], [-113.58023321184864, 35.0], [-113.5, 34.918038062420784], [-113.34021448478458, 34.75], [-113.25, 34.685063570808936], [-113.0, 34.574168400912995], [-112.92630653014942, 34.5], [-112.75, 34.29529217007435], [-112.67064959294436, 34.25], [-112.5, 34.194983048993876], [-112.25, 34.225196100050404], [-112.1983078387605, 34.25], [-112.20513817253237, 34.5], [-112.25, 34.64708015583554], [-112.45973395270269, 34.75], [-112.5, 34.82679606958762], [-112.55250244140625, 35.0], [-112.5, 35.02007261798089], [-112.25, 35.0021900798636], [-112.2443399234694, 35.0], [-112.0, 34.9197934112363], [-111.75, 34.77862969772424], [-111.70823213229704, 34.75], [-111.60921983449012, 34.5], [-111.54001176075269, 34.25], [-111.61335471788333, 34.0], [-111.5, 33.9306564450078], [-111.29860733695652, 33.75], [-111.25, 33.67342679794521], [-111.12563697200392, 33.5], [-111.09493655401879, 33.25], [-111.0, 33.07968311095506], [-110.75, 33.09689236111112], [-110.69558307332294, 33.0], [-110.75, 32.963088624338624], [-111.0, 32.801743593477], [-111.02081137268681, 32.75], [-111.01809870500972, 32.5], [-111.0, 32.46210698828921], [-110.88337678471444, 32.25], [-110.77085467896174, 32.0], [-110.95023437500001, 31.75], [-111.0, 31.694920857747395], [-111.25, 31.634367415048544], [-111.5, 31.641438168774318], [-111.7131941898827, 31.5], [-111.64371967751141, 31.25], [-111.5, 31.050793611550635], [-111.48588321789798, 31.0], [-111.25, 30.81592366592313], [-111.17582951254826, 30.75], [-111.0, 30.511071124081845], [-110.99503258886534, 30.5], [-111.0, 30.460483965355806], [-111.25, 30.34081138959391], [-111.44745964403972, 30.25], [-111.5, 30.157389956225682], [-111.61827256944444, 30.0], [-111.5, 29.948798457278482], [-111.25, 29.837674212257618], [-111.0, 29.92950682814992], [-110.75425593613537, 29.75], [-110.75, 29.748323973559756], [-110.5, 29.63679147273936], [-110.29829963235295, 29.5], [-110.25, 29.401205297459892], [-110.15980736642743, 29.25], [-110.0981565241228, 29.0], [-110.0, 28.840145089285713], [-109.88487815072017, 29.0], [-109.75198213180693, 29.25], [-109.75, 29.257626488095237], [-109.5, 29.339634719899664], [-109.43197771256345, 29.25], [-109.5, 29.167789014570555], [-109.61371978950103, 29.0], [-109.68187754252958, 28.75], [-109.66630859374999, 28.5], [-109.5, 28.347156215809626], [-109.4537254917926, 28.25], [-109.5, 28.09897826318027], [-109.54229594385902, 28.0], [-109.51306439308318, 27.75], [-109.5, 27.729387705064195], [-109.25, 27.65246181455095], [-109.13054750930311, 27.5], [-109.07017669989776, 27.25], [-109.08203955233793, 27.0], [-109.25, 26.826508472832053], [-109.5, 26.911174492312988], [-109.75, 26.978896342768476], [-109.77446537125488, 27.0]], [[-114.0, 32.5180802198647], [-113.88333953373017, 32.5], [-113.75, 32.475580259811046], [-113.5, 32.41903903831269], [-113.25, 32.43632737810707], [-113.16975715361446, 32.5], [-113.02062174752392, 32.75], [-113.0, 32.78664789677804], [-112.77253299936388, 33.0], [-112.75, 33.064638458029194], [-112.5, 33.233523367117115], [-112.38007172131147, 33.25], [-112.25, 33.281967667203865], [-112.0, 33.28698511419249], [-111.94985479070661, 33.5], [-112.0, 33.53267720845846], [-112.25, 33.618053283158815], [-112.5, 33.56048257458848], [-112.75, 33.55721689356436], [-113.0, 33.50387925518301], [-113.25, 33.513689463678205], [-113.5, 33.515059267241384], [-113.59777285447763, 33.5], [-113.72112951144366, 33.25], [-113.75, 33.23509232954545], [-114.0, 33.110214661214954], [-114.25, 33.12648844098513], [-114.33541030687661, 33.25], [-114.25, 33.42170340762274], [-114.17047039041995, 33.5], [-114.0, 33.6893563228863], [-113.95929397015655, 33.75], [-113.81195299629324, 34.0], [-113.79470408048562, 34.25], [-114.0, 34.475026182848694], [-114.01520308280828, 34.5], [-114.1992636891593, 34.75], [-114.25, 34.80676438737624], [-114.44171706164047, 35.0], [-114.5, 35.079135753584524], [-114.75, 35.14593313575837], [-114.84095711032388, 35.0], [-114.90349104020979, 34.75], [-115.0, 34.5232265991784], [-115.25, 34.54562927977501], [-115.5, 34.506164889129906], [-115.53545131670131, 34.5], [-115.64488194924033, 34.25], [-115.5, 34.00260723761792], [-115.49799005681818, 34.0], [-115.34164130898996, 33.75], [-115.39762190934066, 33.5], [-115.5, 33.45598548228347], [-115.62386437618372, 33.25], [-115.75, 33.183612002367454], [-116.0, 33.16527040009042], [-116.06522357270295, 33.0], [-116.0, 32.87785562145005], [-115.94431433716531, 32.75], [-115.75, 32.563995246552444], [-115.65329996316565, 32.5], [-115.5232320410675, 32.25], [-115.5, 32.184623359460446], [-115.25, 32.018131370708154], [-115.0, 32.00786458333333], [-114.75, 32.165205320247935], [-114.56743494217082, 32.25], [-114.5, 32.296904006806926], [-114.31137751436782, 32.5], [-114.25, 32.534055125956634], [-114.0, 32.5180802198647]], [[-116.27486127336448, 35.0], [-116.25, 34.978854083863276], [-116.0319544057377, 35.0], [-116.06947220203489, 35.25], [-116.25, 35.34703369140625], [-116.30814753043072, 35.25], [-116.27486127336448, 35.0]], [[-115.25, 35.21671931407943], [-115.22611428130784, 35.25], [-115.25, 35.29336777553763], [-115.3669044384058, 35.25], [-115.25, 35.21671931407943]], [[-114.59312463213655, 36.5], [-114.6745107435806, 36.25], [-114.5, 36.1027450722239], [-114.25, 36.21883775189957], [-114.23083930022344, 36.25], [-114.22997564163498, 36.5], [-114.25, 36.54297353121175], [-114.5, 36.61983242867963], [-114.59312463213655, 36.5]], [[-115.75, 36.62126829200179], [-115.8633660975355, 36.5], [-115.86842504122612, 36.25], [-115.75, 36.095950315457415], [-115.5, 36.209132516217565], [-115.46360069444445, 36.25], [-115.34619926766547, 36.5], [-115.5, 36.691907610212056], [-115.75, 36.62126829200179]], [[-116.89560105213567, 36.5], [-117.0, 36.609922701719576], [-117.05042570540049, 36.5], [-117.0, 36.44831992381841], [-116.89560105213567, 36.5]], [[-116.76399170310016, 35.75], [-116.75, 35.74060749066169], [-116.5, 35.63983060970948], [-116.25, 35.59305935123574], [-116.16176937207749, 35.75], [-116.25, 35.964975992838546], [-116.5, 35.97376019021739], [-116.75, 35.77167680110838], [-116.76399170310016, 35.75]]], [[[-109.51088150777552, 32.75], [-109.5, 32.764167033450704], [-109.25, 32.776989642351275], [-109.18286663241338, 32.75], [-109.02628707039912, 32.5], [-109.25, 32.26912006578948], [-109.5, 32.43029553629823], [-109.52443611716153, 32.5], [-109.51088150777552, 32.75]]], [[[-110.68853849085366, 33.75], [-110.5, 33.87610241639478], [-110.4239633284151, 33.75], [-110.49560474026855, 33.5], [-110.42311789772728, 33.25], [-110.5, 33.153751226391954], [-110.646858626497, 33.25], [-110.54451407967034, 33.5], [-110.68853849085366, 33.75]]], [[[-117.48868522369604, 34.0], [-117.5, 33.99105118687767], [-117.50761163415004, 34.0], [-117.5, 34.0175298241031], [-117.48868522369604, 34.0]]], [[[-120.75323239555256, 36.0], [-121.0, 35.949447387493095], [-121.11429560705369, 36.0], [-121.0, 36.22060429216867], [-120.75323239555256, 36.0]]], [[[-119.75, 35.140390895864286], [-120.0, 35.24232314945584], [-120.0123802585745, 35.25], [-120.24320261101974, 35.5], [-120.25, 35.5118758979885], [-120.42074283138736, 35.75], [-120.5, 35.86335799361493], [-120.74576247791519, 36.0], [-120.73887863083417, 36.25], [-120.75, 36.275110355941706], [-120.83791566232058, 36.5], [-120.85034193582811, 36.75], [-121.0, 36.97115157169891], [-121.0396082924365, 37.0], [-121.25, 37.0964974346243], [-121.4667778842558, 37.25], [-121.4759552146979, 37.5], [-121.354122185559, 37.75], [-121.43151177300348, 38.0], [-121.5, 38.03825842526367], [-121.75, 38.158534573015295], [-122.0, 38.22556818181818], [-122.06169621394231, 38.25], [-122.25, 38.34791796875], [-122.40858397419187, 38.5], [-122.5, 38.638715140427216], [-122.55422670104086, 38.75], [-122.52839023344272, 39.0], [-122.62456974023331, 39.25], [-122.63487901858383, 39.5], [-122.61595625739207, 39.75], [-122.5834396087725, 40.0], [-122.65921364886444, 40.25], [-122.59708698168276, 40.5], [-122.5, 40.59747941087308], [-122.25, 40.69476451898327], [-122.0601229218946, 40.5], [-122.0, 40.434627600613915], [-121.94405455508475, 40.25], [-121.80230207814057, 40.0], [-121.75, 39.93393075015743], [-121.58553939681869, 39.75], [-121.5, 39.638623190065985], [-121.32589131560773, 39.5], [-121.25, 39.41405842674661], [-121.12756262159533, 39.25], [-121.0, 39.115860909369886], [-120.93362305145335, 39.0], [-120.84613587056869, 38.75], [-120.86397536057692, 38.5], [-120.75, 38.31244560917722], [-120.6809075192577, 38.25], [-120.53987280845486, 38.0], [-120.5, 37.96770487723955], [-120.25, 37.763898745316226], [-120.2391483820922, 37.75], [-120.0, 37.56831938644935], [-119.95268627565298, 37.5], [-119.75, 37.32346466728957], [-119.64074394333011, 37.25], [-119.5, 37.11113532725322], [-119.39032904411765, 37.0], [-119.25, 36.843711101284065], [-119.19289339468222, 36.75], [-119.0, 36.51663476864374], [-118.99274766261661, 36.5], [-118.91801840572035, 36.25], [-118.88109547807356, 36.0], [-118.83141350182639, 35.75], [-118.79372288100333, 35.5], [-118.98988426296415, 35.25], [-119.0, 35.24247581845238], [-119.25, 35.11653592205519], [-119.5, 35.09674162413119], [-119.75, 35.140390895864286]], [[-119.24385180504494, 36.5], [-119.25, 36.50790067257218], [-119.49286425421275, 36.75], [-119.5, 36.758056350326996], [-119.75, 36.7869873046875], [-119.7643756325911, 36.75], [-119.90994122706422, 36.5], [-120.0, 36.32778234649123], [-120.02458554759704, 36.25], [-120.0, 36.18981546945702], [-119.90106316332547, 36.0], [-119.75, 35.80765531156156], [-119.70038961563307, 35.75], [-119.5, 35.61052017760791], [-119.2975175424282, 35.75], [-119.25, 35.79183728448275], [-119.16560970992545, 36.0], [-119.18018444005398, 36.25], [-119.24385180504494, 36.5]], [[-121.96772088157071, 39.75], [-122.0, 39.79371358580509], [-122.07653120363501, 39.75], [-122.16470121247113, 39.5], [-122.18513072620739, 39.25], [-122.07107495952822, 39.0], [-122.0, 38.8528122006705], [-121.75, 38.83270371835443], [-121.65757757867132, 39.0], [-121.75, 39.135413998463115], [-121.8250576761745, 39.25], [-121.91455113227893, 39.5], [-121.96772088157071, 39.75]]], [[[-119.71960712679856, 46.0], [-119.5, 46.17197403169014], [-119.42748895615183, 46.25], [-119.42312724282297, 46.5], [-119.5, 46.66338718220339], [-119.5424431582226, 46.75], [-119.69843885633681, 47.0], [-119.59200694949128, 47.25], [-119.5, 47.360280106707314], [-119.34723958333333, 47.5], [-119.25, 47.60657783141963], [-119.0, 47.70000163100209], [-118.75, 47.69157366071428], [-118.57763295308483, 47.5], [-118.5, 47.37469203838174], [-118.25, 47.290549207089555], [-118.0, 47.26064549814357], [-117.98230131172839, 47.25], [-117.75, 47.040928819444446], [-117.71980660860656, 47.0], [-117.58365703561452, 46.75], [-117.75, 46.57688726380814], [-117.83396577380952, 46.5], [-118.0, 46.47026675312678], [-118.25, 46.40327520810956], [-118.4211021807554, 46.25], [-118.5, 46.164544439935064], [-118.69643289728683, 46.0], [-118.75, 45.96687365172579], [-119.0, 45.82633305521845], [-119.11562212775735, 45.75], [-119.25, 45.72119717789598], [-119.5, 45.7237239833975], [-119.70222800925926, 45.75], [-119.71960712679856, 46.0]]], [[[-101.18724864130435, 28.0], [-101.25, 27.933794438073395], [-101.2913310781787, 28.0], [-101.25, 28.049444373072973], [-101.18724864130435, 28.0]]], [[[-104.75454032138626, 29.75], [-104.75, 29.75910221199525], [-104.74251556396484, 29.75], [-104.5, 29.566047453703703], [-104.36612002627628, 29.5], [-104.5, 29.41029772384306], [-104.75, 29.489189316132265], [-104.7586209049141, 29.5], [-104.75454032138626, 29.75]]], [[[-100.33396209600761, 28.0], [-100.5, 28.141779119318183], [-100.59033070799458, 28.25], [-100.75, 28.458006950573697], [-100.77625724337747, 28.5], [-100.78472349596478, 28.75], [-100.75, 28.909892314189186], [-100.68768253504672, 29.0], [-100.5, 29.1255126953125], [-100.25, 29.18682015117994], [-100.0, 29.187053274601062], [-99.75, 29.1431436283455], [-99.5, 29.088227818853976], [-99.25, 29.03435794420861], [-99.0, 29.05037615740741], [-98.75, 29.02275719803371], [-98.54775390625, 29.25], [-98.5, 29.2691927279578], [-98.25, 29.350889278557116], [-98.13154565612918, 29.5], [-98.0, 29.73398311084142], [-97.9847422928709, 29.75], [-97.93356892213983, 30.0], [-97.75, 30.210621771498026], [-97.62442466085271, 30.25], [-97.58039726307189, 30.5], [-97.5, 30.64471507352941], [-97.45655719053399, 30.75], [-97.43955243644068, 31.0], [-97.25, 31.187434532122904], [-97.0, 31.220479910714285], [-96.94918673155738, 31.25], [-96.89790296052632, 31.5], [-97.0, 31.58867857142857], [-97.19018075980392, 31.5], [-97.25, 31.446477521929825], [-97.27007092927632, 31.5], [-97.36126345198676, 31.75], [-97.43926696284329, 32.0], [-97.25, 32.197899070945944], [-97.194921875, 32.25], [-97.0, 32.379947916666666], [-96.97188868143188, 32.25], [-96.89590498114045, 32.0], [-96.90481709372892, 31.75], [-96.75, 31.58216831140351], [-96.5, 31.690355445906434], [-96.25, 31.579887576219512], [-96.14082031250001, 31.5], [-96.25, 31.470223721590912], [-96.5, 31.307391826923077], [-96.57131778492646, 31.25], [-96.5, 31.15935309579439], [-96.44464032061688, 31.0], [-96.29534580910853, 30.75], [-96.25, 30.65859985351562], [-96.18940065298507, 30.5], [-96.25, 30.33759375], [-96.5, 30.282153799019607], [-96.59533975290697, 30.25], [-96.75, 30.137281514830505], [-96.94999035493827, 30.0], [-96.75, 29.893688474159145], [-96.69558675054364, 29.75], [-96.5, 29.602726608187133], [-96.25, 29.527824687738974], [-96.21655752144608, 29.5], [-96.09680215032154, 29.25], [-96.25, 29.195173151611048], [-96.5, 29.218648726851853], [-96.75, 29.179846290650406], [-97.0, 29.13838287601626], [-97.25, 29.120533795400814], [-97.5, 29.07952111383109], [-97.75, 29.07591700473293], [-97.87361238532111, 29.0], [-98.0, 28.90034541377315], [-98.21722146739131, 28.75], [-98.25, 28.690959149096386], [-98.5, 28.540057259316768], [-98.75, 28.506501498287673], [-98.7653099798387, 28.5], [-99.0, 28.396802969858154], [-99.15666390728477, 28.25], [-99.25, 28.215456495098042], [-99.5, 28.030888079073485], [-99.56360505756578, 28.0], [-99.75, 27.878403299356226], [-100.0, 27.81910309163701], [-100.25, 27.915069110576923], [-100.33396209600761, 28.0]]], [[[-107.25, 30.55257026627219], [-107.29953329127079, 30.75], [-107.27580767706131, 31.0], [-107.25, 31.096881200396826], [-107.0, 31.09594548357664], [-106.90042021780303, 31.0], [-106.75, 30.945452008928573], [-106.5, 30.799820026178008], [-106.47780871035448, 30.75], [-106.5, 30.654076360887096], [-106.60216828208556, 30.5], [-106.75, 30.455430018137847], [-107.0, 30.4150684657271], [-107.18725723870057, 30.5], [-107.25, 30.55257026627219]]], [[[-95.75, 31.799097033514496], [-95.70600395698051, 31.75], [-95.72064012096774, 31.5], [-95.75, 31.48612566692073], [-95.83751502403845, 31.5], [-95.99197823660714, 31.75], [-95.75, 31.799097033514496]]], [[[-103.75, 31.221160758939735], [-103.7864616266203, 31.25], [-103.9595173565484, 31.5], [-104.0, 31.629080831005584], [-104.02499368504618, 31.75], [-104.12473253383757, 32.0], [-104.25, 32.19716282894737], [-104.26235757986518, 32.25], [-104.25, 32.47915251358695], [-104.0, 32.40860972351301], [-103.8575425187813, 32.25], [-103.75, 32.08180687010444], [-103.71534067339601, 32.0], [-103.5, 31.759965513255242], [-103.48254420896328, 31.75], [-103.30978151766595, 31.5], [-103.25, 31.415909732680724], [-103.17645923731642, 31.25], [-103.24424367933418, 31.0], [-103.25, 30.99625038359247], [-103.27181919642857, 31.0], [-103.5, 31.055078125], [-103.75, 31.221160758939735]]], [[[-98.75, 32.91092936197917], [-98.96376953125, 33.0], [-98.75, 33.07185530462185], [-98.5, 33.085274832589285], [-98.35076904296875, 33.0], [-98.25, 32.93798828125], [-98.1103515625, 32.75], [-98.0607349537037, 32.5], [-98.25, 32.38744149229075], [-98.41274382961782, 32.5], [-98.5, 32.615119485294116], [-98.62738715277777, 32.75], [-98.75, 32.91092936197917]]], [[[-98.25, 33.75659013605443], [-98.23782655423281, 33.75], [-98.25, 33.71565998134328], [-98.5, 33.709727599557525], [-98.52031598772322, 33.75], [-98.5, 33.778621265723274], [-98.25, 33.75659013605443]]]]}}, {"id": "7", "type": "Feature", "properties": {"min_value": 45.0, "max_value": 48.592437744140625, "color": "#c92d0c"}, "geometry": {"type": "MultiPolygon", "coordinates": [[[[-115.0, 32.00786458333333], [-115.25, 32.018131370708154], [-115.5, 32.184623359460446], [-115.5232320410675, 32.25], [-115.65329996316565, 32.5], [-115.75, 32.563995246552444], [-115.94431433716531, 32.75], [-116.0, 32.87785562145005], [-116.06522357270295, 33.0], [-116.0, 33.16527040009042], [-115.75, 33.183612002367454], [-115.62386437618372, 33.25], [-115.5, 33.45598548228347], [-115.39762190934066, 33.5], [-115.34164130898996, 33.75], [-115.49799005681818, 34.0], [-115.5, 34.00260723761792], [-115.64488194924033, 34.25], [-115.53545131670131, 34.5], [-115.5, 34.506164889129906], [-115.25, 34.54562927977501], [-115.0, 34.5232265991784], [-114.90349104020979, 34.75], [-114.84095711032388, 35.0], [-114.75, 35.14593313575837], [-114.5, 35.079135753584524], [-114.44171706164047, 35.0], [-114.25, 34.80676438737624], [-114.1992636891593, 34.75], [-114.01520308280828, 34.5], [-114.0, 34.475026182848694], [-113.79470408048562, 34.25], [-113.81195299629324, 34.0], [-113.95929397015655, 33.75], [-114.0, 33.6893563228863], [-114.17047039041995, 33.5], [-114.25, 33.42170340762274], [-114.33541030687661, 33.25], [-114.25, 33.12648844098513], [-114.0, 33.110214661214954], [-113.75, 33.23509232954545], [-113.72112951144366, 33.25], [-113.59777285447763, 33.5], [-113.5, 33.515059267241384], [-113.25, 33.513689463678205], [-113.0, 33.50387925518301], [-112.75, 33.55721689356436], [-112.5, 33.56048257458848], [-112.25, 33.618053283158815], [-112.0, 33.53267720845846], [-111.94985479070661, 33.5], [-112.0, 33.28698511419249], [-112.25, 33.281967667203865], [-112.38007172131147, 33.25], [-112.5, 33.233523367117115], [-112.75, 33.064638458029194], [-112.77253299936388, 33.0], [-113.0, 32.78664789677804], [-113.02062174752392, 32.75], [-113.16975715361446, 32.5], [-113.25, 32.43632737810707], [-113.5, 32.41903903831269], [-113.75, 32.475580259811046], [-113.88333953373017, 32.5], [-114.0, 32.5180802198647], [-114.25, 32.534055125956634], [-114.31137751436782, 32.5], [-114.5, 32.296904006806926], [-114.56743494217082, 32.25], [-114.75, 32.165205320247935], [-115.0, 32.00786458333333]]], [[[-116.30814753043072, 35.25], [-116.25, 35.34703369140625], [-116.06947220203489, 35.25], [-116.0319544057377, 35.0], [-116.25, 34.978854083863276], [-116.27486127336448, 35.0], [-116.30814753043072, 35.25]]], [[[-116.75, 35.74060749066169], [-116.76399170310016, 35.75], [-116.75, 35.77167680110838], [-116.5, 35.97376019021739], [-116.25, 35.964975992838546], [-116.16176937207749, 35.75], [-116.25, 35.59305935123574], [-116.5, 35.63983060970948], [-116.75, 35.74060749066169]]], [[[-119.75, 35.80765531156156], [-119.90106316332547, 36.0], [-120.0, 36.18981546945702], [-120.02458554759704, 36.25], [-120.0, 36.32778234649123], [-119.90994122706422, 36.5], [-119.7643756325911, 36.75], [-119.75, 36.7869873046875], [-119.5, 36.758056350326996], [-119.49286425421275, 36.75], [-119.25, 36.50790067257218], [-119.24385180504494, 36.5], [-119.18018444005398, 36.25], [-119.16560970992545, 36.0], [-119.25, 35.79183728448275], [-119.2975175424282, 35.75], [-119.5, 35.61052017760791], [-119.70038961563307, 35.75], [-119.75, 35.80765531156156]]], [[[-114.6745107435806, 36.25], [-114.59312463213655, 36.5], [-114.5, 36.61983242867963], [-114.25, 36.54297353121175], [-114.22997564163498, 36.5], [-114.23083930022344, 36.25], [-114.25, 36.21883775189957], [-114.5, 36.1027450722239], [-114.6745107435806, 36.25]]], [[[-117.0, 36.609922701719576], [-116.89560105213567, 36.5], [-117.0, 36.44831992381841], [-117.05042570540049, 36.5], [-117.0, 36.609922701719576]]], [[[-122.07107495952822, 39.0], [-122.18513072620739, 39.25], [-122.16470121247113, 39.5], [-122.07653120363501, 39.75], [-122.0, 39.79371358580509], [-121.96772088157071, 39.75], [-121.91455113227893, 39.5], [-121.8250576761745, 39.25], [-121.75, 39.135413998463115], [-121.65757757867132, 39.0], [-121.75, 38.83270371835443], [-122.0, 38.8528122006705], [-122.07107495952822, 39.0]]]]}}]}