{"type": "FeatureCollection", "features": [{"id": "0", "type": "Feature", "properties": {"min_value": 12.076666666666702, "max_value": 20.0, "color": "#2c7bb6"}, "geometry": {"type": "MultiPolygon", "coordinates": [[[[-91.88000000000024, 41.24000000000012], [-91.84000000000023, 41.24000000000012], [-91.80000000000024, 41.24000000000012], [-91.80000000000024, 41.200000000000124], [-91.80000000000024, 41.160000000000124], [-91.84000000000023, 41.160000000000124], [-91.88000000000024, 41.160000000000124], [-91.88000000000024, 41.14843466343588], [-91.89634493115716, 41.160000000000124], [-91.9144916495754, 41.200000000000124], [-91.9144916495754, 41.24000000000012], [-91.88000000000024, 41.24000000000012]]], [[[-93.1200000000002, 41.48000000000012], [-93.08000000000021, 41.48000000000012], [-93.04000000000022, 41.48000000000012], [-93.00000000000021, 41.48000000000012], [-93.00000000000021, 41.44000000000012], [-93.00000000000021, 41.40000000000012], [-93.04000000000022, 41.40000000000012], [-93.08000000000021, 41.40000000000012], [-93.1200000000002, 41.40000000000012], [-93.1286860246503, 41.40000000000012], [-93.1286860246503, 41.44000000000012], [-93.12529569093631, 41.48000000000012], [-93.1200000000002, 41.48000000000012]]], [[[-91.96000000000024, 41.88000000000011], [-91.92000000000024, 41.88000000000011], [-91.88000000000024, 41.88000000000011], [-91.88000000000024, 41.84000000000011], [-91.88000000000024, 41.80000000000011], [-91.88000000000024, 41.76000000000011], [-91.88000000000024, 41.72000000000011], [-91.92000000000024, 41.72000000000011], [-91.96000000000024, 41.72000000000011], [-91.96187047544535, 41.72000000000011], [-91.96187047544535, 41.76000000000011], [-91.96729254996995, 41.84000000000011], [-91.96729254996995, 41.88000000000011], [-91.96000000000024, 41.88000000000011]]], [[[-92.16000000000022, 41.96000000000011], [-92.12000000000023, 41.96000000000011], [-92.08000000000024, 41.96000000000011], [-92.04000000000023, 41.96000000000011], [-92.04000000000023, 41.92000000000011], [-92.04000000000023, 41.88371372356135], [-92.07605970149277, 41.88000000000011], [-92.08000000000024, 41.87954760435956], [-92.16000000000022, 41.86883346741765], [-92.18835353397817, 41.88000000000011], [-92.20000000000023, 41.89513360467185], [-92.20690957368366, 41.92000000000011], [-92.20690957368366, 41.96000000000011], [-92.20000000000023, 41.96000000000011], [-92.16000000000022, 41.96000000000011]]], [[[-92.44000000000023, 42.120000000000104], [-92.44000000000023, 42.1600000000001], [-92.44000000000023, 42.2000000000001], [-92.40000000000023, 42.2000000000001], [-92.36000000000023, 42.2000000000001], [-92.32000000000022, 42.2000000000001], [-92.28000000000023, 42.2000000000001], [-92.28000000000023, 42.1600000000001], [-92.28000000000023, 42.120000000000104], [-92.24000000000024, 42.120000000000104], [-92.20000000000023, 42.120000000000104], [-92.20000000000023, 42.080000000000105], [-92.20000000000023, 42.040000000000106], [-92.24000000000024, 42.040000000000106], [-92.28000000000023, 42.040000000000106], [-92.32000000000022, 42.040000000000106], [-92.36000000000023, 42.040000000000106], [-92.40000000000023, 42.040000000000106], [-92.44000000000023, 42.040000000000106], [-92.44000000000023, 42.080000000000105], [-92.44000000000023, 42.120000000000104]]], [[[-92.24000000000024, 42.351818833309544], [-92.19626094570951, 42.3200000000001], [-92.19626094570951, 42.2800000000001], [-92.20000000000023, 42.2800000000001], [-92.24000000000024, 42.2800000000001], [-92.28000000000023, 42.2800000000001], [-92.28000000000023, 42.3200000000001], [-92.28000000000023, 42.351818833309544], [-92.24000000000024, 42.351818833309544]]], [[[-92.12000000000023, 42.92000000000009], [-92.12000000000023, 42.960000000000086], [-92.12000000000023, 43.000000000000085], [-92.08000000000024, 43.000000000000085], [-92.04000000000023, 43.000000000000085], [-92.04000000000023, 43.01927162025039], [-92.00000000000023, 43.005280453257875], [-91.92000000000024, 42.97085997794937], [-91.85124845827076, 43.040000000000084], [-91.84000000000023, 43.05535353535362], [-91.80000000000024, 43.06133056133064], [-91.80000000000024, 43.040000000000084], [-91.80000000000024, 43.000000000000085], [-91.80000000000024, 42.960000000000086], [-91.80000000000024, 42.92000000000009], [-91.84000000000023, 42.92000000000009], [-91.88000000000024, 42.92000000000009], [-91.88000000000024, 42.88000000000009], [-91.88000000000024, 42.84880167014623], [-91.92000000000024, 42.84880167014623], [-92.00000000000023, 42.84744055944065], [-92.04000000000023, 42.84744055944065], [-92.04000000000023, 42.88000000000009], [-92.04000000000023, 42.92000000000009], [-92.08000000000024, 42.92000000000009], [-92.12000000000023, 42.92000000000009]]], [[[-92.36000000000023, 43.040000000000084], [-92.36000000000023, 43.000000000000085], [-92.40000000000023, 43.000000000000085], [-92.44000000000023, 43.000000000000085], [-92.44795601189497, 43.000000000000085], [-92.44795601189497, 43.040000000000084], [-92.40000000000023, 43.061612218064205], [-92.36000000000023, 43.055852640057736], [-92.36000000000023, 43.040000000000084]]], [[[-92.08000000000024, 43.12789650215629], [-92.04000000000023, 43.133579219963984], [-92.04000000000023, 43.12000000000008], [-92.04000000000023, 43.10657251493762], [-92.06657251493777, 43.080000000000084], [-92.08000000000024, 43.080000000000084], [-92.12000000000023, 43.080000000000084], [-92.16000000000022, 43.080000000000084], [-92.17958273084096, 43.080000000000084], [-92.17958273084096, 43.12000000000008], [-92.16000000000022, 43.140400258231196], [-92.08000000000024, 43.12789650215629]]], [[[-92.00000000000023, 43.16000000000008], [-92.0216433127967, 43.16000000000008], [-92.01606312594863, 43.20000000000008], [-92.00000000000023, 43.213248560700954], [-91.97952653566479, 43.20000000000008], [-91.98895129171856, 43.16000000000008], [-92.00000000000023, 43.16000000000008]]], [[[-92.47750099960038, 43.28000000000008], [-92.47818296346567, 43.24000000000008], [-92.48000000000022, 43.24000000000008], [-92.52000000000022, 43.24000000000008], [-92.52000000000022, 43.28000000000008], [-92.52000000000022, 43.28530994336068], [-92.48000000000022, 43.2889766606823], [-92.47750099960038, 43.28000000000008]]], [[[-91.92000000000024, 43.35871216999364], [-91.92096385542192, 43.36000000000008], [-91.97572493786271, 43.440000000000076], [-91.97572493786271, 43.480000000000075], [-91.96000000000024, 43.480000000000075], [-91.92000000000024, 43.480000000000075], [-91.88000000000024, 43.480000000000075], [-91.88000000000024, 43.440000000000076], [-91.88000000000024, 43.40000000000008], [-91.84000000000023, 43.40000000000008], [-91.80000000000024, 43.40000000000008], [-91.80000000000024, 43.36000000000008], [-91.80000000000024, 43.32000000000008], [-91.80000000000024, 43.28000000000008], [-91.80000000000024, 43.24000000000008], [-91.76000000000025, 43.24000000000008], [-91.72000000000024, 43.24000000000008], [-91.68000000000023, 43.24000000000008], [-91.64000000000024, 43.24000000000008], [-91.64000000000024, 43.20000000000008], [-91.64000000000024, 43.16000000000008], [-91.68000000000023, 43.16000000000008], [-91.72000000000024, 43.16000000000008], [-91.72000000000024, 43.12000000000008], [-91.72000000000024, 43.080000000000084], [-91.76000000000025, 43.080000000000084], [-91.77602136181599, 43.080000000000084], [-91.76975609756121, 43.12000000000008], [-91.84000000000023, 43.1785068562723], [-91.8588381927445, 43.20000000000008], [-91.88860120358163, 43.28000000000008], [-91.92000000000024, 43.35871216999364]]], [[[-95.40000000000016, 43.436968045578475], [-95.44000000000017, 43.43652173913051], [-95.44972354623467, 43.440000000000076], [-95.4556396028039, 43.480000000000075], [-95.44000000000017, 43.480000000000075], [-95.40000000000016, 43.480000000000075], [-95.40000000000016, 43.440000000000076], [-95.40000000000016, 43.436968045578475]]], [[[-95.72000000000016, 43.52159422779599], [-95.68000000000015, 43.52159422779599], [-95.60000000000016, 43.539025658415355], [-95.52000000000015, 43.53397379912671], [-95.50636099371215, 43.56000000000007], [-95.50036294710254, 43.60000000000007], [-95.48487400586035, 43.64000000000007], [-95.48000000000016, 43.64000000000007], [-95.48000000000016, 43.643089659564374], [-95.44000000000017, 43.651972920696394], [-95.40487389659538, 43.64000000000007], [-95.40000000000016, 43.6387610193942], [-95.40000000000016, 43.60000000000007], [-95.40000000000016, 43.56000000000007], [-95.44000000000017, 43.56000000000007], [-95.48000000000016, 43.56000000000007], [-95.48000000000016, 43.520000000000074], [-95.48000000000016, 43.50001920076811], [-95.52000000000015, 43.50583822403682], [-95.60000000000016, 43.50662825184314], [-95.64000000000016, 43.50848519092804], [-95.67830879884089, 43.480000000000075], [-95.68000000000015, 43.480000000000075], [-95.72000000000016, 43.480000000000075], [-95.72000000000016, 43.520000000000074], [-95.72000000000016, 43.52159422779599]]], [[[-93.76000000000019, 43.75171007927526], [-93.70486721811078, 43.68000000000007], [-93.6800000000002, 43.61059538274612], [-93.65953051643213, 43.60000000000007], [-93.6800000000002, 43.58709422792312], [-93.69565529623, 43.60000000000007], [-93.76000000000019, 43.61764647956679], [-93.8000000000002, 43.62386858073117], [-93.8000000000002, 43.64000000000007], [-93.82287513116493, 43.64000000000007], [-93.82997973844189, 43.68000000000007], [-93.76000000000019, 43.75171007927526]]], [[[-93.96000000000019, 43.64000000000007], [-94.0000000000002, 43.64000000000007], [-94.02100898410524, 43.64000000000007], [-94.02100898410524, 43.68000000000007], [-94.0000000000002, 43.70197802197809], [-93.96000000000019, 43.70197802197809], [-93.96000000000019, 43.68000000000007], [-93.96000000000019, 43.64000000000007]]], [[[-93.5519041032736, 43.520000000000074], [-93.52000000000021, 43.55254938852312], [-93.48437433784599, 43.60000000000007], [-93.5174193548389, 43.68000000000007], [-93.5159198341398, 43.76000000000007], [-93.52000000000021, 43.766032183908116], [-93.5352380952383, 43.76000000000007], [-93.6000000000002, 43.70350557244181], [-93.63658792650938, 43.76000000000007], [-93.6800000000002, 43.7970045366976], [-93.76000000000019, 43.776070252469886], [-93.8400000000002, 43.81493205435658], [-93.86421217056086, 43.80000000000007], [-93.8800000000002, 43.79397753492742], [-93.8800000000002, 43.80000000000007], [-93.92000000000019, 43.80000000000007], [-93.96000000000019, 43.80000000000007], [-93.96000000000019, 43.783592047545], [-93.98774188242525, 43.80000000000007], [-94.0000000000002, 43.81774588433945], [-94.02909291577586, 43.84000000000007], [-94.03212765957466, 43.920000000000066], [-94.03212765957466, 43.960000000000065], [-94.0000000000002, 43.960000000000065], [-93.96000000000019, 43.960000000000065], [-93.96000000000019, 43.920000000000066], [-93.96000000000019, 43.88000000000007], [-93.92000000000019, 43.88000000000007], [-93.8800000000002, 43.88000000000007], [-93.8800000000002, 43.920000000000066], [-93.8800000000002, 43.960000000000065], [-93.8400000000002, 43.960000000000065], [-93.8000000000002, 43.960000000000065], [-93.8000000000002, 43.920000000000066], [-93.8000000000002, 43.88000000000007], [-93.76000000000019, 43.88000000000007], [-93.7200000000002, 43.88000000000007], [-93.7200000000002, 43.920000000000066], [-93.7200000000002, 43.960000000000065], [-93.6800000000002, 43.960000000000065], [-93.6400000000002, 43.960000000000065], [-93.6400000000002, 44.000000000000064], [-93.6400000000002, 44.04000000000006], [-93.6000000000002, 44.04000000000006], [-93.5600000000002, 44.04000000000006], [-93.5600000000002, 44.000000000000064], [-93.5600000000002, 43.960000000000065], [-93.52000000000021, 43.960000000000065], [-93.4800000000002, 43.960000000000065], [-93.4800000000002, 43.920000000000066], [-93.4800000000002, 43.88000000000007], [-93.4400000000002, 43.88000000000007], [-93.4000000000002, 43.88000000000007], [-93.4000000000002, 43.84000000000007], [-93.4000000000002, 43.80000000000007], [-93.4000000000002, 43.76000000000007], [-93.4000000000002, 43.72000000000007], [-93.4000000000002, 43.68000000000007], [-93.4000000000002, 43.64000000000007], [-93.4000000000002, 43.60000000000007], [-93.4000000000002, 43.56000000000007], [-93.36000000000021, 43.56000000000007], [-93.3200000000002, 43.56000000000007], [-93.3200000000002, 43.520000000000074], [-93.3200000000002, 43.480000000000075], [-93.2800000000002, 43.480000000000075], [-93.24000000000021, 43.480000000000075], [-93.24000000000021, 43.440000000000076], [-93.24000000000021, 43.40000000000008], [-93.2800000000002, 43.40000000000008], [-93.3200000000002, 43.40000000000008], [-93.36000000000021, 43.40000000000008], [-93.4000000000002, 43.40000000000008], [-93.4000000000002, 43.36000000000008], [-93.4000000000002, 43.32000000000008], [-93.4400000000002, 43.32000000000008], [-93.4800000000002, 43.32000000000008], [-93.5175876923079, 43.32000000000008], [-93.5175876923079, 43.36000000000008], [-93.4982725527833, 43.440000000000076], [-93.52000000000021, 43.47164220824606], [-93.5519041032736, 43.520000000000074]]], [[[-95.2209395973156, 43.68000000000007], [-95.24000000000017, 43.65680807404002], [-95.24758227226374, 43.64000000000007], [-95.28000000000017, 43.64000000000007], [-95.31644085793178, 43.64000000000007], [-95.31644085793178, 43.68000000000007], [-95.28000000000017, 43.72179758860073], [-95.2209395973156, 43.68000000000007]]], [[[-95.12000000000018, 43.821287398005516], [-95.12423775793056, 43.84000000000007], [-95.12288711707947, 43.88000000000007], [-95.12000000000018, 43.88000000000007], [-95.08000000000017, 43.88000000000007], [-95.08000000000017, 43.84000000000007], [-95.08000000000017, 43.821287398005516], [-95.12000000000018, 43.821287398005516]]], [[[-95.76001805238981, 43.88000000000007], [-95.80000000000015, 43.88000000000007], [-95.84000000000015, 43.88000000000007], [-95.84563094483211, 43.88000000000007], [-95.84563094483211, 43.920000000000066], [-95.84000000000015, 43.932982456140415], [-95.76001805238981, 43.920000000000066], [-95.76001805238981, 43.88000000000007]]], [[[-93.8800000000002, 44.10015277542019], [-93.8800000000002, 44.12000000000006], [-93.8800000000002, 44.16000000000006], [-93.8800000000002, 44.20000000000006], [-93.8400000000002, 44.20000000000006], [-93.8000000000002, 44.20000000000006], [-93.8000000000002, 44.24000000000006], [-93.8000000000002, 44.28000000000006], [-93.76000000000019, 44.28000000000006], [-93.7200000000002, 44.28000000000006], [-93.7200000000002, 44.24000000000006], [-93.7200000000002, 44.20000000000006], [-93.6800000000002, 44.20000000000006], [-93.6400000000002, 44.20000000000006], [-93.6400000000002, 44.16000000000006], [-93.6400000000002, 44.12000000000006], [-93.6400000000002, 44.08000000000006], [-93.6400000000002, 44.04000000000006], [-93.6800000000002, 44.04000000000006], [-93.7200000000002, 44.04000000000006], [-93.75393781934721, 44.04000000000006], [-93.75393781934721, 44.08000000000006], [-93.76000000000019, 44.08827781938593], [-93.8400000000002, 44.10015277542019], [-93.8800000000002, 44.10015277542019]]], [[[-94.28000000000019, 44.96000000000004], [-94.28000000000019, 45.00000000000004], [-94.24000000000018, 45.00000000000004], [-94.20000000000019, 45.00000000000004], [-94.1600000000002, 45.00000000000004], [-94.12000000000019, 45.00000000000004], [-94.12000000000019, 44.96000000000004], [-94.12000000000019, 44.920000000000044], [-94.12000000000019, 44.880000000000045], [-94.12000000000019, 44.840000000000046], [-94.1600000000002, 44.840000000000046], [-94.20000000000019, 44.840000000000046], [-94.24000000000018, 44.840000000000046], [-94.28000000000019, 44.840000000000046], [-94.28000000000019, 44.880000000000045], [-94.28000000000019, 44.920000000000044], [-94.28000000000019, 44.96000000000004]]], [[[-94.24000000000018, 45.08000000000004], [-94.28000000000019, 45.08000000000004], [-94.32000000000019, 45.08000000000004], [-94.36000000000018, 45.08000000000004], [-94.36000000000018, 45.12000000000004], [-94.36000000000018, 45.16000000000004], [-94.36000000000018, 45.20000000000004], [-94.36000000000018, 45.24000000000004], [-94.32000000000019, 45.24000000000004], [-94.28000000000019, 45.24000000000004], [-94.28000000000019, 45.20000000000004], [-94.28000000000019, 45.16000000000004], [-94.24000000000018, 45.16000000000004], [-94.20000000000019, 45.16000000000004], [-94.1600000000002, 45.16000000000004], [-94.12000000000019, 45.16000000000004], [-94.12000000000019, 45.20000000000004], [-94.12000000000019, 45.24000000000004], [-94.08000000000018, 45.24000000000004], [-94.04000000000019, 45.24000000000004], [-94.04000000000019, 45.20000000000004], [-94.04000000000019, 45.16000000000004], [-94.0000000000002, 45.16000000000004], [-93.96000000000019, 45.16000000000004], [-93.96000000000019, 45.12000000000004], [-93.96000000000019, 45.08000000000004], [-94.0000000000002, 45.08000000000004], [-94.04000000000019, 45.08000000000004], [-94.04000000000019, 45.04000000000004], [-94.04000000000019, 45.00000000000004], [-94.08000000000018, 45.00000000000004], [-94.12000000000019, 45.00000000000004], [-94.12000000000019, 45.04000000000004], [-94.12000000000019, 45.08000000000004], [-94.1600000000002, 45.08000000000004], [-94.20000000000019, 45.08000000000004], [-94.24000000000018, 45.08000000000004]]], [[[-93.96000000000019, 45.400000000000034], [-93.92000000000019, 45.400000000000034], [-93.8800000000002, 45.400000000000034], [-93.8800000000002, 45.360000000000035], [-93.8800000000002, 45.320000000000036], [-93.92000000000019, 45.320000000000036], [-93.96000000000019, 45.320000000000036], [-94.0000000000002, 45.320000000000036], [-94.04000000000019, 45.320000000000036], [-94.04000000000019, 45.360000000000035], [-94.04000000000019, 45.400000000000034], [-94.0000000000002, 45.400000000000034], [-93.96000000000019, 45.400000000000034]]], [[[-96.72000000000014, 46.431033557046995], [-96.73264033264047, 46.48000000000001], [-96.7553281212984, 46.56000000000001], [-96.72000000000014, 46.60402716268084], [-96.69806028739164, 46.64000000000001], [-96.69320122395467, 46.720000000000006], [-96.71230018893638, 46.760000000000005], [-96.72000000000014, 46.76630246358569], [-96.7454996734162, 46.800000000000004], [-96.72000000000014, 46.84370692872248], [-96.71580498334207, 46.84], [-96.68000000000013, 46.82320331073347], [-96.68000000000013, 46.800000000000004], [-96.68000000000013, 46.760000000000005], [-96.64000000000013, 46.760000000000005], [-96.60000000000014, 46.760000000000005], [-96.60000000000014, 46.720000000000006], [-96.60000000000014, 46.68000000000001], [-96.60000000000014, 46.64000000000001], [-96.60000000000014, 46.60000000000001], [-96.60000000000014, 46.56000000000001], [-96.60000000000014, 46.52000000000001], [-96.60000000000014, 46.48000000000001], [-96.60000000000014, 46.44000000000001], [-96.56000000000014, 46.44000000000001], [-96.52000000000014, 46.44000000000001], [-96.52000000000014, 46.40000000000001], [-96.52000000000014, 46.360000000000014], [-96.52000000000014, 46.320000000000014], [-96.52000000000014, 46.280000000000015], [-96.56000000000014, 46.280000000000015], [-96.60000000000014, 46.280000000000015], [-96.60000000000014, 46.25907788059948], [-96.62240561280434, 46.280000000000015], [-96.6299230515885, 46.320000000000014], [-96.64000000000013, 46.328332755632594], [-96.71576401612326, 46.40000000000001], [-96.72000000000014, 46.431033557046995]]], [[[-95.88000000000015, 46.56000000000001], [-95.88000000000015, 46.52000000000001], [-95.92000000000016, 46.52000000000001], [-95.96000000000015, 46.52000000000001], [-95.96000000000015, 46.56000000000001], [-95.96000000000015, 46.60000000000001], [-95.92000000000016, 46.60000000000001], [-95.88000000000015, 46.60000000000001], [-95.88000000000015, 46.56000000000001]]], [[[-95.96000000000015, 46.720000000000006], [-95.96000000000015, 46.760000000000005], [-96.00000000000014, 46.760000000000005], [-96.04000000000015, 46.760000000000005], [-96.08000000000015, 46.760000000000005], [-96.12000000000015, 46.760000000000005], [-96.16000000000014, 46.760000000000005], [-96.20000000000014, 46.760000000000005], [-96.24000000000015, 46.760000000000005], [-96.25680392897634, 46.760000000000005], [-96.25680392897634, 46.800000000000004], [-96.24000000000015, 46.81955809607563], [-96.16000000000014, 46.818336736082756], [-96.08000000000015, 46.83652011225445], [-96.00000000000014, 46.86188801731134], [-95.92000000000016, 46.812421940928274], [-95.88249180327884, 46.88], [-95.85363408521319, 46.96], [-95.85363408521319, 47.0], [-95.84000000000015, 47.0], [-95.80000000000015, 47.0], [-95.76000000000016, 47.0], [-95.72000000000016, 47.0], [-95.72000000000016, 46.96], [-95.72000000000016, 46.92], [-95.68000000000015, 46.92], [-95.64000000000016, 46.92], [-95.64000000000016, 46.88], [-95.64000000000016, 46.84], [-95.68000000000015, 46.84], [-95.72000000000016, 46.84], [-95.72000000000016, 46.800000000000004], [-95.72000000000016, 46.760000000000005], [-95.72000000000016, 46.720000000000006], [-95.72000000000016, 46.68000000000001], [-95.76000000000016, 46.68000000000001], [-95.80000000000015, 46.68000000000001], [-95.84000000000015, 46.68000000000001], [-95.88000000000015, 46.68000000000001], [-95.92000000000016, 46.68000000000001], [-95.96000000000015, 46.68000000000001], [-95.96000000000015, 46.720000000000006]]], [[[-96.80000000000013, 46.93768020743302], [-96.82599557076719, 46.96], [-96.82599557076719, 47.0], [-96.80000000000013, 47.0], [-96.78079714455694, 47.0], [-96.78079714455694, 46.96], [-96.80000000000013, 46.93768020743302]]], [[[-91.08000000000025, 40.048728544065014], [-91.04000000000025, 40.05237609089427], [-90.97476620180501, 40.00000000000015], [-90.97476620180501, 39.96000000000015], [-91.00000000000026, 39.96000000000015], [-91.04000000000025, 39.96000000000015], [-91.08000000000025, 39.96000000000015], [-91.08000000000025, 40.00000000000015], [-91.08000000000025, 40.04000000000015], [-91.09426539420122, 40.04000000000015], [-91.08000000000025, 40.048728544065014]]], [[[-91.47996786869611, 40.200000000000145], [-91.44000000000025, 40.200000000000145], [-91.40000000000025, 40.200000000000145], [-91.40000000000025, 40.160000000000146], [-91.40000000000025, 40.12000000000015], [-91.39790075989247, 40.12000000000015], [-91.40000000000025, 40.11519506617713], [-91.42730645161315, 40.08000000000015], [-91.42952694781559, 40.04000000000015], [-91.44000000000025, 40.04000000000015], [-91.48000000000025, 40.04000000000015], [-91.48000000000025, 40.08000000000015], [-91.48000000000025, 40.11732105632356], [-91.47909239095897, 40.12000000000015], [-91.47580275965369, 40.160000000000146], [-91.47996786869611, 40.200000000000145]]], [[[-91.52000000000024, 40.22734128453974], [-91.5323706563709, 40.240000000000144], [-91.52000000000024, 40.25144899053078], [-91.48000000000025, 40.25144899053078], [-91.48000000000025, 40.240000000000144], [-91.48000000000025, 40.20013809834857], [-91.52000000000024, 40.22734128453974]]], [[[-91.0399161425579, 40.32000000000014], [-91.0399161425579, 40.36000000000014], [-91.00000000000026, 40.36000000000014], [-90.96000000000026, 40.36000000000014], [-90.92000000000026, 40.36000000000014], [-90.88000000000025, 40.36000000000014], [-90.87215495283705, 40.36000000000014], [-90.86073279714056, 40.32000000000014], [-90.88000000000025, 40.308140814081554], [-90.93800983376285, 40.240000000000144], [-90.96000000000026, 40.18195302843031], [-91.04000000000025, 40.18343218279062], [-91.12000000000026, 40.228800845219375], [-91.13824440619646, 40.240000000000144], [-91.12000000000026, 40.26789998119962], [-91.04000000000025, 40.31994503607022], [-91.0399161425579, 40.32000000000014]]], [[[-91.52000000000024, 40.39756856931074], [-91.52243956861311, 40.40000000000014], [-91.52537243584769, 40.44000000000014], [-91.52000000000024, 40.44000000000014], [-91.517097345133, 40.44000000000014], [-91.517097345133, 40.40000000000014], [-91.52000000000024, 40.39756856931074]]], [[[-91.60000000000025, 40.458808459214644], [-91.62268857549513, 40.48000000000014], [-91.6237422150016, 40.52000000000014], [-91.60000000000025, 40.52000000000014], [-91.56000000000024, 40.52000000000014], [-91.56000000000024, 40.48000000000014], [-91.56000000000024, 40.454401660881835], [-91.60000000000025, 40.458808459214644]]], [[[-91.36000000000024, 40.56282360306791], [-91.33979466119122, 40.56000000000014], [-91.32000000000025, 40.551119572560474], [-91.29851789045303, 40.52000000000014], [-91.32000000000025, 40.52000000000014], [-91.32000000000025, 40.48000000000014], [-91.32000000000025, 40.44000000000014], [-91.32000000000025, 40.43079638666819], [-91.36000000000024, 40.43079638666819], [-91.37198863892546, 40.44000000000014], [-91.40000000000025, 40.45216509378563], [-91.40000000000025, 40.48000000000014], [-91.40000000000025, 40.52000000000014], [-91.40000000000025, 40.56000000000014], [-91.40000000000025, 40.56173571318625], [-91.36000000000024, 40.56282360306791]]], [[[-91.64000000000024, 40.80000000000013], [-91.64000000000024, 40.76000000000013], [-91.68000000000023, 40.76000000000013], [-91.6882343043435, 40.76000000000013], [-91.7050780687007, 40.80000000000013], [-91.7050780687007, 40.84000000000013], [-91.68000000000023, 40.84000000000013], [-91.64000000000024, 40.84000000000013], [-91.64000000000024, 40.80000000000013]]], [[[-91.09947368421078, 41.200000000000124], [-91.12000000000026, 41.196556291390856], [-91.14964652223514, 41.200000000000124], [-91.12000000000026, 41.204545454545574], [-91.09947368421078, 41.200000000000124]]], [[[-91.25702487710872, 41.32000000000012], [-91.24000000000025, 41.29162030990907], [-91.22257704918059, 41.28000000000012], [-91.2245541245075, 41.24000000000012], [-91.24000000000025, 41.21714055274773], [-91.24000000000025, 41.24000000000012], [-91.28000000000026, 41.24000000000012], [-91.32000000000025, 41.24000000000012], [-91.32000000000025, 41.28000000000012], [-91.32000000000025, 41.32000000000012], [-91.28000000000026, 41.32000000000012], [-91.25702487710872, 41.32000000000012]]], [[[-91.45722163308614, 41.52000000000012], [-91.44000000000025, 41.53391602399326], [-91.36000000000024, 41.57426941641082], [-91.28000000000026, 41.547702537772096], [-91.21340555348051, 41.52000000000012], [-91.21340555348051, 41.48000000000012], [-91.24000000000025, 41.48000000000012], [-91.28000000000026, 41.48000000000012], [-91.32000000000025, 41.48000000000012], [-91.36000000000024, 41.48000000000012], [-91.40000000000025, 41.48000000000012], [-91.40000000000025, 41.44000000000012], [-91.40000000000025, 41.40000000000012], [-91.44000000000025, 41.40000000000012], [-91.48000000000025, 41.40000000000012], [-91.48000000000025, 41.44000000000012], [-91.48000000000025, 41.48000000000012], [-91.48660398646132, 41.48000000000012], [-91.48000000000025, 41.49411008437135], [-91.45722163308614, 41.52000000000012]]], [[[-91.72566058690383, 41.72000000000011], [-91.72000000000024, 41.70316030243356], [-91.7082726892516, 41.68000000000011], [-91.76000000000025, 41.62457539771466], [-91.80000000000024, 41.63252151361558], [-91.80886776628483, 41.640000000000114], [-91.80000000000024, 41.640000000000114], [-91.80000000000024, 41.68000000000011], [-91.80000000000024, 41.72000000000011], [-91.76000000000025, 41.72000000000011], [-91.72566058690383, 41.72000000000011]]], [[[-91.50045351473948, 41.76000000000011], [-91.52000000000024, 41.747971393685795], [-91.58027972027996, 41.76000000000011], [-91.52000000000024, 41.77157046979877], [-91.50045351473948, 41.76000000000011]]], [[[-91.68000000000023, 41.81843845853561], [-91.72000000000024, 41.81843845853561], [-91.72000000000024, 41.84000000000011], [-91.72000000000024, 41.848998759417945], [-91.68000000000023, 41.848998759417945], [-91.65512077799877, 41.84000000000011], [-91.68000000000023, 41.81843845853561]]], [[[-91.04000000000025, 43.27541290121541], [-91.05792854565165, 43.28000000000008], [-91.05792854565165, 43.32000000000008], [-91.04000000000025, 43.32000000000008], [-91.02234698409904, 43.32000000000008], [-91.0314146847258, 43.28000000000008], [-91.04000000000025, 43.27541290121541]]], [[[-90.9402790697677, 43.36000000000008], [-90.96000000000026, 43.3362101504719], [-91.00000000000026, 43.33057908238369], [-91.00000000000026, 43.36000000000008], [-91.00000000000026, 43.40000000000008], [-90.96000000000026, 43.40000000000008], [-90.9402790697677, 43.40000000000008], [-90.9402790697677, 43.36000000000008]]], [[[-89.91374054682983, 43.440000000000076], [-89.92000000000027, 43.421716227697615], [-89.92707661953332, 43.440000000000076], [-89.92000000000027, 43.446171494121096], [-89.91374054682983, 43.440000000000076]]], [[[-87.64029692470871, 43.76000000000007], [-87.68000000000032, 43.74284142988091], [-87.68353875236328, 43.76000000000007], [-87.7027891545593, 43.84000000000007], [-87.69996448443267, 43.920000000000066], [-87.68000000000032, 43.960793420416124], [-87.62055692633096, 43.920000000000066], [-87.60379495026812, 43.84000000000007], [-87.64029692470871, 43.76000000000007]]], [[[-87.60000000000034, 43.979268292682995], [-87.6089434458574, 44.000000000000064], [-87.60294376301815, 44.08000000000006], [-87.60000000000034, 44.08391023670464], [-87.58069802731444, 44.08000000000006], [-87.58802816901441, 44.000000000000064], [-87.60000000000034, 43.979268292682995]]], [[[-89.44000000000028, 44.329814627569995], [-89.4060606060609, 44.32000000000006], [-89.44000000000028, 44.312304439746356], [-89.4587026332694, 44.32000000000006], [-89.44000000000028, 44.329814627569995]]], [[[-89.2000000000003, 44.537293461733455], [-89.12930581613539, 44.480000000000054], [-89.12000000000029, 44.4749439347605], [-89.07278098908186, 44.400000000000055], [-89.12000000000029, 44.351905800261726], [-89.17957654723156, 44.32000000000006], [-89.2000000000003, 44.302275618374615], [-89.28000000000029, 44.29910163111675], [-89.33425407166153, 44.32000000000006], [-89.28000000000029, 44.34753968253974], [-89.24259372789466, 44.400000000000055], [-89.23215931721224, 44.480000000000054], [-89.2000000000003, 44.537293461733455]]], [[[-90.00000000000028, 44.52000000000005], [-90.04000000000028, 44.52000000000005], [-90.04000000000028, 44.480000000000054], [-90.04000000000028, 44.440000000000055], [-90.04000000000028, 44.400000000000055], [-90.04000000000028, 44.360000000000056], [-90.01695676132425, 44.360000000000056], [-90.04000000000028, 44.330352479646514], [-90.07612121212149, 44.32000000000006], [-90.00000000000028, 44.25404351087778], [-89.92000000000027, 44.247689768976954], [-89.91014278159732, 44.24000000000006], [-89.84000000000029, 44.17856415006953], [-89.76000000000028, 44.18761768901575], [-89.68000000000029, 44.16750084682615], [-89.63576571735655, 44.24000000000006], [-89.68000000000029, 44.29422924901191], [-89.76000000000028, 44.31038527889598], [-89.79650655021862, 44.32000000000006], [-89.76000000000028, 44.329171695008284], [-89.68000000000029, 44.32834827144692], [-89.66767874015777, 44.32000000000006], [-89.60000000000028, 44.258919840818706], [-89.5773872078278, 44.24000000000006], [-89.5200000000003, 44.186149791719856], [-89.44000000000028, 44.1634499738865], [-89.43392318559677, 44.16000000000006], [-89.44000000000028, 44.15541633624114], [-89.5200000000003, 44.11864201680679], [-89.60000000000028, 44.0814021421617], [-89.6005706134097, 44.08000000000006], [-89.60000000000028, 44.07781487101675], [-89.58441810999724, 44.000000000000064], [-89.60000000000028, 43.9786333333334], [-89.68000000000029, 43.97345110410101], [-89.72540073982766, 44.000000000000064], [-89.73538380559727, 44.04000000000006], [-89.72000000000028, 44.04000000000006], [-89.72000000000028, 44.08000000000006], [-89.72000000000028, 44.12000000000006], [-89.76000000000028, 44.12000000000006], [-89.80000000000028, 44.12000000000006], [-89.80000000000028, 44.08000000000006], [-89.80000000000028, 44.056145678063835], [-89.84000000000029, 44.05470658682641], [-89.8880624187259, 44.08000000000006], [-89.8544380403461, 44.16000000000006], [-89.92000000000027, 44.23256778309416], [-90.00000000000028, 44.23388235294124], [-90.08000000000027, 44.22397901579524], [-90.1204542996217, 44.16000000000006], [-90.16000000000028, 44.14212661940852], [-90.24000000000026, 44.10208245981837], [-90.25690743713243, 44.08000000000006], [-90.32000000000028, 44.005789804908815], [-90.34598870056524, 44.000000000000064], [-90.32000000000028, 43.948314606741626], [-90.3174900398409, 43.920000000000066], [-90.24000000000026, 43.84129489124943], [-90.23566835871432, 43.84000000000007], [-90.16000000000028, 43.815401540154085], [-90.13340733399433, 43.84000000000007], [-90.08000000000027, 43.899170765987414], [-90.04000000000028, 43.90085593791337], [-90.0047120418851, 43.88000000000007], [-90.04000000000028, 43.88000000000007], [-90.04000000000028, 43.84000000000007], [-90.04000000000028, 43.80000000000007], [-90.00000000000028, 43.80000000000007], [-89.96000000000028, 43.80000000000007], [-89.96000000000028, 43.83063921993506], [-89.926838649156, 43.80000000000007], [-89.92243067277577, 43.76000000000007], [-89.92000000000027, 43.757496130696545], [-89.89090909090936, 43.76000000000007], [-89.84000000000029, 43.765116539250485], [-89.83458189357319, 43.76000000000007], [-89.81930456945231, 43.68000000000007], [-89.84000000000029, 43.66023956953202], [-89.88998335672123, 43.60000000000007], [-89.92000000000027, 43.579415047627116], [-90.00000000000028, 43.540754716981205], [-90.04051612903254, 43.60000000000007], [-90.08000000000027, 43.66703788224562], [-90.16000000000028, 43.64776579352858], [-90.17507747747776, 43.68000000000007], [-90.19670553935887, 43.76000000000007], [-90.24000000000026, 43.83831245880033], [-90.30095238095261, 43.84000000000007], [-90.32000000000028, 43.850958904109675], [-90.32071684587841, 43.84000000000007], [-90.40000000000026, 43.79043137254909], [-90.41397838394262, 43.76000000000007], [-90.40000000000026, 43.71540229885064], [-90.38458348230273, 43.68000000000007], [-90.33513559502313, 43.60000000000007], [-90.32000000000028, 43.53699867197882], [-90.31569168630118, 43.520000000000074], [-90.32000000000028, 43.516747141042], [-90.40000000000026, 43.48697788697796], [-90.45215493726158, 43.440000000000076], [-90.48000000000027, 43.41756976488691], [-90.54837160751592, 43.36000000000008], [-90.56000000000026, 43.35184480234268], [-90.64000000000027, 43.32964529526909], [-90.72000000000025, 43.355404530744416], [-90.72971877330785, 43.36000000000008], [-90.72971877330785, 43.40000000000008], [-90.72000000000025, 43.40000000000008], [-90.68000000000026, 43.40000000000008], [-90.64000000000027, 43.40000000000008], [-90.60000000000026, 43.40000000000008], [-90.60000000000026, 43.440000000000076], [-90.60000000000026, 43.480000000000075], [-90.56000000000026, 43.480000000000075], [-90.52000000000027, 43.480000000000075], [-90.52000000000027, 43.520000000000074], [-90.52000000000027, 43.56000000000007], [-90.52000000000027, 43.60000000000007], [-90.52000000000027, 43.64000000000007], [-90.55800710632177, 43.64000000000007], [-90.55629244906139, 43.68000000000007], [-90.56000000000026, 43.68283618581914], [-90.60000000000026, 43.68349889402782], [-90.60000000000026, 43.72000000000007], [-90.64000000000027, 43.72000000000007], [-90.68000000000026, 43.72000000000007], [-90.68000000000026, 43.76000000000007], [-90.68000000000026, 43.80000000000007], [-90.68000000000026, 43.84000000000007], [-90.68000000000026, 43.88000000000007], [-90.64000000000027, 43.88000000000007], [-90.60000000000026, 43.88000000000007], [-90.56000000000026, 43.88000000000007], [-90.52000000000027, 43.88000000000007], [-90.52000000000027, 43.920000000000066], [-90.52000000000027, 43.960000000000065], [-90.52000000000027, 43.96669963119799], [-90.48000000000027, 43.96669963119799], [-90.40989648033153, 44.000000000000064], [-90.48000000000027, 44.036255911483956], [-90.52000000000027, 44.036255911483956], [-90.52000000000027, 44.04000000000006], [-90.52000000000027, 44.08000000000006], [-90.52000000000027, 44.12000000000006], [-90.52000000000027, 44.16000000000006], [-90.52000000000027, 44.20000000000006], [-90.52000000000027, 44.24000000000006], [-90.52000000000027, 44.28000000000006], [-90.56000000000026, 44.28000000000006], [-90.60000000000026, 44.28000000000006], [-90.60000000000026, 44.32000000000006], [-90.60000000000026, 44.360000000000056], [-90.56000000000026, 44.360000000000056], [-90.52000000000027, 44.360000000000056], [-90.52000000000027, 44.400000000000055], [-90.52000000000027, 44.440000000000055], [-90.48000000000027, 44.440000000000055], [-90.44000000000027, 44.440000000000055], [-90.44000000000027, 44.480000000000054], [-90.44000000000027, 44.52000000000005], [-90.40000000000026, 44.52000000000005], [-90.36000000000027, 44.52000000000005], [-90.36000000000027, 44.56000000000005], [-90.36000000000027, 44.60000000000005], [-90.36000000000027, 44.64000000000005], [-90.36000000000027, 44.68000000000005], [-90.32000000000028, 44.68000000000005], [-90.28000000000027, 44.68000000000005], [-90.28000000000027, 44.72000000000005], [-90.28000000000027, 44.76000000000005], [-90.32000000000028, 44.76000000000005], [-90.36000000000027, 44.76000000000005], [-90.36000000000027, 44.80000000000005], [-90.36000000000027, 44.840000000000046], [-90.36000000000027, 44.880000000000045], [-90.36000000000027, 44.920000000000044], [-90.32000000000028, 44.920000000000044], [-90.28000000000027, 44.920000000000044], [-90.28000000000027, 44.96000000000004], [-90.28000000000027, 45.00000000000004], [-90.28000000000027, 45.04000000000004], [-90.28000000000027, 45.08000000000004], [-90.28000000000027, 45.12000000000004], [-90.28000000000027, 45.16000000000004], [-90.24000000000026, 45.16000000000004], [-90.20000000000027, 45.16000000000004], [-90.20000000000027, 45.20000000000004], [-90.20000000000027, 45.24000000000004], [-90.20000000000027, 45.28000000000004], [-90.20000000000027, 45.320000000000036], [-90.16000000000028, 45.320000000000036], [-90.12000000000027, 45.320000000000036], [-90.12000000000027, 45.360000000000035], [-90.12000000000027, 45.400000000000034], [-90.16000000000028, 45.400000000000034], [-90.20000000000027, 45.400000000000034], [-90.24000000000026, 45.400000000000034], [-90.28000000000027, 45.400000000000034], [-90.28000000000027, 45.44000000000003], [-90.28000000000027, 45.48000000000003], [-90.28000000000027, 45.52000000000003], [-90.28000000000027, 45.56000000000003], [-90.24000000000026, 45.56000000000003], [-90.20000000000027, 45.56000000000003], [-90.20000000000027, 45.60000000000003], [-90.20000000000027, 45.64000000000003], [-90.20000000000027, 45.68000000000003], [-90.20000000000027, 45.72000000000003], [-90.16000000000028, 45.72000000000003], [-90.12000000000027, 45.72000000000003], [-90.12000000000027, 45.760000000000026], [-90.12000000000027, 45.800000000000026], [-90.16000000000028, 45.800000000000026], [-90.20000000000027, 45.800000000000026], [-90.24000000000026, 45.800000000000026], [-90.28000000000027, 45.800000000000026], [-90.28000000000027, 45.840000000000025], [-90.28000000000027, 45.880000000000024], [-90.24000000000026, 45.880000000000024], [-90.20000000000027, 45.880000000000024], [-90.20000000000027, 45.92000000000002], [-90.20000000000027, 45.96000000000002], [-90.20000000000027, 46.00000000000002], [-90.20000000000027, 46.04000000000002], [-90.20000000000027, 46.08000000000002], [-90.20000000000027, 46.12000000000002], [-90.16000000000028, 46.12000000000002], [-90.12000000000027, 46.12000000000002], [-90.12000000000027, 46.16000000000002], [-90.12000000000027, 46.20000000000002], [-90.12000000000027, 46.240000000000016], [-90.12000000000027, 46.280000000000015], [-90.12000000000027, 46.320000000000014], [-90.12000000000027, 46.360000000000014], [-90.12000000000027, 46.40000000000001], [-90.12000000000027, 46.44000000000001], [-90.08000000000027, 46.44000000000001], [-90.04000000000028, 46.44000000000001], [-90.04000000000028, 46.48000000000001], [-90.04000000000028, 46.52000000000001], [-90.00000000000028, 46.52000000000001], [-89.96000000000028, 46.52000000000001], [-89.96000000000028, 46.48000000000001], [-89.96000000000028, 46.44000000000001], [-89.92000000000027, 46.44000000000001], [-89.88000000000028, 46.44000000000001], [-89.84000000000029, 46.44000000000001], [-89.80000000000028, 46.44000000000001], [-89.76000000000028, 46.44000000000001], [-89.72000000000028, 46.44000000000001], [-89.72000000000028, 46.40000000000001], [-89.72000000000028, 46.360000000000014], [-89.68000000000029, 46.360000000000014], [-89.64000000000028, 46.360000000000014], [-89.64000000000028, 46.320000000000014], [-89.64000000000028, 46.280000000000015], [-89.60000000000028, 46.280000000000015], [-89.56000000000029, 46.280000000000015], [-89.56000000000029, 46.240000000000016], [-89.56000000000029, 46.20000000000002], [-89.5200000000003, 46.20000000000002], [-89.48000000000029, 46.20000000000002], [-89.48000000000029, 46.16000000000002], [-89.48000000000029, 46.12000000000002], [-89.5200000000003, 46.12000000000002], [-89.56000000000029, 46.12000000000002], [-89.56000000000029, 46.08000000000002], [-89.56000000000029, 46.04000000000002], [-89.5200000000003, 46.04000000000002], [-89.48000000000029, 46.04000000000002], [-89.48000000000029, 46.00000000000002], [-89.48000000000029, 45.96000000000002], [-89.5200000000003, 45.96000000000002], [-89.56000000000029, 45.96000000000002], [-89.56000000000029, 45.92000000000002], [-89.56000000000029, 45.880000000000024], [-89.56000000000029, 45.840000000000025], [-89.56000000000029, 45.800000000000026], [-89.56000000000029, 45.760000000000026], [-89.56000000000029, 45.72000000000003], [-89.60000000000028, 45.72000000000003], [-89.64000000000028, 45.72000000000003], [-89.64000000000028, 45.68000000000003], [-89.64000000000028, 45.64000000000003], [-89.64000000000028, 45.60000000000003], [-89.64000000000028, 45.56000000000003], [-89.68000000000029, 45.56000000000003], [-89.72000000000028, 45.56000000000003], [-89.72000000000028, 45.52000000000003], [-89.72000000000028, 45.48000000000003], [-89.72000000000028, 45.44000000000003], [-89.72000000000028, 45.400000000000034], [-89.76000000000028, 45.400000000000034], [-89.80000000000028, 45.400000000000034], [-89.80000000000028, 45.360000000000035], [-89.80000000000028, 45.320000000000036], [-89.84000000000029, 45.320000000000036], [-89.88000000000028, 45.320000000000036], [-89.88000000000028, 45.28000000000004], [-89.88000000000028, 45.24000000000004], [-89.92000000000027, 45.24000000000004], [-89.96000000000028, 45.24000000000004], [-89.96000000000028, 45.20000000000004], [-89.96000000000028, 45.16000000000004], [-89.92000000000027, 45.16000000000004], [-89.88000000000028, 45.16000000000004], [-89.88000000000028, 45.12000000000004], [-89.88000000000028, 45.08000000000004], [-89.92000000000027, 45.08000000000004], [-89.96000000000028, 45.08000000000004], [-89.96000000000028, 45.04000000000004], [-89.96000000000028, 45.00000000000004], [-89.96000000000028, 44.96000000000004], [-89.96000000000028, 44.920000000000044], [-89.96000000000028, 44.880000000000045], [-89.96000000000028, 44.840000000000046], [-89.96000000000028, 44.80000000000005], [-89.96000000000028, 44.76000000000005], [-89.92000000000027, 44.76000000000005], [-89.88000000000028, 44.76000000000005], [-89.88000000000028, 44.72000000000005], [-89.88000000000028, 44.68000000000005], [-89.92000000000027, 44.68000000000005], [-89.96000000000028, 44.68000000000005], [-89.96000000000028, 44.64000000000005], [-89.96000000000028, 44.60000000000005], [-89.96000000000028, 44.56000000000005], [-89.96000000000028, 44.52000000000005], [-90.00000000000028, 44.52000000000005]], [[-90.32000000000028, 44.27670696603345], [-90.27744199207724, 44.32000000000006], [-90.26406035665322, 44.400000000000055], [-90.32000000000028, 44.44363830925634], [-90.3779055733052, 44.400000000000055], [-90.40000000000026, 44.372131983192176], [-90.42887472020647, 44.32000000000006], [-90.40000000000026, 44.26415034930636], [-90.32000000000028, 44.27670696603345]], [[-90.16000000000028, 44.7863742690059], [-90.14590548204185, 44.80000000000005], [-90.14194410692616, 44.880000000000045], [-90.09648924122338, 44.96000000000004], [-90.16000000000028, 45.03153061224494], [-90.19062807209203, 44.96000000000004], [-90.18450123660374, 44.880000000000045], [-90.17273224043743, 44.80000000000005], [-90.16000000000028, 44.7863742690059]], [[-90.08000000000027, 44.57186100386105], [-90.02400304607211, 44.64000000000005], [-90.08000000000027, 44.692367952522304], [-90.16000000000028, 44.68222961730454], [-90.24000000000026, 44.64038722168446], [-90.24063926940667, 44.64000000000005], [-90.24000000000026, 44.63948595557192], [-90.16000000000028, 44.58622224033255], [-90.08000000000027, 44.57186100386105]], [[-90.04163440860242, 45.12000000000004], [-90.08000000000027, 45.163217054263605], [-90.10918848167567, 45.12000000000004], [-90.14815343443382, 45.04000000000004], [-90.08000000000027, 44.98207733131164], [-90.0497425742577, 45.04000000000004], [-90.04163440860242, 45.12000000000004]], [[-89.73238776838025, 45.92000000000002], [-89.76000000000028, 45.94267094017096], [-89.78402490801047, 45.92000000000002], [-89.84000000000029, 45.86222611744087], [-89.92000000000027, 45.870776132795], [-90.00000000000028, 45.88747481312969], [-90.0358566519394, 45.840000000000025], [-90.00000000000028, 45.799050644739324], [-89.92000000000027, 45.783655030800844], [-89.85035066505469, 45.760000000000026], [-89.92000000000027, 45.70777878513149], [-89.94818767249338, 45.68000000000003], [-89.99459356072708, 45.60000000000003], [-90.00000000000028, 45.57963985594241], [-90.08000000000027, 45.53495652173916], [-90.09455571227107, 45.52000000000003], [-90.08000000000027, 45.51040832765354], [-90.00000000000028, 45.48438709677423], [-89.92000000000027, 45.458847807394704], [-89.86353314807491, 45.52000000000003], [-89.84000000000029, 45.539687811358384], [-89.79843442435369, 45.60000000000003], [-89.81918840579738, 45.68000000000003], [-89.8248495575224, 45.760000000000026], [-89.76000000000028, 45.836652719665295], [-89.75961850262307, 45.840000000000025], [-89.73238776838025, 45.92000000000002]], [[-90.00000000000028, 46.065949528422145], [-89.97049250535359, 46.08000000000002], [-90.00000000000028, 46.09992049150707], [-90.02683544303825, 46.08000000000002], [-90.00000000000028, 46.065949528422145]]], [[[-89.72000000000028, 44.80000000000005], [-89.72000000000028, 44.840000000000046], [-89.68000000000029, 44.840000000000046], [-89.64000000000028, 44.840000000000046], [-89.64000000000028, 44.880000000000045], [-89.64000000000028, 44.920000000000044], [-89.64000000000028, 44.96000000000004], [-89.64000000000028, 45.00000000000004], [-89.60000000000028, 45.00000000000004], [-89.56000000000029, 45.00000000000004], [-89.56000000000029, 44.96000000000004], [-89.56000000000029, 44.920000000000044], [-89.5200000000003, 44.920000000000044], [-89.48000000000029, 44.920000000000044], [-89.48000000000029, 44.96000000000004], [-89.48000000000029, 45.00000000000004], [-89.48000000000029, 45.04000000000004], [-89.48000000000029, 45.08000000000004], [-89.48000000000029, 45.12000000000004], [-89.48000000000029, 45.16000000000004], [-89.44000000000028, 45.16000000000004], [-89.40000000000029, 45.16000000000004], [-89.40000000000029, 45.20000000000004], [-89.40000000000029, 45.24000000000004], [-89.40000000000029, 45.28000000000004], [-89.40000000000029, 45.320000000000036], [-89.44000000000028, 45.320000000000036], [-89.48000000000029, 45.320000000000036], [-89.48000000000029, 45.360000000000035], [-89.48000000000029, 45.400000000000034], [-89.48000000000029, 45.44000000000003], [-89.48000000000029, 45.48000000000003], [-89.44000000000028, 45.48000000000003], [-89.40000000000029, 45.48000000000003], [-89.3600000000003, 45.48000000000003], [-89.32000000000029, 45.48000000000003], [-89.28000000000029, 45.48000000000003], [-89.2400000000003, 45.48000000000003], [-89.2400000000003, 45.52000000000003], [-89.2400000000003, 45.56000000000003], [-89.2400000000003, 45.60000000000003], [-89.2400000000003, 45.64000000000003], [-89.2000000000003, 45.64000000000003], [-89.1600000000003, 45.64000000000003], [-89.12000000000029, 45.64000000000003], [-89.0800000000003, 45.64000000000003], [-89.0400000000003, 45.64000000000003], [-89.0000000000003, 45.64000000000003], [-88.96000000000029, 45.64000000000003], [-88.9200000000003, 45.64000000000003], [-88.88000000000031, 45.64000000000003], [-88.8400000000003, 45.64000000000003], [-88.8400000000003, 45.68000000000003], [-88.8400000000003, 45.72000000000003], [-88.8000000000003, 45.72000000000003], [-88.7600000000003, 45.72000000000003], [-88.7600000000003, 45.760000000000026], [-88.7600000000003, 45.800000000000026], [-88.8000000000003, 45.800000000000026], [-88.8400000000003, 45.800000000000026], [-88.8400000000003, 45.840000000000025], [-88.8400000000003, 45.880000000000024], [-88.8000000000003, 45.880000000000024], [-88.7600000000003, 45.880000000000024], [-88.7600000000003, 45.90643968101354], [-88.72000000000031, 45.894123360854806], [-88.6400000000003, 45.84861702127662], [-88.63447570332512, 45.840000000000025], [-88.6400000000003, 45.781090909090956], [-88.64160553633249, 45.760000000000026], [-88.6400000000003, 45.72196721311475], [-88.63831245880057, 45.68000000000003], [-88.6400000000003, 45.66666666666671], [-88.65087510620252, 45.60000000000003], [-88.68612546125492, 45.52000000000003], [-88.68713073005124, 45.44000000000003], [-88.72000000000031, 45.397729257641956], [-88.75105121293831, 45.360000000000035], [-88.8000000000003, 45.32163380281694], [-88.81940269117194, 45.28000000000004], [-88.8000000000003, 45.26588684650278], [-88.72000000000031, 45.22890205011393], [-88.6970809248558, 45.20000000000004], [-88.6400000000003, 45.1367240688827], [-88.6243536905211, 45.12000000000004], [-88.6400000000003, 45.10427710843378], [-88.70576377952786, 45.12000000000004], [-88.72000000000031, 45.12997792494485], [-88.8000000000003, 45.13271574841545], [-88.86827225130921, 45.12000000000004], [-88.8387314172451, 45.04000000000004], [-88.80023928215384, 44.96000000000004], [-88.87802406586478, 44.880000000000045], [-88.88000000000031, 44.87816686251473], [-88.93364516129063, 44.80000000000005], [-88.96000000000029, 44.75583783783789], [-89.00791327913309, 44.72000000000005], [-89.01158853288395, 44.64000000000005], [-89.03204705882382, 44.56000000000005], [-89.0400000000003, 44.5452240437159], [-89.12000000000029, 44.484961781152265], [-89.18671775223528, 44.56000000000005], [-89.2000000000003, 44.57252096143102], [-89.23984158415871, 44.64000000000005], [-89.22661998949793, 44.72000000000005], [-89.2000000000003, 44.78315614617945], [-89.15873855544281, 44.80000000000005], [-89.15484210526346, 44.880000000000045], [-89.15657378741, 44.96000000000004], [-89.17119170984485, 45.04000000000004], [-89.12000000000029, 45.062914572864365], [-89.07659024103498, 45.12000000000004], [-89.04084517304219, 45.20000000000004], [-89.07890236120004, 45.28000000000004], [-89.0400000000003, 45.33428317008018], [-89.02537721519018, 45.360000000000035], [-89.0400000000003, 45.381456166419056], [-89.12000000000029, 45.42739393939398], [-89.18739393939424, 45.360000000000035], [-89.2000000000003, 45.35151020408167], [-89.22161628624336, 45.28000000000004], [-89.2345595680057, 45.20000000000004], [-89.25665995975885, 45.12000000000004], [-89.25303656597804, 45.04000000000004], [-89.28000000000029, 45.019566265060284], [-89.31595636363666, 44.96000000000004], [-89.3600000000003, 44.93364664926027], [-89.4336879856548, 44.880000000000045], [-89.44000000000028, 44.87469613259673], [-89.5200000000003, 44.80848739927121], [-89.52731875719246, 44.80000000000005], [-89.60000000000028, 44.75333579608427], [-89.6313442167422, 44.72000000000005], [-89.68000000000029, 44.682695073235735], [-89.71528612753141, 44.64000000000005], [-89.76000000000028, 44.562884876091374], [-89.76615844916815, 44.56000000000005], [-89.77604744914537, 44.480000000000054], [-89.84000000000029, 44.43757605564539], [-89.88000000000028, 44.43757605564539], [-89.88000000000028, 44.440000000000055], [-89.88000000000028, 44.480000000000054], [-89.88000000000028, 44.52000000000005], [-89.88000000000028, 44.56000000000005], [-89.88000000000028, 44.60000000000005], [-89.88000000000028, 44.64000000000005], [-89.88000000000028, 44.68000000000005], [-89.84000000000029, 44.68000000000005], [-89.80000000000028, 44.68000000000005], [-89.80000000000028, 44.72000000000005], [-89.80000000000028, 44.76000000000005], [-89.76000000000028, 44.76000000000005], [-89.72000000000028, 44.76000000000005], [-89.72000000000028, 44.80000000000005]], [[-89.0400000000003, 44.86420628525387], [-89.01155297532685, 44.880000000000045], [-89.0400000000003, 44.92887780548633], [-89.07402777777808, 44.880000000000045], [-89.0400000000003, 44.86420628525387]]], [[[-88.6400000000003, 46.17714811764137], [-88.61241895261877, 46.16000000000002], [-88.6400000000003, 46.14341829085459], [-88.64870719226258, 46.16000000000002], [-88.6400000000003, 46.17714811764137]]], [[[-88.9200000000003, 46.20000000000002], [-88.96000000000029, 46.20000000000002], [-89.0000000000003, 46.20000000000002], [-89.0400000000003, 46.20000000000002], [-89.0800000000003, 46.20000000000002], [-89.12000000000029, 46.20000000000002], [-89.1600000000003, 46.20000000000002], [-89.1600000000003, 46.16000000000002], [-89.1600000000003, 46.12000000000002], [-89.2000000000003, 46.12000000000002], [-89.2400000000003, 46.12000000000002], [-89.28000000000029, 46.12000000000002], [-89.32000000000029, 46.12000000000002], [-89.32000000000029, 46.16000000000002], [-89.32000000000029, 46.20000000000002], [-89.3600000000003, 46.20000000000002], [-89.40000000000029, 46.20000000000002], [-89.40000000000029, 46.240000000000016], [-89.40000000000029, 46.280000000000015], [-89.3600000000003, 46.280000000000015], [-89.32000000000029, 46.280000000000015], [-89.32000000000029, 46.320000000000014], [-89.32000000000029, 46.360000000000014], [-89.3600000000003, 46.360000000000014], [-89.40000000000029, 46.360000000000014], [-89.44000000000028, 46.360000000000014], [-89.48000000000029, 46.360000000000014], [-89.48000000000029, 46.40000000000001], [-89.48000000000029, 46.44000000000001], [-89.44000000000028, 46.44000000000001], [-89.40000000000029, 46.44000000000001], [-89.3600000000003, 46.44000000000001], [-89.32000000000029, 46.44000000000001], [-89.28000000000029, 46.44000000000001], [-89.2400000000003, 46.44000000000001], [-89.2000000000003, 46.44000000000001], [-89.1600000000003, 46.44000000000001], [-89.1600000000003, 46.48000000000001], [-89.1600000000003, 46.52000000000001], [-89.12000000000029, 46.52000000000001], [-89.0800000000003, 46.52000000000001], [-89.0800000000003, 46.56000000000001], [-89.0800000000003, 46.60000000000001], [-89.12000000000029, 46.60000000000001], [-89.1600000000003, 46.60000000000001], [-89.1600000000003, 46.64000000000001], [-89.1600000000003, 46.68000000000001], [-89.12000000000029, 46.68000000000001], [-89.0800000000003, 46.68000000000001], [-89.0800000000003, 46.720000000000006], [-89.0800000000003, 46.760000000000005], [-89.0400000000003, 46.760000000000005], [-89.010937205538, 46.760000000000005], [-89.01378404001468, 46.720000000000006], [-88.97517569828837, 46.64000000000001], [-89.02327058289892, 46.56000000000001], [-89.00226604354299, 46.48000000000001], [-88.96000000000029, 46.44041877078459], [-88.88000000000031, 46.43409363745499], [-88.8000000000003, 46.430192976906056], [-88.72000000000031, 46.41495610913406], [-88.69931079750604, 46.40000000000001], [-88.72000000000031, 46.36671594508977], [-88.77779229261951, 46.320000000000014], [-88.79422493320592, 46.240000000000016], [-88.77920840630503, 46.16000000000002], [-88.77920840630503, 46.12000000000002], [-88.8000000000003, 46.12000000000002], [-88.8400000000003, 46.12000000000002], [-88.8400000000003, 46.16000000000002], [-88.8400000000003, 46.20000000000002], [-88.88000000000031, 46.20000000000002], [-88.9200000000003, 46.20000000000002]]], [[[-87.48000000000033, 46.68972972972974], [-87.52000000000032, 46.71198821796761], [-87.52877773295717, 46.720000000000006], [-87.52877773295717, 46.760000000000005], [-87.52000000000032, 46.760000000000005], [-87.48000000000033, 46.760000000000005], [-87.48000000000033, 46.720000000000006], [-87.48000000000033, 46.68972972972974]]], [[[-89.0800000000003, 47.0], [-89.0400000000003, 47.0], [-89.0000000000003, 47.0], [-88.96000000000029, 47.0], [-88.95747786043246, 47.0], [-88.95747786043246, 46.96], [-88.96000000000029, 46.93642384105961], [-88.97230324909778, 46.88], [-88.97217755743559, 46.84], [-89.0000000000003, 46.80584300683944], [-89.0000000000003, 46.84], [-89.0400000000003, 46.84], [-89.0800000000003, 46.84], [-89.0800000000003, 46.88], [-89.0800000000003, 46.92], [-89.0800000000003, 46.96], [-89.0800000000003, 47.0]]], [[[-88.08000000000033, 46.955407433257726], [-88.10423572744047, 46.96], [-88.10423572744047, 47.0], [-88.08000000000033, 47.0], [-88.04000000000032, 47.0], [-88.03925696594459, 47.0], [-88.03925696594459, 46.96], [-88.08000000000033, 46.955407433257726]]], [[[-85.72000000000037, 40.00000000000015], [-85.72000000000037, 39.96000000000015], [-85.76000000000036, 39.96000000000015], [-85.78997312859921, 39.96000000000015], [-85.78997312859921, 40.00000000000015], [-85.76000000000036, 40.053110828949904], [-85.72000000000037, 40.053110828949904], [-85.72000000000037, 40.04000000000015], [-85.72000000000037, 40.00000000000015]]], [[[-84.0400000000004, 40.176421568627596], [-84.0400000000004, 40.160000000000146], [-84.0400000000004, 40.12000000000015], [-84.0400000000004, 40.08000000000015], [-84.0400000000004, 40.04000000000015], [-84.08000000000041, 40.04000000000015], [-84.1200000000004, 40.04000000000015], [-84.1200000000004, 40.08000000000015], [-84.1200000000004, 40.12000000000015], [-84.1200000000004, 40.160000000000146], [-84.1200000000004, 40.17176372225256], [-84.08000000000041, 40.176421568627596], [-84.0400000000004, 40.176421568627596]]], [[[-84.32000000000039, 40.28000000000014], [-84.2800000000004, 40.28000000000014], [-84.27793688294288, 40.28000000000014], [-84.27793688294288, 40.240000000000144], [-84.29383603238907, 40.160000000000146], [-84.29383603238907, 40.12000000000015], [-84.32000000000039, 40.12000000000015], [-84.3600000000004, 40.12000000000015], [-84.3600000000004, 40.160000000000146], [-84.3600000000004, 40.200000000000145], [-84.3600000000004, 40.240000000000144], [-84.3600000000004, 40.28000000000014], [-84.32000000000039, 40.28000000000014]]], [[[-85.56410226270974, 40.28000000000014], [-85.56000000000037, 40.28266386795167], [-85.54375793799066, 40.32000000000014], [-85.56827324478215, 40.40000000000014], [-85.52000000000038, 40.46915549112011], [-85.48000000000037, 40.46915549112011], [-85.48000000000037, 40.44000000000014], [-85.48000000000037, 40.40000000000014], [-85.48000000000037, 40.36000000000014], [-85.48000000000037, 40.32000000000014], [-85.48000000000037, 40.28000000000014], [-85.52000000000038, 40.28000000000014], [-85.56000000000037, 40.28000000000014], [-85.56000000000037, 40.240000000000144], [-85.56000000000037, 40.200000000000145], [-85.56000000000037, 40.160000000000146], [-85.56000000000037, 40.1273661670237], [-85.60000000000036, 40.1273661670237], [-85.63868397930331, 40.160000000000146], [-85.68000000000038, 40.23464371384239], [-85.68949172576869, 40.240000000000144], [-85.68000000000038, 40.24464228934831], [-85.60000000000036, 40.27120138288692], [-85.56410226270974, 40.28000000000014]]], [[[-86.09962465914595, 40.56000000000014], [-86.10659723613094, 40.640000000000136], [-86.08000000000035, 40.65174078330842], [-86.05356161656417, 40.640000000000136], [-86.06573105780855, 40.56000000000014], [-86.08000000000035, 40.54831659531137], [-86.09962465914595, 40.56000000000014]]], [[[-84.5600000000004, 40.68545368171035], [-84.5528923888916, 40.720000000000134], [-84.5600000000004, 40.73256175505282], [-84.60000000000039, 40.757503697964495], [-84.60160696472335, 40.76000000000013], [-84.60000000000039, 40.76000000000013], [-84.60000000000039, 40.80000000000013], [-84.60000000000039, 40.84000000000013], [-84.5600000000004, 40.84000000000013], [-84.5200000000004, 40.84000000000013], [-84.5200000000004, 40.80000000000013], [-84.5200000000004, 40.76000000000013], [-84.48000000000039, 40.76000000000013], [-84.4400000000004, 40.76000000000013], [-84.4400000000004, 40.720000000000134], [-84.4400000000004, 40.680000000000135], [-84.48000000000039, 40.680000000000135], [-84.5200000000004, 40.680000000000135], [-84.5200000000004, 40.640000000000136], [-84.5200000000004, 40.600000000000136], [-84.5600000000004, 40.600000000000136], [-84.60000000000039, 40.600000000000136], [-84.64000000000038, 40.600000000000136], [-84.68000000000039, 40.600000000000136], [-84.68000000000039, 40.640000000000136], [-84.68000000000039, 40.665463743676355], [-84.64000000000038, 40.665463743676355], [-84.5600000000004, 40.68545368171035]]], [[[-84.3600000000004, 40.68272237575544], [-84.3600000000004, 40.720000000000134], [-84.3600000000004, 40.76000000000013], [-84.3600000000004, 40.80000000000013], [-84.3600000000004, 40.84000000000013], [-84.32000000000039, 40.84000000000013], [-84.2800000000004, 40.84000000000013], [-84.2400000000004, 40.84000000000013], [-84.2000000000004, 40.84000000000013], [-84.2000000000004, 40.88000000000013], [-84.2000000000004, 40.92000000000013], [-84.1600000000004, 40.92000000000013], [-84.1200000000004, 40.92000000000013], [-84.1200000000004, 40.88000000000013], [-84.1200000000004, 40.84000000000013], [-84.1200000000004, 40.80000000000013], [-84.1200000000004, 40.79783664459175], [-84.1600000000004, 40.79783664459175], [-84.21963636363677, 40.720000000000134], [-84.20429021076578, 40.680000000000135], [-84.2000000000004, 40.676343136589146], [-84.2000000000004, 40.640000000000136], [-84.2000000000004, 40.600000000000136], [-84.2400000000004, 40.600000000000136], [-84.2800000000004, 40.600000000000136], [-84.32000000000039, 40.600000000000136], [-84.32289156626545, 40.600000000000136], [-84.32289156626545, 40.640000000000136], [-84.35510506590346, 40.680000000000135], [-84.3600000000004, 40.68272237575544]]], [[[-85.44000000000037, 40.803291139240635], [-85.43659388646326, 40.80000000000013], [-85.44000000000037, 40.77238938053111], [-85.4446350974934, 40.80000000000013], [-85.44000000000037, 40.803291139240635]]], [[[-85.36000000000038, 40.69083860092723], [-85.32000000000038, 40.710207064555554], [-85.31266757865974, 40.720000000000134], [-85.28000000000037, 40.74254957507095], [-85.20000000000039, 40.77043725009687], [-85.16552362285518, 40.80000000000013], [-85.12000000000037, 40.83414018835366], [-85.10416435290955, 40.84000000000013], [-85.08000000000038, 40.86838831041211], [-85.07653341253379, 40.88000000000013], [-85.04000000000039, 40.93635727980164], [-85.01204576366148, 40.96000000000013], [-84.96000000000038, 41.00739477890263], [-84.92000000000039, 41.029984176973805], [-84.91389723320196, 41.04000000000013], [-84.8800000000004, 41.05850585845974], [-84.84000000000039, 41.05916904368402], [-84.84000000000039, 41.04000000000013], [-84.84000000000039, 41.00000000000013], [-84.8800000000004, 41.00000000000013], [-84.92000000000039, 41.00000000000013], [-84.92000000000039, 40.96000000000013], [-84.92000000000039, 40.92000000000013], [-84.96000000000038, 40.92000000000013], [-85.00000000000038, 40.92000000000013], [-85.00000000000038, 40.88000000000013], [-85.00000000000038, 40.84000000000013], [-85.04000000000039, 40.84000000000013], [-85.08000000000038, 40.84000000000013], [-85.08000000000038, 40.80000000000013], [-85.08000000000038, 40.76000000000013], [-85.12000000000037, 40.76000000000013], [-85.16000000000038, 40.76000000000013], [-85.16000000000038, 40.720000000000134], [-85.16000000000038, 40.680000000000135], [-85.20000000000039, 40.680000000000135], [-85.24000000000038, 40.680000000000135], [-85.28000000000037, 40.680000000000135], [-85.32000000000038, 40.680000000000135], [-85.32000000000038, 40.640000000000136], [-85.32000000000038, 40.600000000000136], [-85.36000000000038, 40.600000000000136], [-85.40000000000038, 40.600000000000136], [-85.40000000000038, 40.56000000000014], [-85.40000000000038, 40.52000000000014], [-85.44000000000037, 40.52000000000014], [-85.4497666847535, 40.52000000000014], [-85.44765143464437, 40.56000000000014], [-85.44000000000037, 40.59256578947382], [-85.43379830779823, 40.600000000000136], [-85.4193594560748, 40.640000000000136], [-85.36000000000038, 40.69083860092723]]], [[[-85.35051412020313, 40.88000000000013], [-85.36000000000038, 40.862496381249436], [-85.37701851250443, 40.88000000000013], [-85.36000000000038, 40.88990360990374], [-85.35051412020313, 40.88000000000013]]], [[[-85.76000000000036, 40.95448078845892], [-85.80000000000037, 40.95305743546758], [-85.80000000000037, 40.96000000000013], [-85.80000000000037, 41.00000000000013], [-85.76000000000036, 41.00000000000013], [-85.74071278826032, 41.00000000000013], [-85.74071278826032, 40.96000000000013], [-85.76000000000036, 40.95448078845892]]], [[[-85.71379638439618, 41.200000000000124], [-85.68000000000038, 41.23402298850587], [-85.64000000000037, 41.22940397351005], [-85.64000000000037, 41.200000000000124], [-85.64000000000037, 41.160000000000124], [-85.68000000000038, 41.160000000000124], [-85.72000000000037, 41.160000000000124], [-85.72000000000037, 41.120000000000125], [-85.72000000000037, 41.080000000000126], [-85.76000000000036, 41.080000000000126], [-85.80000000000037, 41.080000000000126], [-85.83313615590275, 41.080000000000126], [-85.83313615590275, 41.120000000000125], [-85.76000000000036, 41.175967534395845], [-85.72000000000037, 41.193458631529786], [-85.71379638439618, 41.200000000000124]]], [[[-85.56000000000037, 41.120000000000125], [-85.56000000000037, 41.160000000000124], [-85.56000000000037, 41.200000000000124], [-85.56000000000037, 41.24000000000012], [-85.57788018433217, 41.24000000000012], [-85.56246198406988, 41.28000000000012], [-85.52000000000038, 41.292031185884404], [-85.44000000000037, 41.31076433121031], [-85.42100294985288, 41.28000000000012], [-85.44000000000037, 41.27028169014097], [-85.49611921115032, 41.200000000000124], [-85.48565049377453, 41.120000000000125], [-85.52000000000038, 41.079254947613634], [-85.55194089229931, 41.04000000000013], [-85.60000000000036, 41.01735707591391], [-85.64000000000037, 41.01661935483884], [-85.64000000000037, 41.04000000000013], [-85.64000000000037, 41.080000000000126], [-85.60000000000036, 41.080000000000126], [-85.56000000000037, 41.080000000000126], [-85.56000000000037, 41.120000000000125]]], [[[-84.3600000000004, 41.24000000000012], [-84.4000000000004, 41.24000000000012], [-84.41214770505043, 41.24000000000012], [-84.41023925532728, 41.28000000000012], [-84.4000000000004, 41.29281966653401], [-84.3600000000004, 41.29281966653401], [-84.3600000000004, 41.28000000000012], [-84.3600000000004, 41.24000000000012]]], [[[-85.20000000000039, 41.53921325051771], [-85.14733848840147, 41.52000000000012], [-85.18752566062497, 41.44000000000012], [-85.17777989518856, 41.36000000000012], [-85.20000000000039, 41.328589948649], [-85.24100888099505, 41.28000000000012], [-85.24919691212665, 41.200000000000124], [-85.28000000000037, 41.182674789672305], [-85.31662680159498, 41.200000000000124], [-85.31755046185464, 41.28000000000012], [-85.32713318284462, 41.36000000000012], [-85.33501577287103, 41.44000000000012], [-85.325183316713, 41.52000000000012], [-85.28000000000037, 41.54999260153432], [-85.20000000000039, 41.53921325051771]]], [[[-85.01025169147535, 41.44000000000012], [-85.04000000000039, 41.41678073510785], [-85.07324361106949, 41.44000000000012], [-85.04000000000039, 41.45552624609366], [-85.01025169147535, 41.44000000000012]]], [[[-84.8800000000004, 41.46249696233305], [-84.96000000000038, 41.48139099420431], [-84.98200587628085, 41.52000000000012], [-84.96000000000038, 41.57181750186997], [-84.8800000000004, 41.543877490687755], [-84.86640040410882, 41.52000000000012], [-84.8800000000004, 41.46249696233305]]], [[[-85.12000000000037, 41.66039754783589], [-85.04029636086331, 41.600000000000115], [-85.12000000000037, 41.52751817807667], [-85.1690155284189, 41.600000000000115], [-85.12000000000037, 41.66039754783589]]], [[[-85.04000000000039, 41.720472550382325], [-84.99200659250141, 41.68000000000011], [-85.04000000000039, 41.60082175226598], [-85.08197477477516, 41.68000000000011], [-85.04000000000039, 41.720472550382325]]], [[[-84.68000000000039, 41.94689856206126], [-84.68000000000039, 41.92000000000011], [-84.68000000000039, 41.88000000000011], [-84.64000000000038, 41.88000000000011], [-84.60000000000039, 41.88000000000011], [-84.60000000000039, 41.92000000000011], [-84.60000000000039, 41.9274660050576], [-84.5600000000004, 41.94711018711029], [-84.52263610315227, 41.92000000000011], [-84.51719103205524, 41.84000000000011], [-84.5600000000004, 41.817072541431095], [-84.63558086560404, 41.76000000000011], [-84.64000000000038, 41.753263888889], [-84.64236441194433, 41.76000000000011], [-84.7200000000004, 41.81686230752076], [-84.76467040068975, 41.84000000000011], [-84.76071766550609, 41.92000000000011], [-84.7200000000004, 41.96252876894993], [-84.715648154307, 41.96000000000011], [-84.68000000000039, 41.94689856206126]]], [[[-84.44527605183778, 42.00000000000011], [-84.48000000000039, 41.93349200952068], [-84.53939872456766, 42.00000000000011], [-84.48000000000039, 42.020381369177976], [-84.44527605183778, 42.00000000000011]]], [[[-87.52000000000032, 44.339182004090034], [-87.45386603995333, 44.32000000000006], [-87.52000000000032, 44.30172430589387], [-87.53017445539217, 44.32000000000006], [-87.52000000000032, 44.339182004090034]]], [[[-87.35877899877933, 44.400000000000055], [-87.36000000000033, 44.39874371859302], [-87.44000000000034, 44.3270384730093], [-87.47253624152181, 44.400000000000055], [-87.46058764829837, 44.480000000000054], [-87.44000000000034, 44.543372013651926], [-87.36000000000033, 44.52826498422718], [-87.32787401574836, 44.480000000000054], [-87.35877899877933, 44.400000000000055]]], [[[-87.12000000000035, 44.97207507820651], [-87.04000000000033, 45.01423980222501], [-86.99214695752043, 45.04000000000004], [-86.96000000000035, 45.06039329934454], [-86.91718654434285, 45.04000000000004], [-86.94721489526799, 44.96000000000004], [-86.96000000000035, 44.94754346182922], [-87.01162333911068, 44.880000000000045], [-87.04000000000033, 44.84674339878136], [-87.0821747098354, 44.80000000000005], [-87.12000000000035, 44.775765166340555], [-87.20000000000033, 44.738281839558205], [-87.23302904564349, 44.72000000000005], [-87.28000000000034, 44.66964092786786], [-87.31031369548617, 44.72000000000005], [-87.3021765276434, 44.80000000000005], [-87.28000000000034, 44.82530883329648], [-87.20000000000033, 44.87396068152036], [-87.19059284664414, 44.880000000000045], [-87.12820549158582, 44.96000000000004], [-87.12000000000035, 44.97207507820651]]], [[[-86.56000000000034, 45.828503603221726], [-86.5821026894869, 45.840000000000025], [-86.56000000000034, 45.84957120169404], [-86.54231176172222, 45.840000000000025], [-86.48000000000036, 45.775742409360745], [-86.40000000000035, 45.77083165092806], [-86.32815239744596, 45.840000000000025], [-86.32000000000036, 45.84924398625432], [-86.2763209334044, 45.92000000000002], [-86.2763209334044, 45.96000000000002], [-86.24000000000035, 45.96000000000002], [-86.20000000000036, 45.96000000000002], [-86.20000000000036, 45.92000000000002], [-86.20000000000036, 45.880000000000024], [-86.16000000000037, 45.880000000000024], [-86.12000000000036, 45.880000000000024], [-86.12000000000036, 45.840000000000025], [-86.12000000000036, 45.800000000000026], [-86.1002237136469, 45.800000000000026], [-86.12000000000036, 45.77787234042556], [-86.16000000000037, 45.76910512597744], [-86.20576419214011, 45.760000000000026], [-86.24000000000035, 45.745235404896455], [-86.32000000000036, 45.733396674584355], [-86.35816638370154, 45.68000000000003], [-86.40000000000035, 45.62981670061103], [-86.42089935760207, 45.60000000000003], [-86.48000000000036, 45.545238095238126], [-86.52592057761768, 45.52000000000003], [-86.56000000000034, 45.487297921478095], [-86.58121348314641, 45.52000000000003], [-86.60232931726942, 45.60000000000003], [-86.56542809006008, 45.68000000000003], [-86.56000000000034, 45.687905420477385], [-86.4901210773416, 45.760000000000026], [-86.56000000000034, 45.828503603221726]]], [[[-86.00000000000037, 45.800000000000026], [-85.96000000000036, 45.800000000000026], [-85.96000000000036, 45.760000000000026], [-85.96000000000036, 45.72000000000003], [-85.92000000000036, 45.72000000000003], [-85.88000000000036, 45.72000000000003], [-85.88000000000036, 45.68000000000003], [-85.88000000000036, 45.6752128435904], [-85.92000000000036, 45.67457739202318], [-85.93449723756942, 45.68000000000003], [-85.96000000000036, 45.713627974745066], [-85.99984171808595, 45.72000000000003], [-86.00000000000037, 45.72001172007379], [-86.02682352941213, 45.760000000000026], [-86.02682352941213, 45.800000000000026], [-86.00000000000037, 45.800000000000026]]], [[[-87.40000000000033, 46.68000000000001], [-87.36000000000033, 46.68000000000001], [-87.32000000000033, 46.68000000000001], [-87.32000000000033, 46.64000000000001], [-87.32000000000033, 46.60000000000001], [-87.28000000000034, 46.60000000000001], [-87.24000000000034, 46.60000000000001], [-87.24000000000034, 46.56000000000001], [-87.24000000000034, 46.54051440589921], [-87.28000000000034, 46.53700444085588], [-87.36000000000033, 46.535731916763204], [-87.41068317178592, 46.56000000000001], [-87.44000000000034, 46.58437416777631], [-87.47509121932045, 46.64000000000001], [-87.47824892703896, 46.68000000000001], [-87.44000000000034, 46.68000000000001], [-87.40000000000033, 46.68000000000001]]]]}}, {"id": "1", "type": "Feature", "properties": {"min_value": 20.0, "max_value": 25.0, "color": "#abd9e9"}, "geometry": {"type": "MultiPolygon", "coordinates": [[[[-93.3200000000002, 41.40000000000012], [-93.3200000000002, 41.44000000000012], [-93.3200000000002, 41.48000000000012], [-93.2800000000002, 41.48000000000012], [-93.24000000000021, 41.48000000000012], [-93.24000000000021, 41.50456979747191], [-93.20000000000022, 41.50139626352027], [-93.16000000000021, 41.513311942571356], [-93.16000000000021, 41.48000000000012], [-93.12529569093631, 41.48000000000012], [-93.1286860246503, 41.44000000000012], [-93.1286860246503, 41.40000000000012], [-93.16000000000021, 41.40000000000012], [-93.20000000000022, 41.40000000000012], [-93.24000000000021, 41.40000000000012], [-93.2800000000002, 41.40000000000012], [-93.3200000000002, 41.40000000000012]]], [[[-94.72939931198748, 42.84000000000009], [-94.72000000000017, 42.84000000000009], [-94.68000000000018, 42.84000000000009], [-94.64000000000019, 42.84000000000009], [-94.60000000000018, 42.84000000000009], [-94.60000000000018, 42.80000000000009], [-94.60000000000018, 42.76000000000009], [-94.60000000000018, 42.72000000000009], [-94.60000000000018, 42.68000000000009], [-94.64000000000019, 42.68000000000009], [-94.68000000000018, 42.68000000000009], [-94.7102123356928, 42.68000000000009], [-94.7102123356928, 42.72000000000009], [-94.72000000000017, 42.78055677197382], [-94.72939931198748, 42.80000000000009], [-94.72939931198748, 42.84000000000009]]], [[[-95.08000000000017, 42.68000000000009], [-95.08000000000017, 42.72000000000009], [-95.08000000000017, 42.76000000000009], [-95.04000000000016, 42.76000000000009], [-95.00000000000017, 42.76000000000009], [-95.00000000000017, 42.80000000000009], [-95.00000000000017, 42.84000000000009], [-94.96000000000018, 42.84000000000009], [-94.92000000000017, 42.84000000000009], [-94.89198847262266, 42.84000000000009], [-94.89198847262266, 42.80000000000009], [-94.88000000000017, 42.77804749340378], [-94.84534133533401, 42.72000000000009], [-94.84534133533401, 42.68000000000009], [-94.88000000000017, 42.68000000000009], [-94.92000000000017, 42.68000000000009], [-94.96000000000018, 42.68000000000009], [-95.00000000000017, 42.68000000000009], [-95.04000000000016, 42.68000000000009], [-95.08000000000017, 42.68000000000009]]], [[[-95.48000000000016, 43.36000000000008], [-95.48000000000016, 43.40000000000008], [-95.52000000000015, 43.40000000000008], [-95.56000000000016, 43.40000000000008], [-95.60000000000016, 43.40000000000008], [-95.64000000000016, 43.40000000000008], [-95.64000000000016, 43.440000000000076], [-95.64000000000016, 43.480000000000075], [-95.67830879884089, 43.480000000000075], [-95.64000000000016, 43.50848519092804], [-95.60000000000016, 43.50662825184314], [-95.52000000000015, 43.50583822403682], [-95.48000000000016, 43.50001920076811], [-95.48000000000016, 43.480000000000075], [-95.4556396028039, 43.480000000000075], [-95.44972354623467, 43.440000000000076], [-95.44000000000017, 43.43652173913051], [-95.40000000000016, 43.436968045578475], [-95.40000000000016, 43.40000000000008], [-95.36000000000016, 43.40000000000008], [-95.32000000000016, 43.40000000000008], [-95.28000000000017, 43.40000000000008], [-95.24000000000017, 43.40000000000008], [-95.24000000000017, 43.36000000000008], [-95.24000000000017, 43.32000000000008], [-95.28000000000017, 43.32000000000008], [-95.32000000000016, 43.32000000000008], [-95.36000000000016, 43.32000000000008], [-95.40000000000016, 43.32000000000008], [-95.44000000000017, 43.32000000000008], [-95.48000000000016, 43.32000000000008], [-95.48000000000016, 43.36000000000008]]], [[[-93.6000000000002, 43.40000000000008], [-93.6400000000002, 43.40000000000008], [-93.6400000000002, 43.440000000000076], [-93.6400000000002, 43.480000000000075], [-93.6800000000002, 43.480000000000075], [-93.7200000000002, 43.480000000000075], [-93.7200000000002, 43.520000000000074], [-93.7200000000002, 43.56000000000007], [-93.76000000000019, 43.56000000000007], [-93.8000000000002, 43.56000000000007], [-93.8000000000002, 43.60000000000007], [-93.8000000000002, 43.62386858073117], [-93.76000000000019, 43.61764647956679], [-93.69565529623, 43.60000000000007], [-93.6800000000002, 43.58709422792312], [-93.65953051643213, 43.60000000000007], [-93.6800000000002, 43.61059538274612], [-93.70486721811078, 43.68000000000007], [-93.76000000000019, 43.75171007927526], [-93.82997973844189, 43.68000000000007], [-93.82287513116493, 43.64000000000007], [-93.8400000000002, 43.64000000000007], [-93.8800000000002, 43.64000000000007], [-93.8800000000002, 43.68000000000007], [-93.8800000000002, 43.72000000000007], [-93.8800000000002, 43.76000000000007], [-93.8800000000002, 43.79397753492742], [-93.86421217056086, 43.80000000000007], [-93.8400000000002, 43.81493205435658], [-93.76000000000019, 43.776070252469886], [-93.6800000000002, 43.7970045366976], [-93.63658792650938, 43.76000000000007], [-93.6000000000002, 43.70350557244181], [-93.5352380952383, 43.76000000000007], [-93.52000000000021, 43.766032183908116], [-93.5159198341398, 43.76000000000007], [-93.5174193548389, 43.68000000000007], [-93.48437433784599, 43.60000000000007], [-93.52000000000021, 43.55254938852312], [-93.5519041032736, 43.520000000000074], [-93.52000000000021, 43.47164220824606], [-93.4982725527833, 43.440000000000076], [-93.5175876923079, 43.36000000000008], [-93.5175876923079, 43.32000000000008], [-93.52000000000021, 43.32000000000008], [-93.5600000000002, 43.32000000000008], [-93.5600000000002, 43.36000000000008], [-93.5600000000002, 43.40000000000008], [-93.6000000000002, 43.40000000000008]]], [[[-94.20000000000019, 43.64000000000007], [-94.24000000000018, 43.64000000000007], [-94.28000000000019, 43.64000000000007], [-94.28000000000019, 43.68000000000007], [-94.28000000000019, 43.72000000000007], [-94.28000000000019, 43.76000000000007], [-94.28000000000019, 43.80000000000007], [-94.24000000000018, 43.80000000000007], [-94.20000000000019, 43.80000000000007], [-94.20000000000019, 43.84000000000007], [-94.20000000000019, 43.88000000000007], [-94.1600000000002, 43.88000000000007], [-94.12000000000019, 43.88000000000007], [-94.12000000000019, 43.920000000000066], [-94.12000000000019, 43.960000000000065], [-94.08000000000018, 43.960000000000065], [-94.04000000000019, 43.960000000000065], [-94.03212765957466, 43.960000000000065], [-94.03212765957466, 43.920000000000066], [-94.02909291577586, 43.84000000000007], [-94.0000000000002, 43.81774588433945], [-93.98774188242525, 43.80000000000007], [-93.96000000000019, 43.783592047545], [-93.96000000000019, 43.76000000000007], [-93.96000000000019, 43.72000000000007], [-93.96000000000019, 43.70197802197809], [-94.0000000000002, 43.70197802197809], [-94.02100898410524, 43.68000000000007], [-94.02100898410524, 43.64000000000007], [-94.04000000000019, 43.64000000000007], [-94.08000000000018, 43.64000000000007], [-94.12000000000019, 43.64000000000007], [-94.1600000000002, 43.64000000000007], [-94.20000000000019, 43.64000000000007]]], [[[-96.44000000000014, 43.960000000000065], [-96.48000000000013, 43.960000000000065], [-96.51746201966054, 43.960000000000065], [-96.51746201966054, 44.000000000000064], [-96.48000000000013, 44.033509192645944], [-96.44000000000014, 44.023588845817244], [-96.44000000000014, 44.000000000000064], [-96.44000000000014, 43.960000000000065]]], [[[-93.8800000000002, 44.10015277542019], [-93.8400000000002, 44.10015277542019], [-93.76000000000019, 44.08827781938593], [-93.75393781934721, 44.08000000000006], [-93.75393781934721, 44.04000000000006], [-93.76000000000019, 44.04000000000006], [-93.8000000000002, 44.04000000000006], [-93.8400000000002, 44.04000000000006], [-93.8800000000002, 44.04000000000006], [-93.8800000000002, 44.08000000000006], [-93.8800000000002, 44.10015277542019]]], [[[-95.24000000000017, 43.60000000000007], [-95.24000000000017, 43.64000000000007], [-95.24758227226374, 43.64000000000007], [-95.24000000000017, 43.65680807404002], [-95.2209395973156, 43.68000000000007], [-95.28000000000017, 43.72179758860073], [-95.31644085793178, 43.68000000000007], [-95.31644085793178, 43.64000000000007], [-95.32000000000016, 43.64000000000007], [-95.36000000000016, 43.64000000000007], [-95.40000000000016, 43.64000000000007], [-95.40000000000016, 43.6387610193942], [-95.40487389659538, 43.64000000000007], [-95.44000000000017, 43.651972920696394], [-95.48000000000016, 43.643089659564374], [-95.48000000000016, 43.68000000000007], [-95.48000000000016, 43.72000000000007], [-95.52000000000015, 43.72000000000007], [-95.56000000000016, 43.72000000000007], [-95.56000000000016, 43.68000000000007], [-95.56000000000016, 43.64000000000007], [-95.52000000000015, 43.64000000000007], [-95.48487400586035, 43.64000000000007], [-95.50036294710254, 43.60000000000007], [-95.50636099371215, 43.56000000000007], [-95.52000000000015, 43.53397379912671], [-95.60000000000016, 43.539025658415355], [-95.68000000000015, 43.52159422779599], [-95.72000000000016, 43.52159422779599], [-95.72000000000016, 43.56000000000007], [-95.72000000000016, 43.60000000000007], [-95.72000000000016, 43.64000000000007], [-95.72000000000016, 43.68000000000007], [-95.72000000000016, 43.72000000000007], [-95.68000000000015, 43.72000000000007], [-95.64000000000016, 43.72000000000007], [-95.64000000000016, 43.76000000000007], [-95.64000000000016, 43.80000000000007], [-95.64000000000016, 43.84000000000007], [-95.64000000000016, 43.88000000000007], [-95.68000000000015, 43.88000000000007], [-95.72000000000016, 43.88000000000007], [-95.76000000000016, 43.88000000000007], [-95.76001805238981, 43.88000000000007], [-95.76001805238981, 43.920000000000066], [-95.84000000000015, 43.932982456140415], [-95.84563094483211, 43.920000000000066], [-95.84563094483211, 43.88000000000007], [-95.88000000000015, 43.88000000000007], [-95.92000000000016, 43.88000000000007], [-95.96000000000015, 43.88000000000007], [-95.96000000000015, 43.86364415156514], [-95.98953882772999, 43.88000000000007], [-96.00000000000014, 43.89297895902554], [-96.02190483963126, 43.920000000000066], [-96.04000000000015, 43.93328725529371], [-96.05540261924247, 43.960000000000065], [-96.04000000000015, 43.960000000000065], [-96.04000000000015, 44.000000000000064], [-96.04000000000015, 44.04000000000006], [-96.04000000000015, 44.08000000000006], [-96.04000000000015, 44.12000000000006], [-96.08000000000015, 44.12000000000006], [-96.12000000000015, 44.12000000000006], [-96.12000000000015, 44.16000000000006], [-96.12000000000015, 44.20000000000006], [-96.16000000000014, 44.20000000000006], [-96.20000000000014, 44.20000000000006], [-96.24000000000015, 44.20000000000006], [-96.28000000000014, 44.20000000000006], [-96.28000000000014, 44.24000000000006], [-96.28000000000014, 44.28000000000006], [-96.32000000000014, 44.28000000000006], [-96.36000000000014, 44.28000000000006], [-96.36000000000014, 44.32000000000006], [-96.36000000000014, 44.360000000000056], [-96.40000000000015, 44.360000000000056], [-96.44000000000014, 44.360000000000056], [-96.44000000000014, 44.400000000000055], [-96.44000000000014, 44.440000000000055], [-96.48000000000013, 44.440000000000055], [-96.52000000000014, 44.440000000000055], [-96.56000000000014, 44.440000000000055], [-96.60000000000014, 44.440000000000055], [-96.64000000000013, 44.440000000000055], [-96.68000000000013, 44.440000000000055], [-96.68213523131686, 44.440000000000055], [-96.68213523131686, 44.480000000000054], [-96.67462082912046, 44.56000000000005], [-96.65063346759442, 44.64000000000005], [-96.66310635250807, 44.68000000000005], [-96.68000000000013, 44.69400418339086], [-96.68000000000013, 44.72000000000005], [-96.68000000000013, 44.76000000000005], [-96.64000000000013, 44.76000000000005], [-96.60000000000014, 44.76000000000005], [-96.60000000000014, 44.80000000000005], [-96.60000000000014, 44.840000000000046], [-96.64000000000013, 44.840000000000046], [-96.68000000000013, 44.840000000000046], [-96.72000000000014, 44.840000000000046], [-96.76000000000013, 44.840000000000046], [-96.76000000000013, 44.880000000000045], [-96.76000000000013, 44.920000000000044], [-96.80000000000013, 44.920000000000044], [-96.84000000000013, 44.920000000000044], [-96.84000000000013, 44.96000000000004], [-96.84000000000013, 45.00000000000004], [-96.88000000000014, 45.00000000000004], [-96.92000000000013, 45.00000000000004], [-96.96000000000012, 45.00000000000004], [-97.00000000000013, 45.00000000000004], [-97.00000000000013, 45.04000000000004], [-97.00000000000013, 45.08000000000004], [-96.96000000000012, 45.08000000000004], [-96.92000000000013, 45.08000000000004], [-96.88000000000014, 45.08000000000004], [-96.84000000000013, 45.08000000000004], [-96.80000000000013, 45.08000000000004], [-96.76000000000013, 45.08000000000004], [-96.72000000000014, 45.08000000000004], [-96.68000000000013, 45.08000000000004], [-96.68000000000013, 45.04000000000004], [-96.68000000000013, 45.00000000000004], [-96.64000000000013, 45.00000000000004], [-96.60000000000014, 45.00000000000004], [-96.56000000000014, 45.00000000000004], [-96.52000000000014, 45.00000000000004], [-96.48000000000013, 45.00000000000004], [-96.44000000000014, 45.00000000000004], [-96.44000000000014, 44.96000000000004], [-96.44000000000014, 44.920000000000044], [-96.40000000000015, 44.920000000000044], [-96.36000000000014, 44.920000000000044], [-96.36000000000014, 44.880000000000045], [-96.36000000000014, 44.840000000000046], [-96.40000000000015, 44.840000000000046], [-96.44000000000014, 44.840000000000046], [-96.44000000000014, 44.80000000000005], [-96.44000000000014, 44.76000000000005], [-96.44000000000014, 44.72000000000005], [-96.44000000000014, 44.68000000000005], [-96.40000000000015, 44.68000000000005], [-96.36000000000014, 44.68000000000005], [-96.32000000000014, 44.68000000000005], [-96.28000000000014, 44.68000000000005], [-96.28000000000014, 44.64000000000005], [-96.28000000000014, 44.60000000000005], [-96.24000000000015, 44.60000000000005], [-96.20000000000014, 44.60000000000005], [-96.20000000000014, 44.64000000000005], [-96.20000000000014, 44.68000000000005], [-96.20000000000014, 44.72000000000005], [-96.20000000000014, 44.76000000000005], [-96.20000000000014, 44.80000000000005], [-96.20000000000014, 44.840000000000046], [-96.16000000000014, 44.840000000000046], [-96.12000000000015, 44.840000000000046], [-96.08000000000015, 44.840000000000046], [-96.04000000000015, 44.840000000000046], [-96.00000000000014, 44.840000000000046], [-95.96000000000015, 44.840000000000046], [-95.96000000000015, 44.80000000000005], [-95.96000000000015, 44.76000000000005], [-95.92000000000016, 44.76000000000005], [-95.88000000000015, 44.76000000000005], [-95.84000000000015, 44.76000000000005], [-95.80000000000015, 44.76000000000005], [-95.76000000000016, 44.76000000000005], [-95.72000000000016, 44.76000000000005], [-95.68000000000015, 44.76000000000005], [-95.64000000000016, 44.76000000000005], [-95.60000000000016, 44.76000000000005], [-95.56000000000016, 44.76000000000005], [-95.52000000000015, 44.76000000000005], [-95.48000000000016, 44.76000000000005], [-95.48000000000016, 44.72000000000005], [-95.48000000000016, 44.68000000000005], [-95.48000000000016, 44.64000000000005], [-95.48000000000016, 44.60000000000005], [-95.48000000000016, 44.56000000000005], [-95.48000000000016, 44.52000000000005], [-95.52000000000015, 44.52000000000005], [-95.56000000000016, 44.52000000000005], [-95.60000000000016, 44.52000000000005], [-95.64000000000016, 44.52000000000005], [-95.64000000000016, 44.480000000000054], [-95.64000000000016, 44.440000000000055], [-95.64000000000016, 44.400000000000055], [-95.64000000000016, 44.360000000000056], [-95.64000000000016, 44.32000000000006], [-95.64000000000016, 44.28000000000006], [-95.60000000000016, 44.28000000000006], [-95.56000000000016, 44.28000000000006], [-95.52000000000015, 44.28000000000006], [-95.48000000000016, 44.28000000000006], [-95.48000000000016, 44.24000000000006], [-95.48000000000016, 44.20000000000006], [-95.48000000000016, 44.16000000000006], [-95.48000000000016, 44.12000000000006], [-95.44000000000017, 44.12000000000006], [-95.40000000000016, 44.12000000000006], [-95.36000000000016, 44.12000000000006], [-95.32000000000016, 44.12000000000006], [-95.28000000000017, 44.12000000000006], [-95.24000000000017, 44.12000000000006], [-95.24000000000017, 44.08000000000006], [-95.24000000000017, 44.04000000000006], [-95.20000000000016, 44.04000000000006], [-95.16000000000017, 44.04000000000006], [-95.16000000000017, 44.000000000000064], [-95.16000000000017, 43.960000000000065], [-95.16000000000017, 43.920000000000066], [-95.16000000000017, 43.88000000000007], [-95.12288711707947, 43.88000000000007], [-95.12423775793056, 43.84000000000007], [-95.12000000000018, 43.821287398005516], [-95.08000000000017, 43.821287398005516], [-95.08000000000017, 43.80000000000007], [-95.08000000000017, 43.76000000000007], [-95.08000000000017, 43.72000000000007], [-95.08000000000017, 43.68000000000007], [-95.08000000000017, 43.64000000000007], [-95.08000000000017, 43.60000000000007], [-95.08000000000017, 43.56000000000007], [-95.08000000000017, 43.520000000000074], [-95.08000000000017, 43.480000000000075], [-95.08000000000017, 43.461504950495126], [-95.12000000000018, 43.461504950495126], [-95.17686111959526, 43.440000000000076], [-95.18340087223271, 43.40000000000008], [-95.20000000000016, 43.40000000000008], [-95.24000000000017, 43.40000000000008], [-95.24000000000017, 43.440000000000076], [-95.24000000000017, 43.480000000000075], [-95.24000000000017, 43.520000000000074], [-95.24000000000017, 43.56000000000007], [-95.24000000000017, 43.60000000000007]], [[-96.24000000000015, 44.5072865083376], [-96.32000000000014, 44.53315161839869], [-96.35058823529425, 44.480000000000054], [-96.32000000000014, 44.430159744408996], [-96.24000000000015, 44.42315789473689], [-96.16058823529426, 44.480000000000054], [-96.24000000000015, 44.5072865083376]], [[-96.56000000000014, 44.704200913242055], [-96.52859486821448, 44.72000000000005], [-96.56000000000014, 44.73939539539545], [-96.5923012291895, 44.72000000000005], [-96.56000000000014, 44.704200913242055]]], [[[-96.68000000000013, 44.21482853371996], [-96.72000000000014, 44.20613691931546], [-96.75418999338783, 44.24000000000006], [-96.75418999338783, 44.28000000000006], [-96.72000000000014, 44.28000000000006], [-96.68000000000013, 44.28000000000006], [-96.68000000000013, 44.24000000000006], [-96.68000000000013, 44.21482853371996]]], [[[-97.44000000000011, 44.61474613686539], [-97.39049900199613, 44.56000000000005], [-97.44000000000011, 44.52253776435051], [-97.46132416165102, 44.56000000000005], [-97.44000000000011, 44.61474613686539]]], [[[-97.60000000000011, 44.771386861313914], [-97.5362895927603, 44.72000000000005], [-97.60000000000011, 44.68509090909096], [-97.63619537275076, 44.72000000000005], [-97.60000000000011, 44.771386861313914]]], [[[-98.95465189873427, 44.96000000000004], [-98.95465189873427, 44.920000000000044], [-98.9600000000001, 44.920000000000044], [-99.00000000000009, 44.920000000000044], [-99.00000000000009, 44.96000000000004], [-99.00000000000009, 44.96380931239252], [-98.9600000000001, 44.96480924855496], [-98.95465189873427, 44.96000000000004]]], [[[-97.20000000000013, 44.42590476190482], [-97.28000000000011, 44.47693779904312], [-97.28537815126062, 44.480000000000054], [-97.32906882591105, 44.56000000000005], [-97.32729525120452, 44.64000000000005], [-97.3345994065283, 44.72000000000005], [-97.36000000000013, 44.757056277056336], [-97.3724238026126, 44.72000000000005], [-97.44000000000011, 44.65577931034488], [-97.50493723849384, 44.72000000000005], [-97.52000000000012, 44.737851239669475], [-97.56921465968598, 44.80000000000005], [-97.52000000000012, 44.846419753086465], [-97.44000000000011, 44.85207547169816], [-97.39301587301598, 44.880000000000045], [-97.3975576662145, 44.96000000000004], [-97.44000000000011, 44.99796116504859], [-97.49056934306581, 45.04000000000004], [-97.52000000000012, 45.07388235294122], [-97.58264840182659, 45.12000000000004], [-97.60000000000011, 45.14763636363641], [-97.62341463414646, 45.20000000000004], [-97.68000000000012, 45.26247755834834], [-97.68996935648632, 45.28000000000004], [-97.71537906137195, 45.360000000000035], [-97.71893961708406, 45.44000000000003], [-97.68000000000012, 45.50355769230772], [-97.67052631578959, 45.52000000000003], [-97.60000000000011, 45.58368980612886], [-97.57079507278847, 45.60000000000003], [-97.52345978755702, 45.68000000000003], [-97.52000000000012, 45.68391416309016], [-97.44000000000011, 45.68981177899214], [-97.36000000000013, 45.687000000000026], [-97.28964824120617, 45.68000000000003], [-97.28000000000011, 45.67848314606744], [-97.26177215189884, 45.68000000000003], [-97.24858352093663, 45.760000000000026], [-97.24000000000012, 45.77216530106953], [-97.22848514286933, 45.800000000000026], [-97.20000000000013, 45.800000000000026], [-97.16000000000012, 45.800000000000026], [-97.16000000000012, 45.760000000000026], [-97.16000000000012, 45.72000000000003], [-97.16000000000012, 45.68000000000003], [-97.16000000000012, 45.64000000000003], [-97.20000000000013, 45.64000000000003], [-97.24000000000012, 45.64000000000003], [-97.24000000000012, 45.60000000000003], [-97.24000000000012, 45.56000000000003], [-97.28000000000011, 45.56000000000003], [-97.32000000000012, 45.56000000000003], [-97.36000000000013, 45.56000000000003], [-97.40000000000012, 45.56000000000003], [-97.44000000000011, 45.56000000000003], [-97.48000000000012, 45.56000000000003], [-97.48000000000012, 45.52000000000003], [-97.48000000000012, 45.48000000000003], [-97.44000000000011, 45.48000000000003], [-97.40000000000012, 45.48000000000003], [-97.36000000000013, 45.48000000000003], [-97.32000000000012, 45.48000000000003], [-97.28000000000011, 45.48000000000003], [-97.24000000000012, 45.48000000000003], [-97.24000000000012, 45.44000000000003], [-97.24000000000012, 45.400000000000034], [-97.20000000000013, 45.400000000000034], [-97.16000000000012, 45.400000000000034], [-97.16000000000012, 45.360000000000035], [-97.16000000000012, 45.320000000000036], [-97.12000000000012, 45.320000000000036], [-97.08000000000013, 45.320000000000036], [-97.04000000000013, 45.320000000000036], [-97.00000000000013, 45.320000000000036], [-97.00000000000013, 45.28000000000004], [-97.00000000000013, 45.24000000000004], [-97.00000000000013, 45.20000000000004], [-97.00000000000013, 45.16000000000004], [-97.00000000000013, 45.12000000000004], [-97.00000000000013, 45.08000000000004], [-97.04000000000013, 45.08000000000004], [-97.08000000000013, 45.08000000000004], [-97.08000000000013, 45.04000000000004], [-97.08000000000013, 45.00000000000004], [-97.08000000000013, 44.98540389972149], [-97.12000000000012, 44.98540389972149], [-97.19972665148076, 45.04000000000004], [-97.20000000000013, 45.04133757961788], [-97.28000000000011, 45.08800000000005], [-97.29230769230782, 45.12000000000004], [-97.36000000000013, 45.13943319838061], [-97.44000000000011, 45.12862190812725], [-97.46098924731194, 45.12000000000004], [-97.44000000000011, 45.102414414414454], [-97.36000000000013, 45.086870588235335], [-97.29292929292941, 45.04000000000004], [-97.32624390243915, 44.96000000000004], [-97.28000000000011, 44.91661327231125], [-97.22548551959127, 44.880000000000045], [-97.20000000000013, 44.840106666666706], [-97.12517412935337, 44.80000000000005], [-97.12000000000012, 44.79802656546494], [-97.04000000000013, 44.762105263157935], [-97.03157894736854, 44.72000000000005], [-96.99289600000013, 44.64000000000005], [-96.96000000000012, 44.581590909090956], [-96.93702127659587, 44.60000000000005], [-96.92000000000013, 44.60757097791803], [-96.92000000000013, 44.60000000000005], [-96.88000000000014, 44.60000000000005], [-96.84000000000013, 44.60000000000005], [-96.84000000000013, 44.56000000000005], [-96.84000000000013, 44.5314114242847], [-96.88000000000014, 44.52220994475144], [-96.96000000000012, 44.54207547169817], [-97.04000000000013, 44.490175438596545], [-97.06014888337482, 44.480000000000054], [-97.04000000000013, 44.424383561643886], [-96.96000000000012, 44.42751744765708], [-96.88000000000014, 44.44209883610004], [-96.80000000000013, 44.40960140679958], [-96.76000000000013, 44.40603388998041], [-96.76000000000013, 44.400000000000055], [-96.76000000000013, 44.360000000000056], [-96.80000000000013, 44.360000000000056], [-96.84000000000013, 44.360000000000056], [-96.84000000000013, 44.32000000000006], [-96.84000000000013, 44.28358925813369], [-96.8504504243129, 44.28000000000006], [-96.88000000000014, 44.26454183266938], [-96.96000000000012, 44.28948787062001], [-97.04000000000013, 44.293315719947216], [-97.12000000000012, 44.31164658634544], [-97.13358208955236, 44.32000000000006], [-97.16813631522909, 44.400000000000055], [-97.20000000000013, 44.42590476190482]], [[-97.13717216117229, 44.64000000000005], [-97.12000000000012, 44.628838095238144], [-97.09722060252685, 44.64000000000005], [-97.12000000000012, 44.669045848822854], [-97.13717216117229, 44.64000000000005]]], [[[-99.20000000000007, 45.203008356546], [-99.1509090909092, 45.20000000000004], [-99.20000000000007, 45.190649350649394], [-99.20203526719621, 45.20000000000004], [-99.20000000000007, 45.203008356546]]], [[[-96.68000000000013, 45.28000000000004], [-96.68000000000013, 45.320000000000036], [-96.68000000000013, 45.360000000000035], [-96.68000000000013, 45.400000000000034], [-96.64000000000013, 45.400000000000034], [-96.60000000000014, 45.400000000000034], [-96.56000000000014, 45.400000000000034], [-96.52000000000014, 45.400000000000034], [-96.48000000000013, 45.400000000000034], [-96.44000000000014, 45.400000000000034], [-96.44000000000014, 45.360000000000035], [-96.44000000000014, 45.320000000000036], [-96.44000000000014, 45.28000000000004], [-96.44000000000014, 45.24000000000004], [-96.48000000000013, 45.24000000000004], [-96.52000000000014, 45.24000000000004], [-96.56000000000014, 45.24000000000004], [-96.60000000000014, 45.24000000000004], [-96.64000000000013, 45.24000000000004], [-96.68000000000013, 45.24000000000004], [-96.68000000000013, 45.28000000000004]]], [[[-100.1404343390177, 45.64000000000003], [-100.16000000000005, 45.64000000000003], [-100.20000000000006, 45.64000000000003], [-100.20000000000006, 45.68000000000003], [-100.20000000000006, 45.70242378685378], [-100.16000000000005, 45.71336951568134], [-100.13308291280961, 45.68000000000003], [-100.1404343390177, 45.64000000000003]]], [[[-97.3537438905182, 45.840000000000025], [-97.36000000000013, 45.83475678443423], [-97.38813186813198, 45.840000000000025], [-97.36000000000013, 45.86438095238097], [-97.3537438905182, 45.840000000000025]]], [[[-99.28000000000009, 45.88446717817564], [-99.20000000000007, 45.88470790378009], [-99.1499329677027, 45.92000000000002], [-99.19803852889675, 46.00000000000002], [-99.12000000000009, 46.03076285812912], [-99.05258698941007, 46.00000000000002], [-99.04000000000008, 45.98953459119499], [-99.00128851540624, 45.92000000000002], [-99.04000000000008, 45.88525455688249], [-99.08743651173943, 45.840000000000025], [-99.12000000000009, 45.81461870637943], [-99.20000000000007, 45.811264494754305], [-99.28000000000009, 45.79887300252315], [-99.30316501691526, 45.760000000000026], [-99.36000000000007, 45.72736103615761], [-99.44000000000008, 45.73989122724051], [-99.47328375733862, 45.760000000000026], [-99.44000000000008, 45.80550026752277], [-99.41486159844062, 45.840000000000025], [-99.36000000000007, 45.8811582334016], [-99.28000000000009, 45.88446717817564]]], [[[-97.45902912621371, 46.00000000000002], [-97.52000000000012, 46.048682170542655], [-97.60000000000011, 46.07563402889248], [-97.6062672811061, 46.08000000000002], [-97.679212376934, 46.16000000000002], [-97.67680000000011, 46.240000000000016], [-97.68000000000012, 46.24318732986887], [-97.73360041443631, 46.320000000000014], [-97.74950495049517, 46.40000000000001], [-97.68000000000012, 46.47408970976254], [-97.64000000000011, 46.47408970976254], [-97.64000000000011, 46.44000000000001], [-97.64000000000011, 46.40000000000001], [-97.64000000000011, 46.360000000000014], [-97.64000000000011, 46.320000000000014], [-97.64000000000011, 46.280000000000015], [-97.60000000000011, 46.280000000000015], [-97.56000000000012, 46.280000000000015], [-97.56000000000012, 46.320000000000014], [-97.56000000000012, 46.360000000000014], [-97.52000000000012, 46.360000000000014], [-97.48000000000012, 46.360000000000014], [-97.44000000000011, 46.360000000000014], [-97.40000000000012, 46.360000000000014], [-97.36000000000013, 46.360000000000014], [-97.32000000000012, 46.360000000000014], [-97.32000000000012, 46.320000000000014], [-97.32000000000012, 46.280000000000015], [-97.28000000000011, 46.280000000000015], [-97.24000000000012, 46.280000000000015], [-97.24000000000012, 46.240000000000016], [-97.24000000000012, 46.20000000000002], [-97.24000000000012, 46.16000000000002], [-97.24000000000012, 46.12000000000002], [-97.24000000000012, 46.08000000000002], [-97.24000000000012, 46.04000000000002], [-97.20000000000013, 46.04000000000002], [-97.16000000000012, 46.04000000000002], [-97.16000000000012, 46.00000000000002], [-97.16000000000012, 45.96000000000002], [-97.20000000000013, 45.96000000000002], [-97.24000000000012, 45.96000000000002], [-97.24000000000012, 45.93476785797279], [-97.28000000000011, 45.95215055395359], [-97.36000000000013, 45.930494159928145], [-97.44000000000011, 45.93299145299149], [-97.45902912621371, 46.00000000000002]]], [[[-97.64000000000011, 46.52000000000001], [-97.64000000000011, 46.48376175548591], [-97.68000000000012, 46.484266666666684], [-97.7600000000001, 46.54483965014579], [-97.77719008264474, 46.56000000000001], [-97.7600000000001, 46.565951359084416], [-97.68000000000012, 46.63560732113145], [-97.60000000000011, 46.600405300077945], [-97.52000000000012, 46.605144400581764], [-97.44000000000011, 46.57912798874825], [-97.4121311475411, 46.56000000000001], [-97.4121311475411, 46.52000000000001], [-97.44000000000011, 46.52000000000001], [-97.48000000000012, 46.52000000000001], [-97.52000000000012, 46.52000000000001], [-97.56000000000012, 46.52000000000001], [-97.60000000000011, 46.52000000000001], [-97.64000000000011, 46.52000000000001]]], [[[-96.76000000000013, 46.320000000000014], [-96.76000000000013, 46.360000000000014], [-96.80000000000013, 46.360000000000014], [-96.84000000000013, 46.360000000000014], [-96.88000000000014, 46.360000000000014], [-96.92000000000013, 46.360000000000014], [-96.96000000000012, 46.360000000000014], [-97.00000000000013, 46.360000000000014], [-97.04000000000013, 46.360000000000014], [-97.08000000000013, 46.360000000000014], [-97.08000000000013, 46.40000000000001], [-97.08000000000013, 46.44000000000001], [-97.12000000000012, 46.44000000000001], [-97.12033836858018, 46.44000000000001], [-97.12033836858018, 46.48000000000001], [-97.12000000000012, 46.480194647201955], [-97.04000000000013, 46.54581560283689], [-96.96000000000012, 46.51828677839852], [-96.88000000000014, 46.511455108359144], [-96.86458968058982, 46.56000000000001], [-96.86155950752406, 46.64000000000001], [-96.80000000000013, 46.696426332288404], [-96.78268079226176, 46.720000000000006], [-96.80000000000013, 46.762058165548105], [-96.81055054432362, 46.800000000000004], [-96.80000000000013, 46.85700840336134], [-96.79508208508102, 46.88], [-96.80000000000013, 46.88236473638721], [-96.88000000000014, 46.94501447596989], [-96.90362391602021, 46.96], [-96.90362391602021, 47.0], [-96.88000000000014, 47.0], [-96.84000000000013, 47.0], [-96.82599557076719, 47.0], [-96.82599557076719, 46.96], [-96.80000000000013, 46.93768020743302], [-96.78079714455694, 46.96], [-96.78079714455694, 47.0], [-96.76000000000013, 47.0], [-96.73320642474731, 47.0], [-96.73320642474731, 46.96], [-96.72000000000014, 46.93613330944275], [-96.64000000000013, 46.8981352833638], [-96.57590909090922, 46.96], [-96.57590909090922, 47.0], [-96.56000000000014, 47.0], [-96.54338278931765, 47.0], [-96.54338278931765, 46.96], [-96.48000000000013, 46.90777506112469], [-96.45101763907748, 46.96], [-96.45101763907748, 47.0], [-96.44000000000014, 47.0], [-96.40000000000015, 47.0], [-96.36000000000014, 47.0], [-96.32000000000014, 47.0], [-96.28000000000014, 47.0], [-96.24000000000015, 47.0], [-96.20000000000014, 47.0], [-96.16000000000014, 47.0], [-96.12000000000015, 47.0], [-96.08000000000015, 47.0], [-96.04000000000015, 47.0], [-96.00000000000014, 47.0], [-95.96000000000015, 47.0], [-95.92000000000016, 47.0], [-95.88000000000015, 47.0], [-95.85363408521319, 47.0], [-95.85363408521319, 46.96], [-95.88249180327884, 46.88], [-95.92000000000016, 46.812421940928274], [-96.00000000000014, 46.86188801731134], [-96.08000000000015, 46.83652011225445], [-96.16000000000014, 46.818336736082756], [-96.24000000000015, 46.81955809607563], [-96.25680392897634, 46.800000000000004], [-96.25680392897634, 46.760000000000005], [-96.28000000000014, 46.760000000000005], [-96.32000000000014, 46.760000000000005], [-96.36000000000014, 46.760000000000005], [-96.40000000000015, 46.760000000000005], [-96.44000000000014, 46.760000000000005], [-96.44000000000014, 46.800000000000004], [-96.44000000000014, 46.84], [-96.48000000000013, 46.84], [-96.52000000000014, 46.84], [-96.56000000000014, 46.84], [-96.60000000000014, 46.84], [-96.64000000000013, 46.84], [-96.68000000000013, 46.84], [-96.68000000000013, 46.82320331073347], [-96.71580498334207, 46.84], [-96.72000000000014, 46.84370692872248], [-96.7454996734162, 46.800000000000004], [-96.72000000000014, 46.76630246358569], [-96.71230018893638, 46.760000000000005], [-96.69320122395467, 46.720000000000006], [-96.69806028739164, 46.64000000000001], [-96.72000000000014, 46.60402716268084], [-96.7553281212984, 46.56000000000001], [-96.73264033264047, 46.48000000000001], [-96.72000000000014, 46.431033557046995], [-96.71576401612326, 46.40000000000001], [-96.64000000000013, 46.328332755632594], [-96.6299230515885, 46.320000000000014], [-96.62240561280434, 46.280000000000015], [-96.60000000000014, 46.25907788059948], [-96.60000000000014, 46.240000000000016], [-96.60000000000014, 46.20000000000002], [-96.64000000000013, 46.20000000000002], [-96.68000000000013, 46.20000000000002], [-96.68000000000013, 46.240000000000016], [-96.68000000000013, 46.280000000000015], [-96.72000000000014, 46.280000000000015], [-96.76000000000013, 46.280000000000015], [-96.76000000000013, 46.320000000000014]]], [[[-97.08000000000013, 47.0], [-97.06690673388562, 47.0], [-97.06690673388562, 46.96], [-97.10381679389326, 46.88], [-97.12000000000012, 46.86212855637514], [-97.15777282850792, 46.88], [-97.18100124120824, 46.96], [-97.18100124120824, 47.0], [-97.16000000000012, 47.0], [-97.12000000000012, 47.0], [-97.08000000000013, 47.0]]], [[[-99.68000000000006, 47.0], [-99.6645826330533, 47.0], [-99.6645826330533, 46.96], [-99.66738805970157, 46.88], [-99.68000000000006, 46.87716502411407], [-99.76000000000008, 46.879362660200904], [-99.76040816326537, 46.88], [-99.76000000000008, 46.88181102362205], [-99.700583395662, 46.96], [-99.700583395662, 47.0], [-99.68000000000006, 47.0]]], [[[-90.55744255744283, 40.00000000000015], [-90.55744255744283, 39.96000000000015], [-90.56000000000026, 39.96000000000015], [-90.60000000000026, 39.96000000000015], [-90.60000000000026, 40.00000000000015], [-90.60000000000026, 40.00575280898891], [-90.56000000000026, 40.004942084942236], [-90.55744255744283, 40.00000000000015]]], [[[-91.39790075989247, 40.12000000000015], [-91.36000000000024, 40.12000000000015], [-91.32000000000025, 40.12000000000015], [-91.32000000000025, 40.08000000000015], [-91.32000000000025, 40.04000000000015], [-91.32000000000025, 40.00000000000015], [-91.32000000000025, 39.96000000000015], [-91.36000000000024, 39.96000000000015], [-91.40000000000025, 39.96000000000015], [-91.40000000000025, 40.00000000000015], [-91.40000000000025, 40.04000000000015], [-91.42952694781559, 40.04000000000015], [-91.42730645161315, 40.08000000000015], [-91.40000000000025, 40.11519506617713], [-91.39790075989247, 40.12000000000015]]], [[[-91.24000000000025, 40.32000000000014], [-91.24000000000025, 40.36000000000014], [-91.20000000000024, 40.36000000000014], [-91.16000000000025, 40.36000000000014], [-91.16000000000025, 40.40000000000014], [-91.16000000000025, 40.44000000000014], [-91.12000000000026, 40.44000000000014], [-91.08000000000025, 40.44000000000014], [-91.08000000000025, 40.40000000000014], [-91.08000000000025, 40.36000000000014], [-91.04000000000025, 40.36000000000014], [-91.0399161425579, 40.36000000000014], [-91.0399161425579, 40.32000000000014], [-91.04000000000025, 40.31994503607022], [-91.12000000000026, 40.26789998119962], [-91.13824440619646, 40.240000000000144], [-91.12000000000026, 40.228800845219375], [-91.04000000000025, 40.18343218279062], [-90.96000000000026, 40.18195302843031], [-90.93800983376285, 40.240000000000144], [-90.88000000000025, 40.308140814081554], [-90.86073279714056, 40.32000000000014], [-90.87215495283705, 40.36000000000014], [-90.84000000000026, 40.36000000000014], [-90.84000000000026, 40.381983002833], [-90.80000000000027, 40.36884452881038], [-90.72729857819931, 40.32000000000014], [-90.72000000000025, 40.30015037593999], [-90.6795375722546, 40.240000000000144], [-90.72000000000025, 40.17825799338493], [-90.737089783282, 40.160000000000146], [-90.72000000000025, 40.13696801112671], [-90.66516733601098, 40.08000000000015], [-90.66516733601098, 40.04000000000015], [-90.68000000000026, 40.04000000000015], [-90.72000000000025, 40.04000000000015], [-90.76000000000026, 40.04000000000015], [-90.76000000000026, 40.00000000000015], [-90.76000000000026, 39.96000000000015], [-90.80000000000027, 39.96000000000015], [-90.84000000000026, 39.96000000000015], [-90.88000000000025, 39.96000000000015], [-90.92000000000026, 39.96000000000015], [-90.96000000000026, 39.96000000000015], [-90.97476620180501, 39.96000000000015], [-90.97476620180501, 40.00000000000015], [-91.04000000000025, 40.05237609089427], [-91.08000000000025, 40.048728544065014], [-91.09426539420122, 40.04000000000015], [-91.12000000000026, 40.04000000000015], [-91.16000000000025, 40.04000000000015], [-91.16000000000025, 40.08000000000015], [-91.16000000000025, 40.12000000000015], [-91.20000000000024, 40.12000000000015], [-91.24000000000025, 40.12000000000015], [-91.28000000000026, 40.12000000000015], [-91.32000000000025, 40.12000000000015], [-91.32000000000025, 40.160000000000146], [-91.32000000000025, 40.200000000000145], [-91.32000000000025, 40.240000000000144], [-91.32000000000025, 40.28000000000014], [-91.28000000000026, 40.28000000000014], [-91.24000000000025, 40.28000000000014], [-91.24000000000025, 40.32000000000014]]], [[[-91.96000000000024, 40.41682242990668], [-91.92000000000024, 40.433103448276], [-91.84000000000023, 40.42630294328801], [-91.80908016877662, 40.40000000000014], [-91.81224442680927, 40.36000000000014], [-91.84000000000023, 40.36000000000014], [-91.88000000000024, 40.36000000000014], [-91.92000000000024, 40.36000000000014], [-91.96000000000024, 40.36000000000014], [-91.96000000000024, 40.40000000000014], [-91.96000000000024, 40.41682242990668]]], [[[-91.60000000000025, 40.211975000000145], [-91.64000000000024, 40.21655866416027], [-91.67275846082546, 40.240000000000144], [-91.67565107458937, 40.32000000000014], [-91.68000000000023, 40.32394438870589], [-91.71627067669196, 40.40000000000014], [-91.76000000000025, 40.4688516827331], [-91.7689455828473, 40.48000000000014], [-91.83481208548292, 40.56000000000014], [-91.81707537886267, 40.640000000000136], [-91.84000000000023, 40.665907473309744], [-91.88000000000024, 40.65508547746517], [-91.88000000000024, 40.680000000000135], [-91.92000000000024, 40.680000000000135], [-91.96000000000024, 40.680000000000135], [-91.96000000000024, 40.720000000000134], [-91.96000000000024, 40.76000000000013], [-91.92000000000024, 40.76000000000013], [-91.88000000000024, 40.76000000000013], [-91.84000000000023, 40.76000000000013], [-91.80000000000024, 40.76000000000013], [-91.80000000000024, 40.80000000000013], [-91.80000000000024, 40.84000000000013], [-91.76000000000025, 40.84000000000013], [-91.72000000000024, 40.84000000000013], [-91.7050780687007, 40.84000000000013], [-91.7050780687007, 40.80000000000013], [-91.6882343043435, 40.76000000000013], [-91.72000000000024, 40.76000000000013], [-91.72000000000024, 40.720000000000134], [-91.72000000000024, 40.680000000000135], [-91.68000000000023, 40.680000000000135], [-91.64000000000024, 40.680000000000135], [-91.64000000000024, 40.640000000000136], [-91.64000000000024, 40.600000000000136], [-91.64000000000024, 40.56000000000014], [-91.64000000000024, 40.52000000000014], [-91.6237422150016, 40.52000000000014], [-91.62268857549513, 40.48000000000014], [-91.60000000000025, 40.458808459214644], [-91.56000000000024, 40.454401660881835], [-91.56000000000024, 40.44000000000014], [-91.52537243584769, 40.44000000000014], [-91.52243956861311, 40.40000000000014], [-91.52000000000024, 40.39756856931074], [-91.517097345133, 40.40000000000014], [-91.517097345133, 40.44000000000014], [-91.48000000000025, 40.44000000000014], [-91.44000000000025, 40.44000000000014], [-91.40000000000025, 40.44000000000014], [-91.40000000000025, 40.45216509378563], [-91.37198863892546, 40.44000000000014], [-91.36000000000024, 40.43079638666819], [-91.32000000000025, 40.43079638666819], [-91.32000000000025, 40.40000000000014], [-91.32000000000025, 40.36000000000014], [-91.36000000000024, 40.36000000000014], [-91.40000000000025, 40.36000000000014], [-91.44000000000025, 40.36000000000014], [-91.48000000000025, 40.36000000000014], [-91.48000000000025, 40.32000000000014], [-91.48000000000025, 40.28000000000014], [-91.48000000000025, 40.25144899053078], [-91.52000000000024, 40.25144899053078], [-91.5323706563709, 40.240000000000144], [-91.52000000000024, 40.22734128453974], [-91.48000000000025, 40.20013809834857], [-91.48000000000025, 40.200000000000145], [-91.47996786869611, 40.200000000000145], [-91.47580275965369, 40.160000000000146], [-91.47909239095897, 40.12000000000015], [-91.48000000000025, 40.11732105632356], [-91.48000000000025, 40.12000000000015], [-91.52000000000024, 40.12000000000015], [-91.54987152921699, 40.12000000000015], [-91.54987152921699, 40.160000000000146], [-91.60000000000025, 40.211975000000145]]], [[[-90.72000000000025, 40.540432309442686], [-90.6754090354093, 40.48000000000014], [-90.72000000000025, 40.43535062439975], [-90.77697347893941, 40.48000000000014], [-90.72000000000025, 40.540432309442686]]], [[[-91.96000000000024, 40.600000000000136], [-91.92000000000024, 40.600000000000136], [-91.89464400551242, 40.600000000000136], [-91.88000000000024, 40.57427995159352], [-91.86112000000024, 40.56000000000014], [-91.92000000000024, 40.522061855670245], [-92.00000000000023, 40.52096440872574], [-92.04000000000023, 40.52096440872574], [-92.04000000000023, 40.56000000000014], [-92.04000000000023, 40.600000000000136], [-92.00000000000023, 40.600000000000136], [-91.96000000000024, 40.600000000000136]]], [[[-91.40000000000025, 40.600000000000136], [-91.41443859288923, 40.600000000000136], [-91.40000000000025, 40.622251851598584], [-91.36720212412902, 40.640000000000136], [-91.36720212412902, 40.680000000000135], [-91.36000000000024, 40.680000000000135], [-91.32000000000025, 40.680000000000135], [-91.28000000000026, 40.680000000000135], [-91.24000000000025, 40.680000000000135], [-91.24000000000025, 40.640000000000136], [-91.24000000000025, 40.600000000000136], [-91.24000000000025, 40.56000000000014], [-91.24000000000025, 40.52000000000014], [-91.28000000000026, 40.52000000000014], [-91.29851789045303, 40.52000000000014], [-91.32000000000025, 40.551119572560474], [-91.33979466119122, 40.56000000000014], [-91.36000000000024, 40.56282360306791], [-91.40000000000025, 40.56173571318625], [-91.40000000000025, 40.600000000000136]]], [[[-92.08000000000024, 40.84000000000013], [-92.04000000000023, 40.84000000000013], [-92.00000000000023, 40.84000000000013], [-91.96000000000024, 40.84000000000013], [-91.96000000000024, 40.80000000000013], [-91.96000000000024, 40.76000000000013], [-92.00000000000023, 40.76000000000013], [-92.04000000000023, 40.76000000000013], [-92.08000000000024, 40.76000000000013], [-92.12000000000023, 40.76000000000013], [-92.12000000000023, 40.80000000000013], [-92.12000000000023, 40.84000000000013], [-92.08000000000024, 40.84000000000013]]], [[[-91.08000000000025, 40.84440011733659], [-91.04000000000025, 40.84440011733659], [-90.98553436487971, 40.80000000000013], [-90.98553436487971, 40.76000000000013], [-91.00000000000026, 40.76000000000013], [-91.04000000000025, 40.76000000000013], [-91.08000000000025, 40.76000000000013], [-91.08000000000025, 40.80000000000013], [-91.08000000000025, 40.84000000000013], [-91.08000000000025, 40.84440011733659]]], [[[-90.64000000000027, 41.01831527544649], [-90.58651270207879, 40.96000000000013], [-90.64000000000027, 40.91319636241172], [-90.72000000000025, 40.93586726998505], [-90.73226492232241, 40.96000000000013], [-90.72918179963298, 41.00000000000013], [-90.72000000000025, 41.00000000000013], [-90.68000000000026, 41.00000000000013], [-90.68000000000026, 41.01580727541015], [-90.64000000000027, 41.01831527544649]]], [[[-92.04000000000023, 41.24000000000012], [-92.00000000000023, 41.24000000000012], [-91.96000000000024, 41.24000000000012], [-91.92000000000024, 41.24000000000012], [-91.9144916495754, 41.24000000000012], [-91.9144916495754, 41.200000000000124], [-91.89634493115716, 41.160000000000124], [-91.88000000000024, 41.14843466343588], [-91.88000000000024, 41.120000000000125], [-91.88000000000024, 41.080000000000126], [-91.92000000000024, 41.080000000000126], [-91.96000000000024, 41.080000000000126], [-92.00000000000023, 41.080000000000126], [-92.04000000000023, 41.080000000000126], [-92.04000000000023, 41.120000000000125], [-92.04000000000023, 41.160000000000124], [-92.04000000000023, 41.200000000000124], [-92.04000000000023, 41.24000000000012]]], [[[-91.2245541245075, 41.24000000000012], [-91.22257704918059, 41.28000000000012], [-91.24000000000025, 41.29162030990907], [-91.25702487710872, 41.32000000000012], [-91.24000000000025, 41.32000000000012], [-91.24000000000025, 41.333873254408516], [-91.2067099322596, 41.32000000000012], [-91.20000000000024, 41.31520577369202], [-91.12000000000026, 41.29849261116921], [-91.05899165275484, 41.36000000000012], [-91.04000000000025, 41.38590163934438], [-90.98169741697443, 41.36000000000012], [-90.96426456071102, 41.28000000000012], [-90.96000000000026, 41.243544303797584], [-90.94920502092076, 41.200000000000124], [-90.96000000000026, 41.19396138092464], [-91.04000000000025, 41.13291015625013], [-91.12000000000026, 41.125916114790414], [-91.18650124069505, 41.120000000000125], [-91.20000000000024, 41.11342995169095], [-91.24000000000025, 41.11342995169095], [-91.24000000000025, 41.120000000000125], [-91.24000000000025, 41.160000000000124], [-91.24000000000025, 41.200000000000124], [-91.24000000000025, 41.21714055274773], [-91.2245541245075, 41.24000000000012]], [[-91.12000000000026, 41.204545454545574], [-91.14964652223514, 41.200000000000124], [-91.12000000000026, 41.196556291390856], [-91.09947368421078, 41.200000000000124], [-91.12000000000026, 41.204545454545574]]], [[[-91.21340555348051, 41.52000000000012], [-91.28000000000026, 41.547702537772096], [-91.36000000000024, 41.57426941641082], [-91.44000000000025, 41.53391602399326], [-91.45722163308614, 41.52000000000012], [-91.48000000000025, 41.49411008437135], [-91.48660398646132, 41.48000000000012], [-91.52000000000024, 41.48000000000012], [-91.56000000000024, 41.48000000000012], [-91.56000000000024, 41.52000000000012], [-91.56000000000024, 41.560000000000116], [-91.60000000000025, 41.560000000000116], [-91.64000000000024, 41.560000000000116], [-91.68000000000023, 41.560000000000116], [-91.72000000000024, 41.560000000000116], [-91.76000000000025, 41.560000000000116], [-91.80000000000024, 41.560000000000116], [-91.84000000000023, 41.560000000000116], [-91.88000000000024, 41.560000000000116], [-91.88000000000024, 41.600000000000115], [-91.88000000000024, 41.640000000000114], [-91.84000000000023, 41.640000000000114], [-91.80886776628483, 41.640000000000114], [-91.80000000000024, 41.63252151361558], [-91.76000000000025, 41.62457539771466], [-91.7082726892516, 41.68000000000011], [-91.72000000000024, 41.70316030243356], [-91.72566058690383, 41.72000000000011], [-91.72000000000024, 41.72000000000011], [-91.72000000000024, 41.76000000000011], [-91.72000000000024, 41.80000000000011], [-91.72000000000024, 41.81843845853561], [-91.68000000000023, 41.81843845853561], [-91.65512077799877, 41.84000000000011], [-91.68000000000023, 41.848998759417945], [-91.72000000000024, 41.848998759417945], [-91.72000000000024, 41.88000000000011], [-91.72000000000024, 41.882282671185315], [-91.68000000000023, 41.882282671185315], [-91.60000000000025, 41.87632040758573], [-91.55250925240587, 41.84000000000011], [-91.52000000000024, 41.825261744966554], [-91.44000000000025, 41.796648351648464], [-91.39220779220804, 41.76000000000011], [-91.3701992031875, 41.68000000000011], [-91.36000000000024, 41.66655285620497], [-91.2917900403771, 41.600000000000115], [-91.28000000000026, 41.59483860106909], [-91.20000000000024, 41.58408274512556], [-91.12000000000026, 41.552668131868245], [-91.07142483660157, 41.52000000000012], [-91.12000000000026, 41.493741608762335], [-91.13453798453105, 41.48000000000012], [-91.16000000000025, 41.46762750753709], [-91.16000000000025, 41.48000000000012], [-91.20000000000024, 41.48000000000012], [-91.21340555348051, 41.48000000000012], [-91.21340555348051, 41.52000000000012]], [[-91.52000000000024, 41.77157046979877], [-91.58027972027996, 41.76000000000011], [-91.52000000000024, 41.747971393685795], [-91.50045351473948, 41.76000000000011], [-91.52000000000024, 41.77157046979877]], [[-91.5040731428574, 41.68000000000011], [-91.52000000000024, 41.69215419501145], [-91.60000000000025, 41.71237149719787], [-91.64179450072383, 41.68000000000011], [-91.60000000000025, 41.64150066653982], [-91.52000000000024, 41.64677157844551], [-91.5040731428574, 41.68000000000011]]], [[[-92.08000000000024, 41.80000000000011], [-92.12000000000023, 41.80000000000011], [-92.16000000000022, 41.80000000000011], [-92.20000000000023, 41.80000000000011], [-92.20000000000023, 41.84000000000011], [-92.20000000000023, 41.88000000000011], [-92.24000000000024, 41.88000000000011], [-92.28000000000023, 41.88000000000011], [-92.32000000000022, 41.88000000000011], [-92.36000000000023, 41.88000000000011], [-92.36000000000023, 41.92000000000011], [-92.36000000000023, 41.96000000000011], [-92.32000000000022, 41.96000000000011], [-92.28000000000023, 41.96000000000011], [-92.24000000000024, 41.96000000000011], [-92.20690957368366, 41.96000000000011], [-92.20690957368366, 41.92000000000011], [-92.20000000000023, 41.89513360467185], [-92.18835353397817, 41.88000000000011], [-92.16000000000022, 41.86883346741765], [-92.08000000000024, 41.87954760435956], [-92.07605970149277, 41.88000000000011], [-92.04000000000023, 41.88371372356135], [-92.04000000000023, 41.88000000000011], [-92.00000000000023, 41.88000000000011], [-91.96729254996995, 41.88000000000011], [-91.96729254996995, 41.84000000000011], [-91.96187047544535, 41.76000000000011], [-91.96187047544535, 41.72000000000011], [-92.00000000000023, 41.72000000000011], [-92.04000000000023, 41.72000000000011], [-92.04000000000023, 41.76000000000011], [-92.04000000000023, 41.80000000000011], [-92.08000000000024, 41.80000000000011]]], [[[-91.76000000000025, 42.042555682003034], [-91.72536833192234, 42.00000000000011], [-91.73444282441181, 41.96000000000011], [-91.76000000000025, 41.96000000000011], [-91.80000000000024, 41.96000000000011], [-91.80000000000024, 42.00000000000011], [-91.80000000000024, 42.0391025622787], [-91.78894012448521, 42.040000000000106], [-91.76000000000025, 42.042555682003034]]], [[[-92.00000000000023, 42.120000000000104], [-92.04000000000023, 42.120000000000104], [-92.04000000000023, 42.1600000000001], [-92.04000000000023, 42.2000000000001], [-92.08000000000024, 42.2000000000001], [-92.12000000000023, 42.2000000000001], [-92.12000000000023, 42.2400000000001], [-92.12000000000023, 42.2800000000001], [-92.16000000000022, 42.2800000000001], [-92.19626094570951, 42.2800000000001], [-92.19626094570951, 42.3200000000001], [-92.24000000000024, 42.351818833309544], [-92.28000000000023, 42.351818833309544], [-92.28000000000023, 42.3600000000001], [-92.28000000000023, 42.38048444890364], [-92.24000000000024, 42.38048444890364], [-92.16000000000022, 42.32655822940463], [-92.1319188462481, 42.3200000000001], [-92.12000000000023, 42.31275375241502], [-92.08000000000024, 42.30250267732113], [-92.0175204842099, 42.2400000000001], [-92.00000000000023, 42.22229876450778], [-91.9426602343214, 42.1600000000001], [-91.92000000000024, 42.140116911913026], [-91.85593715478115, 42.080000000000105], [-91.85593715478115, 42.040000000000106], [-91.88000000000024, 42.040000000000106], [-91.92000000000024, 42.040000000000106], [-91.96000000000024, 42.040000000000106], [-91.96000000000024, 42.080000000000105], [-91.96000000000024, 42.120000000000104], [-92.00000000000023, 42.120000000000104]]], [[[-92.04000000000023, 42.84744055944065], [-92.00000000000023, 42.84744055944065], [-91.92000000000024, 42.84880167014623], [-91.88000000000024, 42.84880167014623], [-91.88000000000024, 42.84000000000009], [-91.88000000000024, 42.80000000000009], [-91.88000000000024, 42.76000000000009], [-91.92000000000024, 42.76000000000009], [-91.96000000000024, 42.76000000000009], [-92.00000000000023, 42.76000000000009], [-92.04000000000023, 42.76000000000009], [-92.04000000000023, 42.80000000000009], [-92.04000000000023, 42.84000000000009], [-92.04000000000023, 42.84744055944065]]], [[[-92.48000000000022, 43.08617393957896], [-92.40000000000023, 43.10611510063728], [-92.36000000000023, 43.09699133052131], [-92.34406044939375, 43.080000000000084], [-92.36000000000023, 43.080000000000084], [-92.36000000000023, 43.055852640057736], [-92.40000000000023, 43.061612218064205], [-92.44795601189497, 43.040000000000084], [-92.44795601189497, 43.000000000000085], [-92.48000000000022, 43.000000000000085], [-92.52000000000022, 43.000000000000085], [-92.55332428765287, 43.000000000000085], [-92.55332428765287, 43.040000000000084], [-92.48000000000022, 43.08617393957896]]], [[[-92.04000000000023, 43.10657251493762], [-92.04000000000023, 43.080000000000084], [-92.06657251493777, 43.080000000000084], [-92.04000000000023, 43.10657251493762]]], [[[-91.92000000000024, 43.16520904382982], [-91.92438268262467, 43.16000000000008], [-91.96000000000024, 43.14065706229293], [-91.96000000000024, 43.16000000000008], [-91.98895129171856, 43.16000000000008], [-91.97952653566479, 43.20000000000008], [-92.00000000000023, 43.213248560700954], [-92.01606312594863, 43.20000000000008], [-92.0216433127967, 43.16000000000008], [-92.04000000000023, 43.16000000000008], [-92.04000000000023, 43.133579219963984], [-92.08000000000024, 43.12789650215629], [-92.16000000000022, 43.140400258231196], [-92.17958273084096, 43.12000000000008], [-92.17958273084096, 43.080000000000084], [-92.20000000000023, 43.080000000000084], [-92.22915926461498, 43.080000000000084], [-92.22915926461498, 43.12000000000008], [-92.16000000000022, 43.19204648160111], [-92.10229508196744, 43.20000000000008], [-92.08000000000024, 43.215379644588126], [-92.00000000000023, 43.26931864831047], [-91.96426729191114, 43.28000000000008], [-91.99807228915687, 43.36000000000008], [-92.00000000000023, 43.363152916447795], [-92.0466683686497, 43.440000000000076], [-92.0466683686497, 43.480000000000075], [-92.04000000000023, 43.480000000000075], [-92.00000000000023, 43.480000000000075], [-91.97572493786271, 43.480000000000075], [-91.97572493786271, 43.440000000000076], [-91.92096385542192, 43.36000000000008], [-91.92000000000024, 43.35871216999364], [-91.88860120358163, 43.28000000000008], [-91.8588381927445, 43.20000000000008], [-91.84000000000023, 43.1785068562723], [-91.76975609756121, 43.12000000000008], [-91.77602136181599, 43.080000000000084], [-91.80000000000024, 43.080000000000084], [-91.80000000000024, 43.06133056133064], [-91.84000000000023, 43.05535353535362], [-91.85124845827076, 43.040000000000084], [-91.92000000000024, 42.97085997794937], [-92.00000000000023, 43.005280453257875], [-92.04000000000023, 43.01927162025039], [-92.04000000000023, 43.040000000000084], [-92.04000000000023, 43.080000000000084], [-92.00000000000023, 43.080000000000084], [-91.96000000000024, 43.080000000000084], [-91.96000000000024, 43.0867220390252], [-91.94385806144344, 43.080000000000084], [-91.92000000000024, 43.062974890597864], [-91.88083169183652, 43.12000000000008], [-91.92000000000024, 43.16520904382982]]], [[[-92.52000000000022, 43.32000000000008], [-92.56000000000023, 43.32000000000008], [-92.60000000000022, 43.32000000000008], [-92.63751181102384, 43.32000000000008], [-92.63751181102384, 43.36000000000008], [-92.63751181102384, 43.40000000000008], [-92.60000000000022, 43.40000000000008], [-92.56000000000023, 43.40000000000008], [-92.52000000000022, 43.40000000000008], [-92.48000000000022, 43.40000000000008], [-92.44000000000023, 43.40000000000008], [-92.44000000000023, 43.36000000000008], [-92.44000000000023, 43.32000000000008], [-92.40655983278197, 43.32000000000008], [-92.40752898840486, 43.28000000000008], [-92.41461188099645, 43.24000000000008], [-92.44000000000023, 43.21674183238645], [-92.44000000000023, 43.24000000000008], [-92.47818296346567, 43.24000000000008], [-92.47750099960038, 43.28000000000008], [-92.48000000000022, 43.2889766606823], [-92.52000000000022, 43.28530994336068], [-92.52000000000022, 43.32000000000008]]], [[[-90.56000000000026, 43.68283618581914], [-90.55629244906139, 43.68000000000007], [-90.55800710632177, 43.64000000000007], [-90.56000000000026, 43.64000000000007], [-90.60000000000026, 43.64000000000007], [-90.60000000000026, 43.68000000000007], [-90.60000000000026, 43.68349889402782], [-90.56000000000026, 43.68283618581914]]], [[[-90.40989648033153, 44.000000000000064], [-90.48000000000027, 43.96669963119799], [-90.52000000000027, 43.96669963119799], [-90.52000000000027, 44.000000000000064], [-90.52000000000027, 44.036255911483956], [-90.48000000000027, 44.036255911483956], [-90.40989648033153, 44.000000000000064]]], [[[-89.19277013752486, 39.96000000000015], [-89.2000000000003, 39.96000000000015], [-89.20378990731234, 39.96000000000015], [-89.20378990731234, 40.00000000000015], [-89.2000000000003, 40.014574257425885], [-89.19277013752486, 40.00000000000015], [-89.19277013752486, 39.96000000000015]]], [[[-84.2400000000004, 40.28000000000014], [-84.2000000000004, 40.28000000000014], [-84.1600000000004, 40.28000000000014], [-84.1200000000004, 40.28000000000014], [-84.1200000000004, 40.32000000000014], [-84.1200000000004, 40.36000000000014], [-84.08000000000041, 40.36000000000014], [-84.0400000000004, 40.36000000000014], [-84.0400000000004, 40.32000000000014], [-84.0400000000004, 40.28000000000014], [-84.0400000000004, 40.240000000000144], [-84.0400000000004, 40.200000000000145], [-84.0400000000004, 40.176421568627596], [-84.08000000000041, 40.176421568627596], [-84.1200000000004, 40.17176372225256], [-84.1200000000004, 40.200000000000145], [-84.1600000000004, 40.200000000000145], [-84.2000000000004, 40.200000000000145], [-84.2000000000004, 40.160000000000146], [-84.2000000000004, 40.12000000000015], [-84.2400000000004, 40.12000000000015], [-84.2800000000004, 40.12000000000015], [-84.29383603238907, 40.12000000000015], [-84.29383603238907, 40.160000000000146], [-84.27793688294288, 40.240000000000144], [-84.27793688294288, 40.28000000000014], [-84.2400000000004, 40.28000000000014]]], [[[-84.4400000000004, 40.680000000000135], [-84.4000000000004, 40.680000000000135], [-84.3600000000004, 40.680000000000135], [-84.3600000000004, 40.68272237575544], [-84.35510506590346, 40.680000000000135], [-84.32289156626545, 40.640000000000136], [-84.32289156626545, 40.600000000000136], [-84.3600000000004, 40.600000000000136], [-84.4000000000004, 40.600000000000136], [-84.4400000000004, 40.600000000000136], [-84.4400000000004, 40.640000000000136], [-84.4400000000004, 40.680000000000135]]], [[[-84.68000000000039, 40.76000000000013], [-84.64000000000038, 40.76000000000013], [-84.60160696472335, 40.76000000000013], [-84.60000000000039, 40.757503697964495], [-84.5600000000004, 40.73256175505282], [-84.5528923888916, 40.720000000000134], [-84.5600000000004, 40.68545368171035], [-84.64000000000038, 40.665463743676355], [-84.68000000000039, 40.665463743676355], [-84.68000000000039, 40.680000000000135], [-84.68000000000039, 40.720000000000134], [-84.68000000000039, 40.76000000000013]]], [[[-84.1200000000004, 40.76000000000013], [-84.1200000000004, 40.720000000000134], [-84.1200000000004, 40.680000000000135], [-84.1600000000004, 40.680000000000135], [-84.2000000000004, 40.680000000000135], [-84.2000000000004, 40.676343136589146], [-84.20429021076578, 40.680000000000135], [-84.21963636363677, 40.720000000000134], [-84.1600000000004, 40.79783664459175], [-84.1200000000004, 40.79783664459175], [-84.1200000000004, 40.76000000000013]]], [[[-85.82952025545376, 40.08000000000015], [-85.83463815678218, 40.160000000000146], [-85.81894322677252, 40.240000000000144], [-85.84000000000037, 40.25828057994705], [-85.92000000000036, 40.250642750373835], [-85.97944145529117, 40.32000000000014], [-85.98598991596675, 40.40000000000014], [-86.00000000000037, 40.43253708040607], [-86.01904065783499, 40.40000000000014], [-86.08000000000035, 40.35770522979412], [-86.14801600914845, 40.32000000000014], [-86.16000000000037, 40.30486642599293], [-86.23711587982868, 40.240000000000144], [-86.24000000000035, 40.237981981982124], [-86.24641221374081, 40.240000000000144], [-86.32000000000036, 40.31666003976158], [-86.32110744891268, 40.32000000000014], [-86.3312653061228, 40.40000000000014], [-86.32000000000036, 40.423549488054746], [-86.27163742690094, 40.48000000000014], [-86.24000000000035, 40.51069503546113], [-86.21672581185172, 40.56000000000014], [-86.21123919308393, 40.640000000000136], [-86.16000000000037, 40.67592826471345], [-86.08000000000035, 40.69417734948294], [-86.00000000000037, 40.70125435540083], [-85.96462776659996, 40.640000000000136], [-85.96069825436446, 40.56000000000014], [-85.96244595429314, 40.48000000000014], [-85.92000000000036, 40.45925747057062], [-85.84000000000037, 40.455261336732974], [-85.79877389984863, 40.48000000000014], [-85.76000000000036, 40.51093462469748], [-85.68000000000038, 40.498220640569535], [-85.60000000000036, 40.530108527131915], [-85.57696535244959, 40.56000000000014], [-85.52000000000038, 40.59239130434796], [-85.5038957132117, 40.640000000000136], [-85.52000000000038, 40.66475450370907], [-85.60000000000036, 40.679322762698334], [-85.6446226415098, 40.720000000000134], [-85.64626999360242, 40.80000000000013], [-85.60000000000036, 40.83635997988952], [-85.52000000000038, 40.86776228906836], [-85.5032614149527, 40.88000000000013], [-85.52000000000038, 40.89282583621697], [-85.60000000000036, 40.94949559647731], [-85.68000000000038, 40.915681681469295], [-85.75212056194162, 40.88000000000013], [-85.76000000000036, 40.87304128129948], [-85.84000000000037, 40.83486321210184], [-85.89863058186775, 40.80000000000013], [-85.92000000000036, 40.763461360481394], [-86.00000000000037, 40.73873748367449], [-86.08000000000035, 40.75827796343634], [-86.13298052920655, 40.80000000000013], [-86.08000000000035, 40.84121965430194], [-86.00000000000037, 40.84227095223804], [-85.96448968052057, 40.88000000000013], [-85.97680086053397, 40.96000000000013], [-85.96802855491075, 41.04000000000013], [-85.92000000000036, 41.10041706850497], [-85.90065642552652, 41.120000000000125], [-85.84000000000037, 41.15961635359128], [-85.7938055513427, 41.200000000000124], [-85.76000000000036, 41.25831501831514], [-85.7383941605843, 41.28000000000012], [-85.68000000000038, 41.32709840201862], [-85.60000000000036, 41.32844805781403], [-85.52000000000038, 41.357685679113786], [-85.5166508313543, 41.36000000000012], [-85.44000000000037, 41.41199597180274], [-85.41325125048132, 41.44000000000012], [-85.38207046070498, 41.52000000000012], [-85.36000000000038, 41.55560477994765], [-85.28000000000037, 41.58737432342989], [-85.24115025161792, 41.600000000000115], [-85.20000000000039, 41.65775983854704], [-85.186361386139, 41.68000000000011], [-85.12000000000037, 41.728513910880004], [-85.08776285317315, 41.76000000000011], [-85.07546831183437, 41.84000000000011], [-85.04000000000039, 41.87348689436071], [-84.96000000000038, 41.88171337916457], [-84.8800000000004, 41.863410190720295], [-84.8191676866589, 41.92000000000011], [-84.80000000000038, 41.940167417900945], [-84.74509896602697, 42.00000000000011], [-84.7200000000004, 42.01693104822649], [-84.68355212355252, 42.00000000000011], [-84.68000000000039, 41.99833020649375], [-84.65392650482248, 41.96000000000011], [-84.68000000000039, 41.96000000000011], [-84.68000000000039, 41.94689856206126], [-84.715648154307, 41.96000000000011], [-84.7200000000004, 41.96252876894993], [-84.76071766550609, 41.92000000000011], [-84.76467040068975, 41.84000000000011], [-84.7200000000004, 41.81686230752076], [-84.64236441194433, 41.76000000000011], [-84.64000000000038, 41.753263888889], [-84.63558086560404, 41.76000000000011], [-84.5600000000004, 41.817072541431095], [-84.51719103205524, 41.84000000000011], [-84.52263610315227, 41.92000000000011], [-84.5600000000004, 41.94711018711029], [-84.60000000000039, 41.9274660050576], [-84.60000000000039, 41.96000000000011], [-84.62495950484005, 41.96000000000011], [-84.61703686948694, 42.00000000000011], [-84.5600000000004, 42.032612519400004], [-84.48000000000039, 42.0537251224342], [-84.4000000000004, 42.01386256935563], [-84.35622641509474, 42.00000000000011], [-84.32000000000039, 41.98357971899827], [-84.27156756756797, 42.00000000000011], [-84.2400000000004, 42.042064825930474], [-84.23064102564143, 42.00000000000011], [-84.1600000000004, 41.9547820140196], [-84.0887115902969, 42.00000000000011], [-84.08000000000041, 42.0114650585315], [-84.0400000000004, 42.0114650585315], [-84.0400000000004, 42.00000000000011], [-84.0400000000004, 41.96000000000011], [-84.0400000000004, 41.92000000000011], [-84.0400000000004, 41.88000000000011], [-84.0400000000004, 41.84000000000011], [-84.0400000000004, 41.80000000000011], [-84.0400000000004, 41.76000000000011], [-84.0400000000004, 41.72000000000011], [-84.0400000000004, 41.68000000000011], [-84.0400000000004, 41.640000000000114], [-84.08000000000041, 41.640000000000114], [-84.1200000000004, 41.640000000000114], [-84.1200000000004, 41.600000000000115], [-84.1200000000004, 41.560000000000116], [-84.1600000000004, 41.560000000000116], [-84.2000000000004, 41.560000000000116], [-84.2000000000004, 41.52000000000012], [-84.2000000000004, 41.48000000000012], [-84.2000000000004, 41.44000000000012], [-84.2000000000004, 41.40000000000012], [-84.2400000000004, 41.40000000000012], [-84.2800000000004, 41.40000000000012], [-84.30173444390044, 41.40000000000012], [-84.30173444390044, 41.44000000000012], [-84.24539373750872, 41.52000000000012], [-84.2400000000004, 41.540403225806564], [-84.22658605507038, 41.560000000000116], [-84.2178564931247, 41.600000000000115], [-84.2400000000004, 41.63662949194559], [-84.25692047377366, 41.68000000000011], [-84.2400000000004, 41.71658217925279], [-84.1600000000004, 41.72786177105842], [-84.15633038661497, 41.76000000000011], [-84.1600000000004, 41.76850771869651], [-84.2400000000004, 41.811363214837826], [-84.32000000000039, 41.82244803695161], [-84.4000000000004, 41.77667605633814], [-84.4171639430684, 41.76000000000011], [-84.48000000000039, 41.723900666262985], [-84.5600000000004, 41.70969648133237], [-84.58555119020146, 41.68000000000011], [-84.62017874120595, 41.600000000000115], [-84.64000000000038, 41.52076446954079], [-84.64104018912569, 41.52000000000012], [-84.64000000000038, 41.51689045936407], [-84.63233836538924, 41.44000000000012], [-84.62263620386682, 41.36000000000012], [-84.61448295816254, 41.28000000000012], [-84.5600000000004, 41.20859158134256], [-84.48000000000039, 41.24448398576525], [-84.45387244564071, 41.28000000000012], [-84.4000000000004, 41.347448927331826], [-84.3600000000004, 41.347448927331826], [-84.3600000000004, 41.32000000000012], [-84.3600000000004, 41.29281966653401], [-84.4000000000004, 41.29281966653401], [-84.41023925532728, 41.28000000000012], [-84.41214770505043, 41.24000000000012], [-84.4400000000004, 41.24000000000012], [-84.4400000000004, 41.200000000000124], [-84.4400000000004, 41.160000000000124], [-84.48000000000039, 41.160000000000124], [-84.5200000000004, 41.160000000000124], [-84.5600000000004, 41.160000000000124], [-84.60000000000039, 41.160000000000124], [-84.64000000000038, 41.160000000000124], [-84.68000000000039, 41.160000000000124], [-84.68000000000039, 41.200000000000124], [-84.68000000000039, 41.24000000000012], [-84.70679575498085, 41.24000000000012], [-84.70425312239838, 41.28000000000012], [-84.65725998680112, 41.36000000000012], [-84.69540420114615, 41.44000000000012], [-84.7200000000004, 41.450107245618746], [-84.7373040752355, 41.44000000000012], [-84.80000000000038, 41.4224175824177], [-84.8800000000004, 41.391972269170026], [-84.93389431115644, 41.36000000000012], [-84.95205796618677, 41.28000000000012], [-84.96000000000038, 41.270536195310186], [-84.9833080763997, 41.28000000000012], [-85.04000000000039, 41.3103959561922], [-85.12000000000037, 41.30118240403487], [-85.13451984635121, 41.28000000000012], [-85.15878210580068, 41.200000000000124], [-85.20000000000039, 41.18420171628363], [-85.28000000000037, 41.136257615317795], [-85.30161620057898, 41.120000000000125], [-85.34251860672858, 41.04000000000013], [-85.36000000000038, 40.997138686131514], [-85.42260127931807, 41.04000000000013], [-85.44000000000037, 41.04567652173926], [-85.44503614882774, 41.04000000000013], [-85.44000000000037, 41.02799116997805], [-85.38840871021813, 40.96000000000013], [-85.36000000000038, 40.9503836703838], [-85.29258508327337, 40.88000000000013], [-85.28000000000037, 40.85923536439679], [-85.20000000000039, 40.84934559221214], [-85.15212837837876, 40.88000000000013], [-85.12000000000037, 40.90833519553085], [-85.09022487864516, 40.96000000000013], [-85.04299508763809, 41.04000000000013], [-85.04000000000039, 41.04259985365743], [-84.96000000000038, 41.07711354793079], [-84.89386955336015, 41.120000000000125], [-84.8800000000004, 41.15500767805149], [-84.8611425274095, 41.200000000000124], [-84.80000000000038, 41.23662633944015], [-84.76000000000039, 41.2357760020581], [-84.76000000000039, 41.200000000000124], [-84.76000000000039, 41.160000000000124], [-84.76000000000039, 41.120000000000125], [-84.76000000000039, 41.080000000000126], [-84.80000000000038, 41.080000000000126], [-84.84000000000039, 41.080000000000126], [-84.84000000000039, 41.05916904368402], [-84.8800000000004, 41.05850585845974], [-84.91389723320196, 41.04000000000013], [-84.92000000000039, 41.029984176973805], [-84.96000000000038, 41.00739477890263], [-85.01204576366148, 40.96000000000013], [-85.04000000000039, 40.93635727980164], [-85.07653341253379, 40.88000000000013], [-85.08000000000038, 40.86838831041211], [-85.10416435290955, 40.84000000000013], [-85.12000000000037, 40.83414018835366], [-85.16552362285518, 40.80000000000013], [-85.20000000000039, 40.77043725009687], [-85.28000000000037, 40.74254957507095], [-85.31266757865974, 40.720000000000134], [-85.32000000000038, 40.710207064555554], [-85.36000000000038, 40.69083860092723], [-85.4193594560748, 40.640000000000136], [-85.43379830779823, 40.600000000000136], [-85.44000000000037, 40.59256578947382], [-85.44765143464437, 40.56000000000014], [-85.4497666847535, 40.52000000000014], [-85.48000000000037, 40.52000000000014], [-85.48000000000037, 40.48000000000014], [-85.48000000000037, 40.46915549112011], [-85.52000000000038, 40.46915549112011], [-85.56827324478215, 40.40000000000014], [-85.54375793799066, 40.32000000000014], [-85.56000000000037, 40.28266386795167], [-85.56410226270974, 40.28000000000014], [-85.60000000000036, 40.27120138288692], [-85.68000000000038, 40.24464228934831], [-85.68949172576869, 40.240000000000144], [-85.68000000000038, 40.23464371384239], [-85.63868397930331, 40.160000000000146], [-85.60000000000036, 40.1273661670237], [-85.56000000000037, 40.1273661670237], [-85.56000000000037, 40.12000000000015], [-85.56000000000037, 40.08000000000015], [-85.56000000000037, 40.04000000000015], [-85.60000000000036, 40.04000000000015], [-85.64000000000037, 40.04000000000015], [-85.64000000000037, 40.08000000000015], [-85.64000000000037, 40.12000000000015], [-85.68000000000038, 40.12000000000015], [-85.72000000000037, 40.12000000000015], [-85.72000000000037, 40.08000000000015], [-85.72000000000037, 40.053110828949904], [-85.76000000000036, 40.053110828949904], [-85.78997312859921, 40.00000000000015], [-85.78997312859921, 39.96000000000015], [-85.80000000000037, 39.96000000000015], [-85.84000000000037, 39.96000000000015], [-85.86177549523147, 39.96000000000015], [-85.86177549523147, 40.00000000000015], [-85.84000000000037, 40.049632107023555], [-85.82952025545376, 40.08000000000015]], [[-85.20000000000039, 41.53921325051771], [-85.28000000000037, 41.54999260153432], [-85.325183316713, 41.52000000000012], [-85.33501577287103, 41.44000000000012], [-85.32713318284462, 41.36000000000012], [-85.31755046185464, 41.28000000000012], [-85.31662680159498, 41.200000000000124], [-85.28000000000037, 41.182674789672305], [-85.24919691212665, 41.200000000000124], [-85.24100888099505, 41.28000000000012], [-85.20000000000039, 41.328589948649], [-85.17777989518856, 41.36000000000012], [-85.18752566062497, 41.44000000000012], [-85.14733848840147, 41.52000000000012], [-85.20000000000039, 41.53921325051771]], [[-85.07324361106949, 41.44000000000012], [-85.04000000000039, 41.41678073510785], [-85.01025169147535, 41.44000000000012], [-85.04000000000039, 41.45552624609366], [-85.07324361106949, 41.44000000000012]], [[-85.60000000000036, 41.01735707591391], [-85.55194089229931, 41.04000000000013], [-85.52000000000038, 41.079254947613634], [-85.48565049377453, 41.120000000000125], [-85.49611921115032, 41.200000000000124], [-85.44000000000037, 41.27028169014097], [-85.42100294985288, 41.28000000000012], [-85.44000000000037, 41.31076433121031], [-85.52000000000038, 41.292031185884404], [-85.56246198406988, 41.28000000000012], [-85.57788018433217, 41.24000000000012], [-85.60000000000036, 41.24000000000012], [-85.64000000000037, 41.24000000000012], [-85.64000000000037, 41.22940397351005], [-85.68000000000038, 41.23402298850587], [-85.71379638439618, 41.200000000000124], [-85.72000000000037, 41.193458631529786], [-85.76000000000036, 41.175967534395845], [-85.83313615590275, 41.120000000000125], [-85.83313615590275, 41.080000000000126], [-85.84000000000037, 41.080000000000126], [-85.88000000000036, 41.080000000000126], [-85.88000000000036, 41.04000000000013], [-85.88000000000036, 41.00000000000013], [-85.88000000000036, 40.96000000000013], [-85.88000000000036, 40.92000000000013], [-85.84000000000037, 40.92000000000013], [-85.80000000000037, 40.92000000000013], [-85.80000000000037, 40.95305743546758], [-85.76000000000036, 40.95448078845892], [-85.74071278826032, 40.96000000000013], [-85.74071278826032, 41.00000000000013], [-85.72000000000037, 41.00000000000013], [-85.68000000000038, 41.00000000000013], [-85.64000000000037, 41.00000000000013], [-85.64000000000037, 41.01661935483884], [-85.60000000000036, 41.01735707591391]], [[-85.37701851250443, 40.88000000000013], [-85.36000000000038, 40.862496381249436], [-85.35051412020313, 40.88000000000013], [-85.36000000000038, 40.88990360990374], [-85.37701851250443, 40.88000000000013]], [[-84.86640040410882, 41.52000000000012], [-84.8800000000004, 41.543877490687755], [-84.96000000000038, 41.57181750186997], [-84.98200587628085, 41.52000000000012], [-84.96000000000038, 41.48139099420431], [-84.8800000000004, 41.46249696233305], [-84.86640040410882, 41.52000000000012]], [[-85.4446350974934, 40.80000000000013], [-85.44000000000037, 40.77238938053111], [-85.43659388646326, 40.80000000000013], [-85.44000000000037, 40.803291139240635], [-85.4446350974934, 40.80000000000013]], [[-86.06573105780855, 40.56000000000014], [-86.05356161656417, 40.640000000000136], [-86.08000000000035, 40.65174078330842], [-86.10659723613094, 40.640000000000136], [-86.09962465914595, 40.56000000000014], [-86.08000000000035, 40.54831659531137], [-86.06573105780855, 40.56000000000014]], [[-85.08197477477516, 41.68000000000011], [-85.04000000000039, 41.60082175226598], [-84.99200659250141, 41.68000000000011], [-85.04000000000039, 41.720472550382325], [-85.08197477477516, 41.68000000000011]], [[-85.76000000000036, 40.31977080017378], [-85.75965925224835, 40.32000000000014], [-85.76000000000036, 40.320748388885185], [-85.76019012410916, 40.32000000000014], [-85.76000000000036, 40.31977080017378]], [[-84.53939872456766, 42.00000000000011], [-84.48000000000039, 41.93349200952068], [-84.44527605183778, 42.00000000000011], [-84.48000000000039, 42.020381369177976], [-84.53939872456766, 42.00000000000011]], [[-84.7200000000004, 41.65933267261326], [-84.7032143815405, 41.68000000000011], [-84.7200000000004, 41.71917345021927], [-84.74687285223406, 41.68000000000011], [-84.7200000000004, 41.65933267261326]], [[-85.1690155284189, 41.600000000000115], [-85.12000000000037, 41.52751817807667], [-85.04029636086331, 41.600000000000115], [-85.12000000000037, 41.66039754783589], [-85.1690155284189, 41.600000000000115]]], [[[-85.92000000000036, 41.261856162339726], [-86.00000000000037, 41.26454867954289], [-86.02710926694365, 41.28000000000012], [-86.00000000000037, 41.29126113185878], [-85.92000000000036, 41.30651548190156], [-85.90399157451327, 41.28000000000012], [-85.92000000000036, 41.261856162339726]]], [[[-84.1600000000004, 42.34801794668788], [-84.08318379160677, 42.3200000000001], [-84.1600000000004, 42.278579789309504], [-84.21278965688752, 42.3200000000001], [-84.1600000000004, 42.34801794668788]]], [[[-87.48877133105835, 41.76000000000011], [-87.52000000000032, 41.79339416058405], [-87.539017125838, 41.84000000000011], [-87.56551440329251, 41.92000000000011], [-87.60000000000034, 41.960264264264374], [-87.60758280802325, 42.00000000000011], [-87.62472952086586, 42.080000000000105], [-87.68000000000032, 42.13816525699425], [-87.6997469844075, 42.1600000000001], [-87.76000000000033, 42.22157546602536], [-87.77127299484948, 42.2400000000001], [-87.77206427688537, 42.3200000000001], [-87.76317543097237, 42.4000000000001], [-87.76702583025863, 42.480000000000096], [-87.77010328147503, 42.560000000000095], [-87.77605921748358, 42.64000000000009], [-87.76000000000033, 42.69322429906551], [-87.7363345379456, 42.72000000000009], [-87.75314612089514, 42.80000000000009], [-87.76000000000033, 42.805960264900754], [-87.79923667470969, 42.88000000000009], [-87.80857059339407, 42.960000000000086], [-87.84000000000032, 42.99937019406819], [-87.85043445552036, 43.040000000000084], [-87.85333771209666, 43.12000000000008], [-87.85855827786465, 43.20000000000008], [-87.86627505183169, 43.28000000000008], [-87.850608378871, 43.36000000000008], [-87.84000000000032, 43.3797893306151], [-87.79340520641631, 43.440000000000076], [-87.79119159945246, 43.520000000000074], [-87.77428882596416, 43.60000000000007], [-87.76000000000033, 43.614685471233564], [-87.71082420360727, 43.68000000000007], [-87.71378449905515, 43.76000000000007], [-87.73939823818817, 43.84000000000007], [-87.7378477566003, 43.920000000000066], [-87.70627620632312, 44.000000000000064], [-87.68000000000032, 44.02507462686574], [-87.6399722286511, 44.08000000000006], [-87.60000000000034, 44.13309560405786], [-87.54962877697875, 44.16000000000006], [-87.52000000000032, 44.21049534085342], [-87.50536609097576, 44.24000000000006], [-87.52000000000032, 44.24976781945127], [-87.55909970170873, 44.32000000000006], [-87.52000000000032, 44.39371506475806], [-87.51509509243283, 44.400000000000055], [-87.49606830025535, 44.480000000000054], [-87.48102222894332, 44.56000000000005], [-87.44000000000034, 44.61162321598483], [-87.41300018106135, 44.64000000000005], [-87.37535559520808, 44.72000000000005], [-87.36000000000033, 44.734325802615984], [-87.33321435499549, 44.80000000000005], [-87.28000000000034, 44.86073057338946], [-87.24994475138155, 44.880000000000045], [-87.20000000000033, 44.9417855617258], [-87.18489282550964, 44.96000000000004], [-87.13421669457101, 45.04000000000004], [-87.12000000000035, 45.054852573713184], [-87.06961932367183, 45.12000000000004], [-87.04000000000033, 45.17117863105179], [-87.01473067915725, 45.20000000000004], [-87.02365395560649, 45.28000000000004], [-87.04000000000033, 45.29097859327221], [-87.0584102564106, 45.28000000000004], [-87.12000000000035, 45.249332907756184], [-87.15858212681012, 45.20000000000004], [-87.20000000000033, 45.16958944281529], [-87.2702935827491, 45.12000000000004], [-87.28000000000034, 45.10790938511331], [-87.33937747594827, 45.04000000000004], [-87.36000000000033, 45.00575187969929], [-87.40562324273698, 44.96000000000004], [-87.44000000000034, 44.912177314211256], [-87.48536764705915, 44.880000000000045], [-87.52000000000032, 44.87034341363408], [-87.60000000000034, 44.86203304396532], [-87.6668235294121, 44.80000000000005], [-87.68000000000032, 44.78857740585779], [-87.75321049692941, 44.72000000000005], [-87.76000000000033, 44.71300143884897], [-87.84000000000032, 44.709910897875304], [-87.85405921681026, 44.72000000000005], [-87.85456725365337, 44.80000000000005], [-87.84000000000032, 44.81617977528094], [-87.78850235057118, 44.880000000000045], [-87.76000000000033, 44.92539037433159], [-87.68000000000032, 44.92526096033407], [-87.64738853503218, 44.96000000000004], [-87.60589515331388, 45.04000000000004], [-87.60000000000034, 45.051298578199095], [-87.55906241174843, 45.12000000000004], [-87.53763494853159, 45.20000000000004], [-87.52000000000032, 45.21906105834468], [-87.46478485370085, 45.28000000000004], [-87.44000000000034, 45.30825112107627], [-87.40185912001685, 45.360000000000035], [-87.36000000000033, 45.41336844877538], [-87.33795989537958, 45.44000000000003], [-87.30727352297626, 45.52000000000003], [-87.28000000000034, 45.549669126398506], [-87.23867083659142, 45.60000000000003], [-87.20000000000033, 45.64409182081572], [-87.1321885521889, 45.68000000000003], [-87.12000000000035, 45.68524352706865], [-87.04000000000033, 45.747730792138206], [-86.96000000000035, 45.725285876561934], [-86.88000000000034, 45.72076454526363], [-86.83276864728226, 45.760000000000026], [-86.80000000000035, 45.80379858060158], [-86.76087655222825, 45.840000000000025], [-86.72000000000034, 45.86991713445605], [-86.64000000000036, 45.877120801168395], [-86.56000000000034, 45.90603846832541], [-86.50291486291522, 45.92000000000002], [-86.48000000000036, 45.928822222222244], [-86.47241099163715, 45.92000000000002], [-86.40000000000035, 45.84414246888859], [-86.332561865765, 45.92000000000002], [-86.33022378207846, 45.96000000000002], [-86.32000000000036, 45.96000000000002], [-86.28000000000036, 45.96000000000002], [-86.2763209334044, 45.96000000000002], [-86.2763209334044, 45.92000000000002], [-86.32000000000036, 45.84924398625432], [-86.32815239744596, 45.840000000000025], [-86.40000000000035, 45.77083165092806], [-86.48000000000036, 45.775742409360745], [-86.54231176172222, 45.840000000000025], [-86.56000000000034, 45.84957120169404], [-86.5821026894869, 45.840000000000025], [-86.56000000000034, 45.828503603221726], [-86.4901210773416, 45.760000000000026], [-86.56000000000034, 45.687905420477385], [-86.56542809006008, 45.68000000000003], [-86.60232931726942, 45.60000000000003], [-86.58121348314641, 45.52000000000003], [-86.56000000000034, 45.487297921478095], [-86.52592057761768, 45.52000000000003], [-86.48000000000036, 45.545238095238126], [-86.42089935760207, 45.60000000000003], [-86.40000000000035, 45.62981670061103], [-86.35816638370154, 45.68000000000003], [-86.32000000000036, 45.733396674584355], [-86.24000000000035, 45.745235404896455], [-86.20576419214011, 45.760000000000026], [-86.16000000000037, 45.76910512597744], [-86.12000000000036, 45.77787234042556], [-86.1002237136469, 45.800000000000026], [-86.08000000000035, 45.800000000000026], [-86.04000000000036, 45.800000000000026], [-86.02682352941213, 45.800000000000026], [-86.02682352941213, 45.760000000000026], [-86.00000000000037, 45.72001172007379], [-85.99984171808595, 45.72000000000003], [-85.96000000000036, 45.713627974745066], [-85.93449723756942, 45.68000000000003], [-85.92000000000036, 45.67457739202318], [-85.88000000000036, 45.6752128435904], [-85.88000000000036, 45.64000000000003], [-85.84000000000037, 45.64000000000003], [-85.80000000000037, 45.64000000000003], [-85.76000000000036, 45.64000000000003], [-85.72000000000037, 45.64000000000003], [-85.72000000000037, 45.60000000000003], [-85.72000000000037, 45.56000000000003], [-85.68000000000038, 45.56000000000003], [-85.64000000000037, 45.56000000000003], [-85.60000000000036, 45.56000000000003], [-85.56000000000037, 45.56000000000003], [-85.56000000000037, 45.52000000000003], [-85.56000000000037, 45.48000000000003], [-85.52000000000038, 45.48000000000003], [-85.48000000000037, 45.48000000000003], [-85.48000000000037, 45.44000000000003], [-85.48000000000037, 45.400000000000034], [-85.44000000000037, 45.400000000000034], [-85.40000000000038, 45.400000000000034], [-85.36000000000038, 45.400000000000034], [-85.32000000000038, 45.400000000000034], [-85.32000000000038, 45.360000000000035], [-85.32000000000038, 45.320000000000036], [-85.31894909551637, 45.320000000000036], [-85.32000000000038, 45.3174027973823], [-85.34541991523244, 45.28000000000004], [-85.36000000000038, 45.25784615384619], [-85.394650664381, 45.20000000000004], [-85.40654949121222, 45.12000000000004], [-85.4088447909288, 45.04000000000004], [-85.43414282031489, 44.96000000000004], [-85.44000000000037, 44.9463214930765], [-85.45611347517767, 44.96000000000004], [-85.52000000000038, 44.99517376024995], [-85.552931726908, 45.04000000000004], [-85.5632621359227, 45.12000000000004], [-85.60000000000036, 45.15037730800111], [-85.65040852575525, 45.12000000000004], [-85.68000000000038, 45.10521083000448], [-85.73507778819156, 45.04000000000004], [-85.76000000000036, 45.006525679758354], [-85.8147069271762, 44.96000000000004], [-85.84000000000037, 44.944011976047946], [-85.92000000000036, 44.93832225387786], [-86.00000000000037, 44.90146341463419], [-86.049583537482, 44.880000000000045], [-86.06032527472564, 44.80000000000005], [-86.08000000000035, 44.764769775678914], [-86.14537931034519, 44.72000000000005], [-86.16000000000037, 44.70834631241416], [-86.24000000000035, 44.64425463336024], [-86.24337272436956, 44.64000000000005], [-86.24000000000035, 44.63446250655485], [-86.21692932575178, 44.56000000000005], [-86.2386604493433, 44.480000000000054], [-86.24000000000035, 44.47537673738118], [-86.26116680361581, 44.400000000000055], [-86.29031349261187, 44.32000000000006], [-86.32000000000036, 44.282393282015455], [-86.35747023349347, 44.24000000000006], [-86.37679355783344, 44.16000000000006], [-86.40000000000035, 44.12541189307153], [-86.46237542150654, 44.08000000000006], [-86.48000000000036, 44.02580645161297], [-86.48703738611408, 44.000000000000064], [-86.48000000000036, 43.991440580817795], [-86.44616720955518, 43.920000000000066], [-86.43094398746608, 43.84000000000007], [-86.44395509499172, 43.76000000000007], [-86.48000000000036, 43.7275364573207], [-86.52717869548472, 43.68000000000007], [-86.54027738818797, 43.60000000000007], [-86.49686518085531, 43.520000000000074], [-86.48000000000036, 43.49632820512828], [-86.46393447418494, 43.440000000000076], [-86.4162057877817, 43.36000000000008], [-86.40000000000035, 43.33688073394503], [-86.37033492823002, 43.28000000000008], [-86.35428984459739, 43.20000000000008], [-86.32000000000036, 43.15726126126134], [-86.3022413052816, 43.12000000000008], [-86.28918287937779, 43.040000000000084], [-86.24000000000035, 42.963947051744974], [-86.2382343441597, 42.960000000000086], [-86.2320141093478, 42.88000000000009], [-86.23096375751702, 42.80000000000009], [-86.23017199017235, 42.72000000000009], [-86.24000000000035, 42.674939341421236], [-86.26729857819942, 42.64000000000009], [-86.27439090416928, 42.560000000000095], [-86.29694672863818, 42.480000000000096], [-86.31569955817415, 42.4000000000001], [-86.32000000000036, 42.38819605861556], [-86.37794761700336, 42.3200000000001], [-86.40000000000035, 42.27279411764716], [-86.43249544626629, 42.2400000000001], [-86.48000000000036, 42.20595300261107], [-86.51908939478103, 42.1600000000001], [-86.55239756971525, 42.080000000000105], [-86.56000000000034, 42.05828215398319], [-86.6168649587498, 42.00000000000011], [-86.6322015334067, 41.92000000000011], [-86.64000000000036, 41.907891156462696], [-86.72000000000034, 41.85613496932527], [-86.73462126476755, 41.84000000000011], [-86.80000000000035, 41.80774768597886], [-86.88000000000034, 41.78555780933074], [-86.90345276872999, 41.76000000000011], [-86.96000000000035, 41.72615984405469], [-87.04000000000033, 41.68392251815992], [-87.07724137931069, 41.68000000000011], [-87.12000000000035, 41.67902092380588], [-87.20000000000033, 41.66596985490926], [-87.28000000000034, 41.662744888413854], [-87.36000000000033, 41.669203965733104], [-87.38659080132797, 41.68000000000011], [-87.44000000000034, 41.7330694935219], [-87.48877133105835, 41.76000000000011]], [[-87.52000000000032, 44.339182004090034], [-87.53017445539217, 44.32000000000006], [-87.52000000000032, 44.30172430589387], [-87.45386603995333, 44.32000000000006], [-87.52000000000032, 44.339182004090034]], [[-87.47253624152181, 44.400000000000055], [-87.44000000000034, 44.3270384730093], [-87.36000000000033, 44.39874371859302], [-87.35877899877933, 44.400000000000055], [-87.32787401574836, 44.480000000000054], [-87.36000000000033, 44.52826498422718], [-87.44000000000034, 44.543372013651926], [-87.46058764829837, 44.480000000000054], [-87.47253624152181, 44.400000000000055]], [[-86.88000000000034, 42.6456050955415], [-86.96000000000035, 42.66450592885385], [-87.04000000000033, 42.689923273657385], [-87.1178807947023, 42.72000000000009], [-87.12000000000035, 42.72037735849066], [-87.12101587301622, 42.72000000000009], [-87.20000000000033, 42.68897755610982], [-87.28000000000034, 42.66914611005702], [-87.36000000000033, 42.64680301399363], [-87.37568238213433, 42.64000000000009], [-87.44000000000034, 42.60917954815705], [-87.52000000000032, 42.581090909091], [-87.55075757575791, 42.560000000000095], [-87.551666666667, 42.480000000000096], [-87.52000000000032, 42.46217755443895], [-87.44000000000034, 42.442330708661515], [-87.36000000000033, 42.42351304347835], [-87.30613545816767, 42.4000000000001], [-87.28000000000034, 42.3808746355686], [-87.20000000000033, 42.35848341232237], [-87.12000000000035, 42.357674418604745], [-87.04000000000033, 42.328598130841215], [-86.96000000000035, 42.35661016949162], [-86.88000000000034, 42.389333333333425], [-86.86530612244931, 42.4000000000001], [-86.82285714285746, 42.480000000000096], [-86.80000000000035, 42.50612244897966], [-86.77411764705916, 42.560000000000095], [-86.80000000000035, 42.57736842105274], [-86.8626315789477, 42.64000000000009], [-86.88000000000034, 42.6456050955415]], [[-87.60000000000034, 43.979268292682995], [-87.58802816901441, 44.000000000000064], [-87.58069802731444, 44.08000000000006], [-87.60000000000034, 44.08391023670464], [-87.60294376301815, 44.08000000000006], [-87.6089434458574, 44.000000000000064], [-87.60000000000034, 43.979268292682995]], [[-87.01162333911068, 44.880000000000045], [-86.96000000000035, 44.94754346182922], [-86.94721489526799, 44.96000000000004], [-86.91718654434285, 45.04000000000004], [-86.96000000000035, 45.06039329934454], [-86.99214695752043, 45.04000000000004], [-87.04000000000033, 45.01423980222501], [-87.12000000000035, 44.97207507820651], [-87.12820549158582, 44.96000000000004], [-87.19059284664414, 44.880000000000045], [-87.20000000000033, 44.87396068152036], [-87.28000000000034, 44.82530883329648], [-87.3021765276434, 44.80000000000005], [-87.31031369548617, 44.72000000000005], [-87.28000000000034, 44.66964092786786], [-87.23302904564349, 44.72000000000005], [-87.20000000000033, 44.738281839558205], [-87.12000000000035, 44.775765166340555], [-87.0821747098354, 44.80000000000005], [-87.04000000000033, 44.84674339878136], [-87.01162333911068, 44.880000000000045]], [[-86.90532818532853, 45.360000000000035], [-86.88000000000034, 45.343857274684744], [-86.86469524642787, 45.360000000000035], [-86.88000000000034, 45.37896638959165], [-86.90532818532853, 45.360000000000035]], [[-86.67857605178028, 45.68000000000003], [-86.64000000000036, 45.64036104513067], [-86.61444018992223, 45.68000000000003], [-86.64000000000036, 45.722045855379214], [-86.67857605178028, 45.68000000000003]], [[-86.56166406656301, 45.760000000000026], [-86.56000000000034, 45.759286192281984], [-86.55930812947898, 45.760000000000026], [-86.56000000000034, 45.76067825349727], [-86.56166406656301, 45.760000000000026]], [[-87.7027891545593, 43.84000000000007], [-87.68353875236328, 43.76000000000007], [-87.68000000000032, 43.74284142988091], [-87.64029692470871, 43.76000000000007], [-87.60379495026812, 43.84000000000007], [-87.62055692633096, 43.920000000000066], [-87.68000000000032, 43.960793420416124], [-87.69996448443267, 43.920000000000066], [-87.7027891545593, 43.84000000000007]]], [[[-90.32000000000028, 44.44363830925634], [-90.26406035665322, 44.400000000000055], [-90.27744199207724, 44.32000000000006], [-90.32000000000028, 44.27670696603345], [-90.40000000000026, 44.26415034930636], [-90.42887472020647, 44.32000000000006], [-90.40000000000026, 44.372131983192176], [-90.3779055733052, 44.400000000000055], [-90.32000000000028, 44.44363830925634]]], [[[-90.16000000000028, 44.68222961730454], [-90.08000000000027, 44.692367952522304], [-90.02400304607211, 44.64000000000005], [-90.08000000000027, 44.57186100386105], [-90.16000000000028, 44.58622224033255], [-90.24000000000026, 44.63948595557192], [-90.24063926940667, 44.64000000000005], [-90.24000000000026, 44.64038722168446], [-90.16000000000028, 44.68222961730454]]], [[[-89.07402777777808, 44.880000000000045], [-89.0400000000003, 44.92887780548633], [-89.01155297532685, 44.880000000000045], [-89.0400000000003, 44.86420628525387], [-89.07402777777808, 44.880000000000045]]], [[[-90.09648924122338, 44.96000000000004], [-90.14194410692616, 44.880000000000045], [-90.14590548204185, 44.80000000000005], [-90.16000000000028, 44.7863742690059], [-90.17273224043743, 44.80000000000005], [-90.18450123660374, 44.880000000000045], [-90.19062807209203, 44.96000000000004], [-90.16000000000028, 45.03153061224494], [-90.09648924122338, 44.96000000000004]]], [[[-90.08000000000027, 44.98207733131164], [-90.14815343443382, 45.04000000000004], [-90.10918848167567, 45.12000000000004], [-90.08000000000027, 45.163217054263605], [-90.04163440860242, 45.12000000000004], [-90.0497425742577, 45.04000000000004], [-90.08000000000027, 44.98207733131164]]], [[[-90.16000000000028, 43.50387027027035], [-90.24000000000026, 43.46411280846071], [-90.29560975609783, 43.440000000000076], [-90.32000000000028, 43.42932384341645], [-90.40000000000026, 43.4013213213214], [-90.45627811860967, 43.36000000000008], [-90.48000000000027, 43.33915918074029], [-90.56000000000026, 43.29327964860916], [-90.62082145850823, 43.28000000000008], [-90.64000000000027, 43.271754954955036], [-90.72000000000025, 43.26555595280666], [-90.76844124700266, 43.28000000000008], [-90.80000000000027, 43.28943811546639], [-90.88000000000025, 43.34146652497351], [-90.92298773690104, 43.28000000000008], [-90.96000000000026, 43.25373417721527], [-91.04000000000025, 43.220013157439226], [-91.12000000000026, 43.22412532637084], [-91.16000000000025, 43.22412532637084], [-91.16000000000025, 43.24000000000008], [-91.16000000000025, 43.28000000000008], [-91.16000000000025, 43.32000000000008], [-91.12000000000026, 43.32000000000008], [-91.08000000000025, 43.32000000000008], [-91.05792854565165, 43.32000000000008], [-91.05792854565165, 43.28000000000008], [-91.04000000000025, 43.27541290121541], [-91.0314146847258, 43.28000000000008], [-91.02234698409904, 43.32000000000008], [-91.00000000000026, 43.32000000000008], [-91.00000000000026, 43.33057908238369], [-90.96000000000026, 43.3362101504719], [-90.9402790697677, 43.36000000000008], [-90.9402790697677, 43.40000000000008], [-90.92000000000026, 43.40000000000008], [-90.88000000000025, 43.40000000000008], [-90.84000000000026, 43.40000000000008], [-90.80000000000027, 43.40000000000008], [-90.76000000000026, 43.40000000000008], [-90.72971877330785, 43.40000000000008], [-90.72971877330785, 43.36000000000008], [-90.72000000000025, 43.355404530744416], [-90.64000000000027, 43.32964529526909], [-90.56000000000026, 43.35184480234268], [-90.54837160751592, 43.36000000000008], [-90.48000000000027, 43.41756976488691], [-90.45215493726158, 43.440000000000076], [-90.40000000000026, 43.48697788697796], [-90.32000000000028, 43.516747141042], [-90.31569168630118, 43.520000000000074], [-90.32000000000028, 43.53699867197882], [-90.33513559502313, 43.60000000000007], [-90.38458348230273, 43.68000000000007], [-90.40000000000026, 43.71540229885064], [-90.41397838394262, 43.76000000000007], [-90.40000000000026, 43.79043137254909], [-90.32071684587841, 43.84000000000007], [-90.32000000000028, 43.850958904109675], [-90.30095238095261, 43.84000000000007], [-90.24000000000026, 43.83831245880033], [-90.19670553935887, 43.76000000000007], [-90.17507747747776, 43.68000000000007], [-90.16000000000028, 43.64776579352858], [-90.08000000000027, 43.66703788224562], [-90.04051612903254, 43.60000000000007], [-90.00000000000028, 43.540754716981205], [-89.92000000000027, 43.579415047627116], [-89.88998335672123, 43.60000000000007], [-89.84000000000029, 43.66023956953202], [-89.81930456945231, 43.68000000000007], [-89.83458189357319, 43.76000000000007], [-89.84000000000029, 43.765116539250485], [-89.89090909090936, 43.76000000000007], [-89.92000000000027, 43.757496130696545], [-89.92243067277577, 43.76000000000007], [-89.926838649156, 43.80000000000007], [-89.96000000000028, 43.83063921993506], [-89.96000000000028, 43.84000000000007], [-89.96000000000028, 43.88000000000007], [-90.00000000000028, 43.88000000000007], [-90.0047120418851, 43.88000000000007], [-90.04000000000028, 43.90085593791337], [-90.08000000000027, 43.899170765987414], [-90.13340733399433, 43.84000000000007], [-90.16000000000028, 43.815401540154085], [-90.23566835871432, 43.84000000000007], [-90.24000000000026, 43.84129489124943], [-90.3174900398409, 43.920000000000066], [-90.32000000000028, 43.948314606741626], [-90.34598870056524, 44.000000000000064], [-90.32000000000028, 44.005789804908815], [-90.25690743713243, 44.08000000000006], [-90.24000000000026, 44.10208245981837], [-90.16000000000028, 44.14212661940852], [-90.1204542996217, 44.16000000000006], [-90.08000000000027, 44.22397901579524], [-90.00000000000028, 44.23388235294124], [-89.92000000000027, 44.23256778309416], [-89.8544380403461, 44.16000000000006], [-89.8880624187259, 44.08000000000006], [-89.84000000000029, 44.05470658682641], [-89.80000000000028, 44.056145678063835], [-89.80000000000028, 44.04000000000006], [-89.76000000000028, 44.04000000000006], [-89.73538380559727, 44.04000000000006], [-89.72540073982766, 44.000000000000064], [-89.68000000000029, 43.97345110410101], [-89.60000000000028, 43.9786333333334], [-89.58441810999724, 44.000000000000064], [-89.60000000000028, 44.07781487101675], [-89.6005706134097, 44.08000000000006], [-89.60000000000028, 44.0814021421617], [-89.5200000000003, 44.11864201680679], [-89.44000000000028, 44.15541633624114], [-89.43392318559677, 44.16000000000006], [-89.44000000000028, 44.1634499738865], [-89.5200000000003, 44.186149791719856], [-89.5773872078278, 44.24000000000006], [-89.60000000000028, 44.258919840818706], [-89.66767874015777, 44.32000000000006], [-89.68000000000029, 44.32834827144692], [-89.76000000000028, 44.329171695008284], [-89.79650655021862, 44.32000000000006], [-89.76000000000028, 44.31038527889598], [-89.68000000000029, 44.29422924901191], [-89.63576571735655, 44.24000000000006], [-89.68000000000029, 44.16750084682615], [-89.76000000000028, 44.18761768901575], [-89.84000000000029, 44.17856415006953], [-89.91014278159732, 44.24000000000006], [-89.92000000000027, 44.247689768976954], [-90.00000000000028, 44.25404351087778], [-90.07612121212149, 44.32000000000006], [-90.04000000000028, 44.330352479646514], [-90.01695676132425, 44.360000000000056], [-90.00000000000028, 44.360000000000056], [-89.96000000000028, 44.360000000000056], [-89.92000000000027, 44.360000000000056], [-89.88000000000028, 44.360000000000056], [-89.88000000000028, 44.400000000000055], [-89.88000000000028, 44.43757605564539], [-89.84000000000029, 44.43757605564539], [-89.77604744914537, 44.480000000000054], [-89.76615844916815, 44.56000000000005], [-89.76000000000028, 44.562884876091374], [-89.71528612753141, 44.64000000000005], [-89.68000000000029, 44.682695073235735], [-89.6313442167422, 44.72000000000005], [-89.60000000000028, 44.75333579608427], [-89.52731875719246, 44.80000000000005], [-89.5200000000003, 44.80848739927121], [-89.44000000000028, 44.87469613259673], [-89.4336879856548, 44.880000000000045], [-89.3600000000003, 44.93364664926027], [-89.31595636363666, 44.96000000000004], [-89.28000000000029, 45.019566265060284], [-89.25303656597804, 45.04000000000004], [-89.25665995975885, 45.12000000000004], [-89.2345595680057, 45.20000000000004], [-89.22161628624336, 45.28000000000004], [-89.2000000000003, 45.35151020408167], [-89.18739393939424, 45.360000000000035], [-89.12000000000029, 45.42739393939398], [-89.0400000000003, 45.381456166419056], [-89.02537721519018, 45.360000000000035], [-89.0400000000003, 45.33428317008018], [-89.07890236120004, 45.28000000000004], [-89.04084517304219, 45.20000000000004], [-89.07659024103498, 45.12000000000004], [-89.12000000000029, 45.062914572864365], [-89.17119170984485, 45.04000000000004], [-89.15657378741, 44.96000000000004], [-89.15484210526346, 44.880000000000045], [-89.15873855544281, 44.80000000000005], [-89.2000000000003, 44.78315614617945], [-89.22661998949793, 44.72000000000005], [-89.23984158415871, 44.64000000000005], [-89.2000000000003, 44.57252096143102], [-89.18671775223528, 44.56000000000005], [-89.12000000000029, 44.484961781152265], [-89.0400000000003, 44.5452240437159], [-89.03204705882382, 44.56000000000005], [-89.01158853288395, 44.64000000000005], [-89.00791327913309, 44.72000000000005], [-88.96000000000029, 44.75583783783789], [-88.93364516129063, 44.80000000000005], [-88.88000000000031, 44.87816686251473], [-88.87802406586478, 44.880000000000045], [-88.80023928215384, 44.96000000000004], [-88.8387314172451, 45.04000000000004], [-88.86827225130921, 45.12000000000004], [-88.8000000000003, 45.13271574841545], [-88.72000000000031, 45.12997792494485], [-88.70576377952786, 45.12000000000004], [-88.6400000000003, 45.10427710843378], [-88.6243536905211, 45.12000000000004], [-88.6400000000003, 45.1367240688827], [-88.6970809248558, 45.20000000000004], [-88.72000000000031, 45.22890205011393], [-88.8000000000003, 45.26588684650278], [-88.81940269117194, 45.28000000000004], [-88.8000000000003, 45.32163380281694], [-88.75105121293831, 45.360000000000035], [-88.72000000000031, 45.397729257641956], [-88.68713073005124, 45.44000000000003], [-88.68612546125492, 45.52000000000003], [-88.65087510620252, 45.60000000000003], [-88.6400000000003, 45.66666666666671], [-88.63831245880057, 45.68000000000003], [-88.6400000000003, 45.72196721311475], [-88.64160553633249, 45.760000000000026], [-88.6400000000003, 45.781090909090956], [-88.63447570332512, 45.840000000000025], [-88.6400000000003, 45.84861702127662], [-88.72000000000031, 45.894123360854806], [-88.7600000000003, 45.90643968101354], [-88.7600000000003, 45.92000000000002], [-88.7600000000003, 45.96000000000002], [-88.72000000000031, 45.96000000000002], [-88.6800000000003, 45.96000000000002], [-88.6800000000003, 46.00000000000002], [-88.6800000000003, 46.04000000000002], [-88.6800000000003, 46.08000000000002], [-88.6800000000003, 46.12000000000002], [-88.72000000000031, 46.12000000000002], [-88.7600000000003, 46.12000000000002], [-88.77920840630503, 46.12000000000002], [-88.77920840630503, 46.16000000000002], [-88.79422493320592, 46.240000000000016], [-88.77779229261951, 46.320000000000014], [-88.72000000000031, 46.36671594508977], [-88.69931079750604, 46.40000000000001], [-88.72000000000031, 46.41495610913406], [-88.8000000000003, 46.430192976906056], [-88.88000000000031, 46.43409363745499], [-88.96000000000029, 46.44041877078459], [-89.00226604354299, 46.48000000000001], [-89.02327058289892, 46.56000000000001], [-88.97517569828837, 46.64000000000001], [-89.01378404001468, 46.720000000000006], [-89.010937205538, 46.760000000000005], [-89.0000000000003, 46.760000000000005], [-89.0000000000003, 46.800000000000004], [-89.0000000000003, 46.80584300683944], [-88.97217755743559, 46.84], [-88.97230324909778, 46.88], [-88.96000000000029, 46.93642384105961], [-88.95747786043246, 46.96], [-88.95747786043246, 47.0], [-88.9200000000003, 47.0], [-88.88000000000031, 47.0], [-88.8400000000003, 47.0], [-88.8000000000003, 47.0], [-88.7877500000003, 47.0], [-88.7877500000003, 46.96], [-88.8000000000003, 46.94361546499478], [-88.84981996726708, 46.88], [-88.88000000000031, 46.836560659599535], [-88.88715823135139, 46.800000000000004], [-88.88000000000031, 46.77697329376855], [-88.85581102362235, 46.720000000000006], [-88.83638591117948, 46.64000000000001], [-88.80443088778325, 46.56000000000001], [-88.8000000000003, 46.55822906641002], [-88.72000000000031, 46.50463191832349], [-88.6400000000003, 46.5246760735176], [-88.56856382978754, 46.48000000000001], [-88.56000000000031, 46.475706666666674], [-88.50507376058071, 46.40000000000001], [-88.52185303514408, 46.320000000000014], [-88.4800000000003, 46.30553285477638], [-88.40000000000032, 46.31408637873756], [-88.3200000000003, 46.31177637511273], [-88.24000000000032, 46.25811518324608], [-88.21042735042766, 46.240000000000016], [-88.16000000000031, 46.177400530503995], [-88.1560024375384, 46.16000000000002], [-88.16000000000031, 46.134071146245084], [-88.19411471321727, 46.08000000000002], [-88.16000000000031, 46.049395973154375], [-88.1473030477289, 46.00000000000002], [-88.16000000000031, 45.98368070953439], [-88.24000000000032, 45.971761006289334], [-88.3200000000003, 45.93037130270613], [-88.3339898132431, 45.92000000000002], [-88.3200000000003, 45.90049704142014], [-88.24000000000032, 45.85010615711255], [-88.23357624831341, 45.840000000000025], [-88.24000000000032, 45.83211267605636], [-88.31588491717555, 45.760000000000026], [-88.31557263643383, 45.68000000000003], [-88.3200000000003, 45.6701369863014], [-88.35329479768816, 45.68000000000003], [-88.40000000000032, 45.688338493292086], [-88.40998763906089, 45.68000000000003], [-88.40000000000032, 45.66380761523049], [-88.3650109890113, 45.60000000000003], [-88.33855621301807, 45.52000000000003], [-88.3679882092855, 45.44000000000003], [-88.40000000000032, 45.386436498150466], [-88.44494758909885, 45.360000000000035], [-88.40000000000032, 45.305166240409235], [-88.39356862745129, 45.28000000000004], [-88.40000000000032, 45.27013039117356], [-88.4800000000003, 45.20779706275037], [-88.48600823045298, 45.20000000000004], [-88.50462457975377, 45.12000000000004], [-88.52745961820882, 45.04000000000004], [-88.52849445324912, 44.96000000000004], [-88.56000000000031, 44.91283511269281], [-88.6400000000003, 44.88413718018513], [-88.64955974842798, 44.880000000000045], [-88.72000000000031, 44.84121883656515], [-88.76328727272758, 44.80000000000005], [-88.7993686583994, 44.72000000000005], [-88.8000000000003, 44.71803508771935], [-88.87001049317973, 44.64000000000005], [-88.8062193126026, 44.56000000000005], [-88.88000000000031, 44.501568373298824], [-88.95266375545881, 44.480000000000054], [-88.94919908466849, 44.400000000000055], [-88.96000000000029, 44.39408521303264], [-89.0400000000003, 44.328805460750914], [-89.04849732400194, 44.32000000000006], [-89.06391681109216, 44.24000000000006], [-89.12000000000029, 44.19846844919792], [-89.2000000000003, 44.168937221947665], [-89.21806193806223, 44.16000000000006], [-89.21292433537862, 44.08000000000006], [-89.28000000000029, 44.06235610543309], [-89.3600000000003, 44.02609037328101], [-89.40301214574927, 44.000000000000064], [-89.44000000000028, 43.97990321161467], [-89.51731970471351, 43.920000000000066], [-89.50224598930511, 43.84000000000007], [-89.5200000000003, 43.83782722513096], [-89.52377701934044, 43.84000000000007], [-89.60000000000028, 43.874218590398435], [-89.67237787646374, 43.920000000000066], [-89.68000000000029, 43.922977917981136], [-89.76000000000028, 43.946183334670046], [-89.84000000000029, 43.999863481228736], [-89.84012121212149, 44.000000000000064], [-89.92000000000027, 44.033303853442895], [-90.00000000000028, 44.02127251995445], [-90.07117744610309, 44.08000000000006], [-90.08000000000027, 44.08921478060052], [-90.1061211129299, 44.08000000000006], [-90.11857393337257, 44.000000000000064], [-90.08000000000027, 43.98510090749024], [-90.00000000000028, 43.981834469328206], [-89.92962765957475, 43.920000000000066], [-89.92000000000027, 43.90971347383383], [-89.84000000000029, 43.87135857461031], [-89.7778945304845, 43.84000000000007], [-89.76000000000028, 43.82398034398041], [-89.70396987627785, 43.76000000000007], [-89.68000000000029, 43.72877365101618], [-89.60556149732649, 43.68000000000007], [-89.67863277826497, 43.60000000000007], [-89.68000000000029, 43.59295711060956], [-89.76000000000028, 43.529830973047126], [-89.7655116900226, 43.520000000000074], [-89.76000000000028, 43.5149197355997], [-89.68000000000029, 43.510939164564135], [-89.60355287009092, 43.440000000000076], [-89.66104947526266, 43.36000000000008], [-89.68000000000029, 43.28858757062155], [-89.76000000000028, 43.31486959628447], [-89.8116402116405, 43.28000000000008], [-89.84000000000029, 43.25796958487472], [-89.88917431192688, 43.28000000000008], [-89.92000000000027, 43.28956719817776], [-89.97929050814984, 43.36000000000008], [-90.00000000000028, 43.39743500866559], [-90.03102969046142, 43.440000000000076], [-90.08000000000027, 43.48925031766208], [-90.16000000000028, 43.50387027027035]], [[-89.23215931721224, 44.480000000000054], [-89.24259372789466, 44.400000000000055], [-89.28000000000029, 44.34753968253974], [-89.33425407166153, 44.32000000000006], [-89.28000000000029, 44.29910163111675], [-89.2000000000003, 44.302275618374615], [-89.17957654723156, 44.32000000000006], [-89.12000000000029, 44.351905800261726], [-89.07278098908186, 44.400000000000055], [-89.12000000000029, 44.4749439347605], [-89.12930581613539, 44.480000000000054], [-89.2000000000003, 44.537293461733455], [-89.23215931721224, 44.480000000000054]], [[-89.4587026332694, 44.32000000000006], [-89.44000000000028, 44.312304439746356], [-89.4060606060609, 44.32000000000006], [-89.44000000000028, 44.329814627569995], [-89.4587026332694, 44.32000000000006]], [[-89.36729319077125, 44.72000000000005], [-89.44000000000028, 44.754398296059684], [-89.51755102040845, 44.72000000000005], [-89.5200000000003, 44.717986179664415], [-89.60000000000028, 44.66305824039658], [-89.62945235834154, 44.64000000000005], [-89.65052631578976, 44.56000000000005], [-89.68000000000029, 44.49312921004292], [-89.68595224875098, 44.480000000000054], [-89.69626418988676, 44.400000000000055], [-89.68000000000029, 44.396636790439665], [-89.60000000000028, 44.343164389598996], [-89.5200000000003, 44.36200523756085], [-89.46839430894337, 44.400000000000055], [-89.44000000000028, 44.43309446254077], [-89.3600000000003, 44.44655760529069], [-89.32899645046818, 44.480000000000054], [-89.3600000000003, 44.547614356087315], [-89.36640932265142, 44.56000000000005], [-89.37333333333362, 44.64000000000005], [-89.36729319077125, 44.72000000000005]], [[-88.3200000000003, 46.0702030456853], [-88.28349881796721, 46.08000000000002], [-88.3200000000003, 46.100752688172065], [-88.3323717948721, 46.08000000000002], [-88.3200000000003, 46.0702030456853]], [[-88.64870719226258, 46.16000000000002], [-88.6400000000003, 46.14341829085459], [-88.61241895261877, 46.16000000000002], [-88.6400000000003, 46.17714811764137], [-88.64870719226258, 46.16000000000002]], [[-89.92707661953332, 43.440000000000076], [-89.92000000000027, 43.421716227697615], [-89.91374054682983, 43.440000000000076], [-89.92000000000027, 43.446171494121096], [-89.92707661953332, 43.440000000000076]]], [[[-90.00000000000028, 45.57963985594241], [-89.99459356072708, 45.60000000000003], [-89.94818767249338, 45.68000000000003], [-89.92000000000027, 45.70777878513149], [-89.85035066505469, 45.760000000000026], [-89.92000000000027, 45.783655030800844], [-90.00000000000028, 45.799050644739324], [-90.0358566519394, 45.840000000000025], [-90.00000000000028, 45.88747481312969], [-89.92000000000027, 45.870776132795], [-89.84000000000029, 45.86222611744087], [-89.78402490801047, 45.92000000000002], [-89.76000000000028, 45.94267094017096], [-89.73238776838025, 45.92000000000002], [-89.75961850262307, 45.840000000000025], [-89.76000000000028, 45.836652719665295], [-89.8248495575224, 45.760000000000026], [-89.81918840579738, 45.68000000000003], [-89.79843442435369, 45.60000000000003], [-89.84000000000029, 45.539687811358384], [-89.86353314807491, 45.52000000000003], [-89.92000000000027, 45.458847807394704], [-90.00000000000028, 45.48438709677423], [-90.08000000000027, 45.51040832765354], [-90.09455571227107, 45.52000000000003], [-90.08000000000027, 45.53495652173916], [-90.00000000000028, 45.57963985594241]]], [[[-87.32000000000033, 46.00000000000002], [-87.32000000000033, 45.98801750688931], [-87.34801750688962, 45.96000000000002], [-87.36000000000033, 45.96000000000002], [-87.37193695174523, 45.96000000000002], [-87.37583420355082, 46.00000000000002], [-87.36000000000033, 46.01324820216414], [-87.32000000000033, 46.010340992550645], [-87.32000000000033, 46.00000000000002]]], [[[-90.02683544303825, 46.08000000000002], [-90.00000000000028, 46.09992049150707], [-89.97049250535359, 46.08000000000002], [-90.00000000000028, 46.065949528422145], [-90.02683544303825, 46.08000000000002]]], [[[-86.60000000000035, 46.14252852348995], [-86.64000000000036, 46.12429012345681], [-86.6690657874081, 46.16000000000002], [-86.66124072515908, 46.20000000000002], [-86.64000000000036, 46.20000000000002], [-86.60000000000035, 46.20000000000002], [-86.60000000000035, 46.16000000000002], [-86.60000000000035, 46.14252852348995]]], [[[-87.44000000000034, 46.240608861103574], [-87.43927355278126, 46.240000000000016], [-87.44000000000034, 46.23940354147253], [-87.44094236432511, 46.240000000000016], [-87.44000000000034, 46.240608861103574]]], [[[-87.84000000000032, 46.33022648752401], [-87.77373134328391, 46.320000000000014], [-87.84000000000032, 46.30524916943523], [-87.85803656059612, 46.320000000000014], [-87.84000000000032, 46.33022648752401]]], [[[-87.68000000000032, 46.34542056074768], [-87.6522448979595, 46.320000000000014], [-87.68000000000032, 46.29963500233974], [-87.75099510603621, 46.320000000000014], [-87.68000000000032, 46.34542056074768]]], [[[-87.47534592981991, 46.48000000000001], [-87.48931711880294, 46.56000000000001], [-87.52000000000032, 46.60467650397277], [-87.59446163662498, 46.64000000000001], [-87.60000000000034, 46.64485068631903], [-87.6481827342966, 46.720000000000006], [-87.64476428102462, 46.760000000000005], [-87.64000000000033, 46.76989364603218], [-87.64000000000033, 46.760000000000005], [-87.60000000000034, 46.760000000000005], [-87.56000000000033, 46.760000000000005], [-87.52877773295717, 46.760000000000005], [-87.52877773295717, 46.720000000000006], [-87.52000000000032, 46.71198821796761], [-87.48000000000033, 46.68972972972974], [-87.48000000000033, 46.68000000000001], [-87.47824892703896, 46.68000000000001], [-87.47509121932045, 46.64000000000001], [-87.44000000000034, 46.58437416777631], [-87.41068317178592, 46.56000000000001], [-87.36000000000033, 46.535731916763204], [-87.28000000000034, 46.53700444085588], [-87.24000000000034, 46.54051440589921], [-87.24000000000034, 46.52000000000001], [-87.20000000000033, 46.52000000000001], [-87.16000000000034, 46.52000000000001], [-87.12000000000035, 46.52000000000001], [-87.08000000000034, 46.52000000000001], [-87.08000000000034, 46.48000000000001], [-87.08000000000034, 46.4498962539881], [-87.12000000000035, 46.44145519989717], [-87.20000000000033, 46.45885832383126], [-87.2661799726726, 46.48000000000001], [-87.28000000000034, 46.483175884806904], [-87.30066291432179, 46.48000000000001], [-87.36000000000033, 46.466296938186034], [-87.44000000000034, 46.457077047103546], [-87.47534592981991, 46.48000000000001]]], [[[-88.24000000000032, 46.88181168057211], [-88.24312918167813, 46.88], [-88.3200000000003, 46.84604682882474], [-88.40000000000032, 46.81378151260505], [-88.46902189781053, 46.88], [-88.46639676113391, 46.96], [-88.46639676113391, 47.0], [-88.44000000000031, 47.0], [-88.40000000000032, 47.0], [-88.36000000000031, 47.0], [-88.3200000000003, 47.0], [-88.28000000000031, 47.0], [-88.24000000000032, 47.0], [-88.20000000000032, 47.0], [-88.16000000000031, 47.0], [-88.12000000000032, 47.0], [-88.10423572744047, 47.0], [-88.10423572744047, 46.96], [-88.08000000000033, 46.955407433257726], [-88.03925696594459, 46.96], [-88.03925696594459, 47.0], [-88.00000000000031, 47.0], [-87.96000000000032, 47.0], [-87.92000000000033, 47.0], [-87.88000000000032, 47.0], [-87.88000000000032, 46.96], [-87.88000000000032, 46.92], [-87.84000000000032, 46.92], [-87.80000000000032, 46.92], [-87.76000000000033, 46.92], [-87.72000000000033, 46.92], [-87.72000000000033, 46.88], [-87.72000000000033, 46.84969099865652], [-87.76000000000033, 46.849093966000375], [-87.84000000000032, 46.853835374398344], [-87.92000000000033, 46.87364587369237], [-87.93853107344664, 46.88], [-88.00000000000031, 46.8924684849874], [-88.08000000000033, 46.89957075554005], [-88.16000000000031, 46.89268292682927], [-88.24000000000032, 46.88181168057211]]]]}}, {"id": "2", "type": "Feature", "properties": {"min_value": 25.0, "max_value": 30.0, "color": "#fdae61"}, "geometry": {"type": "MultiPolygon", "coordinates": [[[[-93.20000000000022, 41.560000000000116], [-93.16000000000021, 41.560000000000116], [-93.16000000000021, 41.52000000000012], [-93.16000000000021, 41.513311942571356], [-93.20000000000022, 41.50139626352027], [-93.24000000000021, 41.50456979747191], [-93.24000000000021, 41.52000000000012], [-93.24000000000021, 41.560000000000116], [-93.20000000000022, 41.560000000000116]]], [[[-94.84534133533401, 42.68000000000009], [-94.84534133533401, 42.72000000000009], [-94.88000000000017, 42.77804749340378], [-94.89198847262266, 42.80000000000009], [-94.89198847262266, 42.84000000000009], [-94.88000000000017, 42.84000000000009], [-94.84000000000017, 42.84000000000009], [-94.80000000000018, 42.84000000000009], [-94.76000000000018, 42.84000000000009], [-94.72939931198748, 42.84000000000009], [-94.72939931198748, 42.80000000000009], [-94.72000000000017, 42.78055677197382], [-94.7102123356928, 42.72000000000009], [-94.7102123356928, 42.68000000000009], [-94.72000000000017, 42.68000000000009], [-94.76000000000018, 42.68000000000009], [-94.80000000000018, 42.68000000000009], [-94.84000000000017, 42.68000000000009], [-94.84534133533401, 42.68000000000009]]], [[[-95.12000000000018, 43.461504950495126], [-95.08000000000017, 43.461504950495126], [-95.08000000000017, 43.440000000000076], [-95.08000000000017, 43.40000000000008], [-95.08000000000017, 43.36000000000008], [-95.08000000000017, 43.32000000000008], [-95.12000000000018, 43.32000000000008], [-95.16000000000017, 43.32000000000008], [-95.16000000000017, 43.36000000000008], [-95.16000000000017, 43.40000000000008], [-95.18340087223271, 43.40000000000008], [-95.17686111959526, 43.440000000000076], [-95.12000000000018, 43.461504950495126]]], [[[-96.16000000000014, 43.88000000000007], [-96.20000000000014, 43.88000000000007], [-96.20000000000014, 43.920000000000066], [-96.20000000000014, 43.960000000000065], [-96.16000000000014, 43.960000000000065], [-96.12000000000015, 43.960000000000065], [-96.08000000000015, 43.960000000000065], [-96.05540261924247, 43.960000000000065], [-96.04000000000015, 43.93328725529371], [-96.02190483963126, 43.920000000000066], [-96.00000000000014, 43.89297895902554], [-95.98953882772999, 43.88000000000007], [-95.96000000000015, 43.86364415156514], [-95.96000000000015, 43.84000000000007], [-95.96000000000015, 43.80000000000007], [-96.00000000000014, 43.80000000000007], [-96.04000000000015, 43.80000000000007], [-96.08000000000015, 43.80000000000007], [-96.12000000000015, 43.80000000000007], [-96.12000000000015, 43.84000000000007], [-96.12000000000015, 43.88000000000007], [-96.16000000000014, 43.88000000000007]]], [[[-96.16058823529426, 44.480000000000054], [-96.24000000000015, 44.42315789473689], [-96.32000000000014, 44.430159744408996], [-96.35058823529425, 44.480000000000054], [-96.32000000000014, 44.53315161839869], [-96.24000000000015, 44.5072865083376], [-96.16058823529426, 44.480000000000054]]], [[[-96.88000000000014, 44.44209883610004], [-96.96000000000012, 44.42751744765708], [-97.04000000000013, 44.424383561643886], [-97.06014888337482, 44.480000000000054], [-97.04000000000013, 44.490175438596545], [-96.96000000000012, 44.54207547169817], [-96.88000000000014, 44.52220994475144], [-96.84000000000013, 44.5314114242847], [-96.84000000000013, 44.52000000000005], [-96.80000000000013, 44.52000000000005], [-96.76000000000013, 44.52000000000005], [-96.76000000000013, 44.56000000000005], [-96.76000000000013, 44.60000000000005], [-96.76000000000013, 44.64000000000005], [-96.76000000000013, 44.68000000000005], [-96.72000000000014, 44.68000000000005], [-96.68000000000013, 44.68000000000005], [-96.68000000000013, 44.69400418339086], [-96.66310635250807, 44.68000000000005], [-96.65063346759442, 44.64000000000005], [-96.67462082912046, 44.56000000000005], [-96.68213523131686, 44.480000000000054], [-96.68213523131686, 44.440000000000055], [-96.72000000000014, 44.440000000000055], [-96.76000000000013, 44.440000000000055], [-96.76000000000013, 44.40603388998041], [-96.80000000000013, 44.40960140679958], [-96.88000000000014, 44.44209883610004]]], [[[-97.13717216117229, 44.64000000000005], [-97.12000000000012, 44.669045848822854], [-97.09722060252685, 44.64000000000005], [-97.12000000000012, 44.628838095238144], [-97.13717216117229, 44.64000000000005]]], [[[-96.56000000000014, 44.704200913242055], [-96.5923012291895, 44.72000000000005], [-96.56000000000014, 44.73939539539545], [-96.52859486821448, 44.72000000000005], [-96.56000000000014, 44.704200913242055]]], [[[-97.12517412935337, 44.80000000000005], [-97.20000000000013, 44.840106666666706], [-97.22548551959127, 44.880000000000045], [-97.28000000000011, 44.91661327231125], [-97.32624390243915, 44.96000000000004], [-97.29292929292941, 45.04000000000004], [-97.36000000000013, 45.086870588235335], [-97.44000000000011, 45.102414414414454], [-97.46098924731194, 45.12000000000004], [-97.44000000000011, 45.12862190812725], [-97.36000000000013, 45.13943319838061], [-97.29230769230782, 45.12000000000004], [-97.28000000000011, 45.08800000000005], [-97.20000000000013, 45.04133757961788], [-97.19972665148076, 45.04000000000004], [-97.12000000000012, 44.98540389972149], [-97.08000000000013, 44.98540389972149], [-97.08000000000013, 44.96000000000004], [-97.08000000000013, 44.920000000000044], [-97.04000000000013, 44.920000000000044], [-97.00000000000013, 44.920000000000044], [-97.00000000000013, 44.880000000000045], [-97.00000000000013, 44.840000000000046], [-96.96000000000012, 44.840000000000046], [-96.92000000000013, 44.840000000000046], [-96.88000000000014, 44.840000000000046], [-96.84000000000013, 44.840000000000046], [-96.84000000000013, 44.80000000000005], [-96.84000000000013, 44.76000000000005], [-96.84000000000013, 44.72000000000005], [-96.84000000000013, 44.68000000000005], [-96.88000000000014, 44.68000000000005], [-96.92000000000013, 44.68000000000005], [-96.92000000000013, 44.64000000000005], [-96.92000000000013, 44.60757097791803], [-96.93702127659587, 44.60000000000005], [-96.96000000000012, 44.581590909090956], [-96.99289600000013, 44.64000000000005], [-97.03157894736854, 44.72000000000005], [-97.04000000000013, 44.762105263157935], [-97.12000000000012, 44.79802656546494], [-97.12517412935337, 44.80000000000005]]], [[[-96.92000000000013, 43.76000000000007], [-96.92000000000013, 43.80000000000007], [-96.96000000000012, 43.80000000000007], [-97.00000000000013, 43.80000000000007], [-97.04000000000013, 43.80000000000007], [-97.08000000000013, 43.80000000000007], [-97.08000000000013, 43.84000000000007], [-97.08000000000013, 43.88000000000007], [-97.12000000000012, 43.88000000000007], [-97.16000000000012, 43.88000000000007], [-97.20000000000013, 43.88000000000007], [-97.24000000000012, 43.88000000000007], [-97.24000000000012, 43.920000000000066], [-97.24000000000012, 43.960000000000065], [-97.28000000000011, 43.960000000000065], [-97.32000000000012, 43.960000000000065], [-97.32000000000012, 44.000000000000064], [-97.32000000000012, 44.04000000000006], [-97.36000000000013, 44.04000000000006], [-97.40000000000012, 44.04000000000006], [-97.44000000000011, 44.04000000000006], [-97.48000000000012, 44.04000000000006], [-97.48000000000012, 44.08000000000006], [-97.48000000000012, 44.12000000000006], [-97.52000000000012, 44.12000000000006], [-97.56000000000012, 44.12000000000006], [-97.60000000000011, 44.12000000000006], [-97.64000000000011, 44.12000000000006], [-97.64000000000011, 44.16000000000006], [-97.64000000000011, 44.20000000000006], [-97.68000000000012, 44.20000000000006], [-97.72000000000011, 44.20000000000006], [-97.72000000000011, 44.24000000000006], [-97.72000000000011, 44.28000000000006], [-97.7600000000001, 44.28000000000006], [-97.80000000000011, 44.28000000000006], [-97.84000000000012, 44.28000000000006], [-97.88000000000011, 44.28000000000006], [-97.88000000000011, 44.32000000000006], [-97.88000000000011, 44.360000000000056], [-97.9200000000001, 44.360000000000056], [-97.96000000000011, 44.360000000000056], [-98.00000000000011, 44.360000000000056], [-98.0400000000001, 44.360000000000056], [-98.0400000000001, 44.400000000000055], [-98.0400000000001, 44.440000000000055], [-98.0800000000001, 44.440000000000055], [-98.1200000000001, 44.440000000000055], [-98.1200000000001, 44.480000000000054], [-98.1200000000001, 44.52000000000005], [-98.16000000000011, 44.52000000000005], [-98.2000000000001, 44.52000000000005], [-98.2400000000001, 44.52000000000005], [-98.2800000000001, 44.52000000000005], [-98.2800000000001, 44.56000000000005], [-98.2800000000001, 44.60000000000005], [-98.3200000000001, 44.60000000000005], [-98.3600000000001, 44.60000000000005], [-98.40000000000009, 44.60000000000005], [-98.4400000000001, 44.60000000000005], [-98.4400000000001, 44.64000000000005], [-98.4400000000001, 44.68000000000005], [-98.4800000000001, 44.68000000000005], [-98.5200000000001, 44.68000000000005], [-98.5200000000001, 44.72000000000005], [-98.5200000000001, 44.76000000000005], [-98.56000000000009, 44.76000000000005], [-98.6000000000001, 44.76000000000005], [-98.6400000000001, 44.76000000000005], [-98.68000000000009, 44.76000000000005], [-98.68000000000009, 44.80000000000005], [-98.68000000000009, 44.840000000000046], [-98.69534185382811, 44.840000000000046], [-98.68000000000009, 44.85501487643456], [-98.6400000000001, 44.86289641866639], [-98.56000000000009, 44.85929737753592], [-98.5223063063064, 44.880000000000045], [-98.56000000000009, 44.92171485543375], [-98.6400000000001, 44.888702374378845], [-98.72000000000008, 44.90393495934964], [-98.75848214285723, 44.96000000000004], [-98.7782387475539, 45.04000000000004], [-98.8000000000001, 45.05139928241932], [-98.81023941068149, 45.04000000000004], [-98.81234523779142, 44.96000000000004], [-98.8142279338401, 44.920000000000044], [-98.84000000000009, 44.8904848841006], [-98.84000000000009, 44.920000000000044], [-98.88000000000008, 44.920000000000044], [-98.92000000000009, 44.920000000000044], [-98.95465189873427, 44.920000000000044], [-98.95465189873427, 44.96000000000004], [-98.9600000000001, 44.96480924855496], [-99.00000000000009, 44.96380931239252], [-99.00000000000009, 45.00000000000004], [-99.04000000000008, 45.00000000000004], [-99.08000000000008, 45.00000000000004], [-99.08000000000008, 45.04000000000004], [-99.08000000000008, 45.08000000000004], [-99.12000000000009, 45.08000000000004], [-99.16000000000008, 45.08000000000004], [-99.20000000000007, 45.08000000000004], [-99.24000000000008, 45.08000000000004], [-99.24000000000008, 45.12000000000004], [-99.24000000000008, 45.16000000000004], [-99.28000000000009, 45.16000000000004], [-99.32000000000008, 45.16000000000004], [-99.36000000000007, 45.16000000000004], [-99.40000000000008, 45.16000000000004], [-99.40000000000008, 45.20000000000004], [-99.40000000000008, 45.24000000000004], [-99.44000000000008, 45.24000000000004], [-99.48000000000008, 45.24000000000004], [-99.51164628410167, 45.24000000000004], [-99.51164628410167, 45.28000000000004], [-99.52000000000007, 45.29023336214351], [-99.56000000000007, 45.28711668063098], [-99.56000000000007, 45.320000000000036], [-99.60000000000008, 45.320000000000036], [-99.64000000000007, 45.320000000000036], [-99.64000000000007, 45.360000000000035], [-99.64000000000007, 45.400000000000034], [-99.68000000000006, 45.400000000000034], [-99.72000000000007, 45.400000000000034], [-99.76000000000008, 45.400000000000034], [-99.80000000000007, 45.400000000000034], [-99.80000000000007, 45.44000000000003], [-99.80000000000007, 45.48000000000003], [-99.84000000000006, 45.48000000000003], [-99.88000000000007, 45.48000000000003], [-99.92000000000007, 45.48000000000003], [-99.96000000000006, 45.48000000000003], [-99.96000000000006, 45.52000000000003], [-99.96000000000006, 45.56000000000003], [-100.00000000000006, 45.56000000000003], [-100.04000000000006, 45.56000000000003], [-100.08000000000007, 45.56000000000003], [-100.12000000000006, 45.56000000000003], [-100.12000000000006, 45.60000000000003], [-100.12000000000006, 45.64000000000003], [-100.1404343390177, 45.64000000000003], [-100.13308291280961, 45.68000000000003], [-100.16000000000005, 45.71336951568134], [-100.20000000000006, 45.70242378685378], [-100.20000000000006, 45.72000000000003], [-100.24000000000007, 45.72000000000003], [-100.28000000000006, 45.72000000000003], [-100.32000000000005, 45.72000000000003], [-100.36000000000006, 45.72000000000003], [-100.36000000000006, 45.760000000000026], [-100.36000000000006, 45.800000000000026], [-100.40000000000006, 45.800000000000026], [-100.44000000000005, 45.800000000000026], [-100.44629139796704, 45.800000000000026], [-100.44629139796704, 45.840000000000025], [-100.48000000000005, 45.86066331658294], [-100.52000000000005, 45.864261631827404], [-100.52000000000005, 45.880000000000024], [-100.56000000000006, 45.880000000000024], [-100.60000000000005, 45.880000000000024], [-100.64000000000004, 45.880000000000024], [-100.68000000000005, 45.880000000000024], [-100.68000000000005, 45.92000000000002], [-100.68000000000005, 45.96000000000002], [-100.68903693676276, 45.96000000000002], [-100.68867957746484, 46.00000000000002], [-100.69623331685621, 46.08000000000002], [-100.68558084306358, 46.16000000000002], [-100.64000000000004, 46.21189725101399], [-100.59797847108197, 46.16000000000002], [-100.57628675441057, 46.08000000000002], [-100.56000000000006, 46.06635062191976], [-100.48000000000005, 46.0241796791444], [-100.40000000000006, 46.030309096261426], [-100.33168757588027, 46.08000000000002], [-100.40000000000006, 46.14669300671673], [-100.41019987886135, 46.16000000000002], [-100.40000000000006, 46.193883299798806], [-100.32000000000005, 46.203481279444595], [-100.24000000000007, 46.172910032236025], [-100.19659057316478, 46.16000000000002], [-100.16000000000005, 46.13174381737478], [-100.08000000000007, 46.11832797427654], [-100.05871428571434, 46.08000000000002], [-100.08000000000007, 46.04343558282211], [-100.13875518672207, 46.00000000000002], [-100.16000000000005, 45.99600312256052], [-100.17783972125441, 46.00000000000002], [-100.24000000000007, 46.0065443873808], [-100.28657963446481, 46.00000000000002], [-100.32000000000005, 45.97123595505621], [-100.34157048249769, 45.92000000000002], [-100.34564332926914, 45.840000000000025], [-100.33453745590377, 45.800000000000026], [-100.32000000000005, 45.78348748408997], [-100.24000000000007, 45.788824531516205], [-100.16000000000005, 45.814724857685036], [-100.08000000000007, 45.82990650877039], [-100.00000000000006, 45.81018755550914], [-99.92000000000007, 45.79398973051987], [-99.86636959370911, 45.840000000000025], [-99.88826175869127, 45.92000000000002], [-99.84000000000006, 45.951848852901506], [-99.78618401206643, 46.00000000000002], [-99.76000000000008, 46.00996555683125], [-99.68000000000006, 46.04950240770467], [-99.60338709677426, 46.08000000000002], [-99.60000000000008, 46.08210262828538], [-99.5830303030304, 46.08000000000002], [-99.52000000000007, 46.07451187335094], [-99.51728341314765, 46.08000000000002], [-99.44000000000008, 46.14749809885933], [-99.36000000000007, 46.12288739172283], [-99.31785792349734, 46.16000000000002], [-99.36000000000007, 46.20106496272632], [-99.38622668579634, 46.240000000000016], [-99.36000000000007, 46.282217090069295], [-99.31536152796734, 46.320000000000014], [-99.28000000000009, 46.365553602811964], [-99.20313725490203, 46.40000000000001], [-99.20000000000007, 46.406060606060606], [-99.17806741573041, 46.48000000000001], [-99.12000000000009, 46.50530852105779], [-99.04000000000008, 46.50207771609834], [-98.97108910891097, 46.48000000000001], [-98.99825634352644, 46.40000000000001], [-98.9600000000001, 46.3444759206799], [-98.93164113785566, 46.320000000000014], [-98.88000000000008, 46.24782874617738], [-98.87287899860927, 46.240000000000016], [-98.8423244552059, 46.16000000000002], [-98.8000000000001, 46.10183028286191], [-98.72000000000008, 46.115555555555574], [-98.64179656538978, 46.16000000000002], [-98.6400000000001, 46.16389684813755], [-98.61596380090506, 46.240000000000016], [-98.6400000000001, 46.305257985258], [-98.64791556728241, 46.320000000000014], [-98.6400000000001, 46.33209677419356], [-98.56000000000009, 46.32978473581215], [-98.49897959183683, 46.40000000000001], [-98.4800000000001, 46.4254794520548], [-98.41282700421951, 46.48000000000001], [-98.4186345381527, 46.56000000000001], [-98.4800000000001, 46.585339966832514], [-98.56000000000009, 46.610377833753155], [-98.62268656716427, 46.64000000000001], [-98.58188365650979, 46.720000000000006], [-98.56000000000009, 46.762702702702704], [-98.4800000000001, 46.75924119241193], [-98.40000000000009, 46.74975735084214], [-98.3200000000001, 46.74655913978495], [-98.27039330543943, 46.720000000000006], [-98.2400000000001, 46.69356622998545], [-98.16138528138538, 46.720000000000006], [-98.20277392510413, 46.800000000000004], [-98.2130869899924, 46.88], [-98.2400000000001, 46.94841487279844], [-98.3200000000001, 46.89160137457045], [-98.40000000000009, 46.881013941698356], [-98.4800000000001, 46.92051519835137], [-98.53171390013505, 46.96], [-98.53171390013505, 47.0], [-98.5200000000001, 47.0], [-98.4800000000001, 47.0], [-98.4400000000001, 47.0], [-98.40000000000009, 47.0], [-98.3600000000001, 47.0], [-98.3200000000001, 47.0], [-98.2800000000001, 47.0], [-98.2400000000001, 47.0], [-98.23186813186824, 47.0], [-98.23186813186824, 46.96], [-98.16000000000011, 46.92548812664908], [-98.12338698390494, 46.96], [-98.12338698390494, 47.0], [-98.1200000000001, 47.0], [-98.0800000000001, 47.0], [-98.0400000000001, 47.0], [-98.00000000000011, 47.0], [-97.96000000000011, 47.0], [-97.9200000000001, 47.0], [-97.88000000000011, 47.0], [-97.84000000000012, 47.0], [-97.80000000000011, 47.0], [-97.7600000000001, 47.0], [-97.72000000000011, 47.0], [-97.68000000000012, 47.0], [-97.64000000000011, 47.0], [-97.60000000000011, 47.0], [-97.56000000000012, 47.0], [-97.52000000000012, 47.0], [-97.48000000000012, 47.0], [-97.44000000000011, 47.0], [-97.40000000000012, 47.0], [-97.36000000000013, 47.0], [-97.32000000000012, 47.0], [-97.28000000000011, 47.0], [-97.24000000000012, 47.0], [-97.20000000000013, 47.0], [-97.18100124120824, 47.0], [-97.18100124120824, 46.96], [-97.15777282850792, 46.88], [-97.12000000000012, 46.86212855637514], [-97.10381679389326, 46.88], [-97.06690673388562, 46.96], [-97.06690673388562, 47.0], [-97.04000000000013, 47.0], [-97.00000000000013, 47.0], [-96.96000000000012, 47.0], [-96.92000000000013, 47.0], [-96.90362391602021, 47.0], [-96.90362391602021, 46.96], [-96.88000000000014, 46.94501447596989], [-96.80000000000013, 46.88236473638721], [-96.79508208508102, 46.88], [-96.80000000000013, 46.85700840336134], [-96.81055054432362, 46.800000000000004], [-96.80000000000013, 46.762058165548105], [-96.78268079226176, 46.720000000000006], [-96.80000000000013, 46.696426332288404], [-96.86155950752406, 46.64000000000001], [-96.86458968058982, 46.56000000000001], [-96.88000000000014, 46.511455108359144], [-96.96000000000012, 46.51828677839852], [-97.04000000000013, 46.54581560283689], [-97.12000000000012, 46.480194647201955], [-97.12033836858018, 46.48000000000001], [-97.12033836858018, 46.44000000000001], [-97.16000000000012, 46.44000000000001], [-97.20000000000013, 46.44000000000001], [-97.24000000000012, 46.44000000000001], [-97.28000000000011, 46.44000000000001], [-97.32000000000012, 46.44000000000001], [-97.32000000000012, 46.48000000000001], [-97.32000000000012, 46.52000000000001], [-97.36000000000013, 46.52000000000001], [-97.40000000000012, 46.52000000000001], [-97.4121311475411, 46.52000000000001], [-97.4121311475411, 46.56000000000001], [-97.44000000000011, 46.57912798874825], [-97.52000000000012, 46.605144400581764], [-97.60000000000011, 46.600405300077945], [-97.68000000000012, 46.63560732113145], [-97.7600000000001, 46.565951359084416], [-97.77719008264474, 46.56000000000001], [-97.7600000000001, 46.54483965014579], [-97.68000000000012, 46.484266666666684], [-97.64000000000011, 46.48376175548591], [-97.64000000000011, 46.48000000000001], [-97.64000000000011, 46.47408970976254], [-97.68000000000012, 46.47408970976254], [-97.74950495049517, 46.40000000000001], [-97.73360041443631, 46.320000000000014], [-97.68000000000012, 46.24318732986887], [-97.67680000000011, 46.240000000000016], [-97.679212376934, 46.16000000000002], [-97.6062672811061, 46.08000000000002], [-97.60000000000011, 46.07563402889248], [-97.52000000000012, 46.048682170542655], [-97.45902912621371, 46.00000000000002], [-97.44000000000011, 45.93299145299149], [-97.36000000000013, 45.930494159928145], [-97.28000000000011, 45.95215055395359], [-97.24000000000012, 45.93476785797279], [-97.24000000000012, 45.92000000000002], [-97.24000000000012, 45.880000000000024], [-97.24000000000012, 45.840000000000025], [-97.24000000000012, 45.800000000000026], [-97.22848514286933, 45.800000000000026], [-97.24000000000012, 45.77216530106953], [-97.24858352093663, 45.760000000000026], [-97.26177215189884, 45.68000000000003], [-97.28000000000011, 45.67848314606744], [-97.28964824120617, 45.68000000000003], [-97.36000000000013, 45.687000000000026], [-97.44000000000011, 45.68981177899214], [-97.52000000000012, 45.68391416309016], [-97.52345978755702, 45.68000000000003], [-97.57079507278847, 45.60000000000003], [-97.60000000000011, 45.58368980612886], [-97.67052631578959, 45.52000000000003], [-97.68000000000012, 45.50355769230772], [-97.71893961708406, 45.44000000000003], [-97.71537906137195, 45.360000000000035], [-97.68996935648632, 45.28000000000004], [-97.68000000000012, 45.26247755834834], [-97.62341463414646, 45.20000000000004], [-97.60000000000011, 45.14763636363641], [-97.58264840182659, 45.12000000000004], [-97.52000000000012, 45.07388235294122], [-97.49056934306581, 45.04000000000004], [-97.44000000000011, 44.99796116504859], [-97.3975576662145, 44.96000000000004], [-97.39301587301598, 44.880000000000045], [-97.44000000000011, 44.85207547169816], [-97.52000000000012, 44.846419753086465], [-97.56921465968598, 44.80000000000005], [-97.52000000000012, 44.737851239669475], [-97.50493723849384, 44.72000000000005], [-97.44000000000011, 44.65577931034488], [-97.3724238026126, 44.72000000000005], [-97.36000000000013, 44.757056277056336], [-97.3345994065283, 44.72000000000005], [-97.32729525120452, 44.64000000000005], [-97.32906882591105, 44.56000000000005], [-97.28537815126062, 44.480000000000054], [-97.28000000000011, 44.47693779904312], [-97.20000000000013, 44.42590476190482], [-97.16813631522909, 44.400000000000055], [-97.13358208955236, 44.32000000000006], [-97.12000000000012, 44.31164658634544], [-97.04000000000013, 44.293315719947216], [-96.96000000000012, 44.28948787062001], [-96.88000000000014, 44.26454183266938], [-96.8504504243129, 44.28000000000006], [-96.84000000000013, 44.28358925813369], [-96.84000000000013, 44.28000000000006], [-96.80000000000013, 44.28000000000006], [-96.76000000000013, 44.28000000000006], [-96.75418999338783, 44.28000000000006], [-96.75418999338783, 44.24000000000006], [-96.72000000000014, 44.20613691931546], [-96.68000000000013, 44.21482853371996], [-96.68000000000013, 44.20000000000006], [-96.64000000000013, 44.20000000000006], [-96.60000000000014, 44.20000000000006], [-96.56000000000014, 44.20000000000006], [-96.52000000000014, 44.20000000000006], [-96.48000000000013, 44.20000000000006], [-96.44000000000014, 44.20000000000006], [-96.40000000000015, 44.20000000000006], [-96.36000000000014, 44.20000000000006], [-96.36000000000014, 44.16000000000006], [-96.36000000000014, 44.12000000000006], [-96.32000000000014, 44.12000000000006], [-96.28000000000014, 44.12000000000006], [-96.28000000000014, 44.08000000000006], [-96.28000000000014, 44.04000000000006], [-96.32000000000014, 44.04000000000006], [-96.36000000000014, 44.04000000000006], [-96.40000000000015, 44.04000000000006], [-96.44000000000014, 44.04000000000006], [-96.44000000000014, 44.023588845817244], [-96.48000000000013, 44.033509192645944], [-96.51746201966054, 44.000000000000064], [-96.51746201966054, 43.960000000000065], [-96.52000000000014, 43.960000000000065], [-96.56000000000014, 43.960000000000065], [-96.60000000000014, 43.960000000000065], [-96.60000000000014, 43.920000000000066], [-96.60000000000014, 43.88000000000007], [-96.60000000000014, 43.84000000000007], [-96.60000000000014, 43.80000000000007], [-96.56000000000014, 43.80000000000007], [-96.52000000000014, 43.80000000000007], [-96.52000000000014, 43.76000000000007], [-96.52000000000014, 43.72000000000007], [-96.56000000000014, 43.72000000000007], [-96.60000000000014, 43.72000000000007], [-96.64000000000013, 43.72000000000007], [-96.68000000000013, 43.72000000000007], [-96.72000000000014, 43.72000000000007], [-96.76000000000013, 43.72000000000007], [-96.76000000000013, 43.68000000000007], [-96.76000000000013, 43.64000000000007], [-96.80000000000013, 43.64000000000007], [-96.84000000000013, 43.64000000000007], [-96.84000000000013, 43.68000000000007], [-96.84000000000013, 43.72000000000007], [-96.88000000000014, 43.72000000000007], [-96.92000000000013, 43.72000000000007], [-96.92000000000013, 43.76000000000007]], [[-98.4933746130032, 45.44000000000003], [-98.4800000000001, 45.430892480674665], [-98.46752646775755, 45.44000000000003], [-98.4800000000001, 45.451846435100585], [-98.4933746130032, 45.44000000000003]], [[-99.20000000000007, 45.203008356546], [-99.20203526719621, 45.20000000000004], [-99.20000000000007, 45.190649350649394], [-99.1509090909092, 45.20000000000004], [-99.20000000000007, 45.203008356546]], [[-97.94124542124553, 45.04000000000004], [-97.9200000000001, 45.016753507014066], [-97.90006872852244, 45.04000000000004], [-97.90246575342476, 45.12000000000004], [-97.91641741988506, 45.20000000000004], [-97.9200000000001, 45.22076190476195], [-97.96494845360836, 45.20000000000004], [-97.94502793296101, 45.12000000000004], [-97.94124542124553, 45.04000000000004]], [[-98.08959765910764, 44.880000000000045], [-98.0800000000001, 44.86503990877998], [-98.06038863976094, 44.880000000000045], [-98.0800000000001, 44.88828806064439], [-98.08959765910764, 44.880000000000045]], [[-97.60000000000011, 44.771386861313914], [-97.63619537275076, 44.72000000000005], [-97.60000000000011, 44.68509090909096], [-97.5362895927603, 44.72000000000005], [-97.60000000000011, 44.771386861313914]], [[-99.44424336973486, 45.60000000000003], [-99.44000000000008, 45.597694915254266], [-99.36000000000007, 45.56694577899797], [-99.28000000000009, 45.57432768361585], [-99.205751633987, 45.60000000000003], [-99.28000000000009, 45.643945841392686], [-99.31001610305965, 45.68000000000003], [-99.36000000000007, 45.68418780356182], [-99.38540098199681, 45.68000000000003], [-99.44000000000008, 45.603133640553025], [-99.44424336973486, 45.60000000000003]], [[-97.92000189428319, 44.64000000000005], [-97.9200000000001, 44.63999817054231], [-97.91999507802755, 44.64000000000005], [-97.9200000000001, 44.64000332430087], [-97.92000189428319, 44.64000000000005]], [[-99.84000000000006, 45.59070761014689], [-99.76000000000008, 45.59441860465118], [-99.75713147410364, 45.60000000000003], [-99.68772727272733, 45.68000000000003], [-99.76000000000008, 45.68747356051707], [-99.78251327433635, 45.68000000000003], [-99.84000000000006, 45.61777777777781], [-99.84511576626247, 45.60000000000003], [-99.84000000000006, 45.59070761014689]], [[-99.67370370370378, 45.68000000000003], [-99.60000000000008, 45.654322580645186], [-99.58046625766879, 45.68000000000003], [-99.60000000000008, 45.69821510297486], [-99.67370370370378, 45.68000000000003]], [[-97.44000000000011, 44.61474613686539], [-97.46132416165102, 44.56000000000005], [-97.44000000000011, 44.52253776435051], [-97.39049900199613, 44.56000000000005], [-97.44000000000011, 44.61474613686539]], [[-100.0343414634147, 45.68000000000003], [-100.00000000000006, 45.640938490805354], [-99.97027027027033, 45.68000000000003], [-100.00000000000006, 45.69168215437136], [-100.0343414634147, 45.68000000000003]], [[-99.04000000000008, 45.88525455688249], [-99.00128851540624, 45.92000000000002], [-99.04000000000008, 45.98953459119499], [-99.05258698941007, 46.00000000000002], [-99.12000000000009, 46.03076285812912], [-99.19803852889675, 46.00000000000002], [-99.1499329677027, 45.92000000000002], [-99.20000000000007, 45.88470790378009], [-99.28000000000009, 45.88446717817564], [-99.36000000000007, 45.8811582334016], [-99.41486159844062, 45.840000000000025], [-99.44000000000008, 45.80550026752277], [-99.47328375733862, 45.760000000000026], [-99.44000000000008, 45.73989122724051], [-99.36000000000007, 45.72736103615761], [-99.30316501691526, 45.760000000000026], [-99.28000000000009, 45.79887300252315], [-99.20000000000007, 45.811264494754305], [-99.12000000000009, 45.81461870637943], [-99.08743651173943, 45.840000000000025], [-99.04000000000008, 45.88525455688249]], [[-97.36000000000013, 45.86438095238097], [-97.38813186813198, 45.840000000000025], [-97.36000000000013, 45.83475678443423], [-97.3537438905182, 45.840000000000025], [-97.36000000000013, 45.86438095238097]]], [[[-99.76000000000008, 46.165815324165045], [-99.74269005847961, 46.16000000000002], [-99.76000000000008, 46.156297686053804], [-99.78077192982462, 46.16000000000002], [-99.76000000000008, 46.165815324165045]]], [[[-99.68000000000006, 46.25383966244727], [-99.62953846153853, 46.240000000000016], [-99.68000000000006, 46.19365777080065], [-99.70248286367105, 46.240000000000016], [-99.68000000000006, 46.25383966244727]]], [[[-100.64000000000004, 46.32200069468567], [-100.61750000000006, 46.320000000000014], [-100.64000000000004, 46.3164684242796], [-100.64135945244281, 46.320000000000014], [-100.64000000000004, 46.32200069468567]]], [[[-98.8000000000001, 46.32122931442082], [-98.79850574712653, 46.320000000000014], [-98.8000000000001, 46.318443113772474], [-98.8017247097845, 46.320000000000014], [-98.8000000000001, 46.32122931442082]]], [[[-99.61182326053842, 46.64000000000001], [-99.60000000000008, 46.64899884035563], [-99.54294117647066, 46.64000000000001], [-99.60000000000008, 46.626496519721584], [-99.61182326053842, 46.64000000000001]]], [[[-99.28000000000009, 46.72996188055909], [-99.27326460481108, 46.720000000000006], [-99.28000000000009, 46.714047076689454], [-99.29510597302513, 46.720000000000006], [-99.28000000000009, 46.72996188055909]]], [[[-99.37530502684244, 46.88], [-99.44000000000008, 46.835974759216214], [-99.52000000000007, 46.82971296027834], [-99.60000000000008, 46.81931912809209], [-99.68000000000006, 46.81006500314532], [-99.70764976958533, 46.800000000000004], [-99.76000000000008, 46.768257073000356], [-99.81658779576594, 46.800000000000004], [-99.83139307897079, 46.88], [-99.82174537987686, 46.96], [-99.82174537987686, 47.0], [-99.80000000000007, 47.0], [-99.76000000000008, 47.0], [-99.72000000000007, 47.0], [-99.700583395662, 47.0], [-99.700583395662, 46.96], [-99.76000000000008, 46.88181102362205], [-99.76040816326537, 46.88], [-99.76000000000008, 46.879362660200904], [-99.68000000000006, 46.87716502411407], [-99.66738805970157, 46.88], [-99.6645826330533, 46.96], [-99.6645826330533, 47.0], [-99.64000000000007, 47.0], [-99.60000000000008, 47.0], [-99.56000000000007, 47.0], [-99.52000000000007, 47.0], [-99.48000000000008, 47.0], [-99.44000000000008, 47.0], [-99.40000000000008, 47.0], [-99.36000000000007, 47.0], [-99.32000000000008, 47.0], [-99.28000000000009, 47.0], [-99.24000000000008, 47.0], [-99.20000000000007, 47.0], [-99.16000000000008, 47.0], [-99.12000000000009, 47.0], [-99.08000000000008, 47.0], [-99.05949579831942, 47.0], [-99.05949579831942, 46.96], [-99.07883817427394, 46.88], [-99.11505857295003, 46.800000000000004], [-99.12000000000009, 46.79622764227643], [-99.12857670979675, 46.800000000000004], [-99.20000000000007, 46.836556291390735], [-99.23849119865892, 46.88], [-99.28000000000009, 46.89797459165155], [-99.36000000000007, 46.89140363636364], [-99.37530502684244, 46.88]]], [[[-96.68000000000013, 47.0], [-96.64000000000013, 47.0], [-96.60000000000014, 47.0], [-96.57590909090922, 47.0], [-96.57590909090922, 46.96], [-96.64000000000013, 46.8981352833638], [-96.72000000000014, 46.93613330944275], [-96.73320642474731, 46.96], [-96.73320642474731, 47.0], [-96.72000000000014, 47.0], [-96.68000000000013, 47.0]]], [[[-96.45101763907748, 47.0], [-96.45101763907748, 46.96], [-96.48000000000013, 46.90777506112469], [-96.54338278931765, 46.96], [-96.54338278931765, 47.0], [-96.52000000000014, 47.0], [-96.48000000000013, 47.0], [-96.45101763907748, 47.0]]], [[[-91.64000000000024, 40.200000000000145], [-91.68000000000023, 40.200000000000145], [-91.72000000000024, 40.200000000000145], [-91.72000000000024, 40.240000000000144], [-91.72000000000024, 40.28000000000014], [-91.76000000000025, 40.28000000000014], [-91.80000000000024, 40.28000000000014], [-91.80000000000024, 40.32000000000014], [-91.80000000000024, 40.36000000000014], [-91.81224442680927, 40.36000000000014], [-91.80908016877662, 40.40000000000014], [-91.84000000000023, 40.42630294328801], [-91.92000000000024, 40.433103448276], [-91.96000000000024, 40.41682242990668], [-91.96000000000024, 40.44000000000014], [-92.00000000000023, 40.44000000000014], [-92.04000000000023, 40.44000000000014], [-92.04000000000023, 40.48000000000014], [-92.04000000000023, 40.52000000000014], [-92.04000000000023, 40.52096440872574], [-92.00000000000023, 40.52096440872574], [-91.92000000000024, 40.522061855670245], [-91.86112000000024, 40.56000000000014], [-91.88000000000024, 40.57427995159352], [-91.89464400551242, 40.600000000000136], [-91.88000000000024, 40.600000000000136], [-91.88000000000024, 40.640000000000136], [-91.88000000000024, 40.65508547746517], [-91.84000000000023, 40.665907473309744], [-91.81707537886267, 40.640000000000136], [-91.83481208548292, 40.56000000000014], [-91.7689455828473, 40.48000000000014], [-91.76000000000025, 40.4688516827331], [-91.71627067669196, 40.40000000000014], [-91.68000000000023, 40.32394438870589], [-91.67565107458937, 40.32000000000014], [-91.67275846082546, 40.240000000000144], [-91.64000000000024, 40.21655866416027], [-91.60000000000025, 40.211975000000145], [-91.54987152921699, 40.160000000000146], [-91.54987152921699, 40.12000000000015], [-91.56000000000024, 40.12000000000015], [-91.60000000000025, 40.12000000000015], [-91.64000000000024, 40.12000000000015], [-91.64000000000024, 40.160000000000146], [-91.64000000000024, 40.200000000000145]]], [[[-91.48000000000025, 40.680000000000135], [-91.44000000000025, 40.680000000000135], [-91.40000000000025, 40.680000000000135], [-91.36720212412902, 40.680000000000135], [-91.36720212412902, 40.640000000000136], [-91.40000000000025, 40.622251851598584], [-91.41443859288923, 40.600000000000136], [-91.44000000000025, 40.600000000000136], [-91.48000000000025, 40.600000000000136], [-91.48000000000025, 40.640000000000136], [-91.48000000000025, 40.680000000000135]]], [[[-91.52000000000024, 41.69215419501145], [-91.5040731428574, 41.68000000000011], [-91.52000000000024, 41.64677157844551], [-91.60000000000025, 41.64150066653982], [-91.64179450072383, 41.68000000000011], [-91.60000000000025, 41.71237149719787], [-91.52000000000024, 41.69215419501145]]], [[[-86.24000000000035, 41.92955223880607], [-86.22448484848522, 41.92000000000011], [-86.24000000000035, 41.91879017013243], [-86.24466302367978, 41.92000000000011], [-86.24000000000035, 41.92955223880607]]], [[[-86.08000000000035, 41.937676292814075], [-86.00166666666703, 41.92000000000011], [-86.00000000000037, 41.917442922374526], [-85.9986761229318, 41.92000000000011], [-86.00000000000037, 41.92120950323985], [-86.0225742574261, 42.00000000000011], [-86.00000000000037, 42.057089201878036], [-85.95563636363673, 42.080000000000105], [-85.92000000000036, 42.148771929824655], [-85.84000000000037, 42.10490181818192], [-85.76008438818602, 42.1600000000001], [-85.76000000000036, 42.160046189376544], [-85.75986863711039, 42.1600000000001], [-85.68000000000038, 42.1050395480227], [-85.64806916426551, 42.080000000000105], [-85.62430270270308, 42.00000000000011], [-85.68000000000038, 41.97347064881576], [-85.76000000000036, 41.92435868331452], [-85.76484848484886, 41.92000000000011], [-85.7605738880922, 41.84000000000011], [-85.84000000000037, 41.78747628083503], [-85.92000000000036, 41.79905686546474], [-86.00000000000037, 41.83077759651996], [-86.05542483660166, 41.84000000000011], [-86.08000000000035, 41.85777777777789], [-86.13696969697006, 41.92000000000011], [-86.08000000000035, 41.937676292814075]]], [[[-87.28000000000034, 42.3808746355686], [-87.30613545816767, 42.4000000000001], [-87.36000000000033, 42.42351304347835], [-87.44000000000034, 42.442330708661515], [-87.52000000000032, 42.46217755443895], [-87.551666666667, 42.480000000000096], [-87.55075757575791, 42.560000000000095], [-87.52000000000032, 42.581090909091], [-87.44000000000034, 42.60917954815705], [-87.37568238213433, 42.64000000000009], [-87.36000000000033, 42.64680301399363], [-87.28000000000034, 42.66914611005702], [-87.20000000000033, 42.68897755610982], [-87.12101587301622, 42.72000000000009], [-87.12000000000035, 42.72037735849066], [-87.1178807947023, 42.72000000000009], [-87.04000000000033, 42.689923273657385], [-86.96000000000035, 42.66450592885385], [-86.88000000000034, 42.6456050955415], [-86.8626315789477, 42.64000000000009], [-86.80000000000035, 42.57736842105274], [-86.77411764705916, 42.560000000000095], [-86.80000000000035, 42.50612244897966], [-86.82285714285746, 42.480000000000096], [-86.86530612244931, 42.4000000000001], [-86.88000000000034, 42.389333333333425], [-86.96000000000035, 42.35661016949162], [-87.04000000000033, 42.328598130841215], [-87.12000000000035, 42.357674418604745], [-87.20000000000033, 42.35848341232237], [-87.28000000000034, 42.3808746355686]]], [[[-86.00000000000037, 42.5789182389938], [-85.96758620689691, 42.560000000000095], [-86.00000000000037, 42.50490842490853], [-86.01378551787387, 42.560000000000095], [-86.00000000000037, 42.5789182389938]]], [[[-91.92438268262467, 43.16000000000008], [-91.92000000000024, 43.16520904382982], [-91.88083169183652, 43.12000000000008], [-91.92000000000024, 43.062974890597864], [-91.94385806144344, 43.080000000000084], [-91.96000000000024, 43.0867220390252], [-91.96000000000024, 43.12000000000008], [-91.96000000000024, 43.14065706229293], [-91.92438268262467, 43.16000000000008]]], [[[-92.68000000000022, 43.040000000000084], [-92.68000000000022, 43.080000000000084], [-92.68000000000022, 43.12000000000008], [-92.68000000000022, 43.16000000000008], [-92.64000000000021, 43.16000000000008], [-92.60000000000022, 43.16000000000008], [-92.56000000000023, 43.16000000000008], [-92.52000000000022, 43.16000000000008], [-92.48000000000022, 43.16000000000008], [-92.44000000000023, 43.16000000000008], [-92.44000000000023, 43.20000000000008], [-92.44000000000023, 43.21674183238645], [-92.41461188099645, 43.24000000000008], [-92.40752898840486, 43.28000000000008], [-92.40655983278197, 43.32000000000008], [-92.40000000000023, 43.32000000000008], [-92.36000000000023, 43.32000000000008], [-92.36000000000023, 43.36000000000008], [-92.36000000000023, 43.40000000000008], [-92.32000000000022, 43.40000000000008], [-92.28000000000023, 43.40000000000008], [-92.24000000000024, 43.40000000000008], [-92.20000000000023, 43.40000000000008], [-92.16000000000022, 43.40000000000008], [-92.12000000000023, 43.40000000000008], [-92.12000000000023, 43.440000000000076], [-92.12000000000023, 43.480000000000075], [-92.08000000000024, 43.480000000000075], [-92.0466683686497, 43.480000000000075], [-92.0466683686497, 43.440000000000076], [-92.00000000000023, 43.363152916447795], [-91.99807228915687, 43.36000000000008], [-91.96426729191114, 43.28000000000008], [-92.00000000000023, 43.26931864831047], [-92.08000000000024, 43.215379644588126], [-92.10229508196744, 43.20000000000008], [-92.16000000000022, 43.19204648160111], [-92.22915926461498, 43.12000000000008], [-92.22915926461498, 43.080000000000084], [-92.24000000000024, 43.080000000000084], [-92.28000000000023, 43.080000000000084], [-92.32000000000022, 43.080000000000084], [-92.34406044939375, 43.080000000000084], [-92.36000000000023, 43.09699133052131], [-92.40000000000023, 43.10611510063728], [-92.48000000000022, 43.08617393957896], [-92.55332428765287, 43.040000000000084], [-92.55332428765287, 43.000000000000085], [-92.56000000000023, 43.000000000000085], [-92.60000000000022, 43.000000000000085], [-92.64000000000021, 43.000000000000085], [-92.68000000000022, 43.000000000000085], [-92.68000000000022, 43.040000000000084]]], [[[-92.68000000000022, 43.40000000000008], [-92.64000000000021, 43.40000000000008], [-92.63751181102384, 43.40000000000008], [-92.63751181102384, 43.36000000000008], [-92.63751181102384, 43.32000000000008], [-92.64000000000021, 43.32000000000008], [-92.68000000000022, 43.32000000000008], [-92.68000000000022, 43.36000000000008], [-92.68000000000022, 43.40000000000008]]], [[[-85.9756137931038, 40.00000000000015], [-86.00000000000037, 40.026889733840456], [-86.07653698630173, 40.08000000000015], [-86.08000000000035, 40.084048686739415], [-86.08442577030848, 40.08000000000015], [-86.16000000000037, 40.04841673983041], [-86.20778740612398, 40.00000000000015], [-86.20778740612398, 39.96000000000015], [-86.24000000000035, 39.96000000000015], [-86.28000000000036, 39.96000000000015], [-86.32000000000036, 39.96000000000015], [-86.36000000000035, 39.96000000000015], [-86.40000000000035, 39.96000000000015], [-86.44000000000035, 39.96000000000015], [-86.48000000000036, 39.96000000000015], [-86.52000000000035, 39.96000000000015], [-86.56000000000034, 39.96000000000015], [-86.60000000000035, 39.96000000000015], [-86.64000000000036, 39.96000000000015], [-86.68000000000035, 39.96000000000015], [-86.72000000000034, 39.96000000000015], [-86.76000000000035, 39.96000000000015], [-86.80000000000035, 39.96000000000015], [-86.84000000000034, 39.96000000000015], [-86.85439393939428, 39.96000000000015], [-86.85439393939428, 40.00000000000015], [-86.88000000000034, 40.042217017954876], [-86.90731313131347, 40.00000000000015], [-86.90731313131347, 39.96000000000015], [-86.92000000000034, 39.96000000000015], [-86.96000000000035, 39.96000000000015], [-87.00000000000034, 39.96000000000015], [-87.04000000000033, 39.96000000000015], [-87.08000000000034, 39.96000000000015], [-87.12000000000035, 39.96000000000015], [-87.16000000000034, 39.96000000000015], [-87.20000000000033, 39.96000000000015], [-87.24000000000034, 39.96000000000015], [-87.28000000000034, 39.96000000000015], [-87.32000000000033, 39.96000000000015], [-87.36000000000033, 39.96000000000015], [-87.40000000000033, 39.96000000000015], [-87.44000000000034, 39.96000000000015], [-87.48000000000033, 39.96000000000015], [-87.52000000000032, 39.96000000000015], [-87.56000000000033, 39.96000000000015], [-87.60000000000034, 39.96000000000015], [-87.64000000000033, 39.96000000000015], [-87.68000000000032, 39.96000000000015], [-87.72000000000033, 39.96000000000015], [-87.76000000000033, 39.96000000000015], [-87.80000000000032, 39.96000000000015], [-87.84000000000032, 39.96000000000015], [-87.88000000000032, 39.96000000000015], [-87.92000000000033, 39.96000000000015], [-87.96000000000032, 39.96000000000015], [-88.00000000000031, 39.96000000000015], [-88.04000000000032, 39.96000000000015], [-88.08000000000033, 39.96000000000015], [-88.12000000000032, 39.96000000000015], [-88.16000000000031, 39.96000000000015], [-88.20000000000032, 39.96000000000015], [-88.24000000000032, 39.96000000000015], [-88.28000000000031, 39.96000000000015], [-88.3200000000003, 39.96000000000015], [-88.36000000000031, 39.96000000000015], [-88.40000000000032, 39.96000000000015], [-88.44000000000031, 39.96000000000015], [-88.4800000000003, 39.96000000000015], [-88.52000000000031, 39.96000000000015], [-88.55175925925957, 39.96000000000015], [-88.55175925925957, 40.00000000000015], [-88.56000000000031, 40.01575221238953], [-88.56966078697452, 40.00000000000015], [-88.56966078697452, 39.96000000000015], [-88.6000000000003, 39.96000000000015], [-88.6400000000003, 39.96000000000015], [-88.6800000000003, 39.96000000000015], [-88.72000000000031, 39.96000000000015], [-88.7600000000003, 39.96000000000015], [-88.8000000000003, 39.96000000000015], [-88.8400000000003, 39.96000000000015], [-88.88000000000031, 39.96000000000015], [-88.9200000000003, 39.96000000000015], [-88.96000000000029, 39.96000000000015], [-89.0000000000003, 39.96000000000015], [-89.0400000000003, 39.96000000000015], [-89.0800000000003, 39.96000000000015], [-89.12000000000029, 39.96000000000015], [-89.1600000000003, 39.96000000000015], [-89.19277013752486, 39.96000000000015], [-89.19277013752486, 40.00000000000015], [-89.2000000000003, 40.014574257425885], [-89.20378990731234, 40.00000000000015], [-89.20378990731234, 39.96000000000015], [-89.2400000000003, 39.96000000000015], [-89.28000000000029, 39.96000000000015], [-89.32000000000029, 39.96000000000015], [-89.3600000000003, 39.96000000000015], [-89.40000000000029, 39.96000000000015], [-89.44000000000028, 39.96000000000015], [-89.48000000000029, 39.96000000000015], [-89.5200000000003, 39.96000000000015], [-89.56000000000029, 39.96000000000015], [-89.60000000000028, 39.96000000000015], [-89.64000000000028, 39.96000000000015], [-89.68000000000029, 39.96000000000015], [-89.72000000000028, 39.96000000000015], [-89.76000000000028, 39.96000000000015], [-89.80000000000028, 39.96000000000015], [-89.84000000000029, 39.96000000000015], [-89.88000000000028, 39.96000000000015], [-89.92000000000027, 39.96000000000015], [-89.96000000000028, 39.96000000000015], [-90.00000000000028, 39.96000000000015], [-90.04000000000028, 39.96000000000015], [-90.08000000000027, 39.96000000000015], [-90.12000000000027, 39.96000000000015], [-90.16000000000028, 39.96000000000015], [-90.20000000000027, 39.96000000000015], [-90.24000000000026, 39.96000000000015], [-90.28000000000027, 39.96000000000015], [-90.32000000000028, 39.96000000000015], [-90.36000000000027, 39.96000000000015], [-90.39684210526343, 39.96000000000015], [-90.39684210526343, 40.00000000000015], [-90.40000000000026, 40.00238065716072], [-90.40181990521354, 40.00000000000015], [-90.40181990521354, 39.96000000000015], [-90.44000000000027, 39.96000000000015], [-90.48000000000027, 39.96000000000015], [-90.52000000000027, 39.96000000000015], [-90.55744255744283, 39.96000000000015], [-90.55744255744283, 40.00000000000015], [-90.56000000000026, 40.004942084942236], [-90.60000000000026, 40.00575280898891], [-90.60000000000026, 40.04000000000015], [-90.64000000000027, 40.04000000000015], [-90.66516733601098, 40.04000000000015], [-90.66516733601098, 40.08000000000015], [-90.72000000000025, 40.13696801112671], [-90.737089783282, 40.160000000000146], [-90.72000000000025, 40.17825799338493], [-90.6795375722546, 40.240000000000144], [-90.72000000000025, 40.30015037593999], [-90.72729857819931, 40.32000000000014], [-90.80000000000027, 40.36884452881038], [-90.84000000000026, 40.381983002833], [-90.84000000000026, 40.40000000000014], [-90.84000000000026, 40.44000000000014], [-90.84000000000026, 40.48000000000014], [-90.84000000000026, 40.52000000000014], [-90.88000000000025, 40.52000000000014], [-90.92000000000026, 40.52000000000014], [-90.92000000000026, 40.56000000000014], [-90.92000000000026, 40.600000000000136], [-90.92000000000026, 40.640000000000136], [-90.92000000000026, 40.680000000000135], [-90.92000000000026, 40.720000000000134], [-90.92000000000026, 40.76000000000013], [-90.96000000000026, 40.76000000000013], [-90.98553436487971, 40.76000000000013], [-90.98553436487971, 40.80000000000013], [-91.04000000000025, 40.84440011733659], [-91.08000000000025, 40.84440011733659], [-91.08000000000025, 40.88000000000013], [-91.08000000000025, 40.92000000000013], [-91.12000000000026, 40.92000000000013], [-91.16000000000025, 40.92000000000013], [-91.16000000000025, 40.96000000000013], [-91.16000000000025, 41.00000000000013], [-91.20000000000024, 41.00000000000013], [-91.24000000000025, 41.00000000000013], [-91.24000000000025, 41.04000000000013], [-91.24000000000025, 41.080000000000126], [-91.24000000000025, 41.11342995169095], [-91.20000000000024, 41.11342995169095], [-91.18650124069505, 41.120000000000125], [-91.12000000000026, 41.125916114790414], [-91.04000000000025, 41.13291015625013], [-90.96000000000026, 41.19396138092464], [-90.94920502092076, 41.200000000000124], [-90.96000000000026, 41.243544303797584], [-90.96426456071102, 41.28000000000012], [-90.98169741697443, 41.36000000000012], [-91.04000000000025, 41.38590163934438], [-91.05899165275484, 41.36000000000012], [-91.12000000000026, 41.29849261116921], [-91.20000000000024, 41.31520577369202], [-91.2067099322596, 41.32000000000012], [-91.24000000000025, 41.333873254408516], [-91.24000000000025, 41.36000000000012], [-91.24000000000025, 41.40000000000012], [-91.20000000000024, 41.40000000000012], [-91.16000000000025, 41.40000000000012], [-91.16000000000025, 41.44000000000012], [-91.16000000000025, 41.46762750753709], [-91.13453798453105, 41.48000000000012], [-91.12000000000026, 41.493741608762335], [-91.07142483660157, 41.52000000000012], [-91.12000000000026, 41.552668131868245], [-91.20000000000024, 41.58408274512556], [-91.28000000000026, 41.59483860106909], [-91.2917900403771, 41.600000000000115], [-91.36000000000024, 41.66655285620497], [-91.3701992031875, 41.68000000000011], [-91.39220779220804, 41.76000000000011], [-91.44000000000025, 41.796648351648464], [-91.52000000000024, 41.825261744966554], [-91.55250925240587, 41.84000000000011], [-91.60000000000025, 41.87632040758573], [-91.68000000000023, 41.882282671185315], [-91.72000000000024, 41.882282671185315], [-91.72000000000024, 41.91556658295269], [-91.68000000000023, 41.91556658295269], [-91.66363007911538, 41.92000000000011], [-91.6431284196977, 42.00000000000011], [-91.68000000000023, 42.04369183829149], [-91.68303132938212, 42.00000000000011], [-91.68639866694463, 41.96000000000011], [-91.72000000000024, 41.927941176470696], [-91.72000000000024, 41.96000000000011], [-91.73444282441181, 41.96000000000011], [-91.72536833192234, 42.00000000000011], [-91.76000000000025, 42.042555682003034], [-91.78894012448521, 42.040000000000106], [-91.80000000000024, 42.0391025622787], [-91.80000000000024, 42.040000000000106], [-91.84000000000023, 42.040000000000106], [-91.85593715478115, 42.040000000000106], [-91.85593715478115, 42.080000000000105], [-91.92000000000024, 42.140116911913026], [-91.9426602343214, 42.1600000000001], [-92.00000000000023, 42.22229876450778], [-92.0175204842099, 42.2400000000001], [-92.08000000000024, 42.30250267732113], [-92.12000000000023, 42.31275375241502], [-92.1319188462481, 42.3200000000001], [-92.16000000000022, 42.32655822940463], [-92.24000000000024, 42.38048444890364], [-92.28000000000023, 42.38048444890364], [-92.28000000000023, 42.4000000000001], [-92.28000000000023, 42.4400000000001], [-92.24000000000024, 42.4400000000001], [-92.20000000000023, 42.4400000000001], [-92.16000000000022, 42.4400000000001], [-92.12000000000023, 42.4400000000001], [-92.12000000000023, 42.46169765660907], [-92.08000000000024, 42.462541310541404], [-92.00000000000023, 42.479399457279904], [-91.95320158102786, 42.480000000000096], [-91.92000000000024, 42.480693928128964], [-91.84000000000023, 42.55041477102922], [-91.83149131857465, 42.560000000000095], [-91.84000000000023, 42.594166666666766], [-91.84300292492712, 42.600000000000094], [-91.88000000000024, 42.624423943359886], [-91.88000000000024, 42.64000000000009], [-91.88000000000024, 42.68000000000009], [-91.84000000000023, 42.68000000000009], [-91.80000000000024, 42.68000000000009], [-91.76000000000025, 42.68000000000009], [-91.72000000000024, 42.68000000000009], [-91.68000000000023, 42.68000000000009], [-91.64000000000024, 42.68000000000009], [-91.64000000000024, 42.72000000000009], [-91.64000000000024, 42.76000000000009], [-91.60000000000025, 42.76000000000009], [-91.56000000000024, 42.76000000000009], [-91.56000000000024, 42.80000000000009], [-91.56000000000024, 42.84000000000009], [-91.56000000000024, 42.88000000000009], [-91.56000000000024, 42.92000000000009], [-91.52000000000024, 42.92000000000009], [-91.48000000000025, 42.92000000000009], [-91.44000000000025, 42.92000000000009], [-91.40000000000025, 42.92000000000009], [-91.40000000000025, 42.960000000000086], [-91.40000000000025, 43.000000000000085], [-91.36000000000024, 43.000000000000085], [-91.32000000000025, 43.000000000000085], [-91.32000000000025, 43.040000000000084], [-91.32000000000025, 43.080000000000084], [-91.28000000000026, 43.080000000000084], [-91.24664948245139, 43.080000000000084], [-91.24000000000025, 43.06477183350043], [-91.22079893475392, 43.040000000000084], [-91.20000000000024, 43.01666787483396], [-91.14542320192197, 43.040000000000084], [-91.15401657217645, 43.12000000000008], [-91.16000000000025, 43.133230472516956], [-91.1683363363366, 43.16000000000008], [-91.16000000000025, 43.16000000000008], [-91.16000000000025, 43.20000000000008], [-91.16000000000025, 43.22412532637084], [-91.12000000000026, 43.22412532637084], [-91.04000000000025, 43.220013157439226], [-90.96000000000026, 43.25373417721527], [-90.92298773690104, 43.28000000000008], [-90.88000000000025, 43.34146652497351], [-90.80000000000027, 43.28943811546639], [-90.76844124700266, 43.28000000000008], [-90.72000000000025, 43.26555595280666], [-90.64000000000027, 43.271754954955036], [-90.62082145850823, 43.28000000000008], [-90.56000000000026, 43.29327964860916], [-90.48000000000027, 43.33915918074029], [-90.45627811860967, 43.36000000000008], [-90.40000000000026, 43.4013213213214], [-90.32000000000028, 43.42932384341645], [-90.29560975609783, 43.440000000000076], [-90.24000000000026, 43.46411280846071], [-90.16000000000028, 43.50387027027035], [-90.08000000000027, 43.48925031766208], [-90.03102969046142, 43.440000000000076], [-90.00000000000028, 43.39743500866559], [-89.97929050814984, 43.36000000000008], [-89.92000000000027, 43.28956719817776], [-89.88917431192688, 43.28000000000008], [-89.84000000000029, 43.25796958487472], [-89.8116402116405, 43.28000000000008], [-89.76000000000028, 43.31486959628447], [-89.68000000000029, 43.28858757062155], [-89.66104947526266, 43.36000000000008], [-89.60355287009092, 43.440000000000076], [-89.68000000000029, 43.510939164564135], [-89.76000000000028, 43.5149197355997], [-89.7655116900226, 43.520000000000074], [-89.76000000000028, 43.529830973047126], [-89.68000000000029, 43.59295711060956], [-89.67863277826497, 43.60000000000007], [-89.60556149732649, 43.68000000000007], [-89.68000000000029, 43.72877365101618], [-89.70396987627785, 43.76000000000007], [-89.76000000000028, 43.82398034398041], [-89.7778945304845, 43.84000000000007], [-89.84000000000029, 43.87135857461031], [-89.92000000000027, 43.90971347383383], [-89.92962765957475, 43.920000000000066], [-90.00000000000028, 43.981834469328206], [-90.08000000000027, 43.98510090749024], [-90.11857393337257, 44.000000000000064], [-90.1061211129299, 44.08000000000006], [-90.08000000000027, 44.08921478060052], [-90.07117744610309, 44.08000000000006], [-90.00000000000028, 44.02127251995445], [-89.92000000000027, 44.033303853442895], [-89.84012121212149, 44.000000000000064], [-89.84000000000029, 43.999863481228736], [-89.76000000000028, 43.946183334670046], [-89.68000000000029, 43.922977917981136], [-89.67237787646374, 43.920000000000066], [-89.60000000000028, 43.874218590398435], [-89.52377701934044, 43.84000000000007], [-89.5200000000003, 43.83782722513096], [-89.50224598930511, 43.84000000000007], [-89.51731970471351, 43.920000000000066], [-89.44000000000028, 43.97990321161467], [-89.40301214574927, 44.000000000000064], [-89.3600000000003, 44.02609037328101], [-89.28000000000029, 44.06235610543309], [-89.21292433537862, 44.08000000000006], [-89.21806193806223, 44.16000000000006], [-89.2000000000003, 44.168937221947665], [-89.12000000000029, 44.19846844919792], [-89.06391681109216, 44.24000000000006], [-89.04849732400194, 44.32000000000006], [-89.0400000000003, 44.328805460750914], [-88.96000000000029, 44.39408521303264], [-88.94919908466849, 44.400000000000055], [-88.95266375545881, 44.480000000000054], [-88.88000000000031, 44.501568373298824], [-88.8062193126026, 44.56000000000005], [-88.87001049317973, 44.64000000000005], [-88.8000000000003, 44.71803508771935], [-88.7993686583994, 44.72000000000005], [-88.76328727272758, 44.80000000000005], [-88.72000000000031, 44.84121883656515], [-88.64955974842798, 44.880000000000045], [-88.6400000000003, 44.88413718018513], [-88.56000000000031, 44.91283511269281], [-88.52849445324912, 44.96000000000004], [-88.52745961820882, 45.04000000000004], [-88.50462457975377, 45.12000000000004], [-88.48600823045298, 45.20000000000004], [-88.4800000000003, 45.20779706275037], [-88.40000000000032, 45.27013039117356], [-88.39356862745129, 45.28000000000004], [-88.40000000000032, 45.305166240409235], [-88.44494758909885, 45.360000000000035], [-88.40000000000032, 45.386436498150466], [-88.3679882092855, 45.44000000000003], [-88.33855621301807, 45.52000000000003], [-88.3650109890113, 45.60000000000003], [-88.40000000000032, 45.66380761523049], [-88.40998763906089, 45.68000000000003], [-88.40000000000032, 45.688338493292086], [-88.35329479768816, 45.68000000000003], [-88.3200000000003, 45.6701369863014], [-88.31557263643383, 45.68000000000003], [-88.31588491717555, 45.760000000000026], [-88.24000000000032, 45.83211267605636], [-88.23357624831341, 45.840000000000025], [-88.24000000000032, 45.85010615711255], [-88.3200000000003, 45.90049704142014], [-88.3339898132431, 45.92000000000002], [-88.3200000000003, 45.93037130270613], [-88.24000000000032, 45.971761006289334], [-88.16000000000031, 45.98368070953439], [-88.1473030477289, 46.00000000000002], [-88.16000000000031, 46.049395973154375], [-88.19411471321727, 46.08000000000002], [-88.16000000000031, 46.134071146245084], [-88.1560024375384, 46.16000000000002], [-88.16000000000031, 46.177400530503995], [-88.21042735042766, 46.240000000000016], [-88.24000000000032, 46.25811518324608], [-88.3200000000003, 46.31177637511273], [-88.40000000000032, 46.31408637873756], [-88.4800000000003, 46.30553285477638], [-88.52185303514408, 46.320000000000014], [-88.50507376058071, 46.40000000000001], [-88.56000000000031, 46.475706666666674], [-88.56856382978754, 46.48000000000001], [-88.6400000000003, 46.5246760735176], [-88.72000000000031, 46.50463191832349], [-88.8000000000003, 46.55822906641002], [-88.80443088778325, 46.56000000000001], [-88.83638591117948, 46.64000000000001], [-88.85581102362235, 46.720000000000006], [-88.88000000000031, 46.77697329376855], [-88.88715823135139, 46.800000000000004], [-88.88000000000031, 46.836560659599535], [-88.84981996726708, 46.88], [-88.8000000000003, 46.94361546499478], [-88.7877500000003, 46.96], [-88.7877500000003, 47.0], [-88.7600000000003, 47.0], [-88.72000000000031, 47.0], [-88.6800000000003, 47.0], [-88.6400000000003, 47.0], [-88.6000000000003, 47.0], [-88.56000000000031, 47.0], [-88.52000000000031, 47.0], [-88.4800000000003, 47.0], [-88.46639676113391, 47.0], [-88.46639676113391, 46.96], [-88.46902189781053, 46.88], [-88.40000000000032, 46.81378151260505], [-88.3200000000003, 46.84604682882474], [-88.24312918167813, 46.88], [-88.24000000000032, 46.88181168057211], [-88.16000000000031, 46.89268292682927], [-88.08000000000033, 46.89957075554005], [-88.00000000000031, 46.8924684849874], [-87.93853107344664, 46.88], [-87.92000000000033, 46.87364587369237], [-87.84000000000032, 46.853835374398344], [-87.76000000000033, 46.849093966000375], [-87.72000000000033, 46.84969099865652], [-87.72000000000033, 46.84], [-87.68000000000032, 46.84], [-87.64000000000033, 46.84], [-87.64000000000033, 46.800000000000004], [-87.64000000000033, 46.76989364603218], [-87.64476428102462, 46.760000000000005], [-87.6481827342966, 46.720000000000006], [-87.60000000000034, 46.64485068631903], [-87.59446163662498, 46.64000000000001], [-87.52000000000032, 46.60467650397277], [-87.48931711880294, 46.56000000000001], [-87.47534592981991, 46.48000000000001], [-87.44000000000034, 46.457077047103546], [-87.36000000000033, 46.466296938186034], [-87.30066291432179, 46.48000000000001], [-87.28000000000034, 46.483175884806904], [-87.2661799726726, 46.48000000000001], [-87.20000000000033, 46.45885832383126], [-87.12000000000035, 46.44145519989717], [-87.08000000000034, 46.4498962539881], [-87.08000000000034, 46.44000000000001], [-87.04000000000033, 46.44000000000001], [-87.00000000000034, 46.44000000000001], [-87.00000000000034, 46.40000000000001], [-87.00000000000034, 46.360000000000014], [-86.96000000000035, 46.360000000000014], [-86.92000000000034, 46.360000000000014], [-86.88000000000034, 46.360000000000014], [-86.84000000000034, 46.360000000000014], [-86.84000000000034, 46.320000000000014], [-86.84000000000034, 46.280000000000015], [-86.80000000000035, 46.280000000000015], [-86.76000000000035, 46.280000000000015], [-86.72000000000034, 46.280000000000015], [-86.68000000000035, 46.280000000000015], [-86.68000000000035, 46.240000000000016], [-86.68000000000035, 46.20000000000002], [-86.66124072515908, 46.20000000000002], [-86.6690657874081, 46.16000000000002], [-86.64000000000036, 46.12429012345681], [-86.60000000000035, 46.14252852348995], [-86.60000000000035, 46.12000000000002], [-86.5850969119583, 46.12000000000002], [-86.60000000000035, 46.089553691275185], [-86.60916023166058, 46.08000000000002], [-86.56000000000034, 46.019356639193305], [-86.48432392273438, 46.08000000000002], [-86.48432392273438, 46.12000000000002], [-86.48000000000036, 46.12000000000002], [-86.44000000000035, 46.12000000000002], [-86.44000000000035, 46.08000000000002], [-86.44000000000035, 46.04000000000002], [-86.40000000000035, 46.04000000000002], [-86.36000000000035, 46.04000000000002], [-86.36000000000035, 46.00000000000002], [-86.36000000000035, 45.96000000000002], [-86.33022378207846, 45.96000000000002], [-86.332561865765, 45.92000000000002], [-86.40000000000035, 45.84414246888859], [-86.47241099163715, 45.92000000000002], [-86.48000000000036, 45.928822222222244], [-86.50291486291522, 45.92000000000002], [-86.56000000000034, 45.90603846832541], [-86.64000000000036, 45.877120801168395], [-86.72000000000034, 45.86991713445605], [-86.76087655222825, 45.840000000000025], [-86.80000000000035, 45.80379858060158], [-86.83276864728226, 45.760000000000026], [-86.88000000000034, 45.72076454526363], [-86.96000000000035, 45.725285876561934], [-87.04000000000033, 45.747730792138206], [-87.12000000000035, 45.68524352706865], [-87.1321885521889, 45.68000000000003], [-87.20000000000033, 45.64409182081572], [-87.23867083659142, 45.60000000000003], [-87.28000000000034, 45.549669126398506], [-87.30727352297626, 45.52000000000003], [-87.33795989537958, 45.44000000000003], [-87.36000000000033, 45.41336844877538], [-87.40185912001685, 45.360000000000035], [-87.44000000000034, 45.30825112107627], [-87.46478485370085, 45.28000000000004], [-87.52000000000032, 45.21906105834468], [-87.53763494853159, 45.20000000000004], [-87.55906241174843, 45.12000000000004], [-87.60000000000034, 45.051298578199095], [-87.60589515331388, 45.04000000000004], [-87.64738853503218, 44.96000000000004], [-87.68000000000032, 44.92526096033407], [-87.76000000000033, 44.92539037433159], [-87.78850235057118, 44.880000000000045], [-87.84000000000032, 44.81617977528094], [-87.85456725365337, 44.80000000000005], [-87.85405921681026, 44.72000000000005], [-87.84000000000032, 44.709910897875304], [-87.76000000000033, 44.71300143884897], [-87.75321049692941, 44.72000000000005], [-87.68000000000032, 44.78857740585779], [-87.6668235294121, 44.80000000000005], [-87.60000000000034, 44.86203304396532], [-87.52000000000032, 44.87034341363408], [-87.48536764705915, 44.880000000000045], [-87.44000000000034, 44.912177314211256], [-87.40562324273698, 44.96000000000004], [-87.36000000000033, 45.00575187969929], [-87.33937747594827, 45.04000000000004], [-87.28000000000034, 45.10790938511331], [-87.2702935827491, 45.12000000000004], [-87.20000000000033, 45.16958944281529], [-87.15858212681012, 45.20000000000004], [-87.12000000000035, 45.249332907756184], [-87.0584102564106, 45.28000000000004], [-87.04000000000033, 45.29097859327221], [-87.02365395560649, 45.28000000000004], [-87.01473067915725, 45.20000000000004], [-87.04000000000033, 45.17117863105179], [-87.06961932367183, 45.12000000000004], [-87.12000000000035, 45.054852573713184], [-87.13421669457101, 45.04000000000004], [-87.18489282550964, 44.96000000000004], [-87.20000000000033, 44.9417855617258], [-87.24994475138155, 44.880000000000045], [-87.28000000000034, 44.86073057338946], [-87.33321435499549, 44.80000000000005], [-87.36000000000033, 44.734325802615984], [-87.37535559520808, 44.72000000000005], [-87.41300018106135, 44.64000000000005], [-87.44000000000034, 44.61162321598483], [-87.48102222894332, 44.56000000000005], [-87.49606830025535, 44.480000000000054], [-87.51509509243283, 44.400000000000055], [-87.52000000000032, 44.39371506475806], [-87.55909970170873, 44.32000000000006], [-87.52000000000032, 44.24976781945127], [-87.50536609097576, 44.24000000000006], [-87.52000000000032, 44.21049534085342], [-87.54962877697875, 44.16000000000006], [-87.60000000000034, 44.13309560405786], [-87.6399722286511, 44.08000000000006], [-87.68000000000032, 44.02507462686574], [-87.70627620632312, 44.000000000000064], [-87.7378477566003, 43.920000000000066], [-87.73939823818817, 43.84000000000007], [-87.71378449905515, 43.76000000000007], [-87.71082420360727, 43.68000000000007], [-87.76000000000033, 43.614685471233564], [-87.77428882596416, 43.60000000000007], [-87.79119159945246, 43.520000000000074], [-87.79340520641631, 43.440000000000076], [-87.84000000000032, 43.3797893306151], [-87.850608378871, 43.36000000000008], [-87.86627505183169, 43.28000000000008], [-87.85855827786465, 43.20000000000008], [-87.85333771209666, 43.12000000000008], [-87.85043445552036, 43.040000000000084], [-87.84000000000032, 42.99937019406819], [-87.80857059339407, 42.960000000000086], [-87.79923667470969, 42.88000000000009], [-87.76000000000033, 42.805960264900754], [-87.75314612089514, 42.80000000000009], [-87.7363345379456, 42.72000000000009], [-87.76000000000033, 42.69322429906551], [-87.77605921748358, 42.64000000000009], [-87.77010328147503, 42.560000000000095], [-87.76702583025863, 42.480000000000096], [-87.76317543097237, 42.4000000000001], [-87.77206427688537, 42.3200000000001], [-87.77127299484948, 42.2400000000001], [-87.76000000000033, 42.22157546602536], [-87.6997469844075, 42.1600000000001], [-87.68000000000032, 42.13816525699425], [-87.62472952086586, 42.080000000000105], [-87.60758280802325, 42.00000000000011], [-87.60000000000034, 41.960264264264374], [-87.56551440329251, 41.92000000000011], [-87.539017125838, 41.84000000000011], [-87.52000000000032, 41.79339416058405], [-87.48877133105835, 41.76000000000011], [-87.44000000000034, 41.7330694935219], [-87.38659080132797, 41.68000000000011], [-87.36000000000033, 41.669203965733104], [-87.28000000000034, 41.662744888413854], [-87.20000000000033, 41.66596985490926], [-87.12000000000035, 41.67902092380588], [-87.07724137931069, 41.68000000000011], [-87.04000000000033, 41.68392251815992], [-86.96000000000035, 41.72615984405469], [-86.90345276872999, 41.76000000000011], [-86.88000000000034, 41.78555780933074], [-86.80000000000035, 41.80774768597886], [-86.73462126476755, 41.84000000000011], [-86.72000000000034, 41.85613496932527], [-86.64000000000036, 41.907891156462696], [-86.6322015334067, 41.92000000000011], [-86.6168649587498, 42.00000000000011], [-86.56000000000034, 42.05828215398319], [-86.55239756971525, 42.080000000000105], [-86.51908939478103, 42.1600000000001], [-86.48000000000036, 42.20595300261107], [-86.43249544626629, 42.2400000000001], [-86.40000000000035, 42.27279411764716], [-86.37794761700336, 42.3200000000001], [-86.32000000000036, 42.38819605861556], [-86.31569955817415, 42.4000000000001], [-86.29694672863818, 42.480000000000096], [-86.27439090416928, 42.560000000000095], [-86.26729857819942, 42.64000000000009], [-86.24000000000035, 42.674939341421236], [-86.23017199017235, 42.72000000000009], [-86.23096375751702, 42.80000000000009], [-86.2320141093478, 42.88000000000009], [-86.2382343441597, 42.960000000000086], [-86.24000000000035, 42.963947051744974], [-86.28918287937779, 43.040000000000084], [-86.3022413052816, 43.12000000000008], [-86.32000000000036, 43.15726126126134], [-86.35428984459739, 43.20000000000008], [-86.37033492823002, 43.28000000000008], [-86.40000000000035, 43.33688073394503], [-86.4162057877817, 43.36000000000008], [-86.46393447418494, 43.440000000000076], [-86.48000000000036, 43.49632820512828], [-86.49686518085531, 43.520000000000074], [-86.54027738818797, 43.60000000000007], [-86.52717869548472, 43.68000000000007], [-86.48000000000036, 43.7275364573207], [-86.44395509499172, 43.76000000000007], [-86.43094398746608, 43.84000000000007], [-86.44616720955518, 43.920000000000066], [-86.48000000000036, 43.991440580817795], [-86.48703738611408, 44.000000000000064], [-86.48000000000036, 44.02580645161297], [-86.46237542150654, 44.08000000000006], [-86.40000000000035, 44.12541189307153], [-86.37679355783344, 44.16000000000006], [-86.35747023349347, 44.24000000000006], [-86.32000000000036, 44.282393282015455], [-86.29031349261187, 44.32000000000006], [-86.26116680361581, 44.400000000000055], [-86.24000000000035, 44.47537673738118], [-86.2386604493433, 44.480000000000054], [-86.21692932575178, 44.56000000000005], [-86.24000000000035, 44.63446250655485], [-86.24337272436956, 44.64000000000005], [-86.24000000000035, 44.64425463336024], [-86.16000000000037, 44.70834631241416], [-86.14537931034519, 44.72000000000005], [-86.08000000000035, 44.764769775678914], [-86.06032527472564, 44.80000000000005], [-86.049583537482, 44.880000000000045], [-86.00000000000037, 44.90146341463419], [-85.92000000000036, 44.93832225387786], [-85.84000000000037, 44.944011976047946], [-85.8147069271762, 44.96000000000004], [-85.76000000000036, 45.006525679758354], [-85.73507778819156, 45.04000000000004], [-85.68000000000038, 45.10521083000448], [-85.65040852575525, 45.12000000000004], [-85.60000000000036, 45.15037730800111], [-85.5632621359227, 45.12000000000004], [-85.552931726908, 45.04000000000004], [-85.52000000000038, 44.99517376024995], [-85.45611347517767, 44.96000000000004], [-85.44000000000037, 44.9463214930765], [-85.43414282031489, 44.96000000000004], [-85.4088447909288, 45.04000000000004], [-85.40654949121222, 45.12000000000004], [-85.394650664381, 45.20000000000004], [-85.36000000000038, 45.25784615384619], [-85.34541991523244, 45.28000000000004], [-85.32000000000038, 45.3174027973823], [-85.31894909551637, 45.320000000000036], [-85.28000000000037, 45.320000000000036], [-85.24000000000038, 45.320000000000036], [-85.24000000000038, 45.28000000000004], [-85.24000000000038, 45.24746838646479], [-85.27455812635793, 45.24000000000004], [-85.28000000000037, 45.238499726626614], [-85.29585089141042, 45.20000000000004], [-85.29949892627096, 45.12000000000004], [-85.28000000000037, 45.079524517087705], [-85.23329236172118, 45.04000000000004], [-85.23712112346439, 44.96000000000004], [-85.24774573278437, 44.880000000000045], [-85.28000000000037, 44.84855995410217], [-85.36000000000038, 44.8093292053664], [-85.44000000000037, 44.83926227916914], [-85.48092270335934, 44.80000000000005], [-85.52000000000038, 44.75696969696975], [-85.60000000000036, 44.77075686024255], [-85.65194287009786, 44.80000000000005], [-85.66745166195996, 44.880000000000045], [-85.66441854441891, 44.96000000000004], [-85.68000000000038, 45.015755329008385], [-85.70463554463592, 44.96000000000004], [-85.76000000000036, 44.90508529650695], [-85.84000000000037, 44.88413173652699], [-85.85119107957462, 44.880000000000045], [-85.92000000000036, 44.82350395339164], [-85.96429803921605, 44.80000000000005], [-85.96682190056676, 44.72000000000005], [-86.00000000000037, 44.696927789934406], [-86.08000000000035, 44.648636678200745], [-86.09020024519856, 44.64000000000005], [-86.16000000000037, 44.57208747514916], [-86.164939073924, 44.56000000000005], [-86.17083509961884, 44.480000000000054], [-86.20013230430025, 44.400000000000055], [-86.24000000000035, 44.33357011635033], [-86.24612070156091, 44.32000000000006], [-86.28238256658632, 44.24000000000006], [-86.29075528700942, 44.16000000000006], [-86.30289532294023, 44.08000000000006], [-86.28760736196355, 44.000000000000064], [-86.24000000000035, 43.95209876543216], [-86.16000000000037, 43.9536443542935], [-86.09495424836638, 43.920000000000066], [-86.08000000000035, 43.897957610790044], [-86.00000000000037, 43.845911330049326], [-85.92000000000036, 43.866228160328944], [-85.88624338624375, 43.84000000000007], [-85.84000000000037, 43.80179234972684], [-85.76865671641828, 43.76000000000007], [-85.76000000000036, 43.737584541062866], [-85.71758007117475, 43.68000000000007], [-85.76000000000036, 43.65113801452792], [-85.77979381443336, 43.60000000000007], [-85.80739240506367, 43.520000000000074], [-85.84000000000037, 43.49431704885352], [-85.86824561403544, 43.520000000000074], [-85.92000000000036, 43.58387009472268], [-85.92948289578398, 43.60000000000007], [-85.94507791017452, 43.68000000000007], [-86.00000000000037, 43.74164609053505], [-86.08000000000035, 43.72502384737686], [-86.16000000000037, 43.72881702127667], [-86.20372315035836, 43.76000000000007], [-86.24000000000035, 43.78807017543867], [-86.32000000000036, 43.791832460733055], [-86.33908948194698, 43.76000000000007], [-86.40000000000035, 43.71805405405412], [-86.44664310954099, 43.68000000000007], [-86.48000000000036, 43.63754918493543], [-86.49040984883938, 43.60000000000007], [-86.48000000000036, 43.58431188351346], [-86.42085529157703, 43.520000000000074], [-86.41713032031629, 43.440000000000076], [-86.40000000000035, 43.41638709677427], [-86.32000000000036, 43.427398568019164], [-86.31061333333369, 43.440000000000076], [-86.24329284750372, 43.520000000000074], [-86.24480595428, 43.60000000000007], [-86.24000000000035, 43.60570347003162], [-86.20264462809953, 43.60000000000007], [-86.16000000000037, 43.576964285714354], [-86.13158129175983, 43.520000000000074], [-86.10972781065125, 43.440000000000076], [-86.14275862069002, 43.36000000000008], [-86.08000000000035, 43.30956120092386], [-86.04268221574381, 43.28000000000008], [-86.08000000000035, 43.26448484848493], [-86.11987538940845, 43.28000000000008], [-86.16000000000037, 43.33457627118653], [-86.24000000000035, 43.3505185185186], [-86.26188505747162, 43.28000000000008], [-86.28682581786066, 43.20000000000008], [-86.24000000000035, 43.12691812327515], [-86.20949290060888, 43.12000000000008], [-86.1962122229688, 43.040000000000084], [-86.1808146420244, 42.960000000000086], [-86.17557671957708, 42.88000000000009], [-86.17895660653376, 42.80000000000009], [-86.16969192969229, 42.72000000000009], [-86.1642470205854, 42.64000000000009], [-86.17147742452615, 42.560000000000095], [-86.18581254214466, 42.480000000000096], [-86.24000000000035, 42.42896157510331], [-86.2567893961712, 42.4000000000001], [-86.26168294989006, 42.3200000000001], [-86.32000000000036, 42.24391447368431], [-86.32259188674144, 42.2400000000001], [-86.40000000000035, 42.17185043144785], [-86.41322632423791, 42.1600000000001], [-86.48000000000036, 42.10936092513705], [-86.50254556784581, 42.080000000000105], [-86.52067401705881, 42.00000000000011], [-86.56000000000034, 41.942836407620305], [-86.57378605330447, 41.92000000000011], [-86.56000000000034, 41.854727744166055], [-86.48000000000036, 41.87569892473129], [-86.40000000000035, 41.84808362369348], [-86.39739910313936, 41.84000000000011], [-86.38457665903925, 41.76000000000011], [-86.40000000000035, 41.727201946472135], [-86.48000000000036, 41.73282127031031], [-86.56000000000034, 41.69055091819711], [-86.56939078751893, 41.68000000000011], [-86.56000000000034, 41.660613496932626], [-86.48000000000036, 41.63180592991925], [-86.44789115646294, 41.600000000000115], [-86.48000000000036, 41.525786163522135], [-86.4818436873751, 41.52000000000012], [-86.56000000000034, 41.44492781520705], [-86.5707337526209, 41.44000000000012], [-86.56000000000034, 41.425577464788844], [-86.48000000000036, 41.3977049180329], [-86.44521348314642, 41.44000000000012], [-86.40000000000035, 41.48244725738408], [-86.34725925925962, 41.52000000000012], [-86.32000000000036, 41.539087136929574], [-86.24000000000035, 41.53891356337559], [-86.17083172147038, 41.600000000000115], [-86.16000000000037, 41.605674908796225], [-86.08000000000035, 41.61865591397861], [-86.01452830188715, 41.600000000000115], [-86.00000000000037, 41.56408163265317], [-85.92000000000036, 41.53727339719982], [-85.889871465296, 41.52000000000012], [-85.84000000000037, 41.49568922305776], [-85.82833433553856, 41.52000000000012], [-85.76000000000036, 41.582993348115416], [-85.68342318059337, 41.52000000000012], [-85.68000000000038, 41.51405152224836], [-85.65414758269756, 41.52000000000012], [-85.60000000000036, 41.531003102378605], [-85.56266666666704, 41.52000000000012], [-85.52000000000038, 41.49870402802113], [-85.44000000000037, 41.519718061674126], [-85.43988437217743, 41.52000000000012], [-85.4169952413328, 41.600000000000115], [-85.37809082483818, 41.68000000000011], [-85.36187134502961, 41.76000000000011], [-85.39014836795289, 41.84000000000011], [-85.38579844961278, 41.92000000000011], [-85.44000000000037, 41.97066666666678], [-85.48234309623469, 42.00000000000011], [-85.44000000000037, 42.029633967789266], [-85.37733746130068, 42.00000000000011], [-85.36000000000038, 41.979856115108014], [-85.28000000000037, 41.99971326164885], [-85.2795209580842, 42.00000000000011], [-85.28000000000037, 42.00175182481764], [-85.36000000000038, 42.017665615142064], [-85.38918759231943, 42.080000000000105], [-85.36000000000038, 42.09601296596445], [-85.28000000000037, 42.09104016477868], [-85.24874635568551, 42.080000000000105], [-85.20000000000039, 42.05635077793504], [-85.16173913043515, 42.080000000000105], [-85.12000000000037, 42.149353612167396], [-85.11047619047656, 42.1600000000001], [-85.04000000000039, 42.18580323785813], [-84.96000000000038, 42.21442125237202], [-84.94085227272765, 42.2400000000001], [-84.92089342693083, 42.3200000000001], [-84.8800000000004, 42.37660777385169], [-84.82154525386352, 42.4000000000001], [-84.80000000000038, 42.412261306532756], [-84.7643795620442, 42.4000000000001], [-84.7200000000004, 42.39116920842421], [-84.64000000000038, 42.37051334702269], [-84.5600000000004, 42.384208890270536], [-84.48000000000039, 42.35241460541824], [-84.43234632034671, 42.3200000000001], [-84.48000000000039, 42.297868918375656], [-84.52361212121251, 42.2400000000001], [-84.5600000000004, 42.203994002998606], [-84.64000000000038, 42.20395604395615], [-84.69857142857181, 42.2400000000001], [-84.7200000000004, 42.25378378378389], [-84.74460796139967, 42.2400000000001], [-84.7200000000004, 42.17523809523819], [-84.71472527472567, 42.1600000000001], [-84.70764912280741, 42.080000000000105], [-84.64000000000038, 42.073512786002794], [-84.5600000000004, 42.07399896533896], [-84.52750700280151, 42.080000000000105], [-84.48000000000039, 42.11699018538724], [-84.40363988383389, 42.1600000000001], [-84.4000000000004, 42.1608971605823], [-84.34893407270526, 42.2400000000001], [-84.36521415270059, 42.3200000000001], [-84.32000000000039, 42.35136950904403], [-84.2400000000004, 42.391872121376416], [-84.22431782540552, 42.4000000000001], [-84.1600000000004, 42.465204027557064], [-84.14527426160377, 42.480000000000096], [-84.14829392971286, 42.560000000000095], [-84.08000000000041, 42.58446326390488], [-84.0400000000004, 42.58446326390488], [-84.0400000000004, 42.560000000000095], [-84.0400000000004, 42.520000000000095], [-84.0400000000004, 42.480000000000096], [-84.0400000000004, 42.4400000000001], [-84.0400000000004, 42.4000000000001], [-84.0400000000004, 42.3600000000001], [-84.0400000000004, 42.3200000000001], [-84.0400000000004, 42.2800000000001], [-84.0400000000004, 42.2400000000001], [-84.0400000000004, 42.2000000000001], [-84.0400000000004, 42.17421311125357], [-84.08000000000041, 42.17421311125357], [-84.10304709141315, 42.1600000000001], [-84.08000000000041, 42.13246172941673], [-84.0400000000004, 42.13246172941673], [-84.0400000000004, 42.120000000000104], [-84.0400000000004, 42.080000000000105], [-84.0400000000004, 42.040000000000106], [-84.0400000000004, 42.0114650585315], [-84.08000000000041, 42.0114650585315], [-84.0887115902969, 42.00000000000011], [-84.1600000000004, 41.9547820140196], [-84.23064102564143, 42.00000000000011], [-84.2400000000004, 42.042064825930474], [-84.27156756756797, 42.00000000000011], [-84.32000000000039, 41.98357971899827], [-84.35622641509474, 42.00000000000011], [-84.4000000000004, 42.01386256935563], [-84.48000000000039, 42.0537251224342], [-84.5600000000004, 42.032612519400004], [-84.61703686948694, 42.00000000000011], [-84.62495950484005, 41.96000000000011], [-84.64000000000038, 41.96000000000011], [-84.65392650482248, 41.96000000000011], [-84.68000000000039, 41.99833020649375], [-84.68355212355252, 42.00000000000011], [-84.7200000000004, 42.01693104822649], [-84.74509896602697, 42.00000000000011], [-84.80000000000038, 41.940167417900945], [-84.8191676866589, 41.92000000000011], [-84.8800000000004, 41.863410190720295], [-84.96000000000038, 41.88171337916457], [-85.04000000000039, 41.87348689436071], [-85.07546831183437, 41.84000000000011], [-85.08776285317315, 41.76000000000011], [-85.12000000000037, 41.728513910880004], [-85.186361386139, 41.68000000000011], [-85.20000000000039, 41.65775983854704], [-85.24115025161792, 41.600000000000115], [-85.28000000000037, 41.58737432342989], [-85.36000000000038, 41.55560477994765], [-85.38207046070498, 41.52000000000012], [-85.41325125048132, 41.44000000000012], [-85.44000000000037, 41.41199597180274], [-85.5166508313543, 41.36000000000012], [-85.52000000000038, 41.357685679113786], [-85.60000000000036, 41.32844805781403], [-85.68000000000038, 41.32709840201862], [-85.7383941605843, 41.28000000000012], [-85.76000000000036, 41.25831501831514], [-85.7938055513427, 41.200000000000124], [-85.84000000000037, 41.15961635359128], [-85.90065642552652, 41.120000000000125], [-85.92000000000036, 41.10041706850497], [-85.96802855491075, 41.04000000000013], [-85.97680086053397, 40.96000000000013], [-85.96448968052057, 40.88000000000013], [-86.00000000000037, 40.84227095223804], [-86.08000000000035, 40.84121965430194], [-86.13298052920655, 40.80000000000013], [-86.08000000000035, 40.75827796343634], [-86.00000000000037, 40.73873748367449], [-85.92000000000036, 40.763461360481394], [-85.89863058186775, 40.80000000000013], [-85.84000000000037, 40.83486321210184], [-85.76000000000036, 40.87304128129948], [-85.75212056194162, 40.88000000000013], [-85.68000000000038, 40.915681681469295], [-85.60000000000036, 40.94949559647731], [-85.52000000000038, 40.89282583621697], [-85.5032614149527, 40.88000000000013], [-85.52000000000038, 40.86776228906836], [-85.60000000000036, 40.83635997988952], [-85.64626999360242, 40.80000000000013], [-85.6446226415098, 40.720000000000134], [-85.60000000000036, 40.679322762698334], [-85.52000000000038, 40.66475450370907], [-85.5038957132117, 40.640000000000136], [-85.52000000000038, 40.59239130434796], [-85.57696535244959, 40.56000000000014], [-85.60000000000036, 40.530108527131915], [-85.68000000000038, 40.498220640569535], [-85.76000000000036, 40.51093462469748], [-85.79877389984863, 40.48000000000014], [-85.84000000000037, 40.455261336732974], [-85.92000000000036, 40.45925747057062], [-85.96244595429314, 40.48000000000014], [-85.96069825436446, 40.56000000000014], [-85.96462776659996, 40.640000000000136], [-86.00000000000037, 40.70125435540083], [-86.08000000000035, 40.69417734948294], [-86.16000000000037, 40.67592826471345], [-86.21123919308393, 40.640000000000136], [-86.21672581185172, 40.56000000000014], [-86.24000000000035, 40.51069503546113], [-86.27163742690094, 40.48000000000014], [-86.32000000000036, 40.423549488054746], [-86.3312653061228, 40.40000000000014], [-86.32110744891268, 40.32000000000014], [-86.32000000000036, 40.31666003976158], [-86.24641221374081, 40.240000000000144], [-86.24000000000035, 40.237981981982124], [-86.23711587982868, 40.240000000000144], [-86.16000000000037, 40.30486642599293], [-86.14801600914845, 40.32000000000014], [-86.08000000000035, 40.35770522979412], [-86.01904065783499, 40.40000000000014], [-86.00000000000037, 40.43253708040607], [-85.98598991596675, 40.40000000000014], [-85.97944145529117, 40.32000000000014], [-85.92000000000036, 40.250642750373835], [-85.84000000000037, 40.25828057994705], [-85.81894322677252, 40.240000000000144], [-85.83463815678218, 40.160000000000146], [-85.82952025545376, 40.08000000000015], [-85.84000000000037, 40.049632107023555], [-85.86177549523147, 40.00000000000015], [-85.86177549523147, 39.96000000000015], [-85.88000000000036, 39.96000000000015], [-85.92000000000036, 39.96000000000015], [-85.96000000000036, 39.96000000000015], [-85.9756137931038, 39.96000000000015], [-85.9756137931038, 40.00000000000015]], [[-88.08000000000033, 45.20528528528533], [-88.08277165354363, 45.20000000000004], [-88.08000000000033, 45.196333333333364], [-88.02705202312171, 45.12000000000004], [-88.01285245901671, 45.04000000000004], [-88.00000000000031, 45.00705882352944], [-87.92000000000033, 45.02557939914166], [-87.84000000000032, 45.0332645301467], [-87.79974025974057, 45.04000000000004], [-87.84000000000032, 45.070097087378684], [-87.92000000000033, 45.07200000000006], [-87.93696969697001, 45.12000000000004], [-87.92776302349368, 45.20000000000004], [-88.00000000000031, 45.274520547945244], [-88.08000000000033, 45.20528528528533]], [[-87.71133333333366, 45.12000000000004], [-87.68000000000032, 45.08597285067877], [-87.67367003367036, 45.12000000000004], [-87.68000000000032, 45.14724637681164], [-87.71133333333366, 45.12000000000004]], [[-87.96121990369214, 45.360000000000035], [-87.92000000000033, 45.323728813559356], [-87.89637534498652, 45.360000000000035], [-87.92000000000033, 45.38294906166223], [-87.96121990369214, 45.360000000000035]], [[-87.61086092715266, 45.44000000000003], [-87.60000000000034, 45.433292433537865], [-87.59173803526481, 45.44000000000003], [-87.60000000000034, 45.444414535666255], [-87.61086092715266, 45.44000000000003]], [[-87.53627118644101, 45.60000000000003], [-87.52000000000032, 45.57890109890113], [-87.49391304347859, 45.60000000000003], [-87.44000000000034, 45.6781102362205], [-87.39200000000012, 45.68000000000003], [-87.44000000000034, 45.68071005917163], [-87.52000000000032, 45.70513274336286], [-87.56037914691977, 45.68000000000003], [-87.53627118644101, 45.60000000000003]], [[-88.79551867219946, 43.84000000000007], [-88.8000000000003, 43.84186206896559], [-88.88000000000031, 43.84257248286775], [-88.88392598551921, 43.84000000000007], [-88.88000000000031, 43.81730232558146], [-88.8000000000003, 43.830091743119326], [-88.79551867219946, 43.84000000000007]], [[-88.52403530895366, 44.08000000000006], [-88.4800000000003, 44.11048450458321], [-88.44387261146528, 44.16000000000006], [-88.40000000000032, 44.18914630276109], [-88.3200000000003, 44.18298512238048], [-88.26990237099055, 44.16000000000006], [-88.26148264984259, 44.08000000000006], [-88.25814634146373, 44.000000000000064], [-88.24855581576925, 43.920000000000066], [-88.24000000000032, 43.88531645569626], [-88.16000000000031, 43.89828393135732], [-88.08000000000033, 43.88455284552852], [-88.00000000000031, 43.91944444444451], [-87.99963855421719, 43.920000000000066], [-87.92000000000033, 43.975083333333394], [-87.84000000000032, 43.99245841035126], [-87.76000000000033, 43.9983028874485], [-87.75952079866921, 44.000000000000064], [-87.76000000000033, 44.018113207547245], [-87.77066088840769, 44.08000000000006], [-87.76000000000033, 44.09574400000006], [-87.73798657718154, 44.08000000000006], [-87.68000000000032, 44.07588440774855], [-87.67700069428406, 44.08000000000006], [-87.67130349237613, 44.16000000000006], [-87.60000000000034, 44.203927272727334], [-87.57486486486519, 44.24000000000006], [-87.58802494802528, 44.32000000000006], [-87.58160139251557, 44.400000000000055], [-87.57169230769263, 44.480000000000054], [-87.57135313531386, 44.56000000000005], [-87.57657516339901, 44.64000000000005], [-87.60000000000034, 44.677411273486484], [-87.68000000000032, 44.674447949526865], [-87.7117672727276, 44.64000000000005], [-87.76000000000033, 44.61719394773045], [-87.84000000000032, 44.593774385072145], [-87.90404503417804, 44.56000000000005], [-87.92000000000033, 44.55133624454154], [-87.95764705882385, 44.56000000000005], [-88.00000000000031, 44.58268292682932], [-88.03676662320763, 44.64000000000005], [-88.04514241724435, 44.72000000000005], [-88.08000000000033, 44.759237435008714], [-88.16000000000031, 44.759037199124776], [-88.24000000000032, 44.734282678002174], [-88.29894736842137, 44.72000000000005], [-88.3200000000003, 44.69600000000006], [-88.338390804598, 44.72000000000005], [-88.40000000000032, 44.74164199192468], [-88.44828828828861, 44.72000000000005], [-88.40000000000032, 44.6455555555556], [-88.39225806451645, 44.64000000000005], [-88.40000000000032, 44.63619047619053], [-88.42923264311847, 44.56000000000005], [-88.40000000000032, 44.50405594405599], [-88.38893890675273, 44.480000000000054], [-88.39439688715984, 44.400000000000055], [-88.40000000000032, 44.39811518324613], [-88.46315789473714, 44.400000000000055], [-88.4800000000003, 44.4564705882354], [-88.56000000000031, 44.42261980830677], [-88.6400000000003, 44.423630769230826], [-88.72000000000031, 44.440917173607914], [-88.75867315347222, 44.400000000000055], [-88.75112840466957, 44.32000000000006], [-88.8000000000003, 44.28147239263809], [-88.8673754152827, 44.24000000000006], [-88.8000000000003, 44.21967935871749], [-88.73009389671392, 44.16000000000006], [-88.8000000000003, 44.11584877687182], [-88.88000000000031, 44.11973368841551], [-88.94935779816544, 44.16000000000006], [-88.96000000000029, 44.1852631578948], [-89.0400000000003, 44.163459180380826], [-89.04568398727496, 44.16000000000006], [-89.0400000000003, 44.14025782688772], [-89.01293631100113, 44.08000000000006], [-88.97437125748533, 44.000000000000064], [-88.96000000000029, 43.98366111951595], [-88.88000000000031, 43.98844361602988], [-88.85761732852015, 44.000000000000064], [-88.8000000000003, 44.031808669656264], [-88.72489411764737, 44.000000000000064], [-88.72000000000031, 43.98476190476196], [-88.66706586826378, 43.920000000000066], [-88.6400000000003, 43.890932475884306], [-88.60117647058854, 43.84000000000007], [-88.59899772209599, 43.76000000000007], [-88.56000000000031, 43.73058419243993], [-88.4800000000003, 43.69497285212399], [-88.40000000000032, 43.68819226750268], [-88.33918584070828, 43.76000000000007], [-88.40000000000032, 43.795875750456865], [-88.47687130513901, 43.84000000000007], [-88.4800000000003, 43.84548644338125], [-88.54139290407389, 43.920000000000066], [-88.50706062149801, 44.000000000000064], [-88.52403530895366, 44.08000000000006]], [[-88.00000000000031, 43.718924455825935], [-87.92000000000033, 43.71657142857149], [-87.84000000000032, 43.69641404805922], [-87.76000000000033, 43.691456389452405], [-87.74403024574701, 43.76000000000007], [-87.76000000000033, 43.80376068376075], [-87.84000000000032, 43.8388087056129], [-87.92000000000033, 43.784385026738036], [-88.00000000000031, 43.79865060240971], [-88.02343316289294, 43.76000000000007], [-88.00000000000031, 43.718924455825935]], [[-89.31973154362446, 43.68000000000007], [-89.28000000000029, 43.64991869918706], [-89.24276729559777, 43.68000000000007], [-89.28000000000029, 43.696481069042385], [-89.31973154362446, 43.68000000000007]], [[-88.74805194805225, 43.68000000000007], [-88.72000000000031, 43.6039436619719], [-88.67772994129189, 43.68000000000007], [-88.72000000000031, 43.72381338742401], [-88.74805194805225, 43.68000000000007]], [[-88.5823359288101, 43.520000000000074], [-88.56000000000031, 43.47959758551315], [-88.51902040816357, 43.520000000000074], [-88.56000000000031, 43.54238573021189], [-88.5823359288101, 43.520000000000074]], [[-89.44000000000028, 43.524772727272804], [-89.44200956937829, 43.520000000000074], [-89.44399560922092, 43.440000000000076], [-89.44000000000028, 43.433046800382115], [-89.38526315789501, 43.440000000000076], [-89.3600000000003, 43.4439810426541], [-89.28000000000029, 43.49459610027863], [-89.25629116117881, 43.520000000000074], [-89.28000000000029, 43.548619246861996], [-89.3600000000003, 43.55442060085844], [-89.44000000000028, 43.524772727272804]], [[-87.10000860955695, 45.760000000000026], [-87.11702222222256, 45.840000000000025], [-87.12000000000035, 45.84363389830511], [-87.12446294754405, 45.840000000000025], [-87.1631398049237, 45.760000000000026], [-87.12000000000035, 45.743183052688785], [-87.10000860955695, 45.760000000000026]], [[-88.78566978193177, 43.20000000000008], [-88.72000000000031, 43.13122349102782], [-88.65922882882913, 43.20000000000008], [-88.72000000000031, 43.25732154996609], [-88.78566978193177, 43.20000000000008]], [[-89.12000000000029, 43.14048387096783], [-89.14244866920181, 43.20000000000008], [-89.2000000000003, 43.2493833605221], [-89.28000000000029, 43.23765158806553], [-89.3600000000003, 43.233878406708676], [-89.44000000000028, 43.22780590717308], [-89.47564570655878, 43.20000000000008], [-89.44000000000028, 43.17456825856255], [-89.40797281993234, 43.12000000000008], [-89.44000000000028, 43.09650674974048], [-89.48291350531136, 43.12000000000008], [-89.5200000000003, 43.16787463271311], [-89.56942366026318, 43.12000000000008], [-89.5904624431973, 43.040000000000084], [-89.57162500000028, 42.960000000000086], [-89.5200000000003, 42.90165979988237], [-89.44000000000028, 42.919202279202366], [-89.3600000000003, 42.9526857142858], [-89.35418181818211, 42.960000000000086], [-89.28000000000029, 42.97882352941185], [-89.20219070904675, 43.040000000000084], [-89.2000000000003, 43.04369028006598], [-89.12000000000029, 43.10161085972859], [-89.09677714285743, 43.12000000000008], [-89.12000000000029, 43.14048387096783]], [[-88.81668874172216, 42.88000000000009], [-88.8000000000003, 42.87253333333342], [-88.77859872611495, 42.88000000000009], [-88.78958579881687, 42.960000000000086], [-88.78288065843651, 43.040000000000084], [-88.8000000000003, 43.049296089385564], [-88.8105183312266, 43.040000000000084], [-88.8413422818795, 42.960000000000086], [-88.81668874172216, 42.88000000000009]], [[-91.37852054794546, 42.80000000000009], [-91.36000000000024, 42.79046544428782], [-91.35083700440553, 42.80000000000009], [-91.36000000000024, 42.8102524103565], [-91.37852054794546, 42.80000000000009]], [[-88.08000000000033, 42.80337349397599], [-88.00000000000031, 42.81862801932376], [-87.92000000000033, 42.80549443561217], [-87.86912722535855, 42.88000000000009], [-87.86423634082387, 42.960000000000086], [-87.88052661275188, 43.040000000000084], [-87.88836781609227, 43.12000000000008], [-87.90387763772868, 43.20000000000008], [-87.92000000000033, 43.274114583333414], [-87.92433989438342, 43.28000000000008], [-87.92000000000033, 43.290331428571506], [-87.90889617486371, 43.36000000000008], [-87.8983095140877, 43.440000000000076], [-87.84000000000032, 43.51959866220743], [-87.8398904276369, 43.520000000000074], [-87.84000000000032, 43.523025210084114], [-87.92000000000033, 43.56594795539041], [-88.00000000000031, 43.55830220713081], [-88.08000000000033, 43.56962962962971], [-88.15613636363669, 43.520000000000074], [-88.16000000000031, 43.51943685300215], [-88.16442996742703, 43.520000000000074], [-88.23200000000031, 43.60000000000007], [-88.24000000000032, 43.60905923344955], [-88.28952380952414, 43.60000000000007], [-88.27642072213533, 43.520000000000074], [-88.30584766584798, 43.440000000000076], [-88.3200000000003, 43.426510538641764], [-88.40000000000032, 43.396510638297954], [-88.45517684887491, 43.36000000000008], [-88.45531914893648, 43.28000000000008], [-88.45120000000036, 43.20000000000008], [-88.4800000000003, 43.19918505942283], [-88.55291297550839, 43.12000000000008], [-88.5333625410737, 43.040000000000084], [-88.4800000000003, 42.97647979139513], [-88.4611904761908, 42.960000000000086], [-88.47714285714316, 42.88000000000009], [-88.40092915214898, 42.80000000000009], [-88.40000000000032, 42.79943542695845], [-88.39880239520988, 42.80000000000009], [-88.3200000000003, 42.85690810810819], [-88.25064935064967, 42.88000000000009], [-88.24000000000032, 42.88148955495013], [-88.2360481927714, 42.88000000000009], [-88.16000000000031, 42.81227467811168], [-88.08000000000033, 42.80337349397599]], [[-87.30605427974982, 45.760000000000026], [-87.28000000000034, 45.68786127167632], [-87.26912891986096, 45.760000000000026], [-87.28000000000034, 45.77740585774062], [-87.30605427974982, 45.760000000000026]], [[-87.97259338313799, 45.760000000000026], [-87.92000000000033, 45.734997463216665], [-87.87615658363022, 45.760000000000026], [-87.92000000000033, 45.79472868217057], [-87.97259338313799, 45.760000000000026]], [[-88.0924279308139, 45.840000000000025], [-88.08000000000033, 45.79555555555558], [-88.05333333333365, 45.840000000000025], [-88.08000000000033, 45.85566410981028], [-88.0924279308139, 45.840000000000025]], [[-90.63512195121977, 42.480000000000096], [-90.64000000000027, 42.48461285008247], [-90.72000000000025, 42.533692238672145], [-90.77132075471724, 42.480000000000096], [-90.72000000000025, 42.44575679542213], [-90.64000000000027, 42.475969289827354], [-90.63512195121977, 42.480000000000096]], [[-86.90962962962998, 45.92000000000002], [-86.88000000000034, 45.86985754985757], [-86.86229376257579, 45.92000000000002], [-86.88000000000034, 45.926751054852346], [-86.90962962962998, 45.92000000000002]], [[-84.1600000000004, 42.34801794668788], [-84.21278965688752, 42.3200000000001], [-84.1600000000004, 42.278579789309504], [-84.08318379160677, 42.3200000000001], [-84.1600000000004, 42.34801794668788]], [[-88.96000000000029, 42.398878295008515], [-88.96251256281437, 42.4000000000001], [-88.96284393885561, 42.480000000000096], [-88.97711057304308, 42.560000000000095], [-88.9735335689049, 42.64000000000009], [-88.96000000000029, 42.657418988061494], [-88.92561074664198, 42.72000000000009], [-88.96000000000029, 42.77573670886085], [-89.0400000000003, 42.76288604180724], [-89.07011363636393, 42.72000000000009], [-89.09149897330626, 42.64000000000009], [-89.07286377056124, 42.560000000000095], [-89.10252953039499, 42.480000000000096], [-89.06369573568989, 42.4000000000001], [-89.12000000000029, 42.340446972775396], [-89.14408808042155, 42.3200000000001], [-89.17237777777807, 42.2400000000001], [-89.12000000000029, 42.17445950643041], [-89.05510140405646, 42.1600000000001], [-89.0400000000003, 42.15388502842714], [-89.03257099002332, 42.1600000000001], [-88.96000000000029, 42.1920000000001], [-88.88000000000031, 42.218216764548956], [-88.83148632580291, 42.2400000000001], [-88.88000000000031, 42.31285714285725], [-88.88221238938083, 42.3200000000001], [-88.96000000000029, 42.398878295008515]], [[-84.16625926872963, 42.080000000000105], [-84.1600000000004, 42.0555200000001], [-84.14705446853557, 42.080000000000105], [-84.1600000000004, 42.090364098221954], [-84.16625926872963, 42.080000000000105]], [[-84.88329166666705, 42.00000000000011], [-84.8800000000004, 41.996035131744144], [-84.87640091116212, 42.00000000000011], [-84.8800000000004, 42.00420772303606], [-84.88329166666705, 42.00000000000011]], [[-88.98575176589334, 41.92000000000011], [-89.0400000000003, 41.956961155036204], [-89.12000000000029, 41.92718008106554], [-89.1283897158325, 41.92000000000011], [-89.12000000000029, 41.91329367225538], [-89.0400000000003, 41.88153130590351], [-88.98575176589334, 41.92000000000011]], [[-88.8000000000003, 41.94577484691485], [-88.8382122905031, 41.92000000000011], [-88.8000000000003, 41.89586237318052], [-88.72000000000031, 41.86754401154412], [-88.65531672597895, 41.92000000000011], [-88.6400000000003, 41.99067323481127], [-88.6343369890332, 42.00000000000011], [-88.6400000000003, 42.00486301369874], [-88.72000000000031, 42.02786394557834], [-88.73208259587051, 42.00000000000011], [-88.8000000000003, 41.94577484691485]], [[-87.24000000000034, 46.04000000000002], [-87.28000000000034, 46.04000000000002], [-87.32000000000033, 46.04000000000002], [-87.32000000000033, 46.010340992550645], [-87.36000000000033, 46.01324820216414], [-87.37583420355082, 46.00000000000002], [-87.37193695174523, 45.96000000000002], [-87.40000000000033, 45.96000000000002], [-87.40000000000033, 45.92000000000002], [-87.40000000000033, 45.880000000000024], [-87.36000000000033, 45.880000000000024], [-87.32000000000033, 45.880000000000024], [-87.32000000000033, 45.92000000000002], [-87.32000000000033, 45.96000000000002], [-87.28000000000034, 45.96000000000002], [-87.24000000000034, 45.96000000000002], [-87.24000000000034, 46.00000000000002], [-87.24000000000034, 46.04000000000002]], [[-90.26145402022175, 41.84000000000011], [-90.24000000000026, 41.76904458598737], [-90.17112828438977, 41.84000000000011], [-90.24000000000026, 41.861929133858375], [-90.26145402022175, 41.84000000000011]], [[-89.52999161777062, 41.84000000000011], [-89.5200000000003, 41.83081664098624], [-89.48514619883069, 41.84000000000011], [-89.5200000000003, 41.84962843295649], [-89.52999161777062, 41.84000000000011]], [[-87.44000000000034, 46.240608861103574], [-87.44094236432511, 46.240000000000016], [-87.44000000000034, 46.23940354147253], [-87.43927355278126, 46.240000000000016], [-87.44000000000034, 46.240608861103574]], [[-89.74684463427684, 41.76000000000011], [-89.68000000000029, 41.707083685545335], [-89.6251117930735, 41.76000000000011], [-89.68000000000029, 41.82310483870979], [-89.74684463427684, 41.76000000000011]], [[-87.68000000000032, 46.34542056074768], [-87.75099510603621, 46.320000000000014], [-87.68000000000032, 46.29963500233974], [-87.6522448979595, 46.320000000000014], [-87.68000000000032, 46.34542056074768]], [[-87.84000000000032, 46.33022648752401], [-87.85803656059612, 46.320000000000014], [-87.84000000000032, 46.30524916943523], [-87.77373134328391, 46.320000000000014], [-87.84000000000032, 46.33022648752401]], [[-86.93055364643028, 41.68000000000011], [-86.88000000000034, 41.607867066194615], [-86.80000000000035, 41.64034383954166], [-86.78458394160619, 41.600000000000115], [-86.72000000000034, 41.53634532374112], [-86.64000000000036, 41.59955140186927], [-86.63904000000034, 41.600000000000115], [-86.64000000000036, 41.60040201005037], [-86.72000000000034, 41.67348837209314], [-86.74193006993042, 41.68000000000011], [-86.80000000000035, 41.69494600431977], [-86.88000000000034, 41.719640718562985], [-86.93055364643028, 41.68000000000011]], [[-90.0160477255782, 41.52000000000012], [-90.00000000000028, 41.500560072267504], [-89.97950476190503, 41.52000000000012], [-90.00000000000028, 41.53670807453428], [-90.0160477255782, 41.52000000000012]], [[-88.64603773584936, 40.88000000000013], [-88.6400000000003, 40.87140115163161], [-88.63153918791343, 40.88000000000013], [-88.6400000000003, 40.95225806451627], [-88.64603773584936, 40.88000000000013]], [[-90.56000000000026, 41.647801087801206], [-90.64000000000027, 41.602532588454494], [-90.64295866570005, 41.600000000000115], [-90.68246241947055, 41.52000000000012], [-90.64000000000027, 41.46445692883907], [-90.61179265658774, 41.44000000000012], [-90.56000000000026, 41.39237338629605], [-90.48000000000027, 41.40755777072962], [-90.42620586025572, 41.44000000000012], [-90.40000000000026, 41.45873254564996], [-90.33738748627908, 41.52000000000012], [-90.40000000000026, 41.56601855586942], [-90.46470046082976, 41.600000000000115], [-90.48000000000027, 41.61063534436744], [-90.56000000000026, 41.647801087801206]], [[-86.05256410256446, 41.44000000000012], [-86.00000000000037, 41.41688513037362], [-85.96893939393975, 41.44000000000012], [-86.00000000000037, 41.49475792988326], [-86.05256410256446, 41.44000000000012]], [[-85.92000000000036, 41.261856162339726], [-85.90399157451327, 41.28000000000012], [-85.92000000000036, 41.30651548190156], [-86.00000000000037, 41.29126113185878], [-86.02710926694365, 41.28000000000012], [-86.00000000000037, 41.26454867954289], [-85.92000000000036, 41.261856162339726]], [[-89.18028602860315, 41.36000000000012], [-89.12000000000029, 41.30356333676634], [-89.05429256594753, 41.36000000000012], [-89.12000000000029, 41.39545778065363], [-89.18028602860315, 41.36000000000012]], [[-88.8000000000003, 41.32403763900782], [-88.72000000000031, 41.35874608150482], [-88.71867109634582, 41.36000000000012], [-88.72000000000031, 41.36273972602752], [-88.8000000000003, 41.39941865916562], [-88.88000000000031, 41.37801742015773], [-88.90951086956552, 41.36000000000012], [-88.88000000000031, 41.336314067611895], [-88.8000000000003, 41.32403763900782]], [[-88.45465731246658, 41.36000000000012], [-88.40000000000032, 41.31758793969861], [-88.32932309839529, 41.36000000000012], [-88.40000000000032, 41.433020908435594], [-88.45465731246658, 41.36000000000012]], [[-86.67752212389415, 41.28000000000012], [-86.64000000000036, 41.252105263158015], [-86.61633928571463, 41.28000000000012], [-86.64000000000036, 41.30924137931047], [-86.67752212389415, 41.28000000000012]], [[-87.1228031648639, 46.40000000000001], [-87.12000000000035, 46.398266946191484], [-87.11598488936893, 46.40000000000001], [-87.12000000000035, 46.40031880704462], [-87.1228031648639, 46.40000000000001]], [[-87.12000000000035, 41.159491094147704], [-87.04000000000033, 41.14884955752225], [-87.01069708491795, 41.200000000000124], [-87.04000000000033, 41.22499459459472], [-87.12000000000035, 41.21144500359466], [-87.20000000000033, 41.237964157706216], [-87.2426752618859, 41.200000000000124], [-87.20000000000033, 41.15725585149326], [-87.12000000000035, 41.159491094147704]], [[-86.67529411764741, 41.200000000000124], [-86.72000000000034, 41.25411003236258], [-86.80000000000035, 41.23469026548685], [-86.86493975903649, 41.200000000000124], [-86.80000000000035, 41.16895608351344], [-86.72000000000034, 41.168630393996374], [-86.67529411764741, 41.200000000000124]], [[-89.39604499703997, 41.120000000000125], [-89.3600000000003, 41.08656781987931], [-89.33034583536318, 41.120000000000125], [-89.3600000000003, 41.15531322505813], [-89.39604499703997, 41.120000000000125]], [[-88.86160295930979, 41.120000000000125], [-88.8000000000003, 41.07822742474929], [-88.73230352303554, 41.120000000000125], [-88.8000000000003, 41.152653594771365], [-88.86160295930979, 41.120000000000125]], [[-88.40926829268325, 41.120000000000125], [-88.40000000000032, 41.11006535947724], [-88.39743243243274, 41.120000000000125], [-88.40000000000032, 41.1214945919372], [-88.40926829268325, 41.120000000000125]], [[-87.80711111111144, 41.28000000000012], [-87.76000000000033, 41.342814814814936], [-87.7241501103756, 41.36000000000012], [-87.68000000000032, 41.372307692307814], [-87.62550408719379, 41.36000000000012], [-87.60000000000034, 41.34703601108045], [-87.5777142857146, 41.36000000000012], [-87.52000000000032, 41.370376712328884], [-87.49648884578113, 41.36000000000012], [-87.46335814722944, 41.28000000000012], [-87.44000000000034, 41.25192842942358], [-87.39772455089853, 41.28000000000012], [-87.36000000000033, 41.2955651636814], [-87.30096208262626, 41.36000000000012], [-87.28000000000034, 41.38216636744476], [-87.20000000000033, 41.370789210789326], [-87.12000000000035, 41.41047970479717], [-87.04000000000033, 41.38981000387759], [-86.97495477386968, 41.44000000000012], [-86.9731757754804, 41.52000000000012], [-86.96783522488475, 41.600000000000115], [-87.04000000000033, 41.62830667765881], [-87.12000000000035, 41.63691011975271], [-87.20000000000033, 41.620893083533005], [-87.28000000000034, 41.61998129092621], [-87.36000000000033, 41.63840215612679], [-87.44000000000034, 41.66567453115559], [-87.46438095238128, 41.68000000000011], [-87.52000000000032, 41.71734531628079], [-87.5488857677906, 41.76000000000011], [-87.59858525688789, 41.84000000000011], [-87.60000000000034, 41.84233343567711], [-87.62519270988979, 41.92000000000011], [-87.64425902578829, 42.00000000000011], [-87.68000000000032, 42.05506621931849], [-87.70290348742937, 42.080000000000105], [-87.76000000000033, 42.14027397260284], [-87.77907916528684, 42.1600000000001], [-87.83013980868317, 42.2400000000001], [-87.82857142857175, 42.3200000000001], [-87.80953208749851, 42.4000000000001], [-87.82606642066453, 42.480000000000096], [-87.81193881553176, 42.560000000000095], [-87.83245682058545, 42.64000000000009], [-87.7933122721753, 42.72000000000009], [-87.84000000000032, 42.7973274300665], [-87.92000000000033, 42.78986510263939], [-87.98289334741321, 42.72000000000009], [-87.92324561403541, 42.64000000000009], [-87.99045171985112, 42.560000000000095], [-87.96409090909123, 42.480000000000096], [-88.00000000000031, 42.45813148788937], [-88.02333825701656, 42.480000000000096], [-88.08000000000033, 42.537382198952976], [-88.14247557003289, 42.480000000000096], [-88.16000000000031, 42.42022222222233], [-88.24000000000032, 42.46360313315937], [-88.30470119521944, 42.4000000000001], [-88.3200000000003, 42.39260590500652], [-88.40000000000032, 42.36235086168813], [-88.4800000000003, 42.344490603363106], [-88.51522048364184, 42.3200000000001], [-88.4800000000003, 42.250837988826916], [-88.47446899501101, 42.2400000000001], [-88.4800000000003, 42.23273408239711], [-88.52084210526345, 42.2400000000001], [-88.56000000000031, 42.24845454545465], [-88.56906211936693, 42.2400000000001], [-88.56000000000031, 42.22130653266341], [-88.54087774294702, 42.1600000000001], [-88.53016683022602, 42.080000000000105], [-88.4800000000003, 42.03327239488127], [-88.4640070298773, 42.00000000000011], [-88.4800000000003, 41.96094420600869], [-88.51016600790545, 41.92000000000011], [-88.52278139069566, 41.84000000000011], [-88.50348178137683, 41.76000000000011], [-88.56000000000031, 41.6871968709258], [-88.57314285714317, 41.68000000000011], [-88.56000000000031, 41.67247956403281], [-88.492912988651, 41.600000000000115], [-88.4800000000003, 41.59179487179499], [-88.40000000000032, 41.58442105263169], [-88.38109165808476, 41.52000000000012], [-88.3945739910317, 41.44000000000012], [-88.3200000000003, 41.367300546448206], [-88.30407628128756, 41.36000000000012], [-88.30271502590705, 41.28000000000012], [-88.2916890080432, 41.200000000000124], [-88.24000000000032, 41.16794679966762], [-88.16439215686306, 41.200000000000124], [-88.16000000000031, 41.203654159869615], [-88.11185185185217, 41.28000000000012], [-88.08000000000033, 41.3137254901962], [-88.03509513742104, 41.36000000000012], [-88.00000000000031, 41.38073703935053], [-87.92000000000033, 41.37299319727903], [-87.87505882352974, 41.36000000000012], [-87.87047058823562, 41.28000000000012], [-87.89893333333366, 41.200000000000124], [-87.92000000000033, 41.17948051948065], [-88.00000000000031, 41.13225563909787], [-88.01525146198863, 41.120000000000125], [-88.00000000000031, 41.10889267461682], [-87.92000000000033, 41.07931149361478], [-87.84515856236818, 41.04000000000013], [-87.84000000000032, 41.034879328436645], [-87.76000000000033, 41.01792186201176], [-87.68000000000032, 40.992553846153974], [-87.60000000000034, 40.99058823529425], [-87.52437956204412, 41.04000000000013], [-87.60000000000034, 41.092588832487436], [-87.68000000000032, 41.10660907127443], [-87.76000000000033, 41.08945996275618], [-87.76451915128168, 41.120000000000125], [-87.79612903225839, 41.200000000000124], [-87.80711111111144, 41.28000000000012]], [[-87.51458646616575, 41.04000000000013], [-87.44000000000034, 40.989232343910054], [-87.36000000000033, 41.029544072948454], [-87.28000000000034, 41.004716157205365], [-87.22808032128547, 41.04000000000013], [-87.28000000000034, 41.102213666987616], [-87.36000000000033, 41.0667704280157], [-87.38625719769706, 41.120000000000125], [-87.44000000000034, 41.147916251246386], [-87.51567567567601, 41.120000000000125], [-87.51458646616575, 41.04000000000013]], [[-89.55340893929315, 40.88000000000013], [-89.5200000000003, 40.83297652582173], [-89.48802043422762, 40.88000000000013], [-89.5200000000003, 40.91268929503929], [-89.55340893929315, 40.88000000000013]], [[-90.72000000000025, 41.080000000000126], [-90.76000000000026, 41.080000000000126], [-90.76000000000026, 41.04000000000013], [-90.76000000000026, 41.00000000000013], [-90.72918179963298, 41.00000000000013], [-90.73226492232241, 40.96000000000013], [-90.72000000000025, 40.93586726998505], [-90.64000000000027, 40.91319636241172], [-90.58651270207879, 40.96000000000013], [-90.64000000000027, 41.01831527544649], [-90.68000000000026, 41.01580727541015], [-90.68000000000026, 41.04000000000013], [-90.68000000000026, 41.080000000000126], [-90.72000000000025, 41.080000000000126]], [[-90.41533869115986, 40.96000000000013], [-90.40000000000026, 40.93712328767136], [-90.3577215189876, 40.96000000000013], [-90.40000000000026, 40.97936231884071], [-90.41533869115986, 40.96000000000013]], [[-88.63636363636395, 40.96000000000013], [-88.56000000000031, 40.943185988323734], [-88.5258883248734, 40.96000000000013], [-88.56000000000031, 41.016155988858074], [-88.57236994219684, 41.04000000000013], [-88.6400000000003, 41.075082458770744], [-88.71335423197523, 41.04000000000013], [-88.6400000000003, 40.961608040201135], [-88.63636363636395, 40.96000000000013]], [[-87.44640394088704, 46.40000000000001], [-87.44000000000034, 46.393867924528315], [-87.42778113460926, 46.40000000000001], [-87.44000000000034, 46.40179661407349], [-87.44640394088704, 46.40000000000001]], [[-85.68618867924566, 40.56000000000014], [-85.68000000000038, 40.55815695823202], [-85.67746522411166, 40.56000000000014], [-85.68000000000038, 40.57732394366211], [-85.68618867924566, 40.56000000000014]], [[-90.72000000000025, 40.540432309442686], [-90.77697347893941, 40.48000000000014], [-90.72000000000025, 40.43535062439975], [-90.6754090354093, 40.48000000000014], [-90.72000000000025, 40.540432309442686]], [[-89.40434818825518, 40.720000000000134], [-89.44000000000028, 40.77923875432539], [-89.5200000000003, 40.76405322415572], [-89.53459684123054, 40.80000000000013], [-89.60000000000028, 40.85540845070436], [-89.68000000000029, 40.820968660968795], [-89.7048858833477, 40.80000000000013], [-89.71445255474481, 40.720000000000134], [-89.72777887463009, 40.640000000000136], [-89.73123984840309, 40.56000000000014], [-89.73107981220686, 40.48000000000014], [-89.68000000000029, 40.429629629629765], [-89.65723849372414, 40.48000000000014], [-89.60000000000028, 40.50629505045665], [-89.54873394495442, 40.56000000000014], [-89.5200000000003, 40.6055563636365], [-89.44000000000028, 40.5852131376661], [-89.40527900797194, 40.640000000000136], [-89.40434818825518, 40.720000000000134]], [[-89.07378179762607, 40.48000000000014], [-89.0400000000003, 40.445566119274126], [-88.96000000000029, 40.41323410852727], [-88.88000000000031, 40.44215505913286], [-88.86479408658953, 40.48000000000014], [-88.88000000000031, 40.49689149560131], [-88.93450861195572, 40.56000000000014], [-88.96000000000029, 40.59060827250622], [-88.9911001236097, 40.56000000000014], [-89.0400000000003, 40.52813532017734], [-89.07378179762607, 40.48000000000014]], [[-89.76861538461569, 40.40000000000014], [-89.76000000000028, 40.39878128400449], [-89.75356321839108, 40.40000000000014], [-89.76000000000028, 40.406666666666816], [-89.76861538461569, 40.40000000000014]], [[-87.00256410256445, 40.40000000000014], [-86.96000000000035, 40.38461181923537], [-86.88000000000034, 40.33474012937779], [-86.80000000000035, 40.36930835734884], [-86.76857248247913, 40.40000000000014], [-86.80000000000035, 40.43319049474108], [-86.84985892116217, 40.48000000000014], [-86.88000000000034, 40.51512572533863], [-86.96000000000035, 40.487582292849176], [-86.9686416558865, 40.48000000000014], [-87.00256410256445, 40.40000000000014]], [[-90.00000000000028, 40.30389351081545], [-89.92000000000027, 40.31481171548131], [-89.84250000000026, 40.32000000000014], [-89.92000000000027, 40.33305263157909], [-90.00000000000028, 40.33002070393389], [-90.08000000000027, 40.33077059344567], [-90.08801582069903, 40.32000000000014], [-90.08000000000027, 40.30195845697343], [-90.00000000000028, 40.30389351081545]], [[-88.20428904428935, 40.32000000000014], [-88.16000000000031, 40.27263813876208], [-88.10731977818885, 40.32000000000014], [-88.16000000000031, 40.36689428218854], [-88.20428904428935, 40.32000000000014]], [[-87.6809749103946, 46.48000000000001], [-87.68000000000032, 46.47952263952265], [-87.66827586206928, 46.48000000000001], [-87.68000000000032, 46.48065987384766], [-87.6809749103946, 46.48000000000001]], [[-90.04514672686257, 40.160000000000146], [-90.08000000000027, 40.18159440559455], [-90.16000000000028, 40.1775609756099], [-90.18435643564383, 40.160000000000146], [-90.16000000000028, 40.09395973154377], [-90.08000000000027, 40.14389989572486], [-90.04514672686257, 40.160000000000146]], [[-88.35593277310956, 40.08000000000015], [-88.3200000000003, 40.03678625568484], [-88.24000000000032, 40.01045771916229], [-88.16000000000031, 40.03035087719313], [-88.12124946512655, 40.08000000000015], [-88.16000000000031, 40.13022739877996], [-88.17918513223763, 40.160000000000146], [-88.24000000000032, 40.207371937639344], [-88.31250106518992, 40.160000000000146], [-88.3200000000003, 40.146346004654916], [-88.35593277310956, 40.08000000000015]], [[-87.65809682804708, 40.08000000000015], [-87.60000000000034, 40.03920281359921], [-87.55990783410171, 40.08000000000015], [-87.53823903582223, 40.160000000000146], [-87.60000000000034, 40.222684335712], [-87.68000000000032, 40.19259073842318], [-87.7186924219914, 40.160000000000146], [-87.68000000000032, 40.106802860061435], [-87.65809682804708, 40.08000000000015]]], [[[-89.68000000000029, 44.49312921004292], [-89.65052631578976, 44.56000000000005], [-89.62945235834154, 44.64000000000005], [-89.60000000000028, 44.66305824039658], [-89.5200000000003, 44.717986179664415], [-89.51755102040845, 44.72000000000005], [-89.44000000000028, 44.754398296059684], [-89.36729319077125, 44.72000000000005], [-89.37333333333362, 44.64000000000005], [-89.36640932265142, 44.56000000000005], [-89.3600000000003, 44.547614356087315], [-89.32899645046818, 44.480000000000054], [-89.3600000000003, 44.44655760529069], [-89.44000000000028, 44.43309446254077], [-89.46839430894337, 44.400000000000055], [-89.5200000000003, 44.36200523756085], [-89.60000000000028, 44.343164389598996], [-89.68000000000029, 44.396636790439665], [-89.69626418988676, 44.400000000000055], [-89.68595224875098, 44.480000000000054], [-89.68000000000029, 44.49312921004292]], [[-89.48761343547466, 44.480000000000054], [-89.49434101382518, 44.56000000000005], [-89.5200000000003, 44.58046306504966], [-89.54363327674052, 44.56000000000005], [-89.55462047244123, 44.480000000000054], [-89.5200000000003, 44.44122751322757], [-89.48761343547466, 44.480000000000054]]], [[[-85.84000000000037, 44.53027360988531], [-85.92000000000036, 44.53239368165254], [-85.94106629578154, 44.56000000000005], [-85.92000000000036, 44.59700325732904], [-85.84000000000037, 44.59656894679701], [-85.81656228253343, 44.56000000000005], [-85.84000000000037, 44.53027360988531]]], [[[-85.76000000000036, 44.595094991364476], [-85.81777777777815, 44.64000000000005], [-85.77416458852905, 44.72000000000005], [-85.76000000000036, 44.728371407516626], [-85.75665685697506, 44.72000000000005], [-85.72992481203045, 44.64000000000005], [-85.76000000000036, 44.595094991364476]]], [[[-86.90532818532853, 45.360000000000035], [-86.88000000000034, 45.37896638959165], [-86.86469524642787, 45.360000000000035], [-86.88000000000034, 45.343857274684744], [-86.90532818532853, 45.360000000000035]]], [[[-86.67857605178028, 45.68000000000003], [-86.64000000000036, 45.722045855379214], [-86.61444018992223, 45.68000000000003], [-86.64000000000036, 45.64036104513067], [-86.67857605178028, 45.68000000000003]]], [[[-86.56000000000034, 45.759286192281984], [-86.56166406656301, 45.760000000000026], [-86.56000000000034, 45.76067825349727], [-86.55930812947898, 45.760000000000026], [-86.56000000000034, 45.759286192281984]]], [[[-87.34801750688962, 45.96000000000002], [-87.32000000000033, 45.98801750688931], [-87.32000000000033, 45.96000000000002], [-87.34801750688962, 45.96000000000002]]], [[[-88.3323717948721, 46.08000000000002], [-88.3200000000003, 46.100752688172065], [-88.28349881796721, 46.08000000000002], [-88.3200000000003, 46.0702030456853], [-88.3323717948721, 46.08000000000002]]], [[[-85.76019012410916, 40.32000000000014], [-85.76000000000036, 40.320748388885185], [-85.75965925224835, 40.32000000000014], [-85.76000000000036, 40.31977080017378], [-85.76019012410916, 40.32000000000014]]], [[[-85.44000000000037, 41.02799116997805], [-85.44503614882774, 41.04000000000013], [-85.44000000000037, 41.04567652173926], [-85.42260127931807, 41.04000000000013], [-85.36000000000038, 40.997138686131514], [-85.34251860672858, 41.04000000000013], [-85.30161620057898, 41.120000000000125], [-85.28000000000037, 41.136257615317795], [-85.20000000000039, 41.18420171628363], [-85.15878210580068, 41.200000000000124], [-85.13451984635121, 41.28000000000012], [-85.12000000000037, 41.30118240403487], [-85.04000000000039, 41.3103959561922], [-84.9833080763997, 41.28000000000012], [-84.96000000000038, 41.270536195310186], [-84.95205796618677, 41.28000000000012], [-84.93389431115644, 41.36000000000012], [-84.8800000000004, 41.391972269170026], [-84.80000000000038, 41.4224175824177], [-84.7373040752355, 41.44000000000012], [-84.7200000000004, 41.450107245618746], [-84.69540420114615, 41.44000000000012], [-84.65725998680112, 41.36000000000012], [-84.70425312239838, 41.28000000000012], [-84.70679575498085, 41.24000000000012], [-84.7200000000004, 41.24000000000012], [-84.76000000000039, 41.24000000000012], [-84.76000000000039, 41.2357760020581], [-84.80000000000038, 41.23662633944015], [-84.8611425274095, 41.200000000000124], [-84.8800000000004, 41.15500767805149], [-84.89386955336015, 41.120000000000125], [-84.96000000000038, 41.07711354793079], [-85.04000000000039, 41.04259985365743], [-85.04299508763809, 41.04000000000013], [-85.09022487864516, 40.96000000000013], [-85.12000000000037, 40.90833519553085], [-85.15212837837876, 40.88000000000013], [-85.20000000000039, 40.84934559221214], [-85.28000000000037, 40.85923536439679], [-85.29258508327337, 40.88000000000013], [-85.36000000000038, 40.9503836703838], [-85.38840871021813, 40.96000000000013], [-85.44000000000037, 41.02799116997805]], [[-85.04000000000039, 41.21243139757511], [-85.05313110886455, 41.200000000000124], [-85.12000000000037, 41.16755519215057], [-85.20000000000039, 41.14508414352902], [-85.23973663826528, 41.120000000000125], [-85.25434701492576, 41.04000000000013], [-85.20000000000039, 40.97725363489512], [-85.12000000000037, 40.997079157292006], [-85.08950265965215, 41.04000000000013], [-85.04000000000039, 41.0829702520628], [-84.97671410090595, 41.120000000000125], [-84.96000000000038, 41.189524663677254], [-84.95649143887091, 41.200000000000124], [-84.96000000000038, 41.2024839084698], [-85.04000000000039, 41.21243139757511]], [[-84.89494842294414, 41.28000000000012], [-84.8800000000004, 41.2601985815604], [-84.83614659685902, 41.28000000000012], [-84.8800000000004, 41.31256609642314], [-84.89494842294414, 41.28000000000012]]], [[[-84.64000000000038, 41.51689045936407], [-84.64104018912569, 41.52000000000012], [-84.64000000000038, 41.52076446954079], [-84.62017874120595, 41.600000000000115], [-84.58555119020146, 41.68000000000011], [-84.5600000000004, 41.70969648133237], [-84.48000000000039, 41.723900666262985], [-84.4171639430684, 41.76000000000011], [-84.4000000000004, 41.77667605633814], [-84.32000000000039, 41.82244803695161], [-84.2400000000004, 41.811363214837826], [-84.1600000000004, 41.76850771869651], [-84.15633038661497, 41.76000000000011], [-84.1600000000004, 41.72786177105842], [-84.2400000000004, 41.71658217925279], [-84.25692047377366, 41.68000000000011], [-84.2400000000004, 41.63662949194559], [-84.2178564931247, 41.600000000000115], [-84.22658605507038, 41.560000000000116], [-84.2400000000004, 41.540403225806564], [-84.24539373750872, 41.52000000000012], [-84.30173444390044, 41.44000000000012], [-84.30173444390044, 41.40000000000012], [-84.32000000000039, 41.40000000000012], [-84.3600000000004, 41.40000000000012], [-84.3600000000004, 41.36000000000012], [-84.3600000000004, 41.347448927331826], [-84.4000000000004, 41.347448927331826], [-84.45387244564071, 41.28000000000012], [-84.48000000000039, 41.24448398576525], [-84.5600000000004, 41.20859158134256], [-84.61448295816254, 41.28000000000012], [-84.62263620386682, 41.36000000000012], [-84.63233836538924, 41.44000000000012], [-84.64000000000038, 41.51689045936407]], [[-84.51228314476396, 41.36000000000012], [-84.48000000000039, 41.32285466319526], [-84.45511627907017, 41.36000000000012], [-84.48000000000039, 41.39756920999337], [-84.51228314476396, 41.36000000000012]], [[-84.32000000000039, 41.765599573636635], [-84.32880446927415, 41.76000000000011], [-84.4000000000004, 41.70397010331953], [-84.4627027027031, 41.68000000000011], [-84.4000000000004, 41.62300052273927], [-84.3814424293551, 41.600000000000115], [-84.4000000000004, 41.58004535147404], [-84.46325848065018, 41.52000000000012], [-84.42102299389997, 41.44000000000012], [-84.4000000000004, 41.42769568799792], [-84.38718116415998, 41.44000000000012], [-84.32000000000039, 41.47956761441618], [-84.28803197868127, 41.52000000000012], [-84.2864563665673, 41.600000000000115], [-84.29559584239827, 41.68000000000011], [-84.30639620198572, 41.76000000000011], [-84.32000000000039, 41.765599573636635]], [[-84.58227840248198, 41.52000000000012], [-84.5600000000004, 41.47271889400933], [-84.49772382397612, 41.52000000000012], [-84.5600000000004, 41.59777637397358], [-84.58227840248198, 41.52000000000012]]], [[[-84.74687285223406, 41.68000000000011], [-84.7200000000004, 41.71917345021927], [-84.7032143815405, 41.68000000000011], [-84.7200000000004, 41.65933267261326], [-84.74687285223406, 41.68000000000011]]], [[[-85.43453370267812, 42.64000000000009], [-85.36000000000038, 42.58390548992365], [-85.28372505543275, 42.560000000000095], [-85.36000000000038, 42.510360750360846], [-85.44000000000037, 42.49122006841515], [-85.50451336898433, 42.560000000000095], [-85.44484451718532, 42.64000000000009], [-85.44000000000037, 42.64495812395319], [-85.43453370267812, 42.64000000000009]]], [[[-85.04000000000039, 42.80449498327768], [-85.03374883720969, 42.80000000000009], [-85.04000000000039, 42.78653306613236], [-85.05898305084783, 42.80000000000009], [-85.04000000000039, 42.80449498327768]]], [[[-85.60000000000036, 43.41820788530474], [-85.6437410071946, 43.440000000000076], [-85.64635369774956, 43.520000000000074], [-85.60000000000036, 43.57653333333341], [-85.54526955201253, 43.520000000000074], [-85.56754448398614, 43.440000000000076], [-85.60000000000036, 43.41820788530474]]], [[[-85.28000000000037, 43.97896389324967], [-85.35339521250648, 43.920000000000066], [-85.36000000000038, 43.9121894858464], [-85.36942160278782, 43.920000000000066], [-85.36616915422923, 44.000000000000064], [-85.36000000000038, 44.00868651488622], [-85.28000000000037, 44.043826655764576], [-85.24581632653098, 44.000000000000064], [-85.28000000000037, 43.97896389324967]]], [[[-84.86769804287084, 44.000000000000064], [-84.86671506352126, 43.920000000000066], [-84.8800000000004, 43.90952040085905], [-84.91883289124706, 43.920000000000066], [-84.8968797953968, 44.000000000000064], [-84.9001330376944, 44.08000000000006], [-84.8800000000004, 44.11499036608869], [-84.85061488673178, 44.08000000000006], [-84.86769804287084, 44.000000000000064]]], [[[-84.0400000000004, 44.029772151898804], [-84.08000000000041, 44.029772151898804], [-84.1164705882357, 44.08000000000006], [-84.08000000000041, 44.109349112426095], [-84.0400000000004, 44.109349112426095], [-84.0400000000004, 44.08000000000006], [-84.0400000000004, 44.04000000000006], [-84.0400000000004, 44.029772151898804]]], [[[-86.23112519809861, 44.16000000000006], [-86.16000000000037, 44.23568296795958], [-86.15293468261305, 44.24000000000006], [-86.08000000000035, 44.26862093862822], [-86.00000000000037, 44.309578844270376], [-85.99149480415704, 44.32000000000006], [-85.92000000000036, 44.37882275567253], [-85.84000000000037, 44.34067895247338], [-85.80236540158907, 44.32000000000006], [-85.76000000000036, 44.282500000000056], [-85.72772024209856, 44.32000000000006], [-85.68000000000038, 44.35512871287134], [-85.60000000000036, 44.38344370860933], [-85.52000000000038, 44.36732106339474], [-85.44000000000037, 44.37520824003588], [-85.36000000000038, 44.382764537654964], [-85.28000000000037, 44.369952153110106], [-85.20485829959553, 44.32000000000006], [-85.28000000000037, 44.262080443828076], [-85.36000000000038, 44.245709449929535], [-85.37802315227108, 44.24000000000006], [-85.36597491448157, 44.16000000000006], [-85.44000000000037, 44.1149323151684], [-85.52000000000038, 44.11502160760594], [-85.60000000000036, 44.10373165618455], [-85.68000000000038, 44.113536895674365], [-85.76000000000036, 44.13207317073177], [-85.7788283658791, 44.16000000000006], [-85.84000000000037, 44.222259414226], [-85.92000000000036, 44.174057971014555], [-85.9556781609199, 44.16000000000006], [-85.9493398533011, 44.08000000000006], [-85.92000000000036, 44.056377952755966], [-85.88536880290242, 44.000000000000064], [-85.92000000000036, 43.97169960474315], [-86.00000000000037, 43.96212885154068], [-86.08000000000035, 43.95384615384622], [-86.09482889733876, 44.000000000000064], [-86.16000000000037, 44.05890034364268], [-86.17797950219655, 44.08000000000006], [-86.23112519809861, 44.16000000000006]]], [[[-84.82738589211657, 44.24000000000006], [-84.83530085959924, 44.32000000000006], [-84.8800000000004, 44.33580547112468], [-84.96000000000038, 44.32514032496313], [-84.96912188728741, 44.32000000000006], [-85.0296611505126, 44.24000000000006], [-85.04000000000039, 44.23046511627913], [-85.12000000000037, 44.17746630727769], [-85.1690486257932, 44.24000000000006], [-85.12000000000037, 44.31837837837843], [-85.11860465116317, 44.32000000000006], [-85.12000000000037, 44.32117216117222], [-85.20000000000039, 44.37454545454552], [-85.20382107657353, 44.400000000000055], [-85.25675628794487, 44.480000000000054], [-85.20000000000039, 44.528474074074126], [-85.13657228017922, 44.56000000000005], [-85.12000000000037, 44.57468956406874], [-85.07673151751011, 44.56000000000005], [-85.04000000000039, 44.53148036253781], [-84.96000000000038, 44.4877898782832], [-84.9265934065938, 44.480000000000054], [-84.8800000000004, 44.46310756972117], [-84.8673338312177, 44.480000000000054], [-84.80000000000038, 44.5198057395144], [-84.7200000000004, 44.54160598503746], [-84.64387057010825, 44.480000000000054], [-84.64000000000038, 44.43974358974364], [-84.5600000000004, 44.44801381692579], [-84.54018191546321, 44.480000000000054], [-84.50817813765221, 44.56000000000005], [-84.48000000000039, 44.577291925465886], [-84.4000000000004, 44.60436018957351], [-84.32000000000039, 44.61050292064402], [-84.2800000000004, 44.61809924543387], [-84.2800000000004, 44.60000000000005], [-84.2400000000004, 44.60000000000005], [-84.2000000000004, 44.60000000000005], [-84.2000000000004, 44.56000000000005], [-84.2000000000004, 44.52000000000005], [-84.1600000000004, 44.52000000000005], [-84.1200000000004, 44.52000000000005], [-84.08000000000041, 44.52000000000005], [-84.0400000000004, 44.52000000000005], [-84.0400000000004, 44.480000000000054], [-84.0400000000004, 44.46877192982462], [-84.08000000000041, 44.46877192982462], [-84.13790754257948, 44.400000000000055], [-84.1600000000004, 44.339264214046885], [-84.19646586345421, 44.400000000000055], [-84.2400000000004, 44.44972477064226], [-84.31135135135175, 44.480000000000054], [-84.32000000000039, 44.48124416796273], [-84.32142984807903, 44.480000000000054], [-84.35688549618361, 44.400000000000055], [-84.32000000000039, 44.36058727569337], [-84.2400000000004, 44.390172257479655], [-84.16286995515735, 44.32000000000006], [-84.2400000000004, 44.27430932703666], [-84.32000000000039, 44.24225000000006], [-84.36052117263883, 44.32000000000006], [-84.4000000000004, 44.356951219512254], [-84.48000000000039, 44.35004379562049], [-84.5600000000004, 44.35118525021955], [-84.64000000000038, 44.35285171102668], [-84.64392905866342, 44.32000000000006], [-84.64000000000038, 44.312929623567975], [-84.5600000000004, 44.30180327868858], [-84.48000000000039, 44.29401515151521], [-84.4000000000004, 44.27877551020414], [-84.32244897959224, 44.24000000000006], [-84.4000000000004, 44.16110726643605], [-84.48000000000039, 44.164416961130804], [-84.4851948051952, 44.16000000000006], [-84.5600000000004, 44.103329397874916], [-84.61075342465793, 44.08000000000006], [-84.64000000000038, 44.043813559322096], [-84.71863117870761, 44.000000000000064], [-84.7200000000004, 43.99943706020335], [-84.72078516902984, 44.000000000000064], [-84.72218905472675, 44.08000000000006], [-84.80000000000038, 44.102601156069426], [-84.86182101167354, 44.16000000000006], [-84.82738589211657, 44.24000000000006]]], [[[-85.44000000000037, 44.4561460446248], [-85.52000000000038, 44.458858195211846], [-85.55266002844988, 44.480000000000054], [-85.52000000000038, 44.488150514732034], [-85.44000000000037, 44.51182679296352], [-85.38630136986339, 44.480000000000054], [-85.44000000000037, 44.4561460446248]]], [[[-85.36000000000038, 44.576174863388026], [-85.35247776365985, 44.56000000000005], [-85.36000000000038, 44.53284403669731], [-85.3714065510601, 44.56000000000005], [-85.36000000000038, 44.576174863388026]]], [[[-84.90609318996455, 44.80000000000005], [-84.93395529640466, 44.72000000000005], [-84.96000000000038, 44.667758284600446], [-84.97284755512982, 44.72000000000005], [-85.04000000000039, 44.79852017937225], [-85.04129729729767, 44.80000000000005], [-85.04000000000039, 44.801145336225645], [-84.96000000000038, 44.87161904761909], [-84.90609318996455, 44.80000000000005]]], [[[-84.76000000000039, 45.00000000000004], [-84.76000000000039, 44.96000000000004], [-84.76000000000039, 44.920000000000044], [-84.7200000000004, 44.920000000000044], [-84.68000000000039, 44.920000000000044], [-84.68000000000039, 44.880000000000045], [-84.68000000000039, 44.85385587863469], [-84.7200000000004, 44.843174179187585], [-84.80000000000038, 44.84268370607034], [-84.83959322033937, 44.880000000000045], [-84.82521177315186, 44.96000000000004], [-84.81817491806146, 45.00000000000004], [-84.80000000000038, 45.00000000000004], [-84.76000000000039, 45.00000000000004]]], [[[-85.04000000000039, 45.04219396868765], [-85.03422269654966, 45.04000000000004], [-85.04000000000039, 45.03850225952232], [-85.04582914572902, 45.04000000000004], [-85.04000000000039, 45.04219396868765]]], [[[-85.08000000000038, 45.20000000000004], [-85.08000000000038, 45.18470918367351], [-85.12000000000037, 45.18234592445332], [-85.1620283975663, 45.20000000000004], [-85.1620283975663, 45.24000000000004], [-85.16000000000038, 45.24000000000004], [-85.12000000000037, 45.24000000000004], [-85.08000000000038, 45.24000000000004], [-85.08000000000038, 45.20000000000004]]]]}}, {"id": "3", "type": "Feature", "properties": {"min_value": 30.0, "max_value": 35.0, "color": "#f46d43"}, "geometry": {"type": "MultiPolygon", "coordinates": [[[[-90.64295866570005, 41.600000000000115], [-90.64000000000027, 41.602532588454494], [-90.56000000000026, 41.647801087801206], [-90.48000000000027, 41.61063534436744], [-90.46470046082976, 41.600000000000115], [-90.40000000000026, 41.56601855586942], [-90.33738748627908, 41.52000000000012], [-90.40000000000026, 41.45873254564996], [-90.42620586025572, 41.44000000000012], [-90.48000000000027, 41.40755777072962], [-90.56000000000026, 41.39237338629605], [-90.61179265658774, 41.44000000000012], [-90.64000000000027, 41.46445692883907], [-90.68246241947055, 41.52000000000012], [-90.64295866570005, 41.600000000000115]]], [[[-91.68000000000023, 42.04369183829149], [-91.6431284196977, 42.00000000000011], [-91.66363007911538, 41.92000000000011], [-91.68000000000023, 41.91556658295269], [-91.72000000000024, 41.91556658295269], [-91.72000000000024, 41.92000000000011], [-91.72000000000024, 41.927941176470696], [-91.68639866694463, 41.96000000000011], [-91.68303132938212, 42.00000000000011], [-91.68000000000023, 42.04369183829149]]], [[[-90.64000000000027, 42.475969289827354], [-90.72000000000025, 42.44575679542213], [-90.77132075471724, 42.480000000000096], [-90.72000000000025, 42.533692238672145], [-90.64000000000027, 42.48461285008247], [-90.63512195121977, 42.480000000000096], [-90.64000000000027, 42.475969289827354]]], [[[-92.08000000000024, 42.520000000000095], [-92.04000000000023, 42.520000000000095], [-92.00000000000023, 42.520000000000095], [-91.96000000000024, 42.520000000000095], [-91.96000000000024, 42.560000000000095], [-91.96000000000024, 42.600000000000094], [-91.92000000000024, 42.600000000000094], [-91.88000000000024, 42.600000000000094], [-91.88000000000024, 42.624423943359886], [-91.84300292492712, 42.600000000000094], [-91.84000000000023, 42.594166666666766], [-91.83149131857465, 42.560000000000095], [-91.84000000000023, 42.55041477102922], [-91.92000000000024, 42.480693928128964], [-91.95320158102786, 42.480000000000096], [-92.00000000000023, 42.479399457279904], [-92.08000000000024, 42.462541310541404], [-92.12000000000023, 42.46169765660907], [-92.12000000000023, 42.480000000000096], [-92.12000000000023, 42.520000000000095], [-92.08000000000024, 42.520000000000095]]], [[[-91.36000000000024, 42.8102524103565], [-91.35083700440553, 42.80000000000009], [-91.36000000000024, 42.79046544428782], [-91.37852054794546, 42.80000000000009], [-91.36000000000024, 42.8102524103565]]], [[[-91.24000000000025, 43.16000000000008], [-91.20000000000024, 43.16000000000008], [-91.1683363363366, 43.16000000000008], [-91.16000000000025, 43.133230472516956], [-91.15401657217645, 43.12000000000008], [-91.14542320192197, 43.040000000000084], [-91.20000000000024, 43.01666787483396], [-91.22079893475392, 43.040000000000084], [-91.24000000000025, 43.06477183350043], [-91.24664948245139, 43.080000000000084], [-91.24000000000025, 43.080000000000084], [-91.24000000000025, 43.12000000000008], [-91.24000000000025, 43.16000000000008]]], [[[-97.92000189428319, 44.64000000000005], [-97.9200000000001, 44.64000332430087], [-97.91999507802755, 44.64000000000005], [-97.9200000000001, 44.63999817054231], [-97.92000189428319, 44.64000000000005]]], [[[-98.0800000000001, 44.88828806064439], [-98.06038863976094, 44.880000000000045], [-98.0800000000001, 44.86503990877998], [-98.08959765910764, 44.880000000000045], [-98.0800000000001, 44.88828806064439]]], [[[-98.8000000000001, 44.840000000000046], [-98.84000000000009, 44.840000000000046], [-98.84000000000009, 44.880000000000045], [-98.84000000000009, 44.8904848841006], [-98.8142279338401, 44.920000000000044], [-98.81234523779142, 44.96000000000004], [-98.81023941068149, 45.04000000000004], [-98.8000000000001, 45.05139928241932], [-98.7782387475539, 45.04000000000004], [-98.75848214285723, 44.96000000000004], [-98.72000000000008, 44.90393495934964], [-98.6400000000001, 44.888702374378845], [-98.56000000000009, 44.92171485543375], [-98.5223063063064, 44.880000000000045], [-98.56000000000009, 44.85929737753592], [-98.6400000000001, 44.86289641866639], [-98.68000000000009, 44.85501487643456], [-98.69534185382811, 44.840000000000046], [-98.72000000000008, 44.840000000000046], [-98.76000000000009, 44.840000000000046], [-98.8000000000001, 44.840000000000046]]], [[[-97.91641741988506, 45.20000000000004], [-97.90246575342476, 45.12000000000004], [-97.90006872852244, 45.04000000000004], [-97.9200000000001, 45.016753507014066], [-97.94124542124553, 45.04000000000004], [-97.94502793296101, 45.12000000000004], [-97.96494845360836, 45.20000000000004], [-97.9200000000001, 45.22076190476195], [-97.91641741988506, 45.20000000000004]]], [[[-99.51164628410167, 45.28000000000004], [-99.51164628410167, 45.24000000000004], [-99.52000000000007, 45.24000000000004], [-99.56000000000007, 45.24000000000004], [-99.56000000000007, 45.28000000000004], [-99.56000000000007, 45.28711668063098], [-99.52000000000007, 45.29023336214351], [-99.51164628410167, 45.28000000000004]]], [[[-98.4800000000001, 45.451846435100585], [-98.46752646775755, 45.44000000000003], [-98.4800000000001, 45.430892480674665], [-98.4933746130032, 45.44000000000003], [-98.4800000000001, 45.451846435100585]]], [[[-99.38540098199681, 45.68000000000003], [-99.36000000000007, 45.68418780356182], [-99.31001610305965, 45.68000000000003], [-99.28000000000009, 45.643945841392686], [-99.205751633987, 45.60000000000003], [-99.28000000000009, 45.57432768361585], [-99.36000000000007, 45.56694577899797], [-99.44000000000008, 45.597694915254266], [-99.44424336973486, 45.60000000000003], [-99.44000000000008, 45.603133640553025], [-99.38540098199681, 45.68000000000003]]], [[[-99.68772727272733, 45.68000000000003], [-99.75713147410364, 45.60000000000003], [-99.76000000000008, 45.59441860465118], [-99.84000000000006, 45.59070761014689], [-99.84511576626247, 45.60000000000003], [-99.84000000000006, 45.61777777777781], [-99.78251327433635, 45.68000000000003], [-99.76000000000008, 45.68747356051707], [-99.68772727272733, 45.68000000000003]]], [[[-100.00000000000006, 45.69168215437136], [-99.97027027027033, 45.68000000000003], [-100.00000000000006, 45.640938490805354], [-100.0343414634147, 45.68000000000003], [-100.00000000000006, 45.69168215437136]]], [[[-99.67370370370378, 45.68000000000003], [-99.60000000000008, 45.69821510297486], [-99.58046625766879, 45.68000000000003], [-99.60000000000008, 45.654322580645186], [-99.67370370370378, 45.68000000000003]]], [[[-100.44629139796704, 45.840000000000025], [-100.44629139796704, 45.800000000000026], [-100.48000000000005, 45.800000000000026], [-100.52000000000005, 45.800000000000026], [-100.52000000000005, 45.840000000000025], [-100.52000000000005, 45.864261631827404], [-100.48000000000005, 45.86066331658294], [-100.44629139796704, 45.840000000000025]]], [[[-101.40000000000003, 46.360000000000014], [-101.44000000000003, 46.360000000000014], [-101.47106347897777, 46.360000000000014], [-101.47106347897777, 46.40000000000001], [-101.44000000000003, 46.41488372093024], [-101.36000000000004, 46.412688719253616], [-101.3403416557162, 46.40000000000001], [-101.28000000000003, 46.33248382670066], [-101.2742751831708, 46.320000000000014], [-101.27765150366547, 46.280000000000015], [-101.28000000000003, 46.280000000000015], [-101.32000000000004, 46.280000000000015], [-101.32242504996671, 46.280000000000015], [-101.32242504996671, 46.320000000000014], [-101.36000000000004, 46.346761565836324], [-101.40000000000003, 46.34034527183717], [-101.40000000000003, 46.360000000000014]]], [[[-100.32000000000005, 45.78348748408997], [-100.33453745590377, 45.800000000000026], [-100.34564332926914, 45.840000000000025], [-100.34157048249769, 45.92000000000002], [-100.32000000000005, 45.97123595505621], [-100.28657963446481, 46.00000000000002], [-100.24000000000007, 46.0065443873808], [-100.17783972125441, 46.00000000000002], [-100.16000000000005, 45.99600312256052], [-100.13875518672207, 46.00000000000002], [-100.08000000000007, 46.04343558282211], [-100.05871428571434, 46.08000000000002], [-100.08000000000007, 46.11832797427654], [-100.16000000000005, 46.13174381737478], [-100.19659057316478, 46.16000000000002], [-100.24000000000007, 46.172910032236025], [-100.32000000000005, 46.203481279444595], [-100.40000000000006, 46.193883299798806], [-100.41019987886135, 46.16000000000002], [-100.40000000000006, 46.14669300671673], [-100.33168757588027, 46.08000000000002], [-100.40000000000006, 46.030309096261426], [-100.48000000000005, 46.0241796791444], [-100.56000000000006, 46.06635062191976], [-100.57628675441057, 46.08000000000002], [-100.59797847108197, 46.16000000000002], [-100.64000000000004, 46.21189725101399], [-100.68558084306358, 46.16000000000002], [-100.69623331685621, 46.08000000000002], [-100.68867957746484, 46.00000000000002], [-100.68903693676276, 45.96000000000002], [-100.72000000000006, 45.96000000000002], [-100.76000000000005, 45.96000000000002], [-100.80000000000004, 45.96000000000002], [-100.84000000000005, 45.96000000000002], [-100.84000000000005, 46.00000000000002], [-100.84000000000005, 46.04000000000002], [-100.88000000000005, 46.04000000000002], [-100.92000000000004, 46.04000000000002], [-100.92000000000004, 46.08000000000002], [-100.92000000000004, 46.10111342421599], [-100.88567523036558, 46.12000000000002], [-100.88000000000005, 46.12694288913776], [-100.8520613287905, 46.16000000000002], [-100.80000000000004, 46.19606608969317], [-100.7411591148578, 46.240000000000016], [-100.72000000000006, 46.30020989505248], [-100.71688458815204, 46.320000000000014], [-100.67087673891949, 46.40000000000001], [-100.72000000000006, 46.47111943793912], [-100.80000000000004, 46.46841248303936], [-100.88000000000005, 46.448079470198685], [-100.96000000000004, 46.4498623279099], [-101.04000000000005, 46.449771986970696], [-101.06966751918162, 46.48000000000001], [-101.12000000000003, 46.52051466803913], [-101.17421908127213, 46.56000000000001], [-101.12000000000003, 46.59287060839761], [-101.04000000000005, 46.56093023255815], [-101.0377974434612, 46.56000000000001], [-100.96000000000004, 46.51027027027028], [-100.88000000000005, 46.54036318096432], [-100.82049335863383, 46.56000000000001], [-100.80000000000004, 46.56513307984792], [-100.79014598540151, 46.56000000000001], [-100.72000000000006, 46.4958263772955], [-100.69511811023627, 46.48000000000001], [-100.64000000000004, 46.455552968568114], [-100.61900000000006, 46.48000000000001], [-100.60549896215876, 46.56000000000001], [-100.64000000000004, 46.60914259722539], [-100.71802185163892, 46.64000000000001], [-100.64000000000004, 46.66624371373308], [-100.5923428170004, 46.64000000000001], [-100.56000000000006, 46.62046255039254], [-100.51994377284234, 46.56000000000001], [-100.52456456456461, 46.48000000000001], [-100.50319639040613, 46.40000000000001], [-100.48000000000005, 46.37416556466545], [-100.40000000000006, 46.37093111279335], [-100.36002376708265, 46.320000000000014], [-100.32000000000005, 46.302226912928774], [-100.25230150753775, 46.320000000000014], [-100.32000000000005, 46.38202578268878], [-100.3469613259669, 46.40000000000001], [-100.35352815395586, 46.48000000000001], [-100.32000000000005, 46.522724795640336], [-100.26319723183397, 46.56000000000001], [-100.27987500000006, 46.64000000000001], [-100.32000000000005, 46.66819654131211], [-100.36932566649247, 46.720000000000006], [-100.40000000000006, 46.784911504424784], [-100.41432773109248, 46.800000000000004], [-100.40000000000006, 46.812759588400375], [-100.32000000000005, 46.864000000000004], [-100.30358148893366, 46.88], [-100.32000000000005, 46.91007371007372], [-100.34040160642576, 46.96], [-100.34040160642576, 47.0], [-100.32000000000005, 47.0], [-100.28000000000006, 47.0], [-100.24000000000007, 47.0], [-100.20000000000006, 47.0], [-100.16000000000005, 47.0], [-100.12000000000006, 47.0], [-100.08000000000007, 47.0], [-100.04000000000006, 47.0], [-100.00000000000006, 47.0], [-99.96000000000006, 47.0], [-99.92000000000007, 47.0], [-99.88000000000007, 47.0], [-99.84000000000006, 47.0], [-99.82174537987686, 47.0], [-99.82174537987686, 46.96], [-99.83139307897079, 46.88], [-99.81658779576594, 46.800000000000004], [-99.76000000000008, 46.768257073000356], [-99.70764976958533, 46.800000000000004], [-99.68000000000006, 46.81006500314532], [-99.60000000000008, 46.81931912809209], [-99.52000000000007, 46.82971296027834], [-99.44000000000008, 46.835974759216214], [-99.37530502684244, 46.88], [-99.36000000000007, 46.89140363636364], [-99.28000000000009, 46.89797459165155], [-99.23849119865892, 46.88], [-99.20000000000007, 46.836556291390735], [-99.12857670979675, 46.800000000000004], [-99.12000000000009, 46.79622764227643], [-99.11505857295003, 46.800000000000004], [-99.07883817427394, 46.88], [-99.05949579831942, 46.96], [-99.05949579831942, 47.0], [-99.04000000000008, 47.0], [-99.00000000000009, 47.0], [-98.9600000000001, 47.0], [-98.92000000000009, 47.0], [-98.88000000000008, 47.0], [-98.84000000000009, 47.0], [-98.8000000000001, 47.0], [-98.76000000000009, 47.0], [-98.72000000000008, 47.0], [-98.68000000000009, 47.0], [-98.6400000000001, 47.0], [-98.6000000000001, 47.0], [-98.56000000000009, 47.0], [-98.53171390013505, 47.0], [-98.53171390013505, 46.96], [-98.4800000000001, 46.92051519835137], [-98.40000000000009, 46.881013941698356], [-98.3200000000001, 46.89160137457045], [-98.2400000000001, 46.94841487279844], [-98.2130869899924, 46.88], [-98.20277392510413, 46.800000000000004], [-98.16138528138538, 46.720000000000006], [-98.2400000000001, 46.69356622998545], [-98.27039330543943, 46.720000000000006], [-98.3200000000001, 46.74655913978495], [-98.40000000000009, 46.74975735084214], [-98.4800000000001, 46.75924119241193], [-98.56000000000009, 46.762702702702704], [-98.58188365650979, 46.720000000000006], [-98.62268656716427, 46.64000000000001], [-98.56000000000009, 46.610377833753155], [-98.4800000000001, 46.585339966832514], [-98.4186345381527, 46.56000000000001], [-98.41282700421951, 46.48000000000001], [-98.4800000000001, 46.4254794520548], [-98.49897959183683, 46.40000000000001], [-98.56000000000009, 46.32978473581215], [-98.6400000000001, 46.33209677419356], [-98.64791556728241, 46.320000000000014], [-98.6400000000001, 46.305257985258], [-98.61596380090506, 46.240000000000016], [-98.6400000000001, 46.16389684813755], [-98.64179656538978, 46.16000000000002], [-98.72000000000008, 46.115555555555574], [-98.8000000000001, 46.10183028286191], [-98.8423244552059, 46.16000000000002], [-98.87287899860927, 46.240000000000016], [-98.88000000000008, 46.24782874617738], [-98.93164113785566, 46.320000000000014], [-98.9600000000001, 46.3444759206799], [-98.99825634352644, 46.40000000000001], [-98.97108910891097, 46.48000000000001], [-99.04000000000008, 46.50207771609834], [-99.12000000000009, 46.50530852105779], [-99.17806741573041, 46.48000000000001], [-99.20000000000007, 46.406060606060606], [-99.20313725490203, 46.40000000000001], [-99.28000000000009, 46.365553602811964], [-99.31536152796734, 46.320000000000014], [-99.36000000000007, 46.282217090069295], [-99.38622668579634, 46.240000000000016], [-99.36000000000007, 46.20106496272632], [-99.31785792349734, 46.16000000000002], [-99.36000000000007, 46.12288739172283], [-99.44000000000008, 46.14749809885933], [-99.51728341314765, 46.08000000000002], [-99.52000000000007, 46.07451187335094], [-99.5830303030304, 46.08000000000002], [-99.60000000000008, 46.08210262828538], [-99.60338709677426, 46.08000000000002], [-99.68000000000006, 46.04950240770467], [-99.76000000000008, 46.00996555683125], [-99.78618401206643, 46.00000000000002], [-99.84000000000006, 45.951848852901506], [-99.88826175869127, 45.92000000000002], [-99.86636959370911, 45.840000000000025], [-99.92000000000007, 45.79398973051987], [-100.00000000000006, 45.81018755550914], [-100.08000000000007, 45.82990650877039], [-100.16000000000005, 45.814724857685036], [-100.24000000000007, 45.788824531516205], [-100.32000000000005, 45.78348748408997]], [[-99.60000000000008, 46.64899884035563], [-99.61182326053842, 46.64000000000001], [-99.60000000000008, 46.626496519721584], [-99.54294117647066, 46.64000000000001], [-99.60000000000008, 46.64899884035563]], [[-99.96191653786714, 46.64000000000001], [-99.92000000000007, 46.56229226361032], [-99.90337216431644, 46.64000000000001], [-99.92000000000007, 46.70234482758622], [-99.96191653786714, 46.64000000000001]], [[-99.28000000000009, 46.72996188055909], [-99.29510597302513, 46.720000000000006], [-99.28000000000009, 46.714047076689454], [-99.27326460481108, 46.720000000000006], [-99.28000000000009, 46.72996188055909]], [[-100.64000000000004, 46.32200069468567], [-100.64135945244281, 46.320000000000014], [-100.64000000000004, 46.3164684242796], [-100.61750000000006, 46.320000000000014], [-100.64000000000004, 46.32200069468567]], [[-100.00000000000006, 46.5375433999345], [-100.08000000000007, 46.54420017873102], [-100.13249543295585, 46.48000000000001], [-100.13676104190267, 46.40000000000001], [-100.1382849426064, 46.320000000000014], [-100.08000000000007, 46.2829686829687], [-100.01425742574264, 46.320000000000014], [-100.00000000000006, 46.32807592752374], [-99.92000000000007, 46.35999916419509], [-99.8705145067699, 46.40000000000001], [-99.88354485776811, 46.48000000000001], [-99.92000000000007, 46.55952267303103], [-100.00000000000006, 46.5375433999345]], [[-98.8000000000001, 46.32122931442082], [-98.8017247097845, 46.320000000000014], [-98.8000000000001, 46.318443113772474], [-98.79850574712653, 46.320000000000014], [-98.8000000000001, 46.32122931442082]], [[-99.68000000000006, 46.25383966244727], [-99.70248286367105, 46.240000000000016], [-99.68000000000006, 46.19365777080065], [-99.62953846153853, 46.240000000000016], [-99.68000000000006, 46.25383966244727]], [[-99.76000000000008, 46.165815324165045], [-99.78077192982462, 46.16000000000002], [-99.76000000000008, 46.156297686053804], [-99.74269005847961, 46.16000000000002], [-99.76000000000008, 46.165815324165045]], [[-100.11476309226938, 46.800000000000004], [-100.08000000000007, 46.78653465346535], [-100.04964616222108, 46.800000000000004], [-100.08000000000007, 46.81731139397703], [-100.11476309226938, 46.800000000000004]]], [[[-101.8164403669725, 46.56000000000001], [-101.8164403669725, 46.52000000000001], [-101.84000000000003, 46.52000000000001], [-101.88000000000002, 46.52000000000001], [-101.88000000000002, 46.56000000000001], [-101.88000000000002, 46.577112394491344], [-101.84594844679447, 46.60000000000001], [-101.84000000000003, 46.612195121951224], [-101.8164403669725, 46.56000000000001]]], [[[-100.7920151228734, 46.720000000000006], [-100.80000000000004, 46.71054187192119], [-100.80603428571433, 46.720000000000006], [-100.80000000000004, 46.72809505557685], [-100.7920151228734, 46.720000000000006]]], [[[-101.52000000000004, 46.754925864909396], [-101.44000000000003, 46.78705202312138], [-101.43381215469616, 46.800000000000004], [-101.36000000000004, 46.815990424895276], [-101.33562043795624, 46.800000000000004], [-101.33932681867539, 46.720000000000006], [-101.36000000000004, 46.70973031283712], [-101.44000000000003, 46.71261616804584], [-101.52000000000004, 46.67867446393763], [-101.60000000000002, 46.66473324213407], [-101.65358090185678, 46.720000000000006], [-101.60000000000002, 46.779324522760646], [-101.52000000000004, 46.754925864909396]]], [[[-101.88019550342133, 47.0], [-101.88000000000002, 47.0], [-101.84000000000003, 47.0], [-101.80000000000003, 47.0], [-101.76000000000002, 47.0], [-101.72000000000003, 47.0], [-101.68000000000004, 47.0], [-101.64000000000003, 47.0], [-101.60000000000002, 47.0], [-101.56000000000003, 47.0], [-101.52000000000004, 47.0], [-101.48000000000003, 47.0], [-101.45093308199814, 47.0], [-101.45093308199814, 46.96], [-101.51057176196036, 46.88], [-101.52000000000004, 46.86176072234764], [-101.60000000000002, 46.81684210526316], [-101.68000000000004, 46.84131147540984], [-101.71030497592298, 46.88], [-101.76000000000002, 46.90011042546281], [-101.84000000000003, 46.92965313653137], [-101.88019550342133, 46.96], [-101.88019550342133, 47.0]]], [[[-101.20000000000005, 47.0], [-101.16000000000004, 47.0], [-101.12000000000003, 47.0], [-101.1003455541509, 47.0], [-101.1003455541509, 46.96], [-101.12000000000003, 46.91887125220459], [-101.20000000000005, 46.947756097560976], [-101.28000000000003, 46.93335598980459], [-101.31015384615388, 46.96], [-101.31015384615388, 47.0], [-101.28000000000003, 47.0], [-101.24000000000004, 47.0], [-101.20000000000005, 47.0]]], [[[-98.12338698390494, 47.0], [-98.12338698390494, 46.96], [-98.16000000000011, 46.92548812664908], [-98.23186813186824, 46.96], [-98.23186813186824, 47.0], [-98.2000000000001, 47.0], [-98.16000000000011, 47.0], [-98.12338698390494, 47.0]]], [[[-90.39684210526343, 39.96000000000015], [-90.40000000000026, 39.96000000000015], [-90.40181990521354, 39.96000000000015], [-90.40181990521354, 40.00000000000015], [-90.40000000000026, 40.00238065716072], [-90.39684210526343, 40.00000000000015], [-90.39684210526343, 39.96000000000015]]], [[[-90.08000000000027, 40.14389989572486], [-90.16000000000028, 40.09395973154377], [-90.18435643564383, 40.160000000000146], [-90.16000000000028, 40.1775609756099], [-90.08000000000027, 40.18159440559455], [-90.04514672686257, 40.160000000000146], [-90.08000000000027, 40.14389989572486]]], [[[-90.00000000000028, 40.33002070393389], [-89.92000000000027, 40.33305263157909], [-89.84250000000026, 40.32000000000014], [-89.92000000000027, 40.31481171548131], [-90.00000000000028, 40.30389351081545], [-90.08000000000027, 40.30195845697343], [-90.08801582069903, 40.32000000000014], [-90.08000000000027, 40.33077059344567], [-90.00000000000028, 40.33002070393389]]], [[[-89.76000000000028, 40.406666666666816], [-89.75356321839108, 40.40000000000014], [-89.76000000000028, 40.39878128400449], [-89.76861538461569, 40.40000000000014], [-89.76000000000028, 40.406666666666816]]], [[[-88.96000000000029, 40.59060827250622], [-88.93450861195572, 40.56000000000014], [-88.88000000000031, 40.49689149560131], [-88.86479408658953, 40.48000000000014], [-88.88000000000031, 40.44215505913286], [-88.96000000000029, 40.41323410852727], [-89.0400000000003, 40.445566119274126], [-89.07378179762607, 40.48000000000014], [-89.0400000000003, 40.52813532017734], [-88.9911001236097, 40.56000000000014], [-88.96000000000029, 40.59060827250622]], [[-88.96000000000029, 40.462846511628044], [-88.9379733227158, 40.48000000000014], [-88.96000000000029, 40.50327303323531], [-88.9884494728725, 40.48000000000014], [-88.96000000000029, 40.462846511628044]]], [[[-89.7048858833477, 40.80000000000013], [-89.68000000000029, 40.820968660968795], [-89.60000000000028, 40.85540845070436], [-89.53459684123054, 40.80000000000013], [-89.5200000000003, 40.76405322415572], [-89.44000000000028, 40.77923875432539], [-89.40434818825518, 40.720000000000134], [-89.40527900797194, 40.640000000000136], [-89.44000000000028, 40.5852131376661], [-89.5200000000003, 40.6055563636365], [-89.54873394495442, 40.56000000000014], [-89.60000000000028, 40.50629505045665], [-89.65723849372414, 40.48000000000014], [-89.68000000000029, 40.429629629629765], [-89.73107981220686, 40.48000000000014], [-89.73123984840309, 40.56000000000014], [-89.72777887463009, 40.640000000000136], [-89.71445255474481, 40.720000000000134], [-89.7048858833477, 40.80000000000013]], [[-89.61296618357517, 40.720000000000134], [-89.60000000000028, 40.69719626168238], [-89.58701185579511, 40.720000000000134], [-89.60000000000028, 40.73985207100605], [-89.61296618357517, 40.720000000000134]]], [[[-89.5200000000003, 40.91268929503929], [-89.48802043422762, 40.88000000000013], [-89.5200000000003, 40.83297652582173], [-89.55340893929315, 40.88000000000013], [-89.5200000000003, 40.91268929503929]]], [[[-90.40000000000026, 40.97936231884071], [-90.3577215189876, 40.96000000000013], [-90.40000000000026, 40.93712328767136], [-90.41533869115986, 40.96000000000013], [-90.40000000000026, 40.97936231884071]]], [[[-88.86160295930979, 41.120000000000125], [-88.8000000000003, 41.152653594771365], [-88.73230352303554, 41.120000000000125], [-88.8000000000003, 41.07822742474929], [-88.86160295930979, 41.120000000000125]]], [[[-89.3600000000003, 41.15531322505813], [-89.33034583536318, 41.120000000000125], [-89.3600000000003, 41.08656781987931], [-89.39604499703997, 41.120000000000125], [-89.3600000000003, 41.15531322505813]]], [[[-89.12000000000029, 41.39545778065363], [-89.05429256594753, 41.36000000000012], [-89.12000000000029, 41.30356333676634], [-89.18028602860315, 41.36000000000012], [-89.12000000000029, 41.39545778065363]]], [[[-88.8000000000003, 41.39941865916562], [-88.72000000000031, 41.36273972602752], [-88.71867109634582, 41.36000000000012], [-88.72000000000031, 41.35874608150482], [-88.8000000000003, 41.32403763900782], [-88.88000000000031, 41.336314067611895], [-88.90951086956552, 41.36000000000012], [-88.88000000000031, 41.37801742015773], [-88.8000000000003, 41.39941865916562]]], [[[-90.00000000000028, 41.53670807453428], [-89.97950476190503, 41.52000000000012], [-90.00000000000028, 41.500560072267504], [-90.0160477255782, 41.52000000000012], [-90.00000000000028, 41.53670807453428]]], [[[-89.68000000000029, 41.82310483870979], [-89.6251117930735, 41.76000000000011], [-89.68000000000029, 41.707083685545335], [-89.74684463427684, 41.76000000000011], [-89.68000000000029, 41.82310483870979]]], [[[-90.26145402022175, 41.84000000000011], [-90.24000000000026, 41.861929133858375], [-90.17112828438977, 41.84000000000011], [-90.24000000000026, 41.76904458598737], [-90.26145402022175, 41.84000000000011]]], [[[-89.5200000000003, 41.84962843295649], [-89.48514619883069, 41.84000000000011], [-89.5200000000003, 41.83081664098624], [-89.52999161777062, 41.84000000000011], [-89.5200000000003, 41.84962843295649]]], [[[-89.0400000000003, 41.88153130590351], [-89.12000000000029, 41.91329367225538], [-89.1283897158325, 41.92000000000011], [-89.12000000000029, 41.92718008106554], [-89.0400000000003, 41.956961155036204], [-88.98575176589334, 41.92000000000011], [-89.0400000000003, 41.88153130590351]]], [[[-88.72000000000031, 42.02786394557834], [-88.6400000000003, 42.00486301369874], [-88.6343369890332, 42.00000000000011], [-88.6400000000003, 41.99067323481127], [-88.65531672597895, 41.92000000000011], [-88.72000000000031, 41.86754401154412], [-88.8000000000003, 41.89586237318052], [-88.8382122905031, 41.92000000000011], [-88.8000000000003, 41.94577484691485], [-88.73208259587051, 42.00000000000011], [-88.72000000000031, 42.02786394557834]]], [[[-89.06369573568989, 42.4000000000001], [-89.10252953039499, 42.480000000000096], [-89.07286377056124, 42.560000000000095], [-89.09149897330626, 42.64000000000009], [-89.07011363636393, 42.72000000000009], [-89.0400000000003, 42.76288604180724], [-88.96000000000029, 42.77573670886085], [-88.92561074664198, 42.72000000000009], [-88.96000000000029, 42.657418988061494], [-88.9735335689049, 42.64000000000009], [-88.97711057304308, 42.560000000000095], [-88.96284393885561, 42.480000000000096], [-88.96251256281437, 42.4000000000001], [-88.96000000000029, 42.398878295008515], [-88.88221238938083, 42.3200000000001], [-88.88000000000031, 42.31285714285725], [-88.83148632580291, 42.2400000000001], [-88.88000000000031, 42.218216764548956], [-88.96000000000029, 42.1920000000001], [-89.03257099002332, 42.1600000000001], [-89.0400000000003, 42.15388502842714], [-89.05510140405646, 42.1600000000001], [-89.12000000000029, 42.17445950643041], [-89.17237777777807, 42.2400000000001], [-89.14408808042155, 42.3200000000001], [-89.12000000000029, 42.340446972775396], [-89.06369573568989, 42.4000000000001]], [[-89.02449478604848, 42.3200000000001], [-89.0400000000003, 42.33144373673046], [-89.05102813299263, 42.3200000000001], [-89.06063233965703, 42.2400000000001], [-89.0400000000003, 42.229734831460775], [-89.02367405289522, 42.2400000000001], [-89.02449478604848, 42.3200000000001]]], [[[-88.78958579881687, 42.960000000000086], [-88.77859872611495, 42.88000000000009], [-88.8000000000003, 42.87253333333342], [-88.81668874172216, 42.88000000000009], [-88.8413422818795, 42.960000000000086], [-88.8105183312266, 43.040000000000084], [-88.8000000000003, 43.049296089385564], [-88.78288065843651, 43.040000000000084], [-88.78958579881687, 42.960000000000086]]], [[[-89.5200000000003, 43.16787463271311], [-89.48291350531136, 43.12000000000008], [-89.44000000000028, 43.09650674974048], [-89.40797281993234, 43.12000000000008], [-89.44000000000028, 43.17456825856255], [-89.47564570655878, 43.20000000000008], [-89.44000000000028, 43.22780590717308], [-89.3600000000003, 43.233878406708676], [-89.28000000000029, 43.23765158806553], [-89.2000000000003, 43.2493833605221], [-89.14244866920181, 43.20000000000008], [-89.12000000000029, 43.14048387096783], [-89.09677714285743, 43.12000000000008], [-89.12000000000029, 43.10161085972859], [-89.2000000000003, 43.04369028006598], [-89.20219070904675, 43.040000000000084], [-89.28000000000029, 42.97882352941185], [-89.35418181818211, 42.960000000000086], [-89.3600000000003, 42.9526857142858], [-89.44000000000028, 42.919202279202366], [-89.5200000000003, 42.90165979988237], [-89.57162500000028, 42.960000000000086], [-89.5904624431973, 43.040000000000084], [-89.56942366026318, 43.12000000000008], [-89.5200000000003, 43.16787463271311]]], [[[-89.25629116117881, 43.520000000000074], [-89.28000000000029, 43.49459610027863], [-89.3600000000003, 43.4439810426541], [-89.38526315789501, 43.440000000000076], [-89.44000000000028, 43.433046800382115], [-89.44399560922092, 43.440000000000076], [-89.44200956937829, 43.520000000000074], [-89.44000000000028, 43.524772727272804], [-89.3600000000003, 43.55442060085844], [-89.28000000000029, 43.548619246861996], [-89.25629116117881, 43.520000000000074]]], [[[-89.28000000000029, 43.696481069042385], [-89.24276729559777, 43.68000000000007], [-89.28000000000029, 43.64991869918706], [-89.31973154362446, 43.68000000000007], [-89.28000000000029, 43.696481069042385]]], [[[-88.8000000000003, 43.830091743119326], [-88.88000000000031, 43.81730232558146], [-88.88392598551921, 43.84000000000007], [-88.88000000000031, 43.84257248286775], [-88.8000000000003, 43.84186206896559], [-88.79551867219946, 43.84000000000007], [-88.8000000000003, 43.830091743119326]]], [[[-89.48761343547466, 44.480000000000054], [-89.5200000000003, 44.44122751322757], [-89.55462047244123, 44.480000000000054], [-89.54363327674052, 44.56000000000005], [-89.5200000000003, 44.58046306504966], [-89.49434101382518, 44.56000000000005], [-89.48761343547466, 44.480000000000054]]], [[[-88.55175925925957, 39.96000000000015], [-88.56000000000031, 39.96000000000015], [-88.56966078697452, 39.96000000000015], [-88.56966078697452, 40.00000000000015], [-88.56000000000031, 40.01575221238953], [-88.55175925925957, 40.00000000000015], [-88.55175925925957, 39.96000000000015]]], [[[-88.24000000000032, 40.207371937639344], [-88.17918513223763, 40.160000000000146], [-88.16000000000031, 40.13022739877996], [-88.12124946512655, 40.08000000000015], [-88.16000000000031, 40.03035087719313], [-88.24000000000032, 40.01045771916229], [-88.3200000000003, 40.03678625568484], [-88.35593277310956, 40.08000000000015], [-88.3200000000003, 40.146346004654916], [-88.31250106518992, 40.160000000000146], [-88.24000000000032, 40.207371937639344]], [[-88.24000000000032, 40.07252133436788], [-88.22848955223913, 40.08000000000015], [-88.24000000000032, 40.09637367303624], [-88.2512979783185, 40.08000000000015], [-88.24000000000032, 40.07252133436788]]], [[[-87.60000000000034, 40.222684335712], [-87.53823903582223, 40.160000000000146], [-87.55990783410171, 40.08000000000015], [-87.60000000000034, 40.03920281359921], [-87.65809682804708, 40.08000000000015], [-87.68000000000032, 40.106802860061435], [-87.7186924219914, 40.160000000000146], [-87.68000000000032, 40.19259073842318], [-87.60000000000034, 40.222684335712]]], [[[-88.16000000000031, 40.36689428218854], [-88.10731977818885, 40.32000000000014], [-88.16000000000031, 40.27263813876208], [-88.20428904428935, 40.32000000000014], [-88.16000000000031, 40.36689428218854]]], [[[-88.6400000000003, 40.95225806451627], [-88.63153918791343, 40.88000000000013], [-88.6400000000003, 40.87140115163161], [-88.64603773584936, 40.88000000000013], [-88.6400000000003, 40.95225806451627]]], [[[-88.57236994219684, 41.04000000000013], [-88.56000000000031, 41.016155988858074], [-88.5258883248734, 40.96000000000013], [-88.56000000000031, 40.943185988323734], [-88.63636363636395, 40.96000000000013], [-88.6400000000003, 40.961608040201135], [-88.71335423197523, 41.04000000000013], [-88.6400000000003, 41.075082458770744], [-88.57236994219684, 41.04000000000013]]], [[[-87.38625719769706, 41.120000000000125], [-87.36000000000033, 41.0667704280157], [-87.28000000000034, 41.102213666987616], [-87.22808032128547, 41.04000000000013], [-87.28000000000034, 41.004716157205365], [-87.36000000000033, 41.029544072948454], [-87.44000000000034, 40.989232343910054], [-87.51458646616575, 41.04000000000013], [-87.51567567567601, 41.120000000000125], [-87.44000000000034, 41.147916251246386], [-87.38625719769706, 41.120000000000125]]], [[[-88.40000000000032, 41.1214945919372], [-88.39743243243274, 41.120000000000125], [-88.40000000000032, 41.11006535947724], [-88.40926829268325, 41.120000000000125], [-88.40000000000032, 41.1214945919372]]], [[[-88.45465731246658, 41.36000000000012], [-88.40000000000032, 41.433020908435594], [-88.32932309839529, 41.36000000000012], [-88.40000000000032, 41.31758793969861], [-88.45465731246658, 41.36000000000012]]], [[[-88.00000000000031, 41.10889267461682], [-88.01525146198863, 41.120000000000125], [-88.00000000000031, 41.13225563909787], [-87.92000000000033, 41.17948051948065], [-87.89893333333366, 41.200000000000124], [-87.87047058823562, 41.28000000000012], [-87.87505882352974, 41.36000000000012], [-87.92000000000033, 41.37299319727903], [-88.00000000000031, 41.38073703935053], [-88.03509513742104, 41.36000000000012], [-88.08000000000033, 41.3137254901962], [-88.11185185185217, 41.28000000000012], [-88.16000000000031, 41.203654159869615], [-88.16439215686306, 41.200000000000124], [-88.24000000000032, 41.16794679966762], [-88.2916890080432, 41.200000000000124], [-88.30271502590705, 41.28000000000012], [-88.30407628128756, 41.36000000000012], [-88.3200000000003, 41.367300546448206], [-88.3945739910317, 41.44000000000012], [-88.38109165808476, 41.52000000000012], [-88.40000000000032, 41.58442105263169], [-88.4800000000003, 41.59179487179499], [-88.492912988651, 41.600000000000115], [-88.56000000000031, 41.67247956403281], [-88.57314285714317, 41.68000000000011], [-88.56000000000031, 41.6871968709258], [-88.50348178137683, 41.76000000000011], [-88.52278139069566, 41.84000000000011], [-88.51016600790545, 41.92000000000011], [-88.4800000000003, 41.96094420600869], [-88.4640070298773, 42.00000000000011], [-88.4800000000003, 42.03327239488127], [-88.53016683022602, 42.080000000000105], [-88.54087774294702, 42.1600000000001], [-88.56000000000031, 42.22130653266341], [-88.56906211936693, 42.2400000000001], [-88.56000000000031, 42.24845454545465], [-88.52084210526345, 42.2400000000001], [-88.4800000000003, 42.23273408239711], [-88.47446899501101, 42.2400000000001], [-88.4800000000003, 42.250837988826916], [-88.51522048364184, 42.3200000000001], [-88.4800000000003, 42.344490603363106], [-88.40000000000032, 42.36235086168813], [-88.3200000000003, 42.39260590500652], [-88.30470119521944, 42.4000000000001], [-88.24000000000032, 42.46360313315937], [-88.16000000000031, 42.42022222222233], [-88.14247557003289, 42.480000000000096], [-88.08000000000033, 42.537382198952976], [-88.02333825701656, 42.480000000000096], [-88.00000000000031, 42.45813148788937], [-87.96409090909123, 42.480000000000096], [-87.99045171985112, 42.560000000000095], [-87.92324561403541, 42.64000000000009], [-87.98289334741321, 42.72000000000009], [-87.92000000000033, 42.78986510263939], [-87.84000000000032, 42.7973274300665], [-87.7933122721753, 42.72000000000009], [-87.83245682058545, 42.64000000000009], [-87.81193881553176, 42.560000000000095], [-87.82606642066453, 42.480000000000096], [-87.80953208749851, 42.4000000000001], [-87.82857142857175, 42.3200000000001], [-87.83013980868317, 42.2400000000001], [-87.77907916528684, 42.1600000000001], [-87.76000000000033, 42.14027397260284], [-87.70290348742937, 42.080000000000105], [-87.68000000000032, 42.05506621931849], [-87.64425902578829, 42.00000000000011], [-87.62519270988979, 41.92000000000011], [-87.60000000000034, 41.84233343567711], [-87.59858525688789, 41.84000000000011], [-87.5488857677906, 41.76000000000011], [-87.52000000000032, 41.71734531628079], [-87.46438095238128, 41.68000000000011], [-87.44000000000034, 41.66567453115559], [-87.36000000000033, 41.63840215612679], [-87.28000000000034, 41.61998129092621], [-87.20000000000033, 41.620893083533005], [-87.12000000000035, 41.63691011975271], [-87.04000000000033, 41.62830667765881], [-86.96783522488475, 41.600000000000115], [-86.9731757754804, 41.52000000000012], [-86.97495477386968, 41.44000000000012], [-87.04000000000033, 41.38981000387759], [-87.12000000000035, 41.41047970479717], [-87.20000000000033, 41.370789210789326], [-87.28000000000034, 41.38216636744476], [-87.30096208262626, 41.36000000000012], [-87.36000000000033, 41.2955651636814], [-87.39772455089853, 41.28000000000012], [-87.44000000000034, 41.25192842942358], [-87.46335814722944, 41.28000000000012], [-87.49648884578113, 41.36000000000012], [-87.52000000000032, 41.370376712328884], [-87.5777142857146, 41.36000000000012], [-87.60000000000034, 41.34703601108045], [-87.62550408719379, 41.36000000000012], [-87.68000000000032, 41.372307692307814], [-87.7241501103756, 41.36000000000012], [-87.76000000000033, 41.342814814814936], [-87.80711111111144, 41.28000000000012], [-87.79612903225839, 41.200000000000124], [-87.76451915128168, 41.120000000000125], [-87.76000000000033, 41.08945996275618], [-87.68000000000032, 41.10660907127443], [-87.60000000000034, 41.092588832487436], [-87.52437956204412, 41.04000000000013], [-87.60000000000034, 40.99058823529425], [-87.68000000000032, 40.992553846153974], [-87.76000000000033, 41.01792186201176], [-87.84000000000032, 41.034879328436645], [-87.84515856236818, 41.04000000000013], [-87.92000000000033, 41.07931149361478], [-88.00000000000031, 41.10889267461682]], [[-87.84000000000032, 42.70494845360834], [-87.8321944106929, 42.72000000000009], [-87.84000000000032, 42.73292815455835], [-87.85938442969254, 42.72000000000009], [-87.84000000000032, 42.70494845360834]], [[-87.52000000000032, 41.65552520018853], [-87.57248484848517, 41.68000000000011], [-87.58633895131119, 41.76000000000011], [-87.60000000000034, 41.78175988068617], [-87.63878336437028, 41.84000000000011], [-87.65706204561332, 41.92000000000011], [-87.68000000000032, 41.997262663535835], [-87.68243727598599, 42.00000000000011], [-87.75480940794841, 42.080000000000105], [-87.76000000000033, 42.0854794520549], [-87.83207684663829, 42.1600000000001], [-87.84000000000032, 42.172179226069346], [-87.92000000000033, 42.19869402985085], [-88.00000000000031, 42.2004095563141], [-88.02878444084311, 42.1600000000001], [-88.08000000000033, 42.12527472527483], [-88.11691756272434, 42.080000000000105], [-88.16000000000031, 42.05507516848118], [-88.24000000000032, 42.04110210696931], [-88.31563025210116, 42.080000000000105], [-88.3200000000003, 42.10101010101022], [-88.32144144144175, 42.080000000000105], [-88.35201761629538, 42.00000000000011], [-88.35755347091964, 41.92000000000011], [-88.35803111451192, 41.84000000000011], [-88.39029048029943, 41.76000000000011], [-88.3200000000003, 41.680364939719894], [-88.31826086956553, 41.68000000000011], [-88.24000000000032, 41.657826660800815], [-88.18532445923492, 41.600000000000115], [-88.22096627165027, 41.52000000000012], [-88.16000000000031, 41.48281345565761], [-88.08000000000033, 41.49307411907667], [-88.03172113289793, 41.52000000000012], [-88.00964539007124, 41.600000000000115], [-88.00000000000031, 41.6073118279571], [-87.9822959406376, 41.68000000000011], [-87.92000000000033, 41.71792718575616], [-87.84000000000032, 41.700638139995164], [-87.8185114602115, 41.68000000000011], [-87.84000000000032, 41.65473811686357], [-87.90637298091075, 41.600000000000115], [-87.88952853598047, 41.52000000000012], [-87.84000000000032, 41.50825536922636], [-87.77693522906826, 41.52000000000012], [-87.76000000000033, 41.531085832471675], [-87.7527272727276, 41.52000000000012], [-87.68000000000032, 41.49296343001273], [-87.6030437903808, 41.52000000000012], [-87.60000000000034, 41.52159518434925], [-87.59766519823822, 41.52000000000012], [-87.52000000000032, 41.48218766756044], [-87.44000000000034, 41.475672464998], [-87.37566947207378, 41.44000000000012], [-87.36000000000033, 41.43306233062342], [-87.35328083989535, 41.44000000000012], [-87.36000000000033, 41.46955266955279], [-87.38005737234685, 41.52000000000012], [-87.36000000000033, 41.54455056179787], [-87.334676074407, 41.600000000000115], [-87.36000000000033, 41.60760034652047], [-87.44000000000034, 41.61727767695111], [-87.52000000000032, 41.65552520018853]]], [[[-88.72000000000031, 43.25732154996609], [-88.65922882882913, 43.20000000000008], [-88.72000000000031, 43.13122349102782], [-88.78566978193177, 43.20000000000008], [-88.72000000000031, 43.25732154996609]]], [[[-88.5333625410737, 43.040000000000084], [-88.55291297550839, 43.12000000000008], [-88.4800000000003, 43.19918505942283], [-88.45120000000036, 43.20000000000008], [-88.45531914893648, 43.28000000000008], [-88.45517684887491, 43.36000000000008], [-88.40000000000032, 43.396510638297954], [-88.3200000000003, 43.426510538641764], [-88.30584766584798, 43.440000000000076], [-88.27642072213533, 43.520000000000074], [-88.28952380952414, 43.60000000000007], [-88.24000000000032, 43.60905923344955], [-88.23200000000031, 43.60000000000007], [-88.16442996742703, 43.520000000000074], [-88.16000000000031, 43.51943685300215], [-88.15613636363669, 43.520000000000074], [-88.08000000000033, 43.56962962962971], [-88.00000000000031, 43.55830220713081], [-87.92000000000033, 43.56594795539041], [-87.84000000000032, 43.523025210084114], [-87.8398904276369, 43.520000000000074], [-87.84000000000032, 43.51959866220743], [-87.8983095140877, 43.440000000000076], [-87.90889617486371, 43.36000000000008], [-87.92000000000033, 43.290331428571506], [-87.92433989438342, 43.28000000000008], [-87.92000000000033, 43.274114583333414], [-87.90387763772868, 43.20000000000008], [-87.88836781609227, 43.12000000000008], [-87.88052661275188, 43.040000000000084], [-87.86423634082387, 42.960000000000086], [-87.86912722535855, 42.88000000000009], [-87.92000000000033, 42.80549443561217], [-88.00000000000031, 42.81862801932376], [-88.08000000000033, 42.80337349397599], [-88.16000000000031, 42.81227467811168], [-88.2360481927714, 42.88000000000009], [-88.24000000000032, 42.88148955495013], [-88.25064935064967, 42.88000000000009], [-88.3200000000003, 42.85690810810819], [-88.39880239520988, 42.80000000000009], [-88.40000000000032, 42.79943542695845], [-88.40092915214898, 42.80000000000009], [-88.47714285714316, 42.88000000000009], [-88.4611904761908, 42.960000000000086], [-88.4800000000003, 42.97647979139513], [-88.5333625410737, 43.040000000000084]], [[-88.08000000000033, 43.20408026755861], [-88.08676524953822, 43.20000000000008], [-88.11862068965549, 43.12000000000008], [-88.16000000000031, 43.044195470798655], [-88.24000000000032, 43.07541699142643], [-88.26384675938105, 43.040000000000084], [-88.24000000000032, 43.00945210084042], [-88.16000000000031, 43.037611129962755], [-88.08000000000033, 42.96079854809446], [-88.07945879458826, 42.960000000000086], [-88.00000000000031, 42.927916563198494], [-87.92000000000033, 42.90692646134515], [-87.90073685411234, 42.960000000000086], [-87.9106187699834, 43.040000000000084], [-87.92000000000033, 43.10101529051996], [-87.9299391610634, 43.12000000000008], [-87.99048205128237, 43.20000000000008], [-88.00000000000031, 43.211707317073255], [-88.08000000000033, 43.20408026755861]]], [[[-88.56000000000031, 43.54238573021189], [-88.51902040816357, 43.520000000000074], [-88.56000000000031, 43.47959758551315], [-88.5823359288101, 43.520000000000074], [-88.56000000000031, 43.54238573021189]]], [[[-88.72000000000031, 43.72381338742401], [-88.67772994129189, 43.68000000000007], [-88.72000000000031, 43.6039436619719], [-88.74805194805225, 43.68000000000007], [-88.72000000000031, 43.72381338742401]]], [[[-88.00000000000031, 43.79865060240971], [-87.92000000000033, 43.784385026738036], [-87.84000000000032, 43.8388087056129], [-87.76000000000033, 43.80376068376075], [-87.74403024574701, 43.76000000000007], [-87.76000000000033, 43.691456389452405], [-87.84000000000032, 43.69641404805922], [-87.92000000000033, 43.71657142857149], [-88.00000000000031, 43.718924455825935], [-88.02343316289294, 43.76000000000007], [-88.00000000000031, 43.79865060240971]]], [[[-88.66706586826378, 43.920000000000066], [-88.72000000000031, 43.98476190476196], [-88.72489411764737, 44.000000000000064], [-88.8000000000003, 44.031808669656264], [-88.85761732852015, 44.000000000000064], [-88.88000000000031, 43.98844361602988], [-88.96000000000029, 43.98366111951595], [-88.97437125748533, 44.000000000000064], [-89.01293631100113, 44.08000000000006], [-89.0400000000003, 44.14025782688772], [-89.04568398727496, 44.16000000000006], [-89.0400000000003, 44.163459180380826], [-88.96000000000029, 44.1852631578948], [-88.94935779816544, 44.16000000000006], [-88.88000000000031, 44.11973368841551], [-88.8000000000003, 44.11584877687182], [-88.73009389671392, 44.16000000000006], [-88.8000000000003, 44.21967935871749], [-88.8673754152827, 44.24000000000006], [-88.8000000000003, 44.28147239263809], [-88.75112840466957, 44.32000000000006], [-88.75867315347222, 44.400000000000055], [-88.72000000000031, 44.440917173607914], [-88.6400000000003, 44.423630769230826], [-88.56000000000031, 44.42261980830677], [-88.4800000000003, 44.4564705882354], [-88.46315789473714, 44.400000000000055], [-88.40000000000032, 44.39811518324613], [-88.39439688715984, 44.400000000000055], [-88.38893890675273, 44.480000000000054], [-88.40000000000032, 44.50405594405599], [-88.42923264311847, 44.56000000000005], [-88.40000000000032, 44.63619047619053], [-88.39225806451645, 44.64000000000005], [-88.40000000000032, 44.6455555555556], [-88.44828828828861, 44.72000000000005], [-88.40000000000032, 44.74164199192468], [-88.338390804598, 44.72000000000005], [-88.3200000000003, 44.69600000000006], [-88.29894736842137, 44.72000000000005], [-88.24000000000032, 44.734282678002174], [-88.16000000000031, 44.759037199124776], [-88.08000000000033, 44.759237435008714], [-88.04514241724435, 44.72000000000005], [-88.03676662320763, 44.64000000000005], [-88.00000000000031, 44.58268292682932], [-87.95764705882385, 44.56000000000005], [-87.92000000000033, 44.55133624454154], [-87.90404503417804, 44.56000000000005], [-87.84000000000032, 44.593774385072145], [-87.76000000000033, 44.61719394773045], [-87.7117672727276, 44.64000000000005], [-87.68000000000032, 44.674447949526865], [-87.60000000000034, 44.677411273486484], [-87.57657516339901, 44.64000000000005], [-87.57135313531386, 44.56000000000005], [-87.57169230769263, 44.480000000000054], [-87.58160139251557, 44.400000000000055], [-87.58802494802528, 44.32000000000006], [-87.57486486486519, 44.24000000000006], [-87.60000000000034, 44.203927272727334], [-87.67130349237613, 44.16000000000006], [-87.67700069428406, 44.08000000000006], [-87.68000000000032, 44.07588440774855], [-87.73798657718154, 44.08000000000006], [-87.76000000000033, 44.09574400000006], [-87.77066088840769, 44.08000000000006], [-87.76000000000033, 44.018113207547245], [-87.75952079866921, 44.000000000000064], [-87.76000000000033, 43.9983028874485], [-87.84000000000032, 43.99245841035126], [-87.92000000000033, 43.975083333333394], [-87.99963855421719, 43.920000000000066], [-88.00000000000031, 43.91944444444451], [-88.08000000000033, 43.88455284552852], [-88.16000000000031, 43.89828393135732], [-88.24000000000032, 43.88531645569626], [-88.24855581576925, 43.920000000000066], [-88.25814634146373, 44.000000000000064], [-88.26148264984259, 44.08000000000006], [-88.26990237099055, 44.16000000000006], [-88.3200000000003, 44.18298512238048], [-88.40000000000032, 44.18914630276109], [-88.44387261146528, 44.16000000000006], [-88.4800000000003, 44.11048450458321], [-88.52403530895366, 44.08000000000006], [-88.50706062149801, 44.000000000000064], [-88.54139290407389, 43.920000000000066], [-88.4800000000003, 43.84548644338125], [-88.47687130513901, 43.84000000000007], [-88.40000000000032, 43.795875750456865], [-88.33918584070828, 43.76000000000007], [-88.40000000000032, 43.68819226750268], [-88.4800000000003, 43.69497285212399], [-88.56000000000031, 43.73058419243993], [-88.59899772209599, 43.76000000000007], [-88.60117647058854, 43.84000000000007], [-88.6400000000003, 43.890932475884306], [-88.66706586826378, 43.920000000000066]], [[-88.56000000000031, 43.98023957042551], [-88.54781456953673, 44.000000000000064], [-88.56000000000031, 44.02537931034489], [-88.58188472095182, 44.000000000000064], [-88.56000000000031, 43.98023957042551]], [[-88.3200000000003, 44.23417693169099], [-88.29508555783741, 44.24000000000006], [-88.3200000000003, 44.28364508393291], [-88.40000000000032, 44.31052215884166], [-88.4800000000003, 44.257940246045756], [-88.49537812594185, 44.24000000000006], [-88.4800000000003, 44.21167591564934], [-88.40000000000032, 44.22299799005613], [-88.3200000000003, 44.23417693169099]], [[-88.08000000000033, 44.426019296607585], [-88.00000000000031, 44.434223489758935], [-87.92000000000033, 44.477136770345176], [-87.91568400770745, 44.480000000000054], [-87.92000000000033, 44.48146724890835], [-88.00000000000031, 44.51125508939641], [-88.05883760683793, 44.56000000000005], [-88.08000000000033, 44.58766480446933], [-88.10737423991188, 44.56000000000005], [-88.12136417839288, 44.480000000000054], [-88.08000000000033, 44.426019296607585]]], [[[-87.68000000000032, 45.14724637681164], [-87.67367003367036, 45.12000000000004], [-87.68000000000032, 45.08597285067877], [-87.71133333333366, 45.12000000000004], [-87.68000000000032, 45.14724637681164]]], [[[-88.08000000000033, 45.196333333333364], [-88.08277165354363, 45.20000000000004], [-88.08000000000033, 45.20528528528533], [-88.00000000000031, 45.274520547945244], [-87.92776302349368, 45.20000000000004], [-87.93696969697001, 45.12000000000004], [-87.92000000000033, 45.07200000000006], [-87.84000000000032, 45.070097087378684], [-87.79974025974057, 45.04000000000004], [-87.84000000000032, 45.0332645301467], [-87.92000000000033, 45.02557939914166], [-88.00000000000031, 45.00705882352944], [-88.01285245901671, 45.04000000000004], [-88.02705202312171, 45.12000000000004], [-88.08000000000033, 45.196333333333364]]], [[[-87.92000000000033, 45.38294906166223], [-87.89637534498652, 45.360000000000035], [-87.92000000000033, 45.323728813559356], [-87.96121990369214, 45.360000000000035], [-87.92000000000033, 45.38294906166223]]], [[[-87.60000000000034, 45.444414535666255], [-87.59173803526481, 45.44000000000003], [-87.60000000000034, 45.433292433537865], [-87.61086092715266, 45.44000000000003], [-87.60000000000034, 45.444414535666255]]], [[[-87.39200000000012, 45.68000000000003], [-87.44000000000034, 45.6781102362205], [-87.49391304347859, 45.60000000000003], [-87.52000000000032, 45.57890109890113], [-87.53627118644101, 45.60000000000003], [-87.56037914691977, 45.68000000000003], [-87.52000000000032, 45.70513274336286], [-87.44000000000034, 45.68071005917163], [-87.39200000000012, 45.68000000000003]]], [[[-87.92000000000033, 45.79472868217057], [-87.87615658363022, 45.760000000000026], [-87.92000000000033, 45.734997463216665], [-87.97259338313799, 45.760000000000026], [-87.92000000000033, 45.79472868217057]]], [[[-88.08000000000033, 45.85566410981028], [-88.05333333333365, 45.840000000000025], [-88.08000000000033, 45.79555555555558], [-88.0924279308139, 45.840000000000025], [-88.08000000000033, 45.85566410981028]]], [[[-87.44640394088704, 46.40000000000001], [-87.44000000000034, 46.40179661407349], [-87.42778113460926, 46.40000000000001], [-87.44000000000034, 46.393867924528315], [-87.44640394088704, 46.40000000000001]]], [[[-87.68000000000032, 46.48065987384766], [-87.66827586206928, 46.48000000000001], [-87.68000000000032, 46.47952263952265], [-87.6809749103946, 46.48000000000001], [-87.68000000000032, 46.48065987384766]]], [[[-86.85439393939428, 39.96000000000015], [-86.88000000000034, 39.96000000000015], [-86.90731313131347, 39.96000000000015], [-86.90731313131347, 40.00000000000015], [-86.88000000000034, 40.042217017954876], [-86.85439393939428, 40.00000000000015], [-86.85439393939428, 39.96000000000015]]], [[[-86.16000000000037, 39.96000000000015], [-86.20000000000036, 39.96000000000015], [-86.20778740612398, 39.96000000000015], [-86.20778740612398, 40.00000000000015], [-86.16000000000037, 40.04841673983041], [-86.08442577030848, 40.08000000000015], [-86.08000000000035, 40.084048686739415], [-86.07653698630173, 40.08000000000015], [-86.00000000000037, 40.026889733840456], [-85.9756137931038, 40.00000000000015], [-85.9756137931038, 39.96000000000015], [-86.00000000000037, 39.96000000000015], [-86.04000000000036, 39.96000000000015], [-86.08000000000035, 39.96000000000015], [-86.12000000000036, 39.96000000000015], [-86.16000000000037, 39.96000000000015]]], [[[-86.88000000000034, 40.51512572533863], [-86.84985892116217, 40.48000000000014], [-86.80000000000035, 40.43319049474108], [-86.76857248247913, 40.40000000000014], [-86.80000000000035, 40.36930835734884], [-86.88000000000034, 40.33474012937779], [-86.96000000000035, 40.38461181923537], [-87.00256410256445, 40.40000000000014], [-86.9686416558865, 40.48000000000014], [-86.96000000000035, 40.487582292849176], [-86.88000000000034, 40.51512572533863]]], [[[-85.68000000000038, 40.57732394366211], [-85.67746522411166, 40.56000000000014], [-85.68000000000038, 40.55815695823202], [-85.68618867924566, 40.56000000000014], [-85.68000000000038, 40.57732394366211]]], [[[-85.12000000000037, 41.16755519215057], [-85.05313110886455, 41.200000000000124], [-85.04000000000039, 41.21243139757511], [-84.96000000000038, 41.2024839084698], [-84.95649143887091, 41.200000000000124], [-84.96000000000038, 41.189524663677254], [-84.97671410090595, 41.120000000000125], [-85.04000000000039, 41.0829702520628], [-85.08950265965215, 41.04000000000013], [-85.12000000000037, 40.997079157292006], [-85.20000000000039, 40.97725363489512], [-85.25434701492576, 41.04000000000013], [-85.23973663826528, 41.120000000000125], [-85.20000000000039, 41.14508414352902], [-85.12000000000037, 41.16755519215057]]], [[[-87.04000000000033, 41.22499459459472], [-87.01069708491795, 41.200000000000124], [-87.04000000000033, 41.14884955752225], [-87.12000000000035, 41.159491094147704], [-87.20000000000033, 41.15725585149326], [-87.2426752618859, 41.200000000000124], [-87.20000000000033, 41.237964157706216], [-87.12000000000035, 41.21144500359466], [-87.04000000000033, 41.22499459459472]]], [[[-86.72000000000034, 41.168630393996374], [-86.80000000000035, 41.16895608351344], [-86.86493975903649, 41.200000000000124], [-86.80000000000035, 41.23469026548685], [-86.72000000000034, 41.25411003236258], [-86.67529411764741, 41.200000000000124], [-86.72000000000034, 41.168630393996374]]], [[[-86.67752212389415, 41.28000000000012], [-86.64000000000036, 41.30924137931047], [-86.61633928571463, 41.28000000000012], [-86.64000000000036, 41.252105263158015], [-86.67752212389415, 41.28000000000012]]], [[[-84.8800000000004, 41.31256609642314], [-84.83614659685902, 41.28000000000012], [-84.8800000000004, 41.2601985815604], [-84.89494842294414, 41.28000000000012], [-84.8800000000004, 41.31256609642314]]], [[[-84.48000000000039, 41.39756920999337], [-84.45511627907017, 41.36000000000012], [-84.48000000000039, 41.32285466319526], [-84.51228314476396, 41.36000000000012], [-84.48000000000039, 41.39756920999337]]], [[[-86.05256410256446, 41.44000000000012], [-86.00000000000037, 41.49475792988326], [-85.96893939393975, 41.44000000000012], [-86.00000000000037, 41.41688513037362], [-86.05256410256446, 41.44000000000012]]], [[[-84.5600000000004, 41.59777637397358], [-84.49772382397612, 41.52000000000012], [-84.5600000000004, 41.47271889400933], [-84.58227840248198, 41.52000000000012], [-84.5600000000004, 41.59777637397358]]], [[[-84.4627027027031, 41.68000000000011], [-84.4000000000004, 41.70397010331953], [-84.32880446927415, 41.76000000000011], [-84.32000000000039, 41.765599573636635], [-84.30639620198572, 41.76000000000011], [-84.29559584239827, 41.68000000000011], [-84.2864563665673, 41.600000000000115], [-84.28803197868127, 41.52000000000012], [-84.32000000000039, 41.47956761441618], [-84.38718116415998, 41.44000000000012], [-84.4000000000004, 41.42769568799792], [-84.42102299389997, 41.44000000000012], [-84.46325848065018, 41.52000000000012], [-84.4000000000004, 41.58004535147404], [-84.3814424293551, 41.600000000000115], [-84.4000000000004, 41.62300052273927], [-84.4627027027031, 41.68000000000011]]], [[[-86.93055364643028, 41.68000000000011], [-86.88000000000034, 41.719640718562985], [-86.80000000000035, 41.69494600431977], [-86.74193006993042, 41.68000000000011], [-86.72000000000034, 41.67348837209314], [-86.64000000000036, 41.60040201005037], [-86.63904000000034, 41.600000000000115], [-86.64000000000036, 41.59955140186927], [-86.72000000000034, 41.53634532374112], [-86.78458394160619, 41.600000000000115], [-86.80000000000035, 41.64034383954166], [-86.88000000000034, 41.607867066194615], [-86.93055364643028, 41.68000000000011]]], [[[-84.8800000000004, 42.00420772303606], [-84.87640091116212, 42.00000000000011], [-84.8800000000004, 41.996035131744144], [-84.88329166666705, 42.00000000000011], [-84.8800000000004, 42.00420772303606]]], [[[-84.1600000000004, 42.090364098221954], [-84.14705446853557, 42.080000000000105], [-84.1600000000004, 42.0555200000001], [-84.16625926872963, 42.080000000000105], [-84.1600000000004, 42.090364098221954]]], [[[-84.0400000000004, 42.13246172941673], [-84.08000000000041, 42.13246172941673], [-84.10304709141315, 42.1600000000001], [-84.08000000000041, 42.17421311125357], [-84.0400000000004, 42.17421311125357], [-84.0400000000004, 42.1600000000001], [-84.0400000000004, 42.13246172941673]]], [[[-86.44789115646294, 41.600000000000115], [-86.48000000000036, 41.63180592991925], [-86.56000000000034, 41.660613496932626], [-86.56939078751893, 41.68000000000011], [-86.56000000000034, 41.69055091819711], [-86.48000000000036, 41.73282127031031], [-86.40000000000035, 41.727201946472135], [-86.38457665903925, 41.76000000000011], [-86.39739910313936, 41.84000000000011], [-86.40000000000035, 41.84808362369348], [-86.48000000000036, 41.87569892473129], [-86.56000000000034, 41.854727744166055], [-86.57378605330447, 41.92000000000011], [-86.56000000000034, 41.942836407620305], [-86.52067401705881, 42.00000000000011], [-86.50254556784581, 42.080000000000105], [-86.48000000000036, 42.10936092513705], [-86.41322632423791, 42.1600000000001], [-86.40000000000035, 42.17185043144785], [-86.32259188674144, 42.2400000000001], [-86.32000000000036, 42.24391447368431], [-86.26168294989006, 42.3200000000001], [-86.2567893961712, 42.4000000000001], [-86.24000000000035, 42.42896157510331], [-86.18581254214466, 42.480000000000096], [-86.17147742452615, 42.560000000000095], [-86.1642470205854, 42.64000000000009], [-86.16969192969229, 42.72000000000009], [-86.17895660653376, 42.80000000000009], [-86.17557671957708, 42.88000000000009], [-86.1808146420244, 42.960000000000086], [-86.1962122229688, 43.040000000000084], [-86.20949290060888, 43.12000000000008], [-86.24000000000035, 43.12691812327515], [-86.28682581786066, 43.20000000000008], [-86.26188505747162, 43.28000000000008], [-86.24000000000035, 43.3505185185186], [-86.16000000000037, 43.33457627118653], [-86.11987538940845, 43.28000000000008], [-86.08000000000035, 43.26448484848493], [-86.04268221574381, 43.28000000000008], [-86.08000000000035, 43.30956120092386], [-86.14275862069002, 43.36000000000008], [-86.10972781065125, 43.440000000000076], [-86.13158129175983, 43.520000000000074], [-86.16000000000037, 43.576964285714354], [-86.20264462809953, 43.60000000000007], [-86.24000000000035, 43.60570347003162], [-86.24480595428, 43.60000000000007], [-86.24329284750372, 43.520000000000074], [-86.31061333333369, 43.440000000000076], [-86.32000000000036, 43.427398568019164], [-86.40000000000035, 43.41638709677427], [-86.41713032031629, 43.440000000000076], [-86.42085529157703, 43.520000000000074], [-86.48000000000036, 43.58431188351346], [-86.49040984883938, 43.60000000000007], [-86.48000000000036, 43.63754918493543], [-86.44664310954099, 43.68000000000007], [-86.40000000000035, 43.71805405405412], [-86.33908948194698, 43.76000000000007], [-86.32000000000036, 43.791832460733055], [-86.24000000000035, 43.78807017543867], [-86.20372315035836, 43.76000000000007], [-86.16000000000037, 43.72881702127667], [-86.08000000000035, 43.72502384737686], [-86.00000000000037, 43.74164609053505], [-85.94507791017452, 43.68000000000007], [-85.92948289578398, 43.60000000000007], [-85.92000000000036, 43.58387009472268], [-85.86824561403544, 43.520000000000074], [-85.84000000000037, 43.49431704885352], [-85.80739240506367, 43.520000000000074], [-85.77979381443336, 43.60000000000007], [-85.76000000000036, 43.65113801452792], [-85.71758007117475, 43.68000000000007], [-85.76000000000036, 43.737584541062866], [-85.76865671641828, 43.76000000000007], [-85.84000000000037, 43.80179234972684], [-85.88624338624375, 43.84000000000007], [-85.92000000000036, 43.866228160328944], [-86.00000000000037, 43.845911330049326], [-86.08000000000035, 43.897957610790044], [-86.09495424836638, 43.920000000000066], [-86.16000000000037, 43.9536443542935], [-86.24000000000035, 43.95209876543216], [-86.28760736196355, 44.000000000000064], [-86.30289532294023, 44.08000000000006], [-86.29075528700942, 44.16000000000006], [-86.28238256658632, 44.24000000000006], [-86.24612070156091, 44.32000000000006], [-86.24000000000035, 44.33357011635033], [-86.20013230430025, 44.400000000000055], [-86.17083509961884, 44.480000000000054], [-86.164939073924, 44.56000000000005], [-86.16000000000037, 44.57208747514916], [-86.09020024519856, 44.64000000000005], [-86.08000000000035, 44.648636678200745], [-86.00000000000037, 44.696927789934406], [-85.96682190056676, 44.72000000000005], [-85.96429803921605, 44.80000000000005], [-85.92000000000036, 44.82350395339164], [-85.85119107957462, 44.880000000000045], [-85.84000000000037, 44.88413173652699], [-85.76000000000036, 44.90508529650695], [-85.70463554463592, 44.96000000000004], [-85.68000000000038, 45.015755329008385], [-85.66441854441891, 44.96000000000004], [-85.66745166195996, 44.880000000000045], [-85.65194287009786, 44.80000000000005], [-85.60000000000036, 44.77075686024255], [-85.52000000000038, 44.75696969696975], [-85.48092270335934, 44.80000000000005], [-85.44000000000037, 44.83926227916914], [-85.36000000000038, 44.8093292053664], [-85.28000000000037, 44.84855995410217], [-85.24774573278437, 44.880000000000045], [-85.23712112346439, 44.96000000000004], [-85.23329236172118, 45.04000000000004], [-85.28000000000037, 45.079524517087705], [-85.29949892627096, 45.12000000000004], [-85.29585089141042, 45.20000000000004], [-85.28000000000037, 45.238499726626614], [-85.27455812635793, 45.24000000000004], [-85.24000000000038, 45.24746838646479], [-85.24000000000038, 45.24000000000004], [-85.20000000000039, 45.24000000000004], [-85.1620283975663, 45.24000000000004], [-85.1620283975663, 45.20000000000004], [-85.12000000000037, 45.18234592445332], [-85.08000000000038, 45.18470918367351], [-85.08000000000038, 45.16000000000004], [-85.04000000000039, 45.16000000000004], [-85.00000000000038, 45.16000000000004], [-85.00000000000038, 45.12000000000004], [-85.00000000000038, 45.08000000000004], [-84.96000000000038, 45.08000000000004], [-84.92000000000039, 45.08000000000004], [-84.8800000000004, 45.08000000000004], [-84.84000000000039, 45.08000000000004], [-84.84000000000039, 45.04000000000004], [-84.84000000000039, 45.00000000000004], [-84.81817491806146, 45.00000000000004], [-84.82521177315186, 44.96000000000004], [-84.83959322033937, 44.880000000000045], [-84.80000000000038, 44.84268370607034], [-84.7200000000004, 44.843174179187585], [-84.68000000000039, 44.85385587863469], [-84.68000000000039, 44.840000000000046], [-84.64000000000038, 44.840000000000046], [-84.60000000000039, 44.840000000000046], [-84.5600000000004, 44.840000000000046], [-84.5200000000004, 44.840000000000046], [-84.5200000000004, 44.80000000000005], [-84.5200000000004, 44.76000000000005], [-84.48000000000039, 44.76000000000005], [-84.4400000000004, 44.76000000000005], [-84.4400000000004, 44.72000000000005], [-84.4400000000004, 44.68000000000005], [-84.4000000000004, 44.68000000000005], [-84.3600000000004, 44.68000000000005], [-84.32000000000039, 44.68000000000005], [-84.2800000000004, 44.68000000000005], [-84.2800000000004, 44.64000000000005], [-84.2800000000004, 44.61809924543387], [-84.32000000000039, 44.61050292064402], [-84.4000000000004, 44.60436018957351], [-84.48000000000039, 44.577291925465886], [-84.50817813765221, 44.56000000000005], [-84.54018191546321, 44.480000000000054], [-84.5600000000004, 44.44801381692579], [-84.64000000000038, 44.43974358974364], [-84.64387057010825, 44.480000000000054], [-84.7200000000004, 44.54160598503746], [-84.80000000000038, 44.5198057395144], [-84.8673338312177, 44.480000000000054], [-84.8800000000004, 44.46310756972117], [-84.9265934065938, 44.480000000000054], [-84.96000000000038, 44.4877898782832], [-85.04000000000039, 44.53148036253781], [-85.07673151751011, 44.56000000000005], [-85.12000000000037, 44.57468956406874], [-85.13657228017922, 44.56000000000005], [-85.20000000000039, 44.528474074074126], [-85.25675628794487, 44.480000000000054], [-85.20382107657353, 44.400000000000055], [-85.20000000000039, 44.37454545454552], [-85.12000000000037, 44.32117216117222], [-85.11860465116317, 44.32000000000006], [-85.12000000000037, 44.31837837837843], [-85.1690486257932, 44.24000000000006], [-85.12000000000037, 44.17746630727769], [-85.04000000000039, 44.23046511627913], [-85.0296611505126, 44.24000000000006], [-84.96912188728741, 44.32000000000006], [-84.96000000000038, 44.32514032496313], [-84.8800000000004, 44.33580547112468], [-84.83530085959924, 44.32000000000006], [-84.82738589211657, 44.24000000000006], [-84.86182101167354, 44.16000000000006], [-84.80000000000038, 44.102601156069426], [-84.72218905472675, 44.08000000000006], [-84.72078516902984, 44.000000000000064], [-84.7200000000004, 43.99943706020335], [-84.71863117870761, 44.000000000000064], [-84.64000000000038, 44.043813559322096], [-84.61075342465793, 44.08000000000006], [-84.5600000000004, 44.103329397874916], [-84.4851948051952, 44.16000000000006], [-84.48000000000039, 44.164416961130804], [-84.4000000000004, 44.16110726643605], [-84.32244897959224, 44.24000000000006], [-84.4000000000004, 44.27877551020414], [-84.48000000000039, 44.29401515151521], [-84.5600000000004, 44.30180327868858], [-84.64000000000038, 44.312929623567975], [-84.64392905866342, 44.32000000000006], [-84.64000000000038, 44.35285171102668], [-84.5600000000004, 44.35118525021955], [-84.48000000000039, 44.35004379562049], [-84.4000000000004, 44.356951219512254], [-84.36052117263883, 44.32000000000006], [-84.32000000000039, 44.24225000000006], [-84.2400000000004, 44.27430932703666], [-84.16286995515735, 44.32000000000006], [-84.2400000000004, 44.390172257479655], [-84.32000000000039, 44.36058727569337], [-84.35688549618361, 44.400000000000055], [-84.32142984807903, 44.480000000000054], [-84.32000000000039, 44.48124416796273], [-84.31135135135175, 44.480000000000054], [-84.2400000000004, 44.44972477064226], [-84.19646586345421, 44.400000000000055], [-84.1600000000004, 44.339264214046885], [-84.13790754257948, 44.400000000000055], [-84.08000000000041, 44.46877192982462], [-84.0400000000004, 44.46877192982462], [-84.0400000000004, 44.440000000000055], [-84.0400000000004, 44.400000000000055], [-84.0400000000004, 44.360000000000056], [-84.0400000000004, 44.32000000000006], [-84.0400000000004, 44.28000000000006], [-84.0400000000004, 44.24000000000006], [-84.0400000000004, 44.20000000000006], [-84.0400000000004, 44.16000000000006], [-84.0400000000004, 44.12000000000006], [-84.0400000000004, 44.109349112426095], [-84.08000000000041, 44.109349112426095], [-84.1164705882357, 44.08000000000006], [-84.08000000000041, 44.029772151898804], [-84.0400000000004, 44.029772151898804], [-84.0400000000004, 44.000000000000064], [-84.0400000000004, 43.960000000000065], [-84.0400000000004, 43.920000000000066], [-84.0400000000004, 43.88000000000007], [-84.0400000000004, 43.84000000000007], [-84.0400000000004, 43.80000000000007], [-84.0400000000004, 43.76000000000007], [-84.0400000000004, 43.72000000000007], [-84.0400000000004, 43.68000000000007], [-84.0400000000004, 43.64000000000007], [-84.0400000000004, 43.60000000000007], [-84.0400000000004, 43.56000000000007], [-84.0400000000004, 43.520000000000074], [-84.0400000000004, 43.480000000000075], [-84.0400000000004, 43.440000000000076], [-84.0400000000004, 43.40000000000008], [-84.0400000000004, 43.36000000000008], [-84.0400000000004, 43.32000000000008], [-84.0400000000004, 43.28000000000008], [-84.0400000000004, 43.24000000000008], [-84.0400000000004, 43.20000000000008], [-84.0400000000004, 43.16000000000008], [-84.0400000000004, 43.12000000000008], [-84.0400000000004, 43.080000000000084], [-84.0400000000004, 43.040000000000084], [-84.0400000000004, 43.000000000000085], [-84.0400000000004, 42.960000000000086], [-84.0400000000004, 42.92000000000009], [-84.0400000000004, 42.88000000000009], [-84.0400000000004, 42.84000000000009], [-84.0400000000004, 42.80000000000009], [-84.0400000000004, 42.76000000000009], [-84.0400000000004, 42.72000000000009], [-84.0400000000004, 42.68000000000009], [-84.0400000000004, 42.64000000000009], [-84.0400000000004, 42.600000000000094], [-84.0400000000004, 42.58446326390488], [-84.08000000000041, 42.58446326390488], [-84.14829392971286, 42.560000000000095], [-84.14527426160377, 42.480000000000096], [-84.1600000000004, 42.465204027557064], [-84.22431782540552, 42.4000000000001], [-84.2400000000004, 42.391872121376416], [-84.32000000000039, 42.35136950904403], [-84.36521415270059, 42.3200000000001], [-84.34893407270526, 42.2400000000001], [-84.4000000000004, 42.1608971605823], [-84.40363988383389, 42.1600000000001], [-84.48000000000039, 42.11699018538724], [-84.52750700280151, 42.080000000000105], [-84.5600000000004, 42.07399896533896], [-84.64000000000038, 42.073512786002794], [-84.70764912280741, 42.080000000000105], [-84.71472527472567, 42.1600000000001], [-84.7200000000004, 42.17523809523819], [-84.74460796139967, 42.2400000000001], [-84.7200000000004, 42.25378378378389], [-84.69857142857181, 42.2400000000001], [-84.64000000000038, 42.20395604395615], [-84.5600000000004, 42.203994002998606], [-84.52361212121251, 42.2400000000001], [-84.48000000000039, 42.297868918375656], [-84.43234632034671, 42.3200000000001], [-84.48000000000039, 42.35241460541824], [-84.5600000000004, 42.384208890270536], [-84.64000000000038, 42.37051334702269], [-84.7200000000004, 42.39116920842421], [-84.7643795620442, 42.4000000000001], [-84.80000000000038, 42.412261306532756], [-84.82154525386352, 42.4000000000001], [-84.8800000000004, 42.37660777385169], [-84.92089342693083, 42.3200000000001], [-84.94085227272765, 42.2400000000001], [-84.96000000000038, 42.21442125237202], [-85.04000000000039, 42.18580323785813], [-85.11047619047656, 42.1600000000001], [-85.12000000000037, 42.149353612167396], [-85.16173913043515, 42.080000000000105], [-85.20000000000039, 42.05635077793504], [-85.24874635568551, 42.080000000000105], [-85.28000000000037, 42.09104016477868], [-85.36000000000038, 42.09601296596445], [-85.38918759231943, 42.080000000000105], [-85.36000000000038, 42.017665615142064], [-85.28000000000037, 42.00175182481764], [-85.2795209580842, 42.00000000000011], [-85.28000000000037, 41.99971326164885], [-85.36000000000038, 41.979856115108014], [-85.37733746130068, 42.00000000000011], [-85.44000000000037, 42.029633967789266], [-85.48234309623469, 42.00000000000011], [-85.44000000000037, 41.97066666666678], [-85.38579844961278, 41.92000000000011], [-85.39014836795289, 41.84000000000011], [-85.36187134502961, 41.76000000000011], [-85.37809082483818, 41.68000000000011], [-85.4169952413328, 41.600000000000115], [-85.43988437217743, 41.52000000000012], [-85.44000000000037, 41.519718061674126], [-85.52000000000038, 41.49870402802113], [-85.56266666666704, 41.52000000000012], [-85.60000000000036, 41.531003102378605], [-85.65414758269756, 41.52000000000012], [-85.68000000000038, 41.51405152224836], [-85.68342318059337, 41.52000000000012], [-85.76000000000036, 41.582993348115416], [-85.82833433553856, 41.52000000000012], [-85.84000000000037, 41.49568922305776], [-85.889871465296, 41.52000000000012], [-85.92000000000036, 41.53727339719982], [-86.00000000000037, 41.56408163265317], [-86.01452830188715, 41.600000000000115], [-86.08000000000035, 41.61865591397861], [-86.16000000000037, 41.605674908796225], [-86.17083172147038, 41.600000000000115], [-86.24000000000035, 41.53891356337559], [-86.32000000000036, 41.539087136929574], [-86.34725925925962, 41.52000000000012], [-86.40000000000035, 41.48244725738408], [-86.44521348314642, 41.44000000000012], [-86.48000000000036, 41.3977049180329], [-86.56000000000034, 41.425577464788844], [-86.5707337526209, 41.44000000000012], [-86.56000000000034, 41.44492781520705], [-86.4818436873751, 41.52000000000012], [-86.48000000000036, 41.525786163522135], [-86.44789115646294, 41.600000000000115]], [[-85.05898305084783, 42.80000000000009], [-85.04000000000039, 42.78653306613236], [-85.03374883720969, 42.80000000000009], [-85.04000000000039, 42.80449498327768], [-85.05898305084783, 42.80000000000009]], [[-84.64000000000038, 42.67347341115444], [-84.57275664408586, 42.64000000000009], [-84.5600000000004, 42.63097012172639], [-84.49472000000038, 42.64000000000009], [-84.48000000000039, 42.642036149022594], [-84.40627833972833, 42.72000000000009], [-84.48000000000039, 42.77945428973286], [-84.5600000000004, 42.79655972696255], [-84.64000000000038, 42.767613485532344], [-84.69381338133853, 42.72000000000009], [-84.64000000000038, 42.67347341115444]], [[-86.01378551787387, 42.560000000000095], [-86.00000000000037, 42.50490842490853], [-85.96758620689691, 42.560000000000095], [-86.00000000000037, 42.5789182389938], [-86.01378551787387, 42.560000000000095]], [[-85.44000000000037, 42.49122006841515], [-85.36000000000038, 42.510360750360846], [-85.28372505543275, 42.560000000000095], [-85.36000000000038, 42.58390548992365], [-85.43453370267812, 42.64000000000009], [-85.44000000000037, 42.64495812395319], [-85.44484451718532, 42.64000000000009], [-85.50451336898433, 42.560000000000095], [-85.44000000000037, 42.49122006841515]], [[-86.00000000000037, 42.82109890109899], [-86.08000000000035, 42.86082226438972], [-86.1188839466239, 42.80000000000009], [-86.08000000000035, 42.756141391106134], [-86.00000000000037, 42.7929717138104], [-85.99338345864697, 42.80000000000009], [-86.00000000000037, 42.82109890109899]], [[-85.75262689225326, 42.960000000000086], [-85.76000000000036, 42.94484903934135], [-85.84000000000037, 42.92060456169286], [-85.89116343490342, 42.88000000000009], [-85.84000000000037, 42.84516737388034], [-85.76000000000036, 42.8415200868622], [-85.68000000000038, 42.808857924857016], [-85.60000000000036, 42.83810289389076], [-85.52000000000038, 42.85707237909779], [-85.4996485162781, 42.88000000000009], [-85.52000000000038, 42.91503968253977], [-85.54546782804195, 42.960000000000086], [-85.60000000000036, 43.038352846184985], [-85.60830957230179, 43.040000000000084], [-85.68000000000038, 43.05419927390085], [-85.69969781757172, 43.040000000000084], [-85.75262689225326, 42.960000000000086]], [[-85.20000000000039, 42.28155595451835], [-85.1445569620257, 42.3200000000001], [-85.20000000000039, 42.35763327475112], [-85.24859304084758, 42.3200000000001], [-85.20000000000039, 42.28155595451835]], [[-84.4000000000004, 42.23725125268442], [-84.39822550831832, 42.2400000000001], [-84.4000000000004, 42.24313298884971], [-84.40491257995775, 42.2400000000001], [-84.4000000000004, 42.23725125268442]], [[-85.54037267080783, 42.3200000000001], [-85.60000000000036, 42.331127209504594], [-85.61411764705919, 42.3200000000001], [-85.65177466278799, 42.2400000000001], [-85.60000000000036, 42.19763687513535], [-85.52009795918404, 42.2400000000001], [-85.54037267080783, 42.3200000000001]], [[-85.02390532544416, 43.440000000000076], [-85.04000000000039, 43.451549893842966], [-85.05135699373734, 43.440000000000076], [-85.08308860759531, 43.36000000000008], [-85.04000000000039, 43.33006156552339], [-84.97959183673508, 43.36000000000008], [-85.02390532544416, 43.440000000000076]], [[-85.56754448398614, 43.440000000000076], [-85.54526955201253, 43.520000000000074], [-85.60000000000036, 43.57653333333341], [-85.64635369774956, 43.520000000000074], [-85.6437410071946, 43.440000000000076], [-85.60000000000036, 43.41820788530474], [-85.56754448398614, 43.440000000000076]], [[-84.8800000000004, 43.48225733634319], [-84.82160651920877, 43.520000000000074], [-84.8800000000004, 43.56279863481236], [-84.91981735159855, 43.60000000000007], [-84.96000000000038, 43.63494837172366], [-84.9864423076927, 43.60000000000007], [-84.98688632619478, 43.520000000000074], [-84.96000000000038, 43.48556962025324], [-84.8800000000004, 43.48225733634319]], [[-84.2400000000004, 43.59369774919622], [-84.22523540489682, 43.60000000000007], [-84.2400000000004, 43.60894466628644], [-84.24668371696545, 43.60000000000007], [-84.2400000000004, 43.59369774919622]], [[-84.85973035797342, 43.60000000000007], [-84.80000000000038, 43.53009793253544], [-84.7200000000004, 43.54573865574896], [-84.67878725058344, 43.60000000000007], [-84.7200000000004, 43.66374348697402], [-84.75724517906374, 43.68000000000007], [-84.80000000000038, 43.699821200510925], [-84.8800000000004, 43.69725628584039], [-84.91265442404045, 43.68000000000007], [-84.8800000000004, 43.642166344294075], [-84.85973035797342, 43.60000000000007]], [[-85.7788283658791, 44.16000000000006], [-85.76000000000036, 44.13207317073177], [-85.68000000000038, 44.113536895674365], [-85.60000000000036, 44.10373165618455], [-85.52000000000038, 44.11502160760594], [-85.44000000000037, 44.1149323151684], [-85.36597491448157, 44.16000000000006], [-85.37802315227108, 44.24000000000006], [-85.36000000000038, 44.245709449929535], [-85.28000000000037, 44.262080443828076], [-85.20485829959553, 44.32000000000006], [-85.28000000000037, 44.369952153110106], [-85.36000000000038, 44.382764537654964], [-85.44000000000037, 44.37520824003588], [-85.52000000000038, 44.36732106339474], [-85.60000000000036, 44.38344370860933], [-85.68000000000038, 44.35512871287134], [-85.72772024209856, 44.32000000000006], [-85.76000000000036, 44.282500000000056], [-85.80236540158907, 44.32000000000006], [-85.84000000000037, 44.34067895247338], [-85.92000000000036, 44.37882275567253], [-85.99149480415704, 44.32000000000006], [-86.00000000000037, 44.309578844270376], [-86.08000000000035, 44.26862093862822], [-86.15293468261305, 44.24000000000006], [-86.16000000000037, 44.23568296795958], [-86.23112519809861, 44.16000000000006], [-86.17797950219655, 44.08000000000006], [-86.16000000000037, 44.05890034364268], [-86.09482889733876, 44.000000000000064], [-86.08000000000035, 43.95384615384622], [-86.00000000000037, 43.96212885154068], [-85.92000000000036, 43.97169960474315], [-85.88536880290242, 44.000000000000064], [-85.92000000000036, 44.056377952755966], [-85.9493398533011, 44.08000000000006], [-85.9556781609199, 44.16000000000006], [-85.92000000000036, 44.174057971014555], [-85.84000000000037, 44.222259414226], [-85.7788283658791, 44.16000000000006]], [[-85.36942160278782, 43.920000000000066], [-85.36000000000038, 43.9121894858464], [-85.35339521250648, 43.920000000000066], [-85.28000000000037, 43.97896389324967], [-85.24581632653098, 44.000000000000064], [-85.28000000000037, 44.043826655764576], [-85.36000000000038, 44.00868651488622], [-85.36616915422923, 44.000000000000064], [-85.36942160278782, 43.920000000000066]], [[-86.24466302367978, 41.92000000000011], [-86.24000000000035, 41.91879017013243], [-86.22448484848522, 41.92000000000011], [-86.24000000000035, 41.92955223880607], [-86.24466302367978, 41.92000000000011]], [[-84.91883289124706, 43.920000000000066], [-84.8800000000004, 43.90952040085905], [-84.86671506352126, 43.920000000000066], [-84.86769804287084, 44.000000000000064], [-84.85061488673178, 44.08000000000006], [-84.8800000000004, 44.11499036608869], [-84.9001330376944, 44.08000000000006], [-84.8968797953968, 44.000000000000064], [-84.91883289124706, 43.920000000000066]], [[-85.38630136986339, 44.480000000000054], [-85.44000000000037, 44.51182679296352], [-85.52000000000038, 44.488150514732034], [-85.55266002844988, 44.480000000000054], [-85.52000000000038, 44.458858195211846], [-85.44000000000037, 44.4561460446248], [-85.38630136986339, 44.480000000000054]], [[-85.68000000000038, 42.1050395480227], [-85.75986863711039, 42.1600000000001], [-85.76000000000036, 42.160046189376544], [-85.76008438818602, 42.1600000000001], [-85.84000000000037, 42.10490181818192], [-85.92000000000036, 42.148771929824655], [-85.95563636363673, 42.080000000000105], [-86.00000000000037, 42.057089201878036], [-86.0225742574261, 42.00000000000011], [-86.00000000000037, 41.92120950323985], [-85.9986761229318, 41.92000000000011], [-86.00000000000037, 41.917442922374526], [-86.00166666666703, 41.92000000000011], [-86.08000000000035, 41.937676292814075], [-86.13696969697006, 41.92000000000011], [-86.08000000000035, 41.85777777777789], [-86.05542483660166, 41.84000000000011], [-86.00000000000037, 41.83077759651996], [-85.92000000000036, 41.79905686546474], [-85.84000000000037, 41.78747628083503], [-85.7605738880922, 41.84000000000011], [-85.76484848484886, 41.92000000000011], [-85.76000000000036, 41.92435868331452], [-85.68000000000038, 41.97347064881576], [-85.62430270270308, 42.00000000000011], [-85.64806916426551, 42.080000000000105], [-85.68000000000038, 42.1050395480227]], [[-85.3714065510601, 44.56000000000005], [-85.36000000000038, 44.53284403669731], [-85.35247776365985, 44.56000000000005], [-85.36000000000038, 44.576174863388026], [-85.3714065510601, 44.56000000000005]], [[-86.16000000000037, 41.696143745680835], [-86.24000000000035, 41.728012263668994], [-86.30218398411684, 41.68000000000011], [-86.24000000000035, 41.63432182790483], [-86.16000000000037, 41.67053100932318], [-86.13970460469193, 41.68000000000011], [-86.16000000000037, 41.696143745680835]], [[-85.92000000000036, 41.68854200542017], [-86.00000000000037, 41.6970765661254], [-86.02181202370909, 41.68000000000011], [-86.00000000000037, 41.66852561247227], [-85.92000000000036, 41.670534534534646], [-85.91019290603646, 41.68000000000011], [-85.92000000000036, 41.68854200542017]], [[-85.81656228253343, 44.56000000000005], [-85.84000000000037, 44.59656894679701], [-85.92000000000036, 44.59700325732904], [-85.94106629578154, 44.56000000000005], [-85.92000000000036, 44.53239368165254], [-85.84000000000037, 44.53027360988531], [-85.81656228253343, 44.56000000000005]], [[-85.72992481203045, 44.64000000000005], [-85.75665685697506, 44.72000000000005], [-85.76000000000036, 44.728371407516626], [-85.77416458852905, 44.72000000000005], [-85.81777777777815, 44.64000000000005], [-85.76000000000036, 44.595094991364476], [-85.72992481203045, 44.64000000000005]], [[-84.97284755512982, 44.72000000000005], [-84.96000000000038, 44.667758284600446], [-84.93395529640466, 44.72000000000005], [-84.90609318996455, 44.80000000000005], [-84.96000000000038, 44.87161904761909], [-85.04000000000039, 44.801145336225645], [-85.04129729729767, 44.80000000000005], [-85.04000000000039, 44.79852017937225], [-84.97284755512982, 44.72000000000005]], [[-85.60000000000036, 44.69720657277], [-85.57318605453955, 44.72000000000005], [-85.60000000000036, 44.72991448627956], [-85.64529446064176, 44.72000000000005], [-85.60000000000036, 44.69720657277]], [[-85.04582914572902, 45.04000000000004], [-85.04000000000039, 45.03850225952232], [-85.03422269654966, 45.04000000000004], [-85.04000000000039, 45.04219396868765], [-85.04582914572902, 45.04000000000004]]], [[[-87.28000000000034, 45.77740585774062], [-87.26912891986096, 45.760000000000026], [-87.28000000000034, 45.68786127167632], [-87.30605427974982, 45.760000000000026], [-87.28000000000034, 45.77740585774062]]], [[[-87.12000000000035, 45.743183052688785], [-87.1631398049237, 45.760000000000026], [-87.12446294754405, 45.840000000000025], [-87.12000000000035, 45.84363389830511], [-87.11702222222256, 45.840000000000025], [-87.10000860955695, 45.760000000000026], [-87.12000000000035, 45.743183052688785]]], [[[-86.88000000000034, 45.926751054852346], [-86.86229376257579, 45.92000000000002], [-86.88000000000034, 45.86985754985757], [-86.90962962962998, 45.92000000000002], [-86.88000000000034, 45.926751054852346]]], [[[-86.48432392273438, 46.12000000000002], [-86.48432392273438, 46.08000000000002], [-86.56000000000034, 46.019356639193305], [-86.60916023166058, 46.08000000000002], [-86.60000000000035, 46.089553691275185], [-86.5850969119583, 46.12000000000002], [-86.56000000000034, 46.12000000000002], [-86.52000000000035, 46.12000000000002], [-86.48432392273438, 46.12000000000002]]], [[[-87.12000000000035, 46.40031880704462], [-87.11598488936893, 46.40000000000001], [-87.12000000000035, 46.398266946191484], [-87.1228031648639, 46.40000000000001], [-87.12000000000035, 46.40031880704462]]]]}}, {"id": "4", "type": "Feature", "properties": {"min_value": 35.0, "max_value": 41.76500000000003, "color": "#d7191c"}, "geometry": {"type": "MultiPolygon", "coordinates": [[[[-88.22848955223913, 40.08000000000015], [-88.24000000000032, 40.07252133436788], [-88.2512979783185, 40.08000000000015], [-88.24000000000032, 40.09637367303624], [-88.22848955223913, 40.08000000000015]]], [[[-88.96000000000029, 40.462846511628044], [-88.9884494728725, 40.48000000000014], [-88.96000000000029, 40.50327303323531], [-88.9379733227158, 40.48000000000014], [-88.96000000000029, 40.462846511628044]]], [[[-89.60000000000028, 40.69719626168238], [-89.61296618357517, 40.720000000000134], [-89.60000000000028, 40.73985207100605], [-89.58701185579511, 40.720000000000134], [-89.60000000000028, 40.69719626168238]]], [[[-87.59766519823822, 41.52000000000012], [-87.60000000000034, 41.52159518434925], [-87.6030437903808, 41.52000000000012], [-87.68000000000032, 41.49296343001273], [-87.7527272727276, 41.52000000000012], [-87.76000000000033, 41.531085832471675], [-87.77693522906826, 41.52000000000012], [-87.84000000000032, 41.50825536922636], [-87.88952853598047, 41.52000000000012], [-87.90637298091075, 41.600000000000115], [-87.84000000000032, 41.65473811686357], [-87.8185114602115, 41.68000000000011], [-87.84000000000032, 41.700638139995164], [-87.92000000000033, 41.71792718575616], [-87.9822959406376, 41.68000000000011], [-88.00000000000031, 41.6073118279571], [-88.00964539007124, 41.600000000000115], [-88.03172113289793, 41.52000000000012], [-88.08000000000033, 41.49307411907667], [-88.16000000000031, 41.48281345565761], [-88.22096627165027, 41.52000000000012], [-88.18532445923492, 41.600000000000115], [-88.24000000000032, 41.657826660800815], [-88.31826086956553, 41.68000000000011], [-88.3200000000003, 41.680364939719894], [-88.39029048029943, 41.76000000000011], [-88.35803111451192, 41.84000000000011], [-88.35755347091964, 41.92000000000011], [-88.35201761629538, 42.00000000000011], [-88.32144144144175, 42.080000000000105], [-88.3200000000003, 42.10101010101022], [-88.31563025210116, 42.080000000000105], [-88.24000000000032, 42.04110210696931], [-88.16000000000031, 42.05507516848118], [-88.11691756272434, 42.080000000000105], [-88.08000000000033, 42.12527472527483], [-88.02878444084311, 42.1600000000001], [-88.00000000000031, 42.2004095563141], [-87.92000000000033, 42.19869402985085], [-87.84000000000032, 42.172179226069346], [-87.83207684663829, 42.1600000000001], [-87.76000000000033, 42.0854794520549], [-87.75480940794841, 42.080000000000105], [-87.68243727598599, 42.00000000000011], [-87.68000000000032, 41.997262663535835], [-87.65706204561332, 41.92000000000011], [-87.63878336437028, 41.84000000000011], [-87.60000000000034, 41.78175988068617], [-87.58633895131119, 41.76000000000011], [-87.57248484848517, 41.68000000000011], [-87.52000000000032, 41.65552520018853], [-87.44000000000034, 41.61727767695111], [-87.36000000000033, 41.60760034652047], [-87.334676074407, 41.600000000000115], [-87.36000000000033, 41.54455056179787], [-87.38005737234685, 41.52000000000012], [-87.36000000000033, 41.46955266955279], [-87.35328083989535, 41.44000000000012], [-87.36000000000033, 41.43306233062342], [-87.37566947207378, 41.44000000000012], [-87.44000000000034, 41.475672464998], [-87.52000000000032, 41.48218766756044], [-87.59766519823822, 41.52000000000012]]], [[[-89.02449478604848, 42.3200000000001], [-89.02367405289522, 42.2400000000001], [-89.0400000000003, 42.229734831460775], [-89.06063233965703, 42.2400000000001], [-89.05102813299263, 42.3200000000001], [-89.0400000000003, 42.33144373673046], [-89.02449478604848, 42.3200000000001]]], [[[-88.16000000000031, 43.037611129962755], [-88.24000000000032, 43.00945210084042], [-88.26384675938105, 43.040000000000084], [-88.24000000000032, 43.07541699142643], [-88.16000000000031, 43.044195470798655], [-88.11862068965549, 43.12000000000008], [-88.08676524953822, 43.20000000000008], [-88.08000000000033, 43.20408026755861], [-88.00000000000031, 43.211707317073255], [-87.99048205128237, 43.20000000000008], [-87.9299391610634, 43.12000000000008], [-87.92000000000033, 43.10101529051996], [-87.9106187699834, 43.040000000000084], [-87.90073685411234, 42.960000000000086], [-87.92000000000033, 42.90692646134515], [-88.00000000000031, 42.927916563198494], [-88.07945879458826, 42.960000000000086], [-88.08000000000033, 42.96079854809446], [-88.16000000000031, 43.037611129962755]]], [[[-88.56000000000031, 43.98023957042551], [-88.58188472095182, 44.000000000000064], [-88.56000000000031, 44.02537931034489], [-88.54781456953673, 44.000000000000064], [-88.56000000000031, 43.98023957042551]]], [[[-88.49537812594185, 44.24000000000006], [-88.4800000000003, 44.257940246045756], [-88.40000000000032, 44.31052215884166], [-88.3200000000003, 44.28364508393291], [-88.29508555783741, 44.24000000000006], [-88.3200000000003, 44.23417693169099], [-88.40000000000032, 44.22299799005613], [-88.4800000000003, 44.21167591564934], [-88.49537812594185, 44.24000000000006]]], [[[-88.10737423991188, 44.56000000000005], [-88.08000000000033, 44.58766480446933], [-88.05883760683793, 44.56000000000005], [-88.00000000000031, 44.51125508939641], [-87.92000000000033, 44.48146724890835], [-87.91568400770745, 44.480000000000054], [-87.92000000000033, 44.477136770345176], [-88.00000000000031, 44.434223489758935], [-88.08000000000033, 44.426019296607585], [-88.12136417839288, 44.480000000000054], [-88.10737423991188, 44.56000000000005]]], [[[-101.40000000000003, 46.34034527183717], [-101.36000000000004, 46.346761565836324], [-101.32242504996671, 46.320000000000014], [-101.32242504996671, 46.280000000000015], [-101.36000000000004, 46.280000000000015], [-101.40000000000003, 46.280000000000015], [-101.40000000000003, 46.320000000000014], [-101.40000000000003, 46.34034527183717]]], [[[-100.08000000000007, 46.54420017873102], [-100.00000000000006, 46.5375433999345], [-99.92000000000007, 46.55952267303103], [-99.88354485776811, 46.48000000000001], [-99.8705145067699, 46.40000000000001], [-99.92000000000007, 46.35999916419509], [-100.00000000000006, 46.32807592752374], [-100.01425742574264, 46.320000000000014], [-100.08000000000007, 46.2829686829687], [-100.1382849426064, 46.320000000000014], [-100.13676104190267, 46.40000000000001], [-100.13249543295585, 46.48000000000001], [-100.08000000000007, 46.54420017873102]]], [[[-100.96000000000004, 46.12000000000002], [-101.00000000000004, 46.12000000000002], [-101.04000000000005, 46.12000000000002], [-101.08000000000004, 46.12000000000002], [-101.08000000000004, 46.16000000000002], [-101.08000000000004, 46.20000000000002], [-101.12000000000003, 46.20000000000002], [-101.16000000000004, 46.20000000000002], [-101.20000000000005, 46.20000000000002], [-101.24000000000004, 46.20000000000002], [-101.24000000000004, 46.240000000000016], [-101.24000000000004, 46.280000000000015], [-101.27765150366547, 46.280000000000015], [-101.2742751831708, 46.320000000000014], [-101.28000000000003, 46.33248382670066], [-101.3403416557162, 46.40000000000001], [-101.36000000000004, 46.412688719253616], [-101.44000000000003, 46.41488372093024], [-101.47106347897777, 46.40000000000001], [-101.47106347897777, 46.360000000000014], [-101.48000000000003, 46.360000000000014], [-101.52000000000004, 46.360000000000014], [-101.56000000000003, 46.360000000000014], [-101.56000000000003, 46.40000000000001], [-101.56000000000003, 46.44000000000001], [-101.60000000000002, 46.44000000000001], [-101.64000000000003, 46.44000000000001], [-101.68000000000004, 46.44000000000001], [-101.72000000000003, 46.44000000000001], [-101.72000000000003, 46.48000000000001], [-101.72000000000003, 46.52000000000001], [-101.76000000000002, 46.52000000000001], [-101.80000000000003, 46.52000000000001], [-101.8164403669725, 46.52000000000001], [-101.8164403669725, 46.56000000000001], [-101.84000000000003, 46.612195121951224], [-101.84594844679447, 46.60000000000001], [-101.88000000000002, 46.577112394491344], [-101.88000000000002, 46.60000000000001], [-101.92000000000002, 46.60000000000001], [-101.96000000000002, 46.60000000000001], [-102.00000000000003, 46.60000000000001], [-102.04000000000002, 46.60000000000001], [-102.04000000000002, 46.64000000000001], [-102.04000000000002, 46.68000000000001], [-102.08000000000001, 46.68000000000001], [-102.12000000000002, 46.68000000000001], [-102.12000000000002, 46.720000000000006], [-102.12000000000002, 46.760000000000005], [-102.16000000000003, 46.760000000000005], [-102.20000000000002, 46.760000000000005], [-102.24000000000001, 46.760000000000005], [-102.28000000000002, 46.760000000000005], [-102.28000000000002, 46.800000000000004], [-102.28000000000002, 46.84], [-102.32000000000002, 46.84], [-102.36000000000001, 46.84], [-102.4, 46.84], [-102.44000000000001, 46.84], [-102.44000000000001, 46.88], [-102.44000000000001, 46.92], [-102.48000000000002, 46.92], [-102.52000000000001, 46.92], [-102.56, 46.92], [-102.60000000000001, 46.92], [-102.60000000000001, 46.96], [-102.60000000000001, 47.0], [-102.56, 47.0], [-102.52000000000001, 47.0], [-102.48000000000002, 47.0], [-102.44000000000001, 47.0], [-102.4, 47.0], [-102.36000000000001, 47.0], [-102.32000000000002, 47.0], [-102.28000000000002, 47.0], [-102.24000000000001, 47.0], [-102.20000000000002, 47.0], [-102.16000000000003, 47.0], [-102.12000000000002, 47.0], [-102.08000000000001, 47.0], [-102.04000000000002, 47.0], [-102.00000000000003, 47.0], [-101.96000000000002, 47.0], [-101.92000000000002, 47.0], [-101.88019550342133, 47.0], [-101.88019550342133, 46.96], [-101.84000000000003, 46.92965313653137], [-101.76000000000002, 46.90011042546281], [-101.71030497592298, 46.88], [-101.68000000000004, 46.84131147540984], [-101.60000000000002, 46.81684210526316], [-101.52000000000004, 46.86176072234764], [-101.51057176196036, 46.88], [-101.45093308199814, 46.96], [-101.45093308199814, 47.0], [-101.44000000000003, 47.0], [-101.40000000000003, 47.0], [-101.36000000000004, 47.0], [-101.32000000000004, 47.0], [-101.31015384615388, 47.0], [-101.31015384615388, 46.96], [-101.28000000000003, 46.93335598980459], [-101.20000000000005, 46.947756097560976], [-101.12000000000003, 46.91887125220459], [-101.1003455541509, 46.96], [-101.1003455541509, 47.0], [-101.08000000000004, 47.0], [-101.04000000000005, 47.0], [-101.00000000000004, 47.0], [-100.96000000000004, 47.0], [-100.92000000000004, 47.0], [-100.88000000000005, 47.0], [-100.84000000000005, 47.0], [-100.80000000000004, 47.0], [-100.76000000000005, 47.0], [-100.72000000000006, 47.0], [-100.68000000000005, 47.0], [-100.64000000000004, 47.0], [-100.60000000000005, 47.0], [-100.56000000000006, 47.0], [-100.52000000000005, 47.0], [-100.48000000000005, 47.0], [-100.44000000000005, 47.0], [-100.40000000000006, 47.0], [-100.36000000000006, 47.0], [-100.34040160642576, 47.0], [-100.34040160642576, 46.96], [-100.32000000000005, 46.91007371007372], [-100.30358148893366, 46.88], [-100.32000000000005, 46.864000000000004], [-100.40000000000006, 46.812759588400375], [-100.41432773109248, 46.800000000000004], [-100.40000000000006, 46.784911504424784], [-100.36932566649247, 46.720000000000006], [-100.32000000000005, 46.66819654131211], [-100.27987500000006, 46.64000000000001], [-100.26319723183397, 46.56000000000001], [-100.32000000000005, 46.522724795640336], [-100.35352815395586, 46.48000000000001], [-100.3469613259669, 46.40000000000001], [-100.32000000000005, 46.38202578268878], [-100.25230150753775, 46.320000000000014], [-100.32000000000005, 46.302226912928774], [-100.36002376708265, 46.320000000000014], [-100.40000000000006, 46.37093111279335], [-100.48000000000005, 46.37416556466545], [-100.50319639040613, 46.40000000000001], [-100.52456456456461, 46.48000000000001], [-100.51994377284234, 46.56000000000001], [-100.56000000000006, 46.62046255039254], [-100.5923428170004, 46.64000000000001], [-100.64000000000004, 46.66624371373308], [-100.71802185163892, 46.64000000000001], [-100.64000000000004, 46.60914259722539], [-100.60549896215876, 46.56000000000001], [-100.61900000000006, 46.48000000000001], [-100.64000000000004, 46.455552968568114], [-100.69511811023627, 46.48000000000001], [-100.72000000000006, 46.4958263772955], [-100.79014598540151, 46.56000000000001], [-100.80000000000004, 46.56513307984792], [-100.82049335863383, 46.56000000000001], [-100.88000000000005, 46.54036318096432], [-100.96000000000004, 46.51027027027028], [-101.0377974434612, 46.56000000000001], [-101.04000000000005, 46.56093023255815], [-101.12000000000003, 46.59287060839761], [-101.17421908127213, 46.56000000000001], [-101.12000000000003, 46.52051466803913], [-101.06966751918162, 46.48000000000001], [-101.04000000000005, 46.449771986970696], [-100.96000000000004, 46.4498623279099], [-100.88000000000005, 46.448079470198685], [-100.80000000000004, 46.46841248303936], [-100.72000000000006, 46.47111943793912], [-100.67087673891949, 46.40000000000001], [-100.71688458815204, 46.320000000000014], [-100.72000000000006, 46.30020989505248], [-100.7411591148578, 46.240000000000016], [-100.80000000000004, 46.19606608969317], [-100.8520613287905, 46.16000000000002], [-100.88000000000005, 46.12694288913776], [-100.88567523036558, 46.12000000000002], [-100.92000000000004, 46.10111342421599], [-100.92000000000004, 46.12000000000002], [-100.96000000000004, 46.12000000000002]], [[-100.7920151228734, 46.720000000000006], [-100.80000000000004, 46.72809505557685], [-100.80603428571433, 46.720000000000006], [-100.80000000000004, 46.71054187192119], [-100.7920151228734, 46.720000000000006]], [[-101.44000000000003, 46.78705202312138], [-101.52000000000004, 46.754925864909396], [-101.60000000000002, 46.779324522760646], [-101.65358090185678, 46.720000000000006], [-101.60000000000002, 46.66473324213407], [-101.52000000000004, 46.67867446393763], [-101.44000000000003, 46.71261616804584], [-101.36000000000004, 46.70973031283712], [-101.33932681867539, 46.720000000000006], [-101.33562043795624, 46.800000000000004], [-101.36000000000004, 46.815990424895276], [-101.43381215469616, 46.800000000000004], [-101.44000000000003, 46.78705202312138]]], [[[-99.92000000000007, 46.56229226361032], [-99.96191653786714, 46.64000000000001], [-99.92000000000007, 46.70234482758622], [-99.90337216431644, 46.64000000000001], [-99.92000000000007, 46.56229226361032]]], [[[-100.08000000000007, 46.78653465346535], [-100.11476309226938, 46.800000000000004], [-100.08000000000007, 46.81731139397703], [-100.04964616222108, 46.800000000000004], [-100.08000000000007, 46.78653465346535]]], [[[-86.24000000000035, 41.728012263668994], [-86.16000000000037, 41.696143745680835], [-86.13970460469193, 41.68000000000011], [-86.16000000000037, 41.67053100932318], [-86.24000000000035, 41.63432182790483], [-86.30218398411684, 41.68000000000011], [-86.24000000000035, 41.728012263668994]]], [[[-85.92000000000036, 41.68854200542017], [-85.91019290603646, 41.68000000000011], [-85.92000000000036, 41.670534534534646], [-86.00000000000037, 41.66852561247227], [-86.02181202370909, 41.68000000000011], [-86.00000000000037, 41.6970765661254], [-85.92000000000036, 41.68854200542017]]], [[[-84.4000000000004, 42.23725125268442], [-84.40491257995775, 42.2400000000001], [-84.4000000000004, 42.24313298884971], [-84.39822550831832, 42.2400000000001], [-84.4000000000004, 42.23725125268442]]], [[[-85.54037267080783, 42.3200000000001], [-85.52009795918404, 42.2400000000001], [-85.60000000000036, 42.19763687513535], [-85.65177466278799, 42.2400000000001], [-85.61411764705919, 42.3200000000001], [-85.60000000000036, 42.331127209504594], [-85.54037267080783, 42.3200000000001]]], [[[-85.20000000000039, 42.28155595451835], [-85.24859304084758, 42.3200000000001], [-85.20000000000039, 42.35763327475112], [-85.1445569620257, 42.3200000000001], [-85.20000000000039, 42.28155595451835]]], [[[-84.64000000000038, 42.767613485532344], [-84.5600000000004, 42.79655972696255], [-84.48000000000039, 42.77945428973286], [-84.40627833972833, 42.72000000000009], [-84.48000000000039, 42.642036149022594], [-84.49472000000038, 42.64000000000009], [-84.5600000000004, 42.63097012172639], [-84.57275664408586, 42.64000000000009], [-84.64000000000038, 42.67347341115444], [-84.69381338133853, 42.72000000000009], [-84.64000000000038, 42.767613485532344]]], [[[-87.84000000000032, 42.70494845360834], [-87.85938442969254, 42.72000000000009], [-87.84000000000032, 42.73292815455835], [-87.8321944106929, 42.72000000000009], [-87.84000000000032, 42.70494845360834]]], [[[-86.08000000000035, 42.86082226438972], [-86.00000000000037, 42.82109890109899], [-85.99338345864697, 42.80000000000009], [-86.00000000000037, 42.7929717138104], [-86.08000000000035, 42.756141391106134], [-86.1188839466239, 42.80000000000009], [-86.08000000000035, 42.86082226438972]]], [[[-85.84000000000037, 42.84516737388034], [-85.89116343490342, 42.88000000000009], [-85.84000000000037, 42.92060456169286], [-85.76000000000036, 42.94484903934135], [-85.75262689225326, 42.960000000000086], [-85.69969781757172, 43.040000000000084], [-85.68000000000038, 43.05419927390085], [-85.60830957230179, 43.040000000000084], [-85.60000000000036, 43.038352846184985], [-85.54546782804195, 42.960000000000086], [-85.52000000000038, 42.91503968253977], [-85.4996485162781, 42.88000000000009], [-85.52000000000038, 42.85707237909779], [-85.60000000000036, 42.83810289389076], [-85.68000000000038, 42.808857924857016], [-85.76000000000036, 42.8415200868622], [-85.84000000000037, 42.84516737388034]]], [[[-85.02390532544416, 43.440000000000076], [-84.97959183673508, 43.36000000000008], [-85.04000000000039, 43.33006156552339], [-85.08308860759531, 43.36000000000008], [-85.05135699373734, 43.440000000000076], [-85.04000000000039, 43.451549893842966], [-85.02390532544416, 43.440000000000076]]], [[[-84.96000000000038, 43.63494837172366], [-84.91981735159855, 43.60000000000007], [-84.8800000000004, 43.56279863481236], [-84.82160651920877, 43.520000000000074], [-84.8800000000004, 43.48225733634319], [-84.96000000000038, 43.48556962025324], [-84.98688632619478, 43.520000000000074], [-84.9864423076927, 43.60000000000007], [-84.96000000000038, 43.63494837172366]]], [[[-84.2400000000004, 43.59369774919622], [-84.24668371696545, 43.60000000000007], [-84.2400000000004, 43.60894466628644], [-84.22523540489682, 43.60000000000007], [-84.2400000000004, 43.59369774919622]]], [[[-84.91265442404045, 43.68000000000007], [-84.8800000000004, 43.69725628584039], [-84.80000000000038, 43.699821200510925], [-84.75724517906374, 43.68000000000007], [-84.7200000000004, 43.66374348697402], [-84.67878725058344, 43.60000000000007], [-84.7200000000004, 43.54573865574896], [-84.80000000000038, 43.53009793253544], [-84.85973035797342, 43.60000000000007], [-84.8800000000004, 43.642166344294075], [-84.91265442404045, 43.68000000000007]]], [[[-85.60000000000036, 44.69720657277], [-85.64529446064176, 44.72000000000005], [-85.60000000000036, 44.72991448627956], [-85.57318605453955, 44.72000000000005], [-85.60000000000036, 44.69720657277]]]]}}]}