{"type": "FeatureCollection", "features": [{"id": "0", "type": "Feature", "properties": {}, "geometry": {"type": "MultiPolygon", "coordinates": [[[[-102.84, 40.199999999999996], [-102.83999999999999, 40.199999999999996], [-102.76, 40.199999999999996], [-102.75999999999999, 40.199999999999996], [-102.68, 40.199999999999996], [-102.67999999999999, 40.199999999999996], [-102.60000000000001, 40.199999999999996], [-102.6, 40.199999999999996], [-102.52000000000001, 40.199999999999996], [-102.52, 40.199999999999996], [-102.44000000000001, 40.199999999999996], [-102.44, 40.199999999999996], [-102.36, 40.199999999999996], [-102.28, 40.199999999999996], [-102.27999999999999, 40.199999999999996], [-102.2, 40.199999999999996], [-102.19999999999999, 40.199999999999996], [-102.12, 40.199999999999996], [-102.11999999999999, 40.199999999999996], [-102.04, 40.199999999999996], [-102.03999999999999, 40.199999999999996], [-101.96000000000001, 40.199999999999996], [-101.96, 40.199999999999996], [-101.88000000000001, 40.199999999999996], [-101.88, 40.199999999999996], [-101.80000000000001, 40.199999999999996], [-101.8, 40.199999999999996], [-101.72000000000001, 40.199999999999996], [-101.72, 40.199999999999996], [-101.64, 40.199999999999996], [-101.56, 40.199999999999996], [-101.55999999999999, 40.199999999999996], [-101.48, 40.199999999999996], [-101.47999999999999, 40.199999999999996], [-101.4, 40.199999999999996], [-101.39999999999999, 40.199999999999996], [-101.32000000000001, 40.199999999999996], [-101.32, 40.199999999999996], [-101.24000000000001, 40.199999999999996], [-101.24, 40.199999999999996], [-101.16000000000001, 40.199999999999996], [-101.16, 40.199999999999996], [-101.08000000000001, 40.199999999999996], [-101.08, 40.199999999999996], [-101.0, 40.199999999999996], [-100.92, 40.199999999999996], [-100.91999999999999, 40.199999999999996], [-100.84, 40.199999999999996], [-100.83999999999999, 40.199999999999996], [-100.76, 40.199999999999996], [-100.75999999999999, 40.199999999999996], [-100.68, 40.199999999999996], [-100.67999999999999, 40.199999999999996], [-100.60000000000001, 40.199999999999996], [-100.6, 40.199999999999996], [-100.52000000000001, 40.199999999999996], [-100.52, 40.199999999999996], [-100.44000000000001, 40.199999999999996], [-100.44, 40.199999999999996], [-100.36, 40.199999999999996], [-100.28, 40.199999999999996], [-100.27999999999999, 40.199999999999996], [-100.2, 40.199999999999996], [-100.19999999999999, 40.199999999999996], [-100.12, 40.199999999999996], [-100.11999999999999, 40.199999999999996], [-100.04, 40.199999999999996], [-100.03999999999999, 40.199999999999996], [-99.96000000000001, 40.199999999999996], [-99.96, 40.199999999999996], [-99.88000000000001, 40.199999999999996], [-99.88, 40.199999999999996], [-99.80000000000001, 40.199999999999996], [-99.8, 40.199999999999996], [-99.72000000000001, 40.199999999999996], [-99.72, 40.199999999999996], [-99.64, 40.199999999999996], [-99.56, 40.199999999999996], [-99.55999999999999, 40.199999999999996], [-99.48, 40.199999999999996], [-99.47999999999999, 40.199999999999996], [-99.4, 40.199999999999996], [-99.39999999999999, 40.199999999999996], [-99.32000000000001, 40.199999999999996], [-99.32, 40.199999999999996], [-99.24000000000001, 40.199999999999996], [-99.24, 40.199999999999996], [-99.16000000000001, 40.199999999999996], [-99.16, 40.199999999999996], [-99.08000000000001, 40.199999999999996], [-99.08, 40.199999999999996], [-99.0, 40.199999999999996], [-98.92, 40.199999999999996], [-98.91999999999999, 40.199999999999996], [-98.84, 40.199999999999996], [-98.83999999999999, 40.199999999999996], [-98.76, 40.199999999999996], [-98.75999999999999, 40.199999999999996], [-98.68, 40.199999999999996], [-98.67999999999999, 40.199999999999996], [-98.60000000000001, 40.199999999999996], [-98.6, 40.199999999999996], [-98.52000000000001, 40.199999999999996], [-98.52, 40.199999999999996], [-98.44000000000001, 40.199999999999996], [-98.44, 40.199999999999996], [-98.36, 40.199999999999996], [-98.28, 40.199999999999996], [-98.27999999999999, 40.199999999999996], [-98.2, 40.199999999999996], [-98.19999999999999, 40.199999999999996], [-98.12, 40.199999999999996], [-98.11999999999999, 40.199999999999996], [-98.04, 40.199999999999996], [-98.03999999999999, 40.199999999999996], [-97.96000000000001, 40.199999999999996], [-97.96, 40.199999999999996], [-97.88000000000001, 40.199999999999996], [-97.88, 40.199999999999996], [-97.80000000000001, 40.199999999999996], [-97.8, 40.199999999999996], [-97.72000000000001, 40.199999999999996], [-97.72, 40.199999999999996], [-97.64, 40.199999999999996], [-97.56, 40.199999999999996], [-97.55999999999999, 40.199999999999996], [-97.48, 40.199999999999996], [-97.47999999999999, 40.199999999999996], [-97.4, 40.199999999999996], [-97.39999999999999, 40.199999999999996], [-97.32000000000001, 40.199999999999996], [-97.32, 40.199999999999996], [-97.24000000000001, 40.199999999999996], [-97.24, 40.199999999999996], [-97.16000000000001, 40.199999999999996], [-97.16, 40.199999999999996], [-97.08000000000001, 40.199999999999996], [-97.08, 40.199999999999996], [-97.0, 40.199999999999996], [-96.92, 40.199999999999996], [-96.91999999999999, 40.199999999999996], [-96.84, 40.199999999999996], [-96.83999999999999, 40.199999999999996], [-96.76, 40.199999999999996], [-96.75999999999999, 40.199999999999996], [-96.68, 40.199999999999996], [-96.67999999999999, 40.199999999999996], [-96.60000000000001, 40.199999999999996], [-96.6, 40.199999999999996], [-96.52000000000001, 40.199999999999996], [-96.52, 40.199999999999996], [-96.44000000000001, 40.199999999999996], [-96.44, 40.199999999999996], [-96.36, 40.199999999999996], [-96.28, 40.199999999999996], [-96.27999999999999, 40.199999999999996], [-96.2, 40.199999999999996], [-96.19999999999999, 40.199999999999996], [-96.12, 40.199999999999996], [-96.11999999999999, 40.199999999999996], [-96.04, 40.199999999999996], [-96.03999999999999, 40.199999999999996], [-95.96000000000001, 40.199999999999996], [-95.96, 40.199999999999996], [-95.88000000000001, 40.199999999999996], [-95.88, 40.199999999999996], [-95.80000000000001, 40.199999999999996], [-95.8, 40.199999999999996], [-95.72000000000001, 40.199999999999996], [-95.72, 40.199999999999996], [-95.64, 40.199999999999996], [-95.56, 40.199999999999996], [-95.55999999999999, 40.199999999999996], [-95.48, 40.199999999999996], [-95.47999999999999, 40.199999999999996], [-95.4, 40.199999999999996], [-95.39999999999999, 40.199999999999996], [-95.32000000000001, 40.199999999999996], [-95.32, 40.199999999999996], [-95.24000000000001, 40.199999999999996], [-95.24, 40.199999999999996], [-95.16000000000001, 40.199999999999996], [-95.16, 40.199999999999996], [-95.08000000000001, 40.199999999999996], [-95.08, 40.199999999999996], [-95.0, 40.199999999999996], [-94.92, 40.199999999999996], [-94.91999999999999, 40.199999999999996], [-94.84, 40.199999999999996], [-94.83999999999999, 40.199999999999996], [-94.76, 40.199999999999996], [-94.75999999999999, 40.199999999999996], [-94.68, 40.199999999999996], [-94.67999999999999, 40.199999999999996], [-94.60000000000001, 40.199999999999996], [-94.6, 40.199999999999996], [-94.52000000000001, 40.199999999999996], [-94.52, 40.199999999999996], [-94.44000000000001, 40.199999999999996], [-94.44, 40.199999999999996], [-94.36, 40.199999999999996], [-94.28, 40.199999999999996], [-94.27999999999999, 40.199999999999996], [-94.2, 40.199999999999996], [-94.19999999999999, 40.199999999999996], [-94.12, 40.199999999999996], [-94.11999999999999, 40.199999999999996], [-94.04, 40.199999999999996], [-94.03999999999999, 40.199999999999996], [-93.96000000000001, 40.199999999999996], [-93.96, 40.199999999999996], [-93.88000000000001, 40.199999999999996], [-93.88, 40.199999999999996], [-93.80000000000001, 40.199999999999996], [-93.8, 40.199999999999996], [-93.72000000000001, 40.199999999999996], [-93.72, 40.199999999999996], [-93.64, 40.199999999999996], [-93.56, 40.199999999999996], [-93.55999999999999, 40.199999999999996], [-93.48, 40.199999999999996], [-93.47999999999999, 40.199999999999996], [-93.4, 40.199999999999996], [-93.39999999999999, 40.199999999999996], [-93.32000000000001, 40.199999999999996], [-93.32, 40.199999999999996], [-93.24000000000001, 40.199999999999996], [-93.24, 40.199999999999996], [-93.16000000000001, 40.199999999999996], [-93.16, 40.199999999999996], [-93.08, 40.199999999999996], [-93.0, 40.199999999999996], [-92.99999999999999, 40.199999999999996], [-92.92, 40.199999999999996], [-92.91999999999999, 40.199999999999996], [-92.84, 40.199999999999996], [-92.83999999999999, 40.199999999999996], [-92.76, 40.199999999999996], [-92.75999999999999, 40.199999999999996], [-92.68, 40.199999999999996], [-92.67999999999999, 40.199999999999996], [-92.60000000000001, 40.199999999999996], [-92.6, 40.199999999999996], [-92.52000000000001, 40.199999999999996], [-92.52, 40.199999999999996], [-92.44000000000001, 40.199999999999996], [-92.44, 40.199999999999996], [-92.36, 40.199999999999996], [-92.28, 40.199999999999996], [-92.27999999999999, 40.199999999999996], [-92.2, 40.199999999999996], [-92.19999999999999, 40.199999999999996], [-92.12, 40.199999999999996], [-92.11999999999999, 40.199999999999996], [-92.04, 40.199999999999996], [-92.03999999999999, 40.199999999999996], [-91.96000000000001, 40.199999999999996], [-91.96, 40.199999999999996], [-91.88000000000001, 40.199999999999996], [-91.88, 40.199999999999996], [-91.80000000000001, 40.199999999999996], [-91.8, 40.199999999999996], [-91.72000000000001, 40.199999999999996], [-91.72, 40.199999999999996], [-91.64, 40.199999999999996], [-91.64, 40.12], [-91.56, 40.12], [-91.55999999999999, 40.12], [-91.47999999999999, 40.12], [-91.47999999999999, 40.04], [-91.39999999999999, 40.04], [-91.39999999999999, 39.96], [-91.32000000000001, 39.96], [-91.32000000000001, 40.04], [-91.32000000000001, 40.12], [-91.4, 40.12], [-91.4, 40.199999999999996], [-91.32, 40.199999999999996], [-91.32, 40.12], [-91.24000000000001, 40.12], [-91.24, 40.12], [-91.16, 40.12], [-91.16, 40.04], [-91.08, 40.04], [-91.08, 39.96], [-91.0, 39.96], [-90.99999999999999, 39.96], [-90.92, 39.96], [-90.91999999999999, 39.96], [-90.84, 39.96], [-90.83999999999999, 39.96], [-90.76, 39.96], [-90.76, 40.04], [-90.68, 40.04], [-90.67999999999999, 40.04], [-90.6, 40.04], [-90.6, 39.96], [-90.52000000000001, 39.96], [-90.52, 39.96], [-90.44000000000001, 39.96], [-90.44, 39.96], [-90.36, 39.96], [-90.28, 39.96], [-90.27999999999999, 39.96], [-90.2, 39.96], [-90.19999999999999, 39.96], [-90.12, 39.96], [-90.11999999999999, 39.96], [-90.04, 39.96], [-90.03999999999999, 39.96], [-89.96000000000001, 39.96], [-89.96, 39.96], [-89.88000000000001, 39.96], [-89.88, 39.96], [-89.80000000000001, 39.96], [-89.8, 39.96], [-89.72000000000001, 39.96], [-89.72, 39.96], [-89.64, 39.96], [-89.56, 39.96], [-89.55999999999999, 39.96], [-89.48, 39.96], [-89.47999999999999, 39.96], [-89.4, 39.96], [-89.39999999999999, 39.96], [-89.32000000000001, 39.96], [-89.32, 39.96], [-89.24000000000001, 39.96], [-89.24, 39.96], [-89.16000000000001, 39.96], [-89.16, 39.96], [-89.08, 39.96], [-89.0, 39.96], [-88.99999999999999, 39.96], [-88.92, 39.96], [-88.91999999999999, 39.96], [-88.84, 39.96], [-88.83999999999999, 39.96], [-88.76, 39.96], [-88.75999999999999, 39.96], [-88.68, 39.96], [-88.67999999999999, 39.96], [-88.60000000000001, 39.96], [-88.6, 39.96], [-88.52000000000001, 39.96], [-88.52, 39.96], [-88.44000000000001, 39.96], [-88.44, 39.96], [-88.36, 39.96], [-88.28, 39.96], [-88.27999999999999, 39.96], [-88.2, 39.96], [-88.19999999999999, 39.96], [-88.12, 39.96], [-88.11999999999999, 39.96], [-88.04, 39.96], [-88.03999999999999, 39.96], [-87.96000000000001, 39.96], [-87.96, 39.96], [-87.88000000000001, 39.96], [-87.88, 39.96], [-87.80000000000001, 39.96], [-87.8, 39.96], [-87.72000000000001, 39.96], [-87.72, 39.96], [-87.64, 39.96], [-87.56, 39.96], [-87.55999999999999, 39.96], [-87.48, 39.96], [-87.47999999999999, 39.96], [-87.4, 39.96], [-87.39999999999999, 39.96], [-87.32000000000001, 39.96], [-87.32, 39.96], [-87.24000000000001, 39.96], [-87.24, 39.96], [-87.16000000000001, 39.96], [-87.16, 39.96], [-87.08, 39.96], [-87.00000000000001, 39.96], [-86.99999999999999, 39.96], [-86.92, 39.96], [-86.84, 39.96], [-86.83999999999999, 39.96], [-86.76, 39.96], [-86.75999999999999, 39.96], [-86.68, 39.96], [-86.67999999999999, 39.96], [-86.60000000000001, 39.96], [-86.6, 39.96], [-86.52000000000001, 39.96], [-86.52, 39.96], [-86.44000000000001, 39.96], [-86.44, 39.96], [-86.36, 39.96], [-86.28, 39.96], [-86.27999999999999, 39.96], [-86.2, 39.96], [-86.19999999999999, 39.96], [-86.12, 39.96], [-86.11999999999999, 39.96], [-86.04, 39.96], [-86.03999999999999, 39.96], [-85.96000000000001, 39.96], [-85.96, 39.96], [-85.88000000000001, 39.96], [-85.88, 39.96], [-85.8, 39.96], [-85.72000000000001, 39.96], [-85.72000000000001, 40.04], [-85.72000000000001, 40.12], [-85.64, 40.12], [-85.64, 40.04], [-85.56, 40.04], [-85.56, 40.12], [-85.56, 40.199999999999996], [-85.48, 40.199999999999996], [-85.47999999999999, 40.199999999999996], [-85.4, 40.199999999999996], [-85.39999999999999, 40.199999999999996], [-85.32000000000001, 40.199999999999996], [-85.32, 40.199999999999996], [-85.24000000000001, 40.199999999999996], [-85.24, 40.199999999999996], [-85.16000000000001, 40.199999999999996], [-85.16, 40.199999999999996], [-85.08, 40.199999999999996], [-85.00000000000001, 40.199999999999996], [-84.99999999999999, 40.199999999999996], [-84.92, 40.199999999999996], [-84.84, 40.199999999999996], [-84.83999999999999, 40.199999999999996], [-84.76, 40.199999999999996], [-84.75999999999999, 40.199999999999996], [-84.68, 40.199999999999996], [-84.67999999999999, 40.199999999999996], [-84.60000000000001, 40.199999999999996], [-84.6, 40.199999999999996], [-84.52000000000001, 40.199999999999996], [-84.52, 40.199999999999996], [-84.44000000000001, 40.199999999999996], [-84.44, 40.199999999999996], [-84.36, 40.199999999999996], [-84.36, 40.12], [-84.28, 40.12], [-84.27999999999999, 40.12], [-84.2, 40.12], [-84.2, 40.199999999999996], [-84.11999999999999, 40.199999999999996], [-84.11999999999999, 40.12], [-84.11999999999999, 40.04], [-84.03999999999999, 40.04], [-84.03999999999999, 39.96], [-84.03999999999999, 39.88], [-84.03999999999999, 39.800000000000004], [-84.11999999999999, 39.800000000000004], [-84.12, 39.800000000000004], [-84.19999999999999, 39.800000000000004], [-84.2, 39.800000000000004], [-84.27999999999999, 39.800000000000004], [-84.28, 39.800000000000004], [-84.36, 39.800000000000004], [-84.44, 39.800000000000004], [-84.44000000000001, 39.800000000000004], [-84.52, 39.800000000000004], [-84.52000000000001, 39.800000000000004], [-84.6, 39.800000000000004], [-84.60000000000001, 39.800000000000004], [-84.67999999999999, 39.800000000000004], [-84.68, 39.800000000000004], [-84.75999999999999, 39.800000000000004], [-84.76, 39.800000000000004], [-84.83999999999999, 39.800000000000004], [-84.84, 39.800000000000004], [-84.92, 39.800000000000004], [-84.99999999999999, 39.800000000000004], [-85.00000000000001, 39.800000000000004], [-85.08, 39.800000000000004], [-85.16, 39.800000000000004], [-85.16000000000001, 39.800000000000004], [-85.24, 39.800000000000004], [-85.24000000000001, 39.800000000000004], [-85.32, 39.800000000000004], [-85.32000000000001, 39.800000000000004], [-85.39999999999999, 39.800000000000004], [-85.4, 39.800000000000004], [-85.47999999999999, 39.800000000000004], [-85.48, 39.800000000000004], [-85.55999999999999, 39.800000000000004], [-85.56, 39.800000000000004], [-85.64, 39.800000000000004], [-85.71999999999998, 39.800000000000004], [-85.72000000000001, 39.800000000000004], [-85.8, 39.800000000000004], [-85.88, 39.800000000000004], [-85.88000000000001, 39.800000000000004], [-85.96, 39.800000000000004], [-85.96000000000001, 39.800000000000004], [-86.03999999999999, 39.800000000000004], [-86.04, 39.800000000000004], [-86.11999999999999, 39.800000000000004], [-86.12, 39.800000000000004], [-86.19999999999999, 39.800000000000004], [-86.2, 39.800000000000004], [-86.27999999999999, 39.800000000000004], [-86.28, 39.800000000000004], [-86.36, 39.800000000000004], [-86.44, 39.800000000000004], [-86.44000000000001, 39.800000000000004], [-86.52, 39.800000000000004], [-86.52000000000001, 39.800000000000004], [-86.6, 39.800000000000004], [-86.60000000000001, 39.800000000000004], [-86.67999999999999, 39.800000000000004], [-86.68, 39.800000000000004], [-86.75999999999999, 39.800000000000004], [-86.76, 39.800000000000004], [-86.83999999999999, 39.800000000000004], [-86.84, 39.800000000000004], [-86.92, 39.800000000000004], [-86.99999999999999, 39.800000000000004], [-87.00000000000001, 39.800000000000004], [-87.08, 39.800000000000004], [-87.16, 39.800000000000004], [-87.16000000000001, 39.800000000000004], [-87.24, 39.800000000000004], [-87.24000000000001, 39.800000000000004], [-87.32, 39.800000000000004], [-87.32000000000001, 39.800000000000004], [-87.39999999999999, 39.800000000000004], [-87.4, 39.800000000000004], [-87.47999999999999, 39.800000000000004], [-87.48, 39.800000000000004], [-87.55999999999999, 39.800000000000004], [-87.56, 39.800000000000004], [-87.64, 39.800000000000004], [-87.72, 39.800000000000004], [-87.72000000000001, 39.800000000000004], [-87.8, 39.800000000000004], [-87.80000000000001, 39.800000000000004], [-87.88, 39.800000000000004], [-87.88000000000001, 39.800000000000004], [-87.96, 39.800000000000004], [-87.96000000000001, 39.800000000000004], [-88.03999999999999, 39.800000000000004], [-88.04, 39.800000000000004], [-88.11999999999999, 39.800000000000004], [-88.12, 39.800000000000004], [-88.19999999999999, 39.800000000000004], [-88.2, 39.800000000000004], [-88.27999999999999, 39.800000000000004], [-88.28, 39.800000000000004], [-88.36, 39.800000000000004], [-88.44, 39.800000000000004], [-88.44000000000001, 39.800000000000004], [-88.52, 39.800000000000004], [-88.52000000000001, 39.800000000000004], [-88.6, 39.800000000000004], [-88.60000000000001, 39.800000000000004], [-88.67999999999999, 39.800000000000004], [-88.68, 39.800000000000004], [-88.75999999999999, 39.800000000000004], [-88.76, 39.800000000000004], [-88.83999999999999, 39.800000000000004], [-88.84, 39.800000000000004], [-88.91999999999999, 39.800000000000004], [-88.92, 39.800000000000004], [-88.99999999999999, 39.800000000000004], [-89.0, 39.800000000000004], [-89.08, 39.800000000000004], [-89.16, 39.800000000000004], [-89.16000000000001, 39.800000000000004], [-89.24, 39.800000000000004], [-89.24000000000001, 39.800000000000004], [-89.32, 39.800000000000004], [-89.32000000000001, 39.800000000000004], [-89.39999999999999, 39.800000000000004], [-89.4, 39.800000000000004], [-89.47999999999999, 39.800000000000004], [-89.48, 39.800000000000004], [-89.55999999999999, 39.800000000000004], [-89.56, 39.800000000000004], [-89.64, 39.800000000000004], [-89.72, 39.800000000000004], [-89.72000000000001, 39.800000000000004], [-89.8, 39.800000000000004], [-89.80000000000001, 39.800000000000004], [-89.88, 39.800000000000004], [-89.88000000000001, 39.800000000000004], [-89.96, 39.800000000000004], [-89.96000000000001, 39.800000000000004], [-90.03999999999999, 39.800000000000004], [-90.04, 39.800000000000004], [-90.11999999999999, 39.800000000000004], [-90.12, 39.800000000000004], [-90.19999999999999, 39.800000000000004], [-90.2, 39.800000000000004], [-90.27999999999999, 39.800000000000004], [-90.28, 39.800000000000004], [-90.36, 39.800000000000004], [-90.44, 39.800000000000004], [-90.44000000000001, 39.800000000000004], [-90.52, 39.800000000000004], [-90.52000000000001, 39.800000000000004], [-90.6, 39.800000000000004], [-90.60000000000001, 39.800000000000004], [-90.67999999999999, 39.800000000000004], [-90.68, 39.800000000000004], [-90.75999999999999, 39.800000000000004], [-90.76, 39.800000000000004], [-90.83999999999999, 39.800000000000004], [-90.84, 39.800000000000004], [-90.91999999999999, 39.800000000000004], [-90.92, 39.800000000000004], [-90.99999999999999, 39.800000000000004], [-91.0, 39.800000000000004], [-91.08, 39.800000000000004], [-91.16, 39.800000000000004], [-91.16000000000001, 39.800000000000004], [-91.24, 39.800000000000004], [-91.24000000000001, 39.800000000000004], [-91.32, 39.800000000000004], [-91.32000000000001, 39.800000000000004], [-91.39999999999999, 39.800000000000004], [-91.4, 39.800000000000004], [-91.47999999999999, 39.800000000000004], [-91.48, 39.800000000000004], [-91.55999999999999, 39.800000000000004], [-91.56, 39.800000000000004], [-91.64, 39.800000000000004], [-91.72, 39.800000000000004], [-91.72000000000001, 39.800000000000004], [-91.8, 39.800000000000004], [-91.80000000000001, 39.800000000000004], [-91.88, 39.800000000000004], [-91.88000000000001, 39.800000000000004], [-91.96, 39.800000000000004], [-91.96000000000001, 39.800000000000004], [-92.03999999999999, 39.800000000000004], [-92.04, 39.800000000000004], [-92.11999999999999, 39.800000000000004], [-92.12, 39.800000000000004], [-92.19999999999999, 39.800000000000004], [-92.2, 39.800000000000004], [-92.27999999999999, 39.800000000000004], [-92.28, 39.800000000000004], [-92.36, 39.800000000000004], [-92.44, 39.800000000000004], [-92.44000000000001, 39.800000000000004], [-92.52, 39.800000000000004], [-92.52000000000001, 39.800000000000004], [-92.6, 39.800000000000004], [-92.60000000000001, 39.800000000000004], [-92.67999999999999, 39.800000000000004], [-92.68, 39.800000000000004], [-92.75999999999999, 39.800000000000004], [-92.76, 39.800000000000004], [-92.83999999999999, 39.800000000000004], [-92.84, 39.800000000000004], [-92.91999999999999, 39.800000000000004], [-92.92, 39.800000000000004], [-92.99999999999999, 39.800000000000004], [-93.0, 39.800000000000004], [-93.08, 39.800000000000004], [-93.16, 39.800000000000004], [-93.16000000000001, 39.800000000000004], [-93.24, 39.800000000000004], [-93.24000000000001, 39.800000000000004], [-93.32, 39.800000000000004], [-93.32000000000001, 39.800000000000004], [-93.39999999999999, 39.800000000000004], [-93.4, 39.800000000000004], [-93.47999999999999, 39.800000000000004], [-93.48, 39.800000000000004], [-93.55999999999999, 39.800000000000004], [-93.56, 39.800000000000004], [-93.64, 39.800000000000004], [-93.72, 39.800000000000004], [-93.72000000000001, 39.800000000000004], [-93.8, 39.800000000000004], [-93.80000000000001, 39.800000000000004], [-93.88, 39.800000000000004], [-93.88000000000001, 39.800000000000004], [-93.96, 39.800000000000004], [-93.96000000000001, 39.800000000000004], [-94.03999999999999, 39.800000000000004], [-94.04, 39.800000000000004], [-94.11999999999999, 39.800000000000004], [-94.12, 39.800000000000004], [-94.19999999999999, 39.800000000000004], [-94.2, 39.800000000000004], [-94.27999999999999, 39.800000000000004], [-94.28, 39.800000000000004], [-94.36, 39.800000000000004], [-94.44, 39.800000000000004], [-94.44000000000001, 39.800000000000004], [-94.52, 39.800000000000004], [-94.52000000000001, 39.800000000000004], [-94.6, 39.800000000000004], [-94.60000000000001, 39.800000000000004], [-94.67999999999999, 39.800000000000004], [-94.68, 39.800000000000004], [-94.75999999999999, 39.800000000000004], [-94.76, 39.800000000000004], [-94.83999999999999, 39.800000000000004], [-94.84, 39.800000000000004], [-94.91999999999999, 39.800000000000004], [-94.92, 39.800000000000004], [-95.0, 39.800000000000004], [-95.08, 39.800000000000004], [-95.08000000000001, 39.800000000000004], [-95.16, 39.800000000000004], [-95.16000000000001, 39.800000000000004], [-95.24, 39.800000000000004], [-95.24000000000001, 39.800000000000004], [-95.32, 39.800000000000004], [-95.32000000000001, 39.800000000000004], [-95.39999999999999, 39.800000000000004], [-95.4, 39.800000000000004], [-95.47999999999999, 39.800000000000004], [-95.48, 39.800000000000004], [-95.55999999999999, 39.800000000000004], [-95.56, 39.800000000000004], [-95.64, 39.800000000000004], [-95.72, 39.800000000000004], [-95.72000000000001, 39.800000000000004], [-95.8, 39.800000000000004], [-95.80000000000001, 39.800000000000004], [-95.88, 39.800000000000004], [-95.88000000000001, 39.800000000000004], [-95.96, 39.800000000000004], [-95.96000000000001, 39.800000000000004], [-96.03999999999999, 39.800000000000004], [-96.04, 39.800000000000004], [-96.11999999999999, 39.800000000000004], [-96.12, 39.800000000000004], [-96.19999999999999, 39.800000000000004], [-96.2, 39.800000000000004], [-96.27999999999999, 39.800000000000004], [-96.28, 39.800000000000004], [-96.36, 39.800000000000004], [-96.44, 39.800000000000004], [-96.44000000000001, 39.800000000000004], [-96.52, 39.800000000000004], [-96.52000000000001, 39.800000000000004], [-96.6, 39.800000000000004], [-96.60000000000001, 39.800000000000004], [-96.67999999999999, 39.800000000000004], [-96.68, 39.800000000000004], [-96.75999999999999, 39.800000000000004], [-96.76, 39.800000000000004], [-96.83999999999999, 39.800000000000004], [-96.84, 39.800000000000004], [-96.91999999999999, 39.800000000000004], [-96.92, 39.800000000000004], [-97.0, 39.800000000000004], [-97.08, 39.800000000000004], [-97.08000000000001, 39.800000000000004], [-97.16, 39.800000000000004], [-97.16000000000001, 39.800000000000004], [-97.24, 39.800000000000004], [-97.24000000000001, 39.800000000000004], [-97.32, 39.800000000000004], [-97.32000000000001, 39.800000000000004], [-97.39999999999999, 39.800000000000004], [-97.4, 39.800000000000004], [-97.47999999999999, 39.800000000000004], [-97.48, 39.800000000000004], [-97.55999999999999, 39.800000000000004], [-97.56, 39.800000000000004], [-97.64, 39.800000000000004], [-97.72, 39.800000000000004], [-97.72000000000001, 39.800000000000004], [-97.8, 39.800000000000004], [-97.80000000000001, 39.800000000000004], [-97.88, 39.800000000000004], [-97.88000000000001, 39.800000000000004], [-97.96, 39.800000000000004], [-97.96000000000001, 39.800000000000004], [-98.03999999999999, 39.800000000000004], [-98.04, 39.800000000000004], [-98.11999999999999, 39.800000000000004], [-98.12, 39.800000000000004], [-98.19999999999999, 39.800000000000004], [-98.2, 39.800000000000004], [-98.27999999999999, 39.800000000000004], [-98.28, 39.800000000000004], [-98.36, 39.800000000000004], [-98.44, 39.800000000000004], [-98.44000000000001, 39.800000000000004], [-98.52, 39.800000000000004], [-98.52000000000001, 39.800000000000004], [-98.6, 39.800000000000004], [-98.60000000000001, 39.800000000000004], [-98.67999999999999, 39.800000000000004], [-98.68, 39.800000000000004], [-98.75999999999999, 39.800000000000004], [-98.76, 39.800000000000004], [-98.83999999999999, 39.800000000000004], [-98.84, 39.800000000000004], [-98.91999999999999, 39.800000000000004], [-98.92, 39.800000000000004], [-99.0, 39.800000000000004], [-99.08, 39.800000000000004], [-99.08000000000001, 39.800000000000004], [-99.16, 39.800000000000004], [-99.16000000000001, 39.800000000000004], [-99.24, 39.800000000000004], [-99.24000000000001, 39.800000000000004], [-99.32, 39.800000000000004], [-99.32000000000001, 39.800000000000004], [-99.39999999999999, 39.800000000000004], [-99.4, 39.800000000000004], [-99.47999999999999, 39.800000000000004], [-99.48, 39.800000000000004], [-99.55999999999999, 39.800000000000004], [-99.56, 39.800000000000004], [-99.64, 39.800000000000004], [-99.72, 39.800000000000004], [-99.72000000000001, 39.800000000000004], [-99.8, 39.800000000000004], [-99.80000000000001, 39.800000000000004], [-99.88, 39.800000000000004], [-99.88000000000001, 39.800000000000004], [-99.96, 39.800000000000004], [-99.96000000000001, 39.800000000000004], [-100.03999999999999, 39.800000000000004], [-100.04, 39.800000000000004], [-100.11999999999999, 39.800000000000004], [-100.12, 39.800000000000004], [-100.19999999999999, 39.800000000000004], [-100.2, 39.800000000000004], [-100.27999999999999, 39.800000000000004], [-100.28, 39.800000000000004], [-100.36, 39.800000000000004], [-100.44, 39.800000000000004], [-100.44000000000001, 39.800000000000004], [-100.52, 39.800000000000004], [-100.52000000000001, 39.800000000000004], [-100.6, 39.800000000000004], [-100.60000000000001, 39.800000000000004], [-100.67999999999999, 39.800000000000004], [-100.68, 39.800000000000004], [-100.75999999999999, 39.800000000000004], [-100.76, 39.800000000000004], [-100.83999999999999, 39.800000000000004], [-100.84, 39.800000000000004], [-100.91999999999999, 39.800000000000004], [-100.92, 39.800000000000004], [-101.0, 39.800000000000004], [-101.08, 39.800000000000004], [-101.08000000000001, 39.800000000000004], [-101.16, 39.800000000000004], [-101.16000000000001, 39.800000000000004], [-101.24, 39.800000000000004], [-101.24000000000001, 39.800000000000004], [-101.32, 39.800000000000004], [-101.32000000000001, 39.800000000000004], [-101.39999999999999, 39.800000000000004], [-101.4, 39.800000000000004], [-101.47999999999999, 39.800000000000004], [-101.48, 39.800000000000004], [-101.55999999999999, 39.800000000000004], [-101.56, 39.800000000000004], [-101.64, 39.800000000000004], [-101.72, 39.800000000000004], [-101.72000000000001, 39.800000000000004], [-101.8, 39.800000000000004], [-101.80000000000001, 39.800000000000004], [-101.88, 39.800000000000004], [-101.88000000000001, 39.800000000000004], [-101.96, 39.800000000000004], [-101.96000000000001, 39.800000000000004], [-102.03999999999999, 39.800000000000004], [-102.04, 39.800000000000004], [-102.11999999999999, 39.800000000000004], [-102.12, 39.800000000000004], [-102.19999999999999, 39.800000000000004], [-102.2, 39.800000000000004], [-102.27999999999999, 39.800000000000004], [-102.28, 39.800000000000004], [-102.36, 39.800000000000004], [-102.44, 39.800000000000004], [-102.44000000000001, 39.800000000000004], [-102.52, 39.800000000000004], [-102.52000000000001, 39.800000000000004], [-102.6, 39.800000000000004], [-102.60000000000001, 39.800000000000004], [-102.67999999999999, 39.800000000000004], [-102.68, 39.800000000000004], [-102.75999999999999, 39.800000000000004], [-102.76, 39.800000000000004], [-102.83999999999999, 39.800000000000004], [-102.84, 39.800000000000004], [-102.91999999999999, 39.800000000000004], [-102.92, 39.800000000000004], [-103.0, 39.800000000000004], [-103.0, 39.88], [-103.0, 39.96], [-103.0, 40.04], [-103.0, 40.12], [-103.0, 40.199999999999996], [-102.92, 40.199999999999996], [-102.91999999999999, 40.199999999999996], [-102.84, 40.199999999999996]]], [[[-102.75999999999999, 40.519999999999996], [-102.68, 40.519999999999996], [-102.67999999999999, 40.519999999999996], [-102.60000000000001, 40.519999999999996], [-102.6, 40.519999999999996], [-102.52000000000001, 40.519999999999996], [-102.52, 40.519999999999996], [-102.44000000000001, 40.519999999999996], [-102.44, 40.519999999999996], [-102.36, 40.519999999999996], [-102.28, 40.519999999999996], [-102.27999999999999, 40.519999999999996], [-102.2, 40.519999999999996], [-102.19999999999999, 40.519999999999996], [-102.12, 40.519999999999996], [-102.11999999999999, 40.519999999999996], [-102.04, 40.519999999999996], [-102.03999999999999, 40.519999999999996], [-101.96000000000001, 40.519999999999996], [-101.96, 40.519999999999996], [-101.88000000000001, 40.519999999999996], [-101.88, 40.519999999999996], [-101.80000000000001, 40.519999999999996], [-101.8, 40.519999999999996], [-101.72000000000001, 40.519999999999996], [-101.72, 40.519999999999996], [-101.64, 40.519999999999996], [-101.56, 40.519999999999996], [-101.55999999999999, 40.519999999999996], [-101.48, 40.519999999999996], [-101.47999999999999, 40.519999999999996], [-101.4, 40.519999999999996], [-101.39999999999999, 40.519999999999996], [-101.32000000000001, 40.519999999999996], [-101.32, 40.519999999999996], [-101.24000000000001, 40.519999999999996], [-101.24, 40.519999999999996], [-101.16000000000001, 40.519999999999996], [-101.16, 40.519999999999996], [-101.08000000000001, 40.519999999999996], [-101.08, 40.519999999999996], [-101.0, 40.519999999999996], [-100.92, 40.519999999999996], [-100.91999999999999, 40.519999999999996], [-100.84, 40.519999999999996], [-100.83999999999999, 40.519999999999996], [-100.76, 40.519999999999996], [-100.75999999999999, 40.519999999999996], [-100.68, 40.519999999999996], [-100.67999999999999, 40.519999999999996], [-100.60000000000001, 40.519999999999996], [-100.6, 40.519999999999996], [-100.52000000000001, 40.519999999999996], [-100.52, 40.519999999999996], [-100.44000000000001, 40.519999999999996], [-100.44, 40.519999999999996], [-100.36, 40.519999999999996], [-100.28, 40.519999999999996], [-100.27999999999999, 40.519999999999996], [-100.2, 40.519999999999996], [-100.19999999999999, 40.519999999999996], [-100.12, 40.519999999999996], [-100.11999999999999, 40.519999999999996], [-100.04, 40.519999999999996], [-100.03999999999999, 40.519999999999996], [-99.96000000000001, 40.519999999999996], [-99.96, 40.519999999999996], [-99.88000000000001, 40.519999999999996], [-99.88, 40.519999999999996], [-99.80000000000001, 40.519999999999996], [-99.8, 40.519999999999996], [-99.72000000000001, 40.519999999999996], [-99.72, 40.519999999999996], [-99.64, 40.519999999999996], [-99.56, 40.519999999999996], [-99.55999999999999, 40.519999999999996], [-99.48, 40.519999999999996], [-99.47999999999999, 40.519999999999996], [-99.4, 40.519999999999996], [-99.39999999999999, 40.519999999999996], [-99.32000000000001, 40.519999999999996], [-99.32, 40.519999999999996], [-99.24000000000001, 40.519999999999996], [-99.24, 40.519999999999996], [-99.16000000000001, 40.519999999999996], [-99.16, 40.519999999999996], [-99.08000000000001, 40.519999999999996], [-99.08, 40.519999999999996], [-99.0, 40.519999999999996], [-98.92, 40.519999999999996], [-98.91999999999999, 40.519999999999996], [-98.84, 40.519999999999996], [-98.83999999999999, 40.519999999999996], [-98.76, 40.519999999999996], [-98.75999999999999, 40.519999999999996], [-98.68, 40.519999999999996], [-98.67999999999999, 40.519999999999996], [-98.60000000000001, 40.519999999999996], [-98.6, 40.519999999999996], [-98.52000000000001, 40.519999999999996], [-98.52, 40.519999999999996], [-98.44000000000001, 40.519999999999996], [-98.44, 40.519999999999996], [-98.36, 40.519999999999996], [-98.28, 40.519999999999996], [-98.27999999999999, 40.519999999999996], [-98.2, 40.519999999999996], [-98.19999999999999, 40.519999999999996], [-98.12, 40.519999999999996], [-98.11999999999999, 40.519999999999996], [-98.04, 40.519999999999996], [-98.03999999999999, 40.519999999999996], [-97.96000000000001, 40.519999999999996], [-97.96, 40.519999999999996], [-97.88000000000001, 40.519999999999996], [-97.88, 40.519999999999996], [-97.80000000000001, 40.519999999999996], [-97.8, 40.519999999999996], [-97.72000000000001, 40.519999999999996], [-97.72, 40.519999999999996], [-97.64, 40.519999999999996], [-97.56, 40.519999999999996], [-97.55999999999999, 40.519999999999996], [-97.48, 40.519999999999996], [-97.47999999999999, 40.519999999999996], [-97.4, 40.519999999999996], [-97.39999999999999, 40.519999999999996], [-97.32000000000001, 40.519999999999996], [-97.32, 40.519999999999996], [-97.24000000000001, 40.519999999999996], [-97.24, 40.519999999999996], [-97.16000000000001, 40.519999999999996], [-97.16, 40.519999999999996], [-97.08000000000001, 40.519999999999996], [-97.08, 40.519999999999996], [-97.0, 40.519999999999996], [-96.92, 40.519999999999996], [-96.91999999999999, 40.519999999999996], [-96.84, 40.519999999999996], [-96.83999999999999, 40.519999999999996], [-96.76, 40.519999999999996], [-96.75999999999999, 40.519999999999996], [-96.68, 40.519999999999996], [-96.67999999999999, 40.519999999999996], [-96.60000000000001, 40.519999999999996], [-96.6, 40.519999999999996], [-96.52000000000001, 40.519999999999996], [-96.52, 40.519999999999996], [-96.44000000000001, 40.519999999999996], [-96.44, 40.519999999999996], [-96.36, 40.519999999999996], [-96.28, 40.519999999999996], [-96.27999999999999, 40.519999999999996], [-96.2, 40.519999999999996], [-96.19999999999999, 40.519999999999996], [-96.12, 40.519999999999996], [-96.11999999999999, 40.519999999999996], [-96.04, 40.519999999999996], [-96.03999999999999, 40.519999999999996], [-95.96000000000001, 40.519999999999996], [-95.96, 40.519999999999996], [-95.88000000000001, 40.519999999999996], [-95.88, 40.519999999999996], [-95.80000000000001, 40.519999999999996], [-95.8, 40.519999999999996], [-95.72000000000001, 40.519999999999996], [-95.72, 40.519999999999996], [-95.64, 40.519999999999996], [-95.56, 40.519999999999996], [-95.55999999999999, 40.519999999999996], [-95.48, 40.519999999999996], [-95.47999999999999, 40.519999999999996], [-95.4, 40.519999999999996], [-95.39999999999999, 40.519999999999996], [-95.32000000000001, 40.519999999999996], [-95.32, 40.519999999999996], [-95.24000000000001, 40.519999999999996], [-95.24, 40.519999999999996], [-95.16000000000001, 40.519999999999996], [-95.16, 40.519999999999996], [-95.08000000000001, 40.519999999999996], [-95.08, 40.519999999999996], [-95.0, 40.519999999999996], [-94.92, 40.519999999999996], [-94.91999999999999, 40.519999999999996], [-94.84, 40.519999999999996], [-94.83999999999999, 40.519999999999996], [-94.76, 40.519999999999996], [-94.75999999999999, 40.519999999999996], [-94.68, 40.519999999999996], [-94.67999999999999, 40.519999999999996], [-94.60000000000001, 40.519999999999996], [-94.6, 40.519999999999996], [-94.52000000000001, 40.519999999999996], [-94.52, 40.519999999999996], [-94.44000000000001, 40.519999999999996], [-94.44, 40.519999999999996], [-94.36, 40.519999999999996], [-94.28, 40.519999999999996], [-94.27999999999999, 40.519999999999996], [-94.2, 40.519999999999996], [-94.19999999999999, 40.519999999999996], [-94.12, 40.519999999999996], [-94.11999999999999, 40.519999999999996], [-94.04, 40.519999999999996], [-94.03999999999999, 40.519999999999996], [-93.96000000000001, 40.519999999999996], [-93.96, 40.519999999999996], [-93.88000000000001, 40.519999999999996], [-93.88, 40.519999999999996], [-93.80000000000001, 40.519999999999996], [-93.8, 40.519999999999996], [-93.72000000000001, 40.519999999999996], [-93.72, 40.519999999999996], [-93.64, 40.519999999999996], [-93.56, 40.519999999999996], [-93.55999999999999, 40.519999999999996], [-93.48, 40.519999999999996], [-93.47999999999999, 40.519999999999996], [-93.4, 40.519999999999996], [-93.39999999999999, 40.519999999999996], [-93.32000000000001, 40.519999999999996], [-93.32, 40.519999999999996], [-93.24000000000001, 40.519999999999996], [-93.24, 40.519999999999996], [-93.16000000000001, 40.519999999999996], [-93.16, 40.519999999999996], [-93.08, 40.519999999999996], [-93.0, 40.519999999999996], [-92.99999999999999, 40.519999999999996], [-92.92, 40.519999999999996], [-92.91999999999999, 40.519999999999996], [-92.84, 40.519999999999996], [-92.83999999999999, 40.519999999999996], [-92.76, 40.519999999999996], [-92.75999999999999, 40.519999999999996], [-92.68, 40.519999999999996], [-92.67999999999999, 40.519999999999996], [-92.60000000000001, 40.519999999999996], [-92.6, 40.519999999999996], [-92.52000000000001, 40.519999999999996], [-92.52, 40.519999999999996], [-92.44000000000001, 40.519999999999996], [-92.44, 40.519999999999996], [-92.36, 40.519999999999996], [-92.28, 40.519999999999996], [-92.27999999999999, 40.519999999999996], [-92.2, 40.519999999999996], [-92.19999999999999, 40.519999999999996], [-92.12, 40.519999999999996], [-92.11999999999999, 40.519999999999996], [-92.03999999999999, 40.519999999999996], [-92.03999999999999, 40.44], [-91.96, 40.44], [-91.96, 40.36], [-91.88000000000001, 40.36], [-91.88, 40.36], [-91.8, 40.36], [-91.8, 40.28], [-91.72, 40.28], [-91.72, 40.2], [-91.8, 40.2], [-91.80000000000001, 40.2], [-91.88, 40.2], [-91.88000000000001, 40.2], [-91.96, 40.2], [-91.96000000000001, 40.2], [-92.03999999999999, 40.2], [-92.04, 40.2], [-92.11999999999999, 40.2], [-92.12, 40.2], [-92.19999999999999, 40.2], [-92.2, 40.2], [-92.27999999999999, 40.2], [-92.28, 40.2], [-92.36, 40.2], [-92.44, 40.2], [-92.44000000000001, 40.2], [-92.52, 40.2], [-92.52000000000001, 40.2], [-92.6, 40.2], [-92.60000000000001, 40.2], [-92.67999999999999, 40.2], [-92.68, 40.2], [-92.75999999999999, 40.2], [-92.76, 40.2], [-92.83999999999999, 40.2], [-92.84, 40.2], [-92.91999999999999, 40.2], [-92.92, 40.2], [-92.99999999999999, 40.2], [-93.0, 40.2], [-93.08, 40.2], [-93.16, 40.2], [-93.16000000000001, 40.2], [-93.24, 40.2], [-93.24000000000001, 40.2], [-93.32, 40.2], [-93.32000000000001, 40.2], [-93.39999999999999, 40.2], [-93.4, 40.2], [-93.47999999999999, 40.2], [-93.48, 40.2], [-93.55999999999999, 40.2], [-93.56, 40.2], [-93.64, 40.2], [-93.72, 40.2], [-93.72000000000001, 40.2], [-93.8, 40.2], [-93.80000000000001, 40.2], [-93.88, 40.2], [-93.88000000000001, 40.2], [-93.96, 40.2], [-93.96000000000001, 40.2], [-94.03999999999999, 40.2], [-94.04, 40.2], [-94.11999999999999, 40.2], [-94.12, 40.2], [-94.19999999999999, 40.2], [-94.2, 40.2], [-94.27999999999999, 40.2], [-94.28, 40.2], [-94.36, 40.2], [-94.44, 40.2], [-94.44000000000001, 40.2], [-94.52, 40.2], [-94.52000000000001, 40.2], [-94.6, 40.2], [-94.60000000000001, 40.2], [-94.67999999999999, 40.2], [-94.68, 40.2], [-94.75999999999999, 40.2], [-94.76, 40.2], [-94.83999999999999, 40.2], [-94.84, 40.2], [-94.91999999999999, 40.2], [-94.92, 40.2], [-95.0, 40.2], [-95.08, 40.2], [-95.08000000000001, 40.2], [-95.16, 40.2], [-95.16000000000001, 40.2], [-95.24, 40.2], [-95.24000000000001, 40.2], [-95.32, 40.2], [-95.32000000000001, 40.2], [-95.39999999999999, 40.2], [-95.4, 40.2], [-95.47999999999999, 40.2], [-95.48, 40.2], [-95.55999999999999, 40.2], [-95.56, 40.2], [-95.64, 40.2], [-95.72, 40.2], [-95.72000000000001, 40.2], [-95.8, 40.2], [-95.80000000000001, 40.2], [-95.88, 40.2], [-95.88000000000001, 40.2], [-95.96, 40.2], [-95.96000000000001, 40.2], [-96.03999999999999, 40.2], [-96.04, 40.2], [-96.11999999999999, 40.2], [-96.12, 40.2], [-96.19999999999999, 40.2], [-96.2, 40.2], [-96.27999999999999, 40.2], [-96.28, 40.2], [-96.36, 40.2], [-96.44, 40.2], [-96.44000000000001, 40.2], [-96.52, 40.2], [-96.52000000000001, 40.2], [-96.6, 40.2], [-96.60000000000001, 40.2], [-96.67999999999999, 40.2], [-96.68, 40.2], [-96.75999999999999, 40.2], [-96.76, 40.2], [-96.83999999999999, 40.2], [-96.84, 40.2], [-96.91999999999999, 40.2], [-96.92, 40.2], [-97.0, 40.2], [-97.08, 40.2], [-97.08000000000001, 40.2], [-97.16, 40.2], [-97.16000000000001, 40.2], [-97.24, 40.2], [-97.24000000000001, 40.2], [-97.32, 40.2], [-97.32000000000001, 40.2], [-97.39999999999999, 40.2], [-97.4, 40.2], [-97.47999999999999, 40.2], [-97.48, 40.2], [-97.55999999999999, 40.2], [-97.56, 40.2], [-97.64, 40.2], [-97.72, 40.2], [-97.72000000000001, 40.2], [-97.8, 40.2], [-97.80000000000001, 40.2], [-97.88, 40.2], [-97.88000000000001, 40.2], [-97.96, 40.2], [-97.96000000000001, 40.2], [-98.03999999999999, 40.2], [-98.04, 40.2], [-98.11999999999999, 40.2], [-98.12, 40.2], [-98.19999999999999, 40.2], [-98.2, 40.2], [-98.27999999999999, 40.2], [-98.28, 40.2], [-98.36, 40.2], [-98.44, 40.2], [-98.44000000000001, 40.2], [-98.52, 40.2], [-98.52000000000001, 40.2], [-98.6, 40.2], [-98.60000000000001, 40.2], [-98.67999999999999, 40.2], [-98.68, 40.2], [-98.75999999999999, 40.2], [-98.76, 40.2], [-98.83999999999999, 40.2], [-98.84, 40.2], [-98.91999999999999, 40.2], [-98.92, 40.2], [-99.0, 40.2], [-99.08, 40.2], [-99.08000000000001, 40.2], [-99.16, 40.2], [-99.16000000000001, 40.2], [-99.24, 40.2], [-99.24000000000001, 40.2], [-99.32, 40.2], [-99.32000000000001, 40.2], [-99.39999999999999, 40.2], [-99.4, 40.2], [-99.47999999999999, 40.2], [-99.48, 40.2], [-99.55999999999999, 40.2], [-99.56, 40.2], [-99.64, 40.2], [-99.72, 40.2], [-99.72000000000001, 40.2], [-99.8, 40.2], [-99.80000000000001, 40.2], [-99.88, 40.2], [-99.88000000000001, 40.2], [-99.96, 40.2], [-99.96000000000001, 40.2], [-100.03999999999999, 40.2], [-100.04, 40.2], [-100.11999999999999, 40.2], [-100.12, 40.2], [-100.19999999999999, 40.2], [-100.2, 40.2], [-100.27999999999999, 40.2], [-100.28, 40.2], [-100.36, 40.2], [-100.44, 40.2], [-100.44000000000001, 40.2], [-100.52, 40.2], [-100.52000000000001, 40.2], [-100.6, 40.2], [-100.60000000000001, 40.2], [-100.67999999999999, 40.2], [-100.68, 40.2], [-100.75999999999999, 40.2], [-100.76, 40.2], [-100.83999999999999, 40.2], [-100.84, 40.2], [-100.91999999999999, 40.2], [-100.92, 40.2], [-101.0, 40.2], [-101.08, 40.2], [-101.08000000000001, 40.2], [-101.16, 40.2], [-101.16000000000001, 40.2], [-101.24, 40.2], [-101.24000000000001, 40.2], [-101.32, 40.2], [-101.32000000000001, 40.2], [-101.39999999999999, 40.2], [-101.4, 40.2], [-101.47999999999999, 40.2], [-101.48, 40.2], [-101.55999999999999, 40.2], [-101.56, 40.2], [-101.64, 40.2], [-101.72, 40.2], [-101.72000000000001, 40.2], [-101.8, 40.2], [-101.80000000000001, 40.2], [-101.88, 40.2], [-101.88000000000001, 40.2], [-101.96, 40.2], [-101.96000000000001, 40.2], [-102.03999999999999, 40.2], [-102.04, 40.2], [-102.11999999999999, 40.2], [-102.12, 40.2], [-102.19999999999999, 40.2], [-102.2, 40.2], [-102.27999999999999, 40.2], [-102.28, 40.2], [-102.36, 40.2], [-102.44, 40.2], [-102.44000000000001, 40.2], [-102.52, 40.2], [-102.52000000000001, 40.2], [-102.6, 40.2], [-102.60000000000001, 40.2], [-102.67999999999999, 40.2], [-102.68, 40.2], [-102.75999999999999, 40.2], [-102.76, 40.2], [-102.83999999999999, 40.2], [-102.84, 40.2], [-102.91999999999999, 40.2], [-102.92, 40.2], [-103.0, 40.2], [-103.0, 40.28], [-103.0, 40.36], [-103.0, 40.44], [-103.0, 40.519999999999996], [-102.92, 40.519999999999996], [-102.91999999999999, 40.519999999999996], [-102.84, 40.519999999999996], [-102.83999999999999, 40.519999999999996], [-102.76, 40.519999999999996], [-102.75999999999999, 40.519999999999996]]], [[[-103.0, 40.76], [-103.0, 40.839999999999996], [-102.92, 40.839999999999996], [-102.91999999999999, 40.839999999999996], [-102.84, 40.839999999999996], [-102.83999999999999, 40.839999999999996], [-102.76, 40.839999999999996], [-102.75999999999999, 40.839999999999996], [-102.68, 40.839999999999996], [-102.67999999999999, 40.839999999999996], [-102.60000000000001, 40.839999999999996], [-102.6, 40.839999999999996], [-102.52000000000001, 40.839999999999996], [-102.52, 40.839999999999996], [-102.44000000000001, 40.839999999999996], [-102.44, 40.839999999999996], [-102.36, 40.839999999999996], [-102.28, 40.839999999999996], [-102.27999999999999, 40.839999999999996], [-102.2, 40.839999999999996], [-102.19999999999999, 40.839999999999996], [-102.12, 40.839999999999996], [-102.11999999999999, 40.839999999999996], [-102.04, 40.839999999999996], [-102.03999999999999, 40.839999999999996], [-101.96000000000001, 40.839999999999996], [-101.96, 40.839999999999996], [-101.88000000000001, 40.839999999999996], [-101.88, 40.839999999999996], [-101.80000000000001, 40.839999999999996], [-101.8, 40.839999999999996], [-101.72000000000001, 40.839999999999996], [-101.72, 40.839999999999996], [-101.64, 40.839999999999996], [-101.56, 40.839999999999996], [-101.55999999999999, 40.839999999999996], [-101.48, 40.839999999999996], [-101.47999999999999, 40.839999999999996], [-101.4, 40.839999999999996], [-101.39999999999999, 40.839999999999996], [-101.32000000000001, 40.839999999999996], [-101.32, 40.839999999999996], [-101.24000000000001, 40.839999999999996], [-101.24, 40.839999999999996], [-101.16000000000001, 40.839999999999996], [-101.16, 40.839999999999996], [-101.08000000000001, 40.839999999999996], [-101.08, 40.839999999999996], [-101.0, 40.839999999999996], [-100.92, 40.839999999999996], [-100.91999999999999, 40.839999999999996], [-100.84, 40.839999999999996], [-100.83999999999999, 40.839999999999996], [-100.76, 40.839999999999996], [-100.75999999999999, 40.839999999999996], [-100.68, 40.839999999999996], [-100.67999999999999, 40.839999999999996], [-100.60000000000001, 40.839999999999996], [-100.6, 40.839999999999996], [-100.52000000000001, 40.839999999999996], [-100.52, 40.839999999999996], [-100.44000000000001, 40.839999999999996], [-100.44, 40.839999999999996], [-100.36, 40.839999999999996], [-100.28, 40.839999999999996], [-100.27999999999999, 40.839999999999996], [-100.2, 40.839999999999996], [-100.19999999999999, 40.839999999999996], [-100.12, 40.839999999999996], [-100.11999999999999, 40.839999999999996], [-100.04, 40.839999999999996], [-100.03999999999999, 40.839999999999996], [-99.96000000000001, 40.839999999999996], [-99.96, 40.839999999999996], [-99.88000000000001, 40.839999999999996], [-99.88, 40.839999999999996], [-99.80000000000001, 40.839999999999996], [-99.8, 40.839999999999996], [-99.72000000000001, 40.839999999999996], [-99.72, 40.839999999999996], [-99.64, 40.839999999999996], [-99.56, 40.839999999999996], [-99.55999999999999, 40.839999999999996], [-99.48, 40.839999999999996], [-99.47999999999999, 40.839999999999996], [-99.4, 40.839999999999996], [-99.39999999999999, 40.839999999999996], [-99.32000000000001, 40.839999999999996], [-99.32, 40.839999999999996], [-99.24000000000001, 40.839999999999996], [-99.24, 40.839999999999996], [-99.16000000000001, 40.839999999999996], [-99.16, 40.839999999999996], [-99.08000000000001, 40.839999999999996], [-99.08, 40.839999999999996], [-99.0, 40.839999999999996], [-98.92, 40.839999999999996], [-98.91999999999999, 40.839999999999996], [-98.84, 40.839999999999996], [-98.83999999999999, 40.839999999999996], [-98.76, 40.839999999999996], [-98.75999999999999, 40.839999999999996], [-98.68, 40.839999999999996], [-98.67999999999999, 40.839999999999996], [-98.60000000000001, 40.839999999999996], [-98.6, 40.839999999999996], [-98.52000000000001, 40.839999999999996], [-98.52, 40.839999999999996], [-98.44000000000001, 40.839999999999996], [-98.44, 40.839999999999996], [-98.36, 40.839999999999996], [-98.28, 40.839999999999996], [-98.27999999999999, 40.839999999999996], [-98.2, 40.839999999999996], [-98.19999999999999, 40.839999999999996], [-98.12, 40.839999999999996], [-98.11999999999999, 40.839999999999996], [-98.04, 40.839999999999996], [-98.03999999999999, 40.839999999999996], [-97.96000000000001, 40.839999999999996], [-97.96, 40.839999999999996], [-97.88000000000001, 40.839999999999996], [-97.88, 40.839999999999996], [-97.80000000000001, 40.839999999999996], [-97.8, 40.839999999999996], [-97.72000000000001, 40.839999999999996], [-97.72, 40.839999999999996], [-97.64, 40.839999999999996], [-97.56, 40.839999999999996], [-97.55999999999999, 40.839999999999996], [-97.48, 40.839999999999996], [-97.47999999999999, 40.839999999999996], [-97.4, 40.839999999999996], [-97.39999999999999, 40.839999999999996], [-97.32000000000001, 40.839999999999996], [-97.32, 40.839999999999996], [-97.24000000000001, 40.839999999999996], [-97.24, 40.839999999999996], [-97.16000000000001, 40.839999999999996], [-97.16, 40.839999999999996], [-97.08000000000001, 40.839999999999996], [-97.08, 40.839999999999996], [-97.0, 40.839999999999996], [-96.92, 40.839999999999996], [-96.91999999999999, 40.839999999999996], [-96.84, 40.839999999999996], [-96.83999999999999, 40.839999999999996], [-96.76, 40.839999999999996], [-96.75999999999999, 40.839999999999996], [-96.68, 40.839999999999996], [-96.67999999999999, 40.839999999999996], [-96.60000000000001, 40.839999999999996], [-96.6, 40.839999999999996], [-96.52000000000001, 40.839999999999996], [-96.52, 40.839999999999996], [-96.44000000000001, 40.839999999999996], [-96.44, 40.839999999999996], [-96.36, 40.839999999999996], [-96.28, 40.839999999999996], [-96.27999999999999, 40.839999999999996], [-96.2, 40.839999999999996], [-96.19999999999999, 40.839999999999996], [-96.12, 40.839999999999996], [-96.11999999999999, 40.839999999999996], [-96.04, 40.839999999999996], [-96.03999999999999, 40.839999999999996], [-95.96000000000001, 40.839999999999996], [-95.96, 40.839999999999996], [-95.88000000000001, 40.839999999999996], [-95.88, 40.839999999999996], [-95.80000000000001, 40.839999999999996], [-95.8, 40.839999999999996], [-95.72000000000001, 40.839999999999996], [-95.72, 40.839999999999996], [-95.64, 40.839999999999996], [-95.56, 40.839999999999996], [-95.55999999999999, 40.839999999999996], [-95.48, 40.839999999999996], [-95.47999999999999, 40.839999999999996], [-95.4, 40.839999999999996], [-95.39999999999999, 40.839999999999996], [-95.32000000000001, 40.839999999999996], [-95.32, 40.839999999999996], [-95.24000000000001, 40.839999999999996], [-95.24, 40.839999999999996], [-95.16000000000001, 40.839999999999996], [-95.16, 40.839999999999996], [-95.08000000000001, 40.839999999999996], [-95.08, 40.839999999999996], [-95.0, 40.839999999999996], [-94.92, 40.839999999999996], [-94.91999999999999, 40.839999999999996], [-94.84, 40.839999999999996], [-94.83999999999999, 40.839999999999996], [-94.76, 40.839999999999996], [-94.75999999999999, 40.839999999999996], [-94.68, 40.839999999999996], [-94.67999999999999, 40.839999999999996], [-94.60000000000001, 40.839999999999996], [-94.6, 40.839999999999996], [-94.52000000000001, 40.839999999999996], [-94.52, 40.839999999999996], [-94.44000000000001, 40.839999999999996], [-94.44, 40.839999999999996], [-94.36, 40.839999999999996], [-94.28, 40.839999999999996], [-94.27999999999999, 40.839999999999996], [-94.2, 40.839999999999996], [-94.19999999999999, 40.839999999999996], [-94.12, 40.839999999999996], [-94.11999999999999, 40.839999999999996], [-94.04, 40.839999999999996], [-94.03999999999999, 40.839999999999996], [-93.96000000000001, 40.839999999999996], [-93.96, 40.839999999999996], [-93.88000000000001, 40.839999999999996], [-93.88, 40.839999999999996], [-93.80000000000001, 40.839999999999996], [-93.8, 40.839999999999996], [-93.72000000000001, 40.839999999999996], [-93.72, 40.839999999999996], [-93.64, 40.839999999999996], [-93.56, 40.839999999999996], [-93.55999999999999, 40.839999999999996], [-93.48, 40.839999999999996], [-93.47999999999999, 40.839999999999996], [-93.4, 40.839999999999996], [-93.39999999999999, 40.839999999999996], [-93.32000000000001, 40.839999999999996], [-93.32, 40.839999999999996], [-93.24000000000001, 40.839999999999996], [-93.24, 40.839999999999996], [-93.16000000000001, 40.839999999999996], [-93.16, 40.839999999999996], [-93.08, 40.839999999999996], [-93.0, 40.839999999999996], [-92.99999999999999, 40.839999999999996], [-92.92, 40.839999999999996], [-92.91999999999999, 40.839999999999996], [-92.84, 40.839999999999996], [-92.83999999999999, 40.839999999999996], [-92.76, 40.839999999999996], [-92.75999999999999, 40.839999999999996], [-92.68, 40.839999999999996], [-92.67999999999999, 40.839999999999996], [-92.60000000000001, 40.839999999999996], [-92.6, 40.839999999999996], [-92.52000000000001, 40.839999999999996], [-92.52, 40.839999999999996], [-92.44000000000001, 40.839999999999996], [-92.44, 40.839999999999996], [-92.36, 40.839999999999996], [-92.28, 40.839999999999996], [-92.27999999999999, 40.839999999999996], [-92.2, 40.839999999999996], [-92.19999999999999, 40.839999999999996], [-92.11999999999999, 40.839999999999996], [-92.11999999999999, 40.76], [-92.04, 40.76], [-92.03999999999999, 40.76], [-91.96000000000001, 40.76], [-91.96000000000001, 40.839999999999996], [-91.88000000000001, 40.839999999999996], [-91.88, 40.839999999999996], [-91.8, 40.839999999999996], [-91.8, 40.76], [-91.88, 40.76], [-91.88000000000001, 40.76], [-91.96, 40.76], [-91.96, 40.68], [-91.88, 40.68], [-91.88, 40.6], [-91.96, 40.6], [-91.96000000000001, 40.6], [-92.03999999999999, 40.6], [-92.03999999999999, 40.52], [-92.11999999999999, 40.52], [-92.12, 40.52], [-92.19999999999999, 40.52], [-92.2, 40.52], [-92.27999999999999, 40.52], [-92.28, 40.52], [-92.36, 40.52], [-92.44, 40.52], [-92.44000000000001, 40.52], [-92.52, 40.52], [-92.52000000000001, 40.52], [-92.6, 40.52], [-92.60000000000001, 40.52], [-92.67999999999999, 40.52], [-92.68, 40.52], [-92.75999999999999, 40.52], [-92.76, 40.52], [-92.83999999999999, 40.52], [-92.84, 40.52], [-92.91999999999999, 40.52], [-92.92, 40.52], [-92.99999999999999, 40.52], [-93.0, 40.52], [-93.08, 40.52], [-93.16, 40.52], [-93.16000000000001, 40.52], [-93.24, 40.52], [-93.24000000000001, 40.52], [-93.32, 40.52], [-93.32000000000001, 40.52], [-93.39999999999999, 40.52], [-93.4, 40.52], [-93.47999999999999, 40.52], [-93.48, 40.52], [-93.55999999999999, 40.52], [-93.56, 40.52], [-93.64, 40.52], [-93.72, 40.52], [-93.72000000000001, 40.52], [-93.8, 40.52], [-93.80000000000001, 40.52], [-93.88, 40.52], [-93.88000000000001, 40.52], [-93.96, 40.52], [-93.96000000000001, 40.52], [-94.03999999999999, 40.52], [-94.04, 40.52], [-94.11999999999999, 40.52], [-94.12, 40.52], [-94.19999999999999, 40.52], [-94.2, 40.52], [-94.27999999999999, 40.52], [-94.28, 40.52], [-94.36, 40.52], [-94.44, 40.52], [-94.44000000000001, 40.52], [-94.52, 40.52], [-94.52000000000001, 40.52], [-94.6, 40.52], [-94.60000000000001, 40.52], [-94.67999999999999, 40.52], [-94.68, 40.52], [-94.75999999999999, 40.52], [-94.76, 40.52], [-94.83999999999999, 40.52], [-94.84, 40.52], [-94.91999999999999, 40.52], [-94.92, 40.52], [-95.0, 40.52], [-95.08, 40.52], [-95.08000000000001, 40.52], [-95.16, 40.52], [-95.16000000000001, 40.52], [-95.24, 40.52], [-95.24000000000001, 40.52], [-95.32, 40.52], [-95.32000000000001, 40.52], [-95.39999999999999, 40.52], [-95.4, 40.52], [-95.47999999999999, 40.52], [-95.48, 40.52], [-95.55999999999999, 40.52], [-95.56, 40.52], [-95.64, 40.52], [-95.72, 40.52], [-95.72000000000001, 40.52], [-95.8, 40.52], [-95.80000000000001, 40.52], [-95.88, 40.52], [-95.88000000000001, 40.52], [-95.96, 40.52], [-95.96000000000001, 40.52], [-96.03999999999999, 40.52], [-96.04, 40.52], [-96.11999999999999, 40.52], [-96.12, 40.52], [-96.19999999999999, 40.52], [-96.2, 40.52], [-96.27999999999999, 40.52], [-96.28, 40.52], [-96.36, 40.52], [-96.44, 40.52], [-96.44000000000001, 40.52], [-96.52, 40.52], [-96.52000000000001, 40.52], [-96.6, 40.52], [-96.60000000000001, 40.52], [-96.67999999999999, 40.52], [-96.68, 40.52], [-96.75999999999999, 40.52], [-96.76, 40.52], [-96.83999999999999, 40.52], [-96.84, 40.52], [-96.91999999999999, 40.52], [-96.92, 40.52], [-97.0, 40.52], [-97.08, 40.52], [-97.08000000000001, 40.52], [-97.16, 40.52], [-97.16000000000001, 40.52], [-97.24, 40.52], [-97.24000000000001, 40.52], [-97.32, 40.52], [-97.32000000000001, 40.52], [-97.39999999999999, 40.52], [-97.4, 40.52], [-97.47999999999999, 40.52], [-97.48, 40.52], [-97.55999999999999, 40.52], [-97.56, 40.52], [-97.64, 40.52], [-97.72, 40.52], [-97.72000000000001, 40.52], [-97.8, 40.52], [-97.80000000000001, 40.52], [-97.88, 40.52], [-97.88000000000001, 40.52], [-97.96, 40.52], [-97.96000000000001, 40.52], [-98.03999999999999, 40.52], [-98.04, 40.52], [-98.11999999999999, 40.52], [-98.12, 40.52], [-98.19999999999999, 40.52], [-98.2, 40.52], [-98.27999999999999, 40.52], [-98.28, 40.52], [-98.36, 40.52], [-98.44, 40.52], [-98.44000000000001, 40.52], [-98.52, 40.52], [-98.52000000000001, 40.52], [-98.6, 40.52], [-98.60000000000001, 40.52], [-98.67999999999999, 40.52], [-98.68, 40.52], [-98.75999999999999, 40.52], [-98.76, 40.52], [-98.83999999999999, 40.52], [-98.84, 40.52], [-98.91999999999999, 40.52], [-98.92, 40.52], [-99.0, 40.52], [-99.08, 40.52], [-99.08000000000001, 40.52], [-99.16, 40.52], [-99.16000000000001, 40.52], [-99.24, 40.52], [-99.24000000000001, 40.52], [-99.32, 40.52], [-99.32000000000001, 40.52], [-99.39999999999999, 40.52], [-99.4, 40.52], [-99.47999999999999, 40.52], [-99.48, 40.52], [-99.55999999999999, 40.52], [-99.56, 40.52], [-99.64, 40.52], [-99.72, 40.52], [-99.72000000000001, 40.52], [-99.8, 40.52], [-99.80000000000001, 40.52], [-99.88, 40.52], [-99.88000000000001, 40.52], [-99.96, 40.52], [-99.96000000000001, 40.52], [-100.03999999999999, 40.52], [-100.04, 40.52], [-100.11999999999999, 40.52], [-100.12, 40.52], [-100.19999999999999, 40.52], [-100.2, 40.52], [-100.27999999999999, 40.52], [-100.28, 40.52], [-100.36, 40.52], [-100.44, 40.52], [-100.44000000000001, 40.52], [-100.52, 40.52], [-100.52000000000001, 40.52], [-100.6, 40.52], [-100.60000000000001, 40.52], [-100.67999999999999, 40.52], [-100.68, 40.52], [-100.75999999999999, 40.52], [-100.76, 40.52], [-100.83999999999999, 40.52], [-100.84, 40.52], [-100.91999999999999, 40.52], [-100.92, 40.52], [-101.0, 40.52], [-101.08, 40.52], [-101.08000000000001, 40.52], [-101.16, 40.52], [-101.16000000000001, 40.52], [-101.24, 40.52], [-101.24000000000001, 40.52], [-101.32, 40.52], [-101.32000000000001, 40.52], [-101.39999999999999, 40.52], [-101.4, 40.52], [-101.47999999999999, 40.52], [-101.48, 40.52], [-101.55999999999999, 40.52], [-101.56, 40.52], [-101.64, 40.52], [-101.72, 40.52], [-101.72000000000001, 40.52], [-101.8, 40.52], [-101.80000000000001, 40.52], [-101.88, 40.52], [-101.88000000000001, 40.52], [-101.96, 40.52], [-101.96000000000001, 40.52], [-102.03999999999999, 40.52], [-102.04, 40.52], [-102.11999999999999, 40.52], [-102.12, 40.52], [-102.19999999999999, 40.52], [-102.2, 40.52], [-102.27999999999999, 40.52], [-102.28, 40.52], [-102.36, 40.52], [-102.44, 40.52], [-102.44000000000001, 40.52], [-102.52, 40.52], [-102.52000000000001, 40.52], [-102.6, 40.52], [-102.60000000000001, 40.52], [-102.67999999999999, 40.52], [-102.68, 40.52], [-102.75999999999999, 40.52], [-102.76, 40.52], [-102.83999999999999, 40.52], [-102.84, 40.52], [-102.91999999999999, 40.52], [-102.92, 40.52], [-103.0, 40.52], [-103.0, 40.6], [-103.0, 40.68], [-103.0, 40.76]]], [[[-102.91999999999999, 41.16], [-102.84, 41.16], [-102.83999999999999, 41.16], [-102.76, 41.16], [-102.75999999999999, 41.16], [-102.68, 41.16], [-102.67999999999999, 41.16], [-102.60000000000001, 41.16], [-102.6, 41.16], [-102.52000000000001, 41.16], [-102.52, 41.16], [-102.44000000000001, 41.16], [-102.44, 41.16], [-102.36, 41.16], [-102.28, 41.16], [-102.27999999999999, 41.16], [-102.2, 41.16], [-102.19999999999999, 41.16], [-102.12, 41.16], [-102.11999999999999, 41.16], [-102.04, 41.16], [-102.03999999999999, 41.16], [-101.96000000000001, 41.16], [-101.96, 41.16], [-101.88000000000001, 41.16], [-101.88, 41.16], [-101.80000000000001, 41.16], [-101.8, 41.16], [-101.72000000000001, 41.16], [-101.72, 41.16], [-101.64, 41.16], [-101.56, 41.16], [-101.55999999999999, 41.16], [-101.48, 41.16], [-101.47999999999999, 41.16], [-101.4, 41.16], [-101.39999999999999, 41.16], [-101.32000000000001, 41.16], [-101.32, 41.16], [-101.24000000000001, 41.16], [-101.24, 41.16], [-101.16000000000001, 41.16], [-101.16, 41.16], [-101.08000000000001, 41.16], [-101.08, 41.16], [-101.0, 41.16], [-100.92, 41.16], [-100.91999999999999, 41.16], [-100.84, 41.16], [-100.83999999999999, 41.16], [-100.76, 41.16], [-100.75999999999999, 41.16], [-100.68, 41.16], [-100.67999999999999, 41.16], [-100.60000000000001, 41.16], [-100.6, 41.16], [-100.52000000000001, 41.16], [-100.52, 41.16], [-100.44000000000001, 41.16], [-100.44, 41.16], [-100.36, 41.16], [-100.28, 41.16], [-100.27999999999999, 41.16], [-100.2, 41.16], [-100.19999999999999, 41.16], [-100.12, 41.16], [-100.11999999999999, 41.16], [-100.04, 41.16], [-100.03999999999999, 41.16], [-99.96000000000001, 41.16], [-99.96, 41.16], [-99.88000000000001, 41.16], [-99.88, 41.16], [-99.80000000000001, 41.16], [-99.8, 41.16], [-99.72000000000001, 41.16], [-99.72, 41.16], [-99.64, 41.16], [-99.56, 41.16], [-99.55999999999999, 41.16], [-99.48, 41.16], [-99.47999999999999, 41.16], [-99.4, 41.16], [-99.39999999999999, 41.16], [-99.32000000000001, 41.16], [-99.32, 41.16], [-99.24000000000001, 41.16], [-99.24, 41.16], [-99.16000000000001, 41.16], [-99.16, 41.16], [-99.08000000000001, 41.16], [-99.08, 41.16], [-99.0, 41.16], [-98.92, 41.16], [-98.91999999999999, 41.16], [-98.84, 41.16], [-98.83999999999999, 41.16], [-98.76, 41.16], [-98.75999999999999, 41.16], [-98.68, 41.16], [-98.67999999999999, 41.16], [-98.60000000000001, 41.16], [-98.6, 41.16], [-98.52000000000001, 41.16], [-98.52, 41.16], [-98.44000000000001, 41.16], [-98.44, 41.16], [-98.36, 41.16], [-98.28, 41.16], [-98.27999999999999, 41.16], [-98.2, 41.16], [-98.19999999999999, 41.16], [-98.12, 41.16], [-98.11999999999999, 41.16], [-98.04, 41.16], [-98.03999999999999, 41.16], [-97.96000000000001, 41.16], [-97.96, 41.16], [-97.88000000000001, 41.16], [-97.88, 41.16], [-97.80000000000001, 41.16], [-97.8, 41.16], [-97.72000000000001, 41.16], [-97.72, 41.16], [-97.64, 41.16], [-97.56, 41.16], [-97.55999999999999, 41.16], [-97.48, 41.16], [-97.47999999999999, 41.16], [-97.4, 41.16], [-97.39999999999999, 41.16], [-97.32000000000001, 41.16], [-97.32, 41.16], [-97.24000000000001, 41.16], [-97.24, 41.16], [-97.16000000000001, 41.16], [-97.16, 41.16], [-97.08000000000001, 41.16], [-97.08, 41.16], [-97.0, 41.16], [-96.92, 41.16], [-96.91999999999999, 41.16], [-96.84, 41.16], [-96.83999999999999, 41.16], [-96.76, 41.16], [-96.75999999999999, 41.16], [-96.68, 41.16], [-96.67999999999999, 41.16], [-96.60000000000001, 41.16], [-96.6, 41.16], [-96.52000000000001, 41.16], [-96.52, 41.16], [-96.44000000000001, 41.16], [-96.44, 41.16], [-96.36, 41.16], [-96.28, 41.16], [-96.27999999999999, 41.16], [-96.2, 41.16], [-96.19999999999999, 41.16], [-96.12, 41.16], [-96.11999999999999, 41.16], [-96.04, 41.16], [-96.03999999999999, 41.16], [-95.96000000000001, 41.16], [-95.96, 41.16], [-95.88000000000001, 41.16], [-95.88, 41.16], [-95.80000000000001, 41.16], [-95.8, 41.16], [-95.72000000000001, 41.16], [-95.72, 41.16], [-95.64, 41.16], [-95.56, 41.16], [-95.55999999999999, 41.16], [-95.48, 41.16], [-95.47999999999999, 41.16], [-95.4, 41.16], [-95.39999999999999, 41.16], [-95.32000000000001, 41.16], [-95.32, 41.16], [-95.24000000000001, 41.16], [-95.24, 41.16], [-95.16000000000001, 41.16], [-95.16, 41.16], [-95.08000000000001, 41.16], [-95.08, 41.16], [-95.0, 41.16], [-94.92, 41.16], [-94.91999999999999, 41.16], [-94.84, 41.16], [-94.83999999999999, 41.16], [-94.76, 41.16], [-94.75999999999999, 41.16], [-94.68, 41.16], [-94.67999999999999, 41.16], [-94.60000000000001, 41.16], [-94.6, 41.16], [-94.52000000000001, 41.16], [-94.52, 41.16], [-94.44000000000001, 41.16], [-94.44, 41.16], [-94.36, 41.16], [-94.28, 41.16], [-94.27999999999999, 41.16], [-94.2, 41.16], [-94.19999999999999, 41.16], [-94.12, 41.16], [-94.11999999999999, 41.16], [-94.04, 41.16], [-94.03999999999999, 41.16], [-93.96000000000001, 41.16], [-93.96, 41.16], [-93.88000000000001, 41.16], [-93.88, 41.16], [-93.80000000000001, 41.16], [-93.8, 41.16], [-93.72000000000001, 41.16], [-93.72, 41.16], [-93.64, 41.16], [-93.56, 41.16], [-93.55999999999999, 41.16], [-93.48, 41.16], [-93.47999999999999, 41.16], [-93.4, 41.16], [-93.39999999999999, 41.16], [-93.32000000000001, 41.16], [-93.32, 41.16], [-93.24000000000001, 41.16], [-93.24, 41.16], [-93.16000000000001, 41.16], [-93.16, 41.16], [-93.08, 41.16], [-93.0, 41.16], [-92.99999999999999, 41.16], [-92.92, 41.16], [-92.91999999999999, 41.16], [-92.84, 41.16], [-92.83999999999999, 41.16], [-92.76, 41.16], [-92.75999999999999, 41.16], [-92.68, 41.16], [-92.67999999999999, 41.16], [-92.60000000000001, 41.16], [-92.6, 41.16], [-92.52000000000001, 41.16], [-92.52, 41.16], [-92.44000000000001, 41.16], [-92.44, 41.16], [-92.36, 41.16], [-92.28, 41.16], [-92.27999999999999, 41.16], [-92.2, 41.16], [-92.19999999999999, 41.16], [-92.12, 41.16], [-92.11999999999999, 41.16], [-92.03999999999999, 41.16], [-92.03999999999999, 41.08], [-91.96000000000001, 41.08], [-91.96, 41.08], [-91.88000000000001, 41.08], [-91.88000000000001, 41.16], [-91.80000000000001, 41.16], [-91.8, 41.16], [-91.72000000000001, 41.16], [-91.72, 41.16], [-91.64, 41.16], [-91.56, 41.16], [-91.55999999999999, 41.16], [-91.48, 41.16], [-91.47999999999999, 41.16], [-91.4, 41.16], [-91.39999999999999, 41.16], [-91.32000000000001, 41.16], [-91.32, 41.16], [-91.24, 41.16], [-91.24, 41.08], [-91.24, 41.0], [-91.16, 41.0], [-91.16, 40.92], [-91.08, 40.92], [-91.08, 40.84], [-91.16, 40.84], [-91.16000000000001, 40.84], [-91.24, 40.84], [-91.24000000000001, 40.84], [-91.32, 40.84], [-91.32000000000001, 40.84], [-91.39999999999999, 40.84], [-91.4, 40.84], [-91.47999999999999, 40.84], [-91.48, 40.84], [-91.55999999999999, 40.84], [-91.56, 40.84], [-91.64, 40.84], [-91.72, 40.84], [-91.72000000000001, 40.84], [-91.8, 40.84], [-91.80000000000001, 40.84], [-91.88, 40.84], [-91.88000000000001, 40.84], [-91.96, 40.84], [-91.96000000000001, 40.84], [-92.03999999999999, 40.84], [-92.04, 40.84], [-92.11999999999999, 40.84], [-92.12, 40.84], [-92.19999999999999, 40.84], [-92.2, 40.84], [-92.27999999999999, 40.84], [-92.28, 40.84], [-92.36, 40.84], [-92.44, 40.84], [-92.44000000000001, 40.84], [-92.52, 40.84], [-92.52000000000001, 40.84], [-92.6, 40.84], [-92.60000000000001, 40.84], [-92.67999999999999, 40.84], [-92.68, 40.84], [-92.75999999999999, 40.84], [-92.76, 40.84], [-92.83999999999999, 40.84], [-92.84, 40.84], [-92.91999999999999, 40.84], [-92.92, 40.84], [-92.99999999999999, 40.84], [-93.0, 40.84], [-93.08, 40.84], [-93.16, 40.84], [-93.16000000000001, 40.84], [-93.24, 40.84], [-93.24000000000001, 40.84], [-93.32, 40.84], [-93.32000000000001, 40.84], [-93.39999999999999, 40.84], [-93.4, 40.84], [-93.47999999999999, 40.84], [-93.48, 40.84], [-93.55999999999999, 40.84], [-93.56, 40.84], [-93.64, 40.84], [-93.72, 40.84], [-93.72000000000001, 40.84], [-93.8, 40.84], [-93.80000000000001, 40.84], [-93.88, 40.84], [-93.88000000000001, 40.84], [-93.96, 40.84], [-93.96000000000001, 40.84], [-94.03999999999999, 40.84], [-94.04, 40.84], [-94.11999999999999, 40.84], [-94.12, 40.84], [-94.19999999999999, 40.84], [-94.2, 40.84], [-94.27999999999999, 40.84], [-94.28, 40.84], [-94.36, 40.84], [-94.44, 40.84], [-94.44000000000001, 40.84], [-94.52, 40.84], [-94.52000000000001, 40.84], [-94.6, 40.84], [-94.60000000000001, 40.84], [-94.67999999999999, 40.84], [-94.68, 40.84], [-94.75999999999999, 40.84], [-94.76, 40.84], [-94.83999999999999, 40.84], [-94.84, 40.84], [-94.91999999999999, 40.84], [-94.92, 40.84], [-95.0, 40.84], [-95.08, 40.84], [-95.08000000000001, 40.84], [-95.16, 40.84], [-95.16000000000001, 40.84], [-95.24, 40.84], [-95.24000000000001, 40.84], [-95.32, 40.84], [-95.32000000000001, 40.84], [-95.39999999999999, 40.84], [-95.4, 40.84], [-95.47999999999999, 40.84], [-95.48, 40.84], [-95.55999999999999, 40.84], [-95.56, 40.84], [-95.64, 40.84], [-95.72, 40.84], [-95.72000000000001, 40.84], [-95.8, 40.84], [-95.80000000000001, 40.84], [-95.88, 40.84], [-95.88000000000001, 40.84], [-95.96, 40.84], [-95.96000000000001, 40.84], [-96.03999999999999, 40.84], [-96.04, 40.84], [-96.11999999999999, 40.84], [-96.12, 40.84], [-96.19999999999999, 40.84], [-96.2, 40.84], [-96.27999999999999, 40.84], [-96.28, 40.84], [-96.36, 40.84], [-96.44, 40.84], [-96.44000000000001, 40.84], [-96.52, 40.84], [-96.52000000000001, 40.84], [-96.6, 40.84], [-96.60000000000001, 40.84], [-96.67999999999999, 40.84], [-96.68, 40.84], [-96.75999999999999, 40.84], [-96.76, 40.84], [-96.83999999999999, 40.84], [-96.84, 40.84], [-96.91999999999999, 40.84], [-96.92, 40.84], [-97.0, 40.84], [-97.08, 40.84], [-97.08000000000001, 40.84], [-97.16, 40.84], [-97.16000000000001, 40.84], [-97.24, 40.84], [-97.24000000000001, 40.84], [-97.32, 40.84], [-97.32000000000001, 40.84], [-97.39999999999999, 40.84], [-97.4, 40.84], [-97.47999999999999, 40.84], [-97.48, 40.84], [-97.55999999999999, 40.84], [-97.56, 40.84], [-97.64, 40.84], [-97.72, 40.84], [-97.72000000000001, 40.84], [-97.8, 40.84], [-97.80000000000001, 40.84], [-97.88, 40.84], [-97.88000000000001, 40.84], [-97.96, 40.84], [-97.96000000000001, 40.84], [-98.03999999999999, 40.84], [-98.04, 40.84], [-98.11999999999999, 40.84], [-98.12, 40.84], [-98.19999999999999, 40.84], [-98.2, 40.84], [-98.27999999999999, 40.84], [-98.28, 40.84], [-98.36, 40.84], [-98.44, 40.84], [-98.44000000000001, 40.84], [-98.52, 40.84], [-98.52000000000001, 40.84], [-98.6, 40.84], [-98.60000000000001, 40.84], [-98.67999999999999, 40.84], [-98.68, 40.84], [-98.75999999999999, 40.84], [-98.76, 40.84], [-98.83999999999999, 40.84], [-98.84, 40.84], [-98.91999999999999, 40.84], [-98.92, 40.84], [-99.0, 40.84], [-99.08, 40.84], [-99.08000000000001, 40.84], [-99.16, 40.84], [-99.16000000000001, 40.84], [-99.24, 40.84], [-99.24000000000001, 40.84], [-99.32, 40.84], [-99.32000000000001, 40.84], [-99.39999999999999, 40.84], [-99.4, 40.84], [-99.47999999999999, 40.84], [-99.48, 40.84], [-99.55999999999999, 40.84], [-99.56, 40.84], [-99.64, 40.84], [-99.72, 40.84], [-99.72000000000001, 40.84], [-99.8, 40.84], [-99.80000000000001, 40.84], [-99.88, 40.84], [-99.88000000000001, 40.84], [-99.96, 40.84], [-99.96000000000001, 40.84], [-100.03999999999999, 40.84], [-100.04, 40.84], [-100.11999999999999, 40.84], [-100.12, 40.84], [-100.19999999999999, 40.84], [-100.2, 40.84], [-100.27999999999999, 40.84], [-100.28, 40.84], [-100.36, 40.84], [-100.44, 40.84], [-100.44000000000001, 40.84], [-100.52, 40.84], [-100.52000000000001, 40.84], [-100.6, 40.84], [-100.60000000000001, 40.84], [-100.67999999999999, 40.84], [-100.68, 40.84], [-100.75999999999999, 40.84], [-100.76, 40.84], [-100.83999999999999, 40.84], [-100.84, 40.84], [-100.91999999999999, 40.84], [-100.92, 40.84], [-101.0, 40.84], [-101.08, 40.84], [-101.08000000000001, 40.84], [-101.16, 40.84], [-101.16000000000001, 40.84], [-101.24, 40.84], [-101.24000000000001, 40.84], [-101.32, 40.84], [-101.32000000000001, 40.84], [-101.39999999999999, 40.84], [-101.4, 40.84], [-101.47999999999999, 40.84], [-101.48, 40.84], [-101.55999999999999, 40.84], [-101.56, 40.84], [-101.64, 40.84], [-101.72, 40.84], [-101.72000000000001, 40.84], [-101.8, 40.84], [-101.80000000000001, 40.84], [-101.88, 40.84], [-101.88000000000001, 40.84], [-101.96, 40.84], [-101.96000000000001, 40.84], [-102.03999999999999, 40.84], [-102.04, 40.84], [-102.11999999999999, 40.84], [-102.12, 40.84], [-102.19999999999999, 40.84], [-102.2, 40.84], [-102.27999999999999, 40.84], [-102.28, 40.84], [-102.36, 40.84], [-102.44, 40.84], [-102.44000000000001, 40.84], [-102.52, 40.84], [-102.52000000000001, 40.84], [-102.6, 40.84], [-102.60000000000001, 40.84], [-102.67999999999999, 40.84], [-102.68, 40.84], [-102.75999999999999, 40.84], [-102.76, 40.84], [-102.83999999999999, 40.84], [-102.84, 40.84], [-102.91999999999999, 40.84], [-102.92, 40.84], [-103.0, 40.84], [-103.0, 40.92], [-103.0, 41.0], [-103.0, 41.08], [-103.0, 41.16], [-102.92, 41.16], [-102.91999999999999, 41.16]]], [[[-103.0, 41.48], [-103.0, 41.559999999999995], [-102.92, 41.559999999999995], [-102.91999999999999, 41.559999999999995], [-102.84, 41.559999999999995], [-102.83999999999999, 41.559999999999995], [-102.76, 41.559999999999995], [-102.75999999999999, 41.559999999999995], [-102.68, 41.559999999999995], [-102.67999999999999, 41.559999999999995], [-102.60000000000001, 41.559999999999995], [-102.6, 41.559999999999995], [-102.52000000000001, 41.559999999999995], [-102.52, 41.559999999999995], [-102.44000000000001, 41.559999999999995], [-102.44, 41.559999999999995], [-102.36, 41.559999999999995], [-102.28, 41.559999999999995], [-102.27999999999999, 41.559999999999995], [-102.2, 41.559999999999995], [-102.19999999999999, 41.559999999999995], [-102.12, 41.559999999999995], [-102.11999999999999, 41.559999999999995], [-102.04, 41.559999999999995], [-102.03999999999999, 41.559999999999995], [-101.96000000000001, 41.559999999999995], [-101.96, 41.559999999999995], [-101.88000000000001, 41.559999999999995], [-101.88, 41.559999999999995], [-101.80000000000001, 41.559999999999995], [-101.8, 41.559999999999995], [-101.72000000000001, 41.559999999999995], [-101.72, 41.559999999999995], [-101.64, 41.559999999999995], [-101.56, 41.559999999999995], [-101.55999999999999, 41.559999999999995], [-101.48, 41.559999999999995], [-101.47999999999999, 41.559999999999995], [-101.4, 41.559999999999995], [-101.39999999999999, 41.559999999999995], [-101.32000000000001, 41.559999999999995], [-101.32, 41.559999999999995], [-101.24000000000001, 41.559999999999995], [-101.24, 41.559999999999995], [-101.16000000000001, 41.559999999999995], [-101.16, 41.559999999999995], [-101.08000000000001, 41.559999999999995], [-101.08, 41.559999999999995], [-101.0, 41.559999999999995], [-100.92, 41.559999999999995], [-100.91999999999999, 41.559999999999995], [-100.84, 41.559999999999995], [-100.83999999999999, 41.559999999999995], [-100.76, 41.559999999999995], [-100.75999999999999, 41.559999999999995], [-100.68, 41.559999999999995], [-100.67999999999999, 41.559999999999995], [-100.60000000000001, 41.559999999999995], [-100.6, 41.559999999999995], [-100.52000000000001, 41.559999999999995], [-100.52, 41.559999999999995], [-100.44000000000001, 41.559999999999995], [-100.44, 41.559999999999995], [-100.36, 41.559999999999995], [-100.28, 41.559999999999995], [-100.27999999999999, 41.559999999999995], [-100.2, 41.559999999999995], [-100.19999999999999, 41.559999999999995], [-100.12, 41.559999999999995], [-100.11999999999999, 41.559999999999995], [-100.04, 41.559999999999995], [-100.03999999999999, 41.559999999999995], [-99.96000000000001, 41.559999999999995], [-99.96, 41.559999999999995], [-99.88000000000001, 41.559999999999995], [-99.88, 41.559999999999995], [-99.80000000000001, 41.559999999999995], [-99.8, 41.559999999999995], [-99.72000000000001, 41.559999999999995], [-99.72, 41.559999999999995], [-99.64, 41.559999999999995], [-99.56, 41.559999999999995], [-99.55999999999999, 41.559999999999995], [-99.48, 41.559999999999995], [-99.47999999999999, 41.559999999999995], [-99.4, 41.559999999999995], [-99.39999999999999, 41.559999999999995], [-99.32000000000001, 41.559999999999995], [-99.32, 41.559999999999995], [-99.24000000000001, 41.559999999999995], [-99.24, 41.559999999999995], [-99.16000000000001, 41.559999999999995], [-99.16, 41.559999999999995], [-99.08000000000001, 41.559999999999995], [-99.08, 41.559999999999995], [-99.0, 41.559999999999995], [-98.92, 41.559999999999995], [-98.91999999999999, 41.559999999999995], [-98.84, 41.559999999999995], [-98.83999999999999, 41.559999999999995], [-98.76, 41.559999999999995], [-98.75999999999999, 41.559999999999995], [-98.68, 41.559999999999995], [-98.67999999999999, 41.559999999999995], [-98.60000000000001, 41.559999999999995], [-98.6, 41.559999999999995], [-98.52000000000001, 41.559999999999995], [-98.52, 41.559999999999995], [-98.44000000000001, 41.559999999999995], [-98.44, 41.559999999999995], [-98.36, 41.559999999999995], [-98.28, 41.559999999999995], [-98.27999999999999, 41.559999999999995], [-98.2, 41.559999999999995], [-98.19999999999999, 41.559999999999995], [-98.12, 41.559999999999995], [-98.11999999999999, 41.559999999999995], [-98.04, 41.559999999999995], [-98.03999999999999, 41.559999999999995], [-97.96000000000001, 41.559999999999995], [-97.96, 41.559999999999995], [-97.88000000000001, 41.559999999999995], [-97.88, 41.559999999999995], [-97.80000000000001, 41.559999999999995], [-97.8, 41.559999999999995], [-97.72000000000001, 41.559999999999995], [-97.72, 41.559999999999995], [-97.64, 41.559999999999995], [-97.56, 41.559999999999995], [-97.55999999999999, 41.559999999999995], [-97.48, 41.559999999999995], [-97.47999999999999, 41.559999999999995], [-97.4, 41.559999999999995], [-97.39999999999999, 41.559999999999995], [-97.32000000000001, 41.559999999999995], [-97.32, 41.559999999999995], [-97.24000000000001, 41.559999999999995], [-97.24, 41.559999999999995], [-97.16000000000001, 41.559999999999995], [-97.16, 41.559999999999995], [-97.08000000000001, 41.559999999999995], [-97.08, 41.559999999999995], [-97.0, 41.559999999999995], [-96.92, 41.559999999999995], [-96.91999999999999, 41.559999999999995], [-96.84, 41.559999999999995], [-96.83999999999999, 41.559999999999995], [-96.76, 41.559999999999995], [-96.75999999999999, 41.559999999999995], [-96.68, 41.559999999999995], [-96.67999999999999, 41.559999999999995], [-96.60000000000001, 41.559999999999995], [-96.6, 41.559999999999995], [-96.52000000000001, 41.559999999999995], [-96.52, 41.559999999999995], [-96.44000000000001, 41.559999999999995], [-96.44, 41.559999999999995], [-96.36, 41.559999999999995], [-96.28, 41.559999999999995], [-96.27999999999999, 41.559999999999995], [-96.2, 41.559999999999995], [-96.19999999999999, 41.559999999999995], [-96.12, 41.559999999999995], [-96.11999999999999, 41.559999999999995], [-96.04, 41.559999999999995], [-96.03999999999999, 41.559999999999995], [-95.96000000000001, 41.559999999999995], [-95.96, 41.559999999999995], [-95.88000000000001, 41.559999999999995], [-95.88, 41.559999999999995], [-95.80000000000001, 41.559999999999995], [-95.8, 41.559999999999995], [-95.72000000000001, 41.559999999999995], [-95.72, 41.559999999999995], [-95.64, 41.559999999999995], [-95.56, 41.559999999999995], [-95.55999999999999, 41.559999999999995], [-95.48, 41.559999999999995], [-95.47999999999999, 41.559999999999995], [-95.4, 41.559999999999995], [-95.39999999999999, 41.559999999999995], [-95.32000000000001, 41.559999999999995], [-95.32, 41.559999999999995], [-95.24000000000001, 41.559999999999995], [-95.24, 41.559999999999995], [-95.16000000000001, 41.559999999999995], [-95.16, 41.559999999999995], [-95.08000000000001, 41.559999999999995], [-95.08, 41.559999999999995], [-95.0, 41.559999999999995], [-94.92, 41.559999999999995], [-94.91999999999999, 41.559999999999995], [-94.84, 41.559999999999995], [-94.83999999999999, 41.559999999999995], [-94.76, 41.559999999999995], [-94.75999999999999, 41.559999999999995], [-94.68, 41.559999999999995], [-94.67999999999999, 41.559999999999995], [-94.60000000000001, 41.559999999999995], [-94.6, 41.559999999999995], [-94.52000000000001, 41.559999999999995], [-94.52, 41.559999999999995], [-94.44000000000001, 41.559999999999995], [-94.44, 41.559999999999995], [-94.36, 41.559999999999995], [-94.28, 41.559999999999995], [-94.27999999999999, 41.559999999999995], [-94.2, 41.559999999999995], [-94.19999999999999, 41.559999999999995], [-94.12, 41.559999999999995], [-94.11999999999999, 41.559999999999995], [-94.04, 41.559999999999995], [-94.03999999999999, 41.559999999999995], [-93.96000000000001, 41.559999999999995], [-93.96, 41.559999999999995], [-93.88000000000001, 41.559999999999995], [-93.88, 41.559999999999995], [-93.80000000000001, 41.559999999999995], [-93.8, 41.559999999999995], [-93.72000000000001, 41.559999999999995], [-93.72, 41.559999999999995], [-93.64, 41.559999999999995], [-93.56, 41.559999999999995], [-93.55999999999999, 41.559999999999995], [-93.48, 41.559999999999995], [-93.47999999999999, 41.559999999999995], [-93.4, 41.559999999999995], [-93.39999999999999, 41.559999999999995], [-93.32000000000001, 41.559999999999995], [-93.32, 41.559999999999995], [-93.24, 41.559999999999995], [-93.24, 41.48], [-93.32, 41.48], [-93.32, 41.4], [-93.24000000000001, 41.4], [-93.24, 41.4], [-93.16000000000001, 41.4], [-93.16, 41.4], [-93.08, 41.4], [-93.0, 41.4], [-93.0, 41.48], [-93.08, 41.48], [-93.16000000000001, 41.48], [-93.16000000000001, 41.559999999999995], [-93.08, 41.559999999999995], [-93.0, 41.559999999999995], [-92.99999999999999, 41.559999999999995], [-92.92, 41.559999999999995], [-92.91999999999999, 41.559999999999995], [-92.84, 41.559999999999995], [-92.83999999999999, 41.559999999999995], [-92.76, 41.559999999999995], [-92.75999999999999, 41.559999999999995], [-92.68, 41.559999999999995], [-92.67999999999999, 41.559999999999995], [-92.60000000000001, 41.559999999999995], [-92.6, 41.559999999999995], [-92.52000000000001, 41.559999999999995], [-92.52, 41.559999999999995], [-92.44000000000001, 41.559999999999995], [-92.44, 41.559999999999995], [-92.36, 41.559999999999995], [-92.28, 41.559999999999995], [-92.27999999999999, 41.559999999999995], [-92.2, 41.559999999999995], [-92.19999999999999, 41.559999999999995], [-92.12, 41.559999999999995], [-92.11999999999999, 41.559999999999995], [-92.04, 41.559999999999995], [-92.03999999999999, 41.559999999999995], [-91.96000000000001, 41.559999999999995], [-91.96, 41.559999999999995], [-91.88000000000001, 41.559999999999995], [-91.88, 41.559999999999995], [-91.80000000000001, 41.559999999999995], [-91.8, 41.559999999999995], [-91.72000000000001, 41.559999999999995], [-91.72, 41.559999999999995], [-91.64, 41.559999999999995], [-91.55999999999999, 41.559999999999995], [-91.55999999999999, 41.48], [-91.47999999999999, 41.48], [-91.47999999999999, 41.4], [-91.4, 41.4], [-91.4, 41.48], [-91.32000000000001, 41.48], [-91.32, 41.48], [-91.24000000000001, 41.48], [-91.24, 41.48], [-91.16, 41.48], [-91.16, 41.4], [-91.24, 41.4], [-91.24, 41.32], [-91.32, 41.32], [-91.32, 41.24], [-91.24, 41.24], [-91.24, 41.160000000000004], [-91.32, 41.160000000000004], [-91.32000000000001, 41.160000000000004], [-91.39999999999999, 41.160000000000004], [-91.4, 41.160000000000004], [-91.47999999999999, 41.160000000000004], [-91.48, 41.160000000000004], [-91.55999999999999, 41.160000000000004], [-91.56, 41.160000000000004], [-91.64, 41.160000000000004], [-91.72, 41.160000000000004], [-91.72000000000001, 41.160000000000004], [-91.80000000000001, 41.160000000000004], [-91.80000000000001, 41.24], [-91.88, 41.24], [-91.88000000000001, 41.24], [-91.96, 41.24], [-91.96000000000001, 41.24], [-92.03999999999999, 41.24], [-92.03999999999999, 41.160000000000004], [-92.11999999999999, 41.160000000000004], [-92.12, 41.160000000000004], [-92.19999999999999, 41.160000000000004], [-92.2, 41.160000000000004], [-92.27999999999999, 41.160000000000004], [-92.28, 41.160000000000004], [-92.36, 41.160000000000004], [-92.44, 41.160000000000004], [-92.44000000000001, 41.160000000000004], [-92.52, 41.160000000000004], [-92.52000000000001, 41.160000000000004], [-92.6, 41.160000000000004], [-92.60000000000001, 41.160000000000004], [-92.67999999999999, 41.160000000000004], [-92.68, 41.160000000000004], [-92.75999999999999, 41.160000000000004], [-92.76, 41.160000000000004], [-92.83999999999999, 41.160000000000004], [-92.84, 41.160000000000004], [-92.91999999999999, 41.160000000000004], [-92.92, 41.160000000000004], [-92.99999999999999, 41.160000000000004], [-93.0, 41.160000000000004], [-93.08, 41.160000000000004], [-93.16, 41.160000000000004], [-93.16000000000001, 41.160000000000004], [-93.24, 41.160000000000004], [-93.24000000000001, 41.160000000000004], [-93.32, 41.160000000000004], [-93.32000000000001, 41.160000000000004], [-93.39999999999999, 41.160000000000004], [-93.4, 41.160000000000004], [-93.47999999999999, 41.160000000000004], [-93.48, 41.160000000000004], [-93.55999999999999, 41.160000000000004], [-93.56, 41.160000000000004], [-93.64, 41.160000000000004], [-93.72, 41.160000000000004], [-93.72000000000001, 41.160000000000004], [-93.8, 41.160000000000004], [-93.80000000000001, 41.160000000000004], [-93.88, 41.160000000000004], [-93.88000000000001, 41.160000000000004], [-93.96, 41.160000000000004], [-93.96000000000001, 41.160000000000004], [-94.03999999999999, 41.160000000000004], [-94.04, 41.160000000000004], [-94.11999999999999, 41.160000000000004], [-94.12, 41.160000000000004], [-94.19999999999999, 41.160000000000004], [-94.2, 41.160000000000004], [-94.27999999999999, 41.160000000000004], [-94.28, 41.160000000000004], [-94.36, 41.160000000000004], [-94.44, 41.160000000000004], [-94.44000000000001, 41.160000000000004], [-94.52, 41.160000000000004], [-94.52000000000001, 41.160000000000004], [-94.6, 41.160000000000004], [-94.60000000000001, 41.160000000000004], [-94.67999999999999, 41.160000000000004], [-94.68, 41.160000000000004], [-94.75999999999999, 41.160000000000004], [-94.76, 41.160000000000004], [-94.83999999999999, 41.160000000000004], [-94.84, 41.160000000000004], [-94.91999999999999, 41.160000000000004], [-94.92, 41.160000000000004], [-95.0, 41.160000000000004], [-95.08, 41.160000000000004], [-95.08000000000001, 41.160000000000004], [-95.16, 41.160000000000004], [-95.16000000000001, 41.160000000000004], [-95.24, 41.160000000000004], [-95.24000000000001, 41.160000000000004], [-95.32, 41.160000000000004], [-95.32000000000001, 41.160000000000004], [-95.39999999999999, 41.160000000000004], [-95.4, 41.160000000000004], [-95.47999999999999, 41.160000000000004], [-95.48, 41.160000000000004], [-95.55999999999999, 41.160000000000004], [-95.56, 41.160000000000004], [-95.64, 41.160000000000004], [-95.72, 41.160000000000004], [-95.72000000000001, 41.160000000000004], [-95.8, 41.160000000000004], [-95.80000000000001, 41.160000000000004], [-95.88, 41.160000000000004], [-95.88000000000001, 41.160000000000004], [-95.96, 41.160000000000004], [-95.96000000000001, 41.160000000000004], [-96.03999999999999, 41.160000000000004], [-96.04, 41.160000000000004], [-96.11999999999999, 41.160000000000004], [-96.12, 41.160000000000004], [-96.19999999999999, 41.160000000000004], [-96.2, 41.160000000000004], [-96.27999999999999, 41.160000000000004], [-96.28, 41.160000000000004], [-96.36, 41.160000000000004], [-96.44, 41.160000000000004], [-96.44000000000001, 41.160000000000004], [-96.52, 41.160000000000004], [-96.52000000000001, 41.160000000000004], [-96.6, 41.160000000000004], [-96.60000000000001, 41.160000000000004], [-96.67999999999999, 41.160000000000004], [-96.68, 41.160000000000004], [-96.75999999999999, 41.160000000000004], [-96.76, 41.160000000000004], [-96.83999999999999, 41.160000000000004], [-96.84, 41.160000000000004], [-96.91999999999999, 41.160000000000004], [-96.92, 41.160000000000004], [-97.0, 41.160000000000004], [-97.08, 41.160000000000004], [-97.08000000000001, 41.160000000000004], [-97.16, 41.160000000000004], [-97.16000000000001, 41.160000000000004], [-97.24, 41.160000000000004], [-97.24000000000001, 41.160000000000004], [-97.32, 41.160000000000004], [-97.32000000000001, 41.160000000000004], [-97.39999999999999, 41.160000000000004], [-97.4, 41.160000000000004], [-97.47999999999999, 41.160000000000004], [-97.48, 41.160000000000004], [-97.55999999999999, 41.160000000000004], [-97.56, 41.160000000000004], [-97.64, 41.160000000000004], [-97.72, 41.160000000000004], [-97.72000000000001, 41.160000000000004], [-97.8, 41.160000000000004], [-97.80000000000001, 41.160000000000004], [-97.88, 41.160000000000004], [-97.88000000000001, 41.160000000000004], [-97.96, 41.160000000000004], [-97.96000000000001, 41.160000000000004], [-98.03999999999999, 41.160000000000004], [-98.04, 41.160000000000004], [-98.11999999999999, 41.160000000000004], [-98.12, 41.160000000000004], [-98.19999999999999, 41.160000000000004], [-98.2, 41.160000000000004], [-98.27999999999999, 41.160000000000004], [-98.28, 41.160000000000004], [-98.36, 41.160000000000004], [-98.44, 41.160000000000004], [-98.44000000000001, 41.160000000000004], [-98.52, 41.160000000000004], [-98.52000000000001, 41.160000000000004], [-98.6, 41.160000000000004], [-98.60000000000001, 41.160000000000004], [-98.67999999999999, 41.160000000000004], [-98.68, 41.160000000000004], [-98.75999999999999, 41.160000000000004], [-98.76, 41.160000000000004], [-98.83999999999999, 41.160000000000004], [-98.84, 41.160000000000004], [-98.91999999999999, 41.160000000000004], [-98.92, 41.160000000000004], [-99.0, 41.160000000000004], [-99.08, 41.160000000000004], [-99.08000000000001, 41.160000000000004], [-99.16, 41.160000000000004], [-99.16000000000001, 41.160000000000004], [-99.24, 41.160000000000004], [-99.24000000000001, 41.160000000000004], [-99.32, 41.160000000000004], [-99.32000000000001, 41.160000000000004], [-99.39999999999999, 41.160000000000004], [-99.4, 41.160000000000004], [-99.47999999999999, 41.160000000000004], [-99.48, 41.160000000000004], [-99.55999999999999, 41.160000000000004], [-99.56, 41.160000000000004], [-99.64, 41.160000000000004], [-99.72, 41.160000000000004], [-99.72000000000001, 41.160000000000004], [-99.8, 41.160000000000004], [-99.80000000000001, 41.160000000000004], [-99.88, 41.160000000000004], [-99.88000000000001, 41.160000000000004], [-99.96, 41.160000000000004], [-99.96000000000001, 41.160000000000004], [-100.03999999999999, 41.160000000000004], [-100.04, 41.160000000000004], [-100.11999999999999, 41.160000000000004], [-100.12, 41.160000000000004], [-100.19999999999999, 41.160000000000004], [-100.2, 41.160000000000004], [-100.27999999999999, 41.160000000000004], [-100.28, 41.160000000000004], [-100.36, 41.160000000000004], [-100.44, 41.160000000000004], [-100.44000000000001, 41.160000000000004], [-100.52, 41.160000000000004], [-100.52000000000001, 41.160000000000004], [-100.6, 41.160000000000004], [-100.60000000000001, 41.160000000000004], [-100.67999999999999, 41.160000000000004], [-100.68, 41.160000000000004], [-100.75999999999999, 41.160000000000004], [-100.76, 41.160000000000004], [-100.83999999999999, 41.160000000000004], [-100.84, 41.160000000000004], [-100.91999999999999, 41.160000000000004], [-100.92, 41.160000000000004], [-101.0, 41.160000000000004], [-101.08, 41.160000000000004], [-101.08000000000001, 41.160000000000004], [-101.16, 41.160000000000004], [-101.16000000000001, 41.160000000000004], [-101.24, 41.160000000000004], [-101.24000000000001, 41.160000000000004], [-101.32, 41.160000000000004], [-101.32000000000001, 41.160000000000004], [-101.39999999999999, 41.160000000000004], [-101.4, 41.160000000000004], [-101.47999999999999, 41.160000000000004], [-101.48, 41.160000000000004], [-101.55999999999999, 41.160000000000004], [-101.56, 41.160000000000004], [-101.64, 41.160000000000004], [-101.72, 41.160000000000004], [-101.72000000000001, 41.160000000000004], [-101.8, 41.160000000000004], [-101.80000000000001, 41.160000000000004], [-101.88, 41.160000000000004], [-101.88000000000001, 41.160000000000004], [-101.96, 41.160000000000004], [-101.96000000000001, 41.160000000000004], [-102.03999999999999, 41.160000000000004], [-102.04, 41.160000000000004], [-102.11999999999999, 41.160000000000004], [-102.12, 41.160000000000004], [-102.19999999999999, 41.160000000000004], [-102.2, 41.160000000000004], [-102.27999999999999, 41.160000000000004], [-102.28, 41.160000000000004], [-102.36, 41.160000000000004], [-102.44, 41.160000000000004], [-102.44000000000001, 41.160000000000004], [-102.52, 41.160000000000004], [-102.52000000000001, 41.160000000000004], [-102.6, 41.160000000000004], [-102.60000000000001, 41.160000000000004], [-102.67999999999999, 41.160000000000004], [-102.68, 41.160000000000004], [-102.75999999999999, 41.160000000000004], [-102.76, 41.160000000000004], [-102.83999999999999, 41.160000000000004], [-102.84, 41.160000000000004], [-102.91999999999999, 41.160000000000004], [-102.92, 41.160000000000004], [-103.0, 41.160000000000004], [-103.0, 41.24], [-103.0, 41.32], [-103.0, 41.4], [-103.0, 41.48]]], [[[-102.76, 41.8], [-102.75999999999999, 41.8], [-102.68, 41.8], [-102.67999999999999, 41.8], [-102.60000000000001, 41.8], [-102.6, 41.8], [-102.52000000000001, 41.8], [-102.52, 41.8], [-102.44000000000001, 41.8], [-102.44, 41.8], [-102.36, 41.8], [-102.28, 41.8], [-102.27999999999999, 41.8], [-102.2, 41.8], [-102.19999999999999, 41.8], [-102.12, 41.8], [-102.11999999999999, 41.8], [-102.04, 41.8], [-102.03999999999999, 41.8], [-101.96000000000001, 41.8], [-101.96, 41.8], [-101.88000000000001, 41.8], [-101.88, 41.8], [-101.80000000000001, 41.8], [-101.8, 41.8], [-101.72000000000001, 41.8], [-101.72, 41.8], [-101.64, 41.8], [-101.56, 41.8], [-101.55999999999999, 41.8], [-101.48, 41.8], [-101.47999999999999, 41.8], [-101.4, 41.8], [-101.39999999999999, 41.8], [-101.32000000000001, 41.8], [-101.32, 41.8], [-101.24000000000001, 41.8], [-101.24, 41.8], [-101.16000000000001, 41.8], [-101.16, 41.8], [-101.08000000000001, 41.8], [-101.08, 41.8], [-101.0, 41.8], [-100.92, 41.8], [-100.91999999999999, 41.8], [-100.84, 41.8], [-100.83999999999999, 41.8], [-100.76, 41.8], [-100.75999999999999, 41.8], [-100.68, 41.8], [-100.67999999999999, 41.8], [-100.60000000000001, 41.8], [-100.6, 41.8], [-100.52000000000001, 41.8], [-100.52, 41.8], [-100.44000000000001, 41.8], [-100.44, 41.8], [-100.36, 41.8], [-100.28, 41.8], [-100.27999999999999, 41.8], [-100.2, 41.8], [-100.19999999999999, 41.8], [-100.12, 41.8], [-100.11999999999999, 41.8], [-100.04, 41.8], [-100.03999999999999, 41.8], [-99.96000000000001, 41.8], [-99.96, 41.8], [-99.88000000000001, 41.8], [-99.88, 41.8], [-99.80000000000001, 41.8], [-99.8, 41.8], [-99.72000000000001, 41.8], [-99.72, 41.8], [-99.64, 41.8], [-99.56, 41.8], [-99.55999999999999, 41.8], [-99.48, 41.8], [-99.47999999999999, 41.8], [-99.4, 41.8], [-99.39999999999999, 41.8], [-99.32000000000001, 41.8], [-99.32, 41.8], [-99.24000000000001, 41.8], [-99.24, 41.8], [-99.16000000000001, 41.8], [-99.16, 41.8], [-99.08000000000001, 41.8], [-99.08, 41.8], [-99.0, 41.8], [-98.92, 41.8], [-98.91999999999999, 41.8], [-98.84, 41.8], [-98.83999999999999, 41.8], [-98.76, 41.8], [-98.75999999999999, 41.8], [-98.68, 41.8], [-98.67999999999999, 41.8], [-98.60000000000001, 41.8], [-98.6, 41.8], [-98.52000000000001, 41.8], [-98.52, 41.8], [-98.44000000000001, 41.8], [-98.44, 41.8], [-98.36, 41.8], [-98.28, 41.8], [-98.27999999999999, 41.8], [-98.2, 41.8], [-98.19999999999999, 41.8], [-98.12, 41.8], [-98.11999999999999, 41.8], [-98.04, 41.8], [-98.03999999999999, 41.8], [-97.96000000000001, 41.8], [-97.96, 41.8], [-97.88000000000001, 41.8], [-97.88, 41.8], [-97.80000000000001, 41.8], [-97.8, 41.8], [-97.72000000000001, 41.8], [-97.72, 41.8], [-97.64, 41.8], [-97.56, 41.8], [-97.55999999999999, 41.8], [-97.48, 41.8], [-97.47999999999999, 41.8], [-97.4, 41.8], [-97.39999999999999, 41.8], [-97.32000000000001, 41.8], [-97.32, 41.8], [-97.24000000000001, 41.8], [-97.24, 41.8], [-97.16000000000001, 41.8], [-97.16, 41.8], [-97.08000000000001, 41.8], [-97.08, 41.8], [-97.0, 41.8], [-96.92, 41.8], [-96.91999999999999, 41.8], [-96.84, 41.8], [-96.83999999999999, 41.8], [-96.76, 41.8], [-96.75999999999999, 41.8], [-96.68, 41.8], [-96.67999999999999, 41.8], [-96.60000000000001, 41.8], [-96.6, 41.8], [-96.52000000000001, 41.8], [-96.52, 41.8], [-96.44000000000001, 41.8], [-96.44, 41.8], [-96.36, 41.8], [-96.28, 41.8], [-96.27999999999999, 41.8], [-96.2, 41.8], [-96.19999999999999, 41.8], [-96.12, 41.8], [-96.11999999999999, 41.8], [-96.04, 41.8], [-96.03999999999999, 41.8], [-95.96000000000001, 41.8], [-95.96, 41.8], [-95.88000000000001, 41.8], [-95.88, 41.8], [-95.80000000000001, 41.8], [-95.8, 41.8], [-95.72000000000001, 41.8], [-95.72, 41.8], [-95.64, 41.8], [-95.56, 41.8], [-95.55999999999999, 41.8], [-95.48, 41.8], [-95.47999999999999, 41.8], [-95.4, 41.8], [-95.39999999999999, 41.8], [-95.32000000000001, 41.8], [-95.32, 41.8], [-95.24000000000001, 41.8], [-95.24, 41.8], [-95.16000000000001, 41.8], [-95.16, 41.8], [-95.08000000000001, 41.8], [-95.08, 41.8], [-95.0, 41.8], [-94.92, 41.8], [-94.91999999999999, 41.8], [-94.84, 41.8], [-94.83999999999999, 41.8], [-94.76, 41.8], [-94.75999999999999, 41.8], [-94.68, 41.8], [-94.67999999999999, 41.8], [-94.60000000000001, 41.8], [-94.6, 41.8], [-94.52000000000001, 41.8], [-94.52, 41.8], [-94.44000000000001, 41.8], [-94.44, 41.8], [-94.36, 41.8], [-94.28, 41.8], [-94.27999999999999, 41.8], [-94.2, 41.8], [-94.19999999999999, 41.8], [-94.12, 41.8], [-94.11999999999999, 41.8], [-94.04, 41.8], [-94.03999999999999, 41.8], [-93.96000000000001, 41.8], [-93.96, 41.8], [-93.88000000000001, 41.8], [-93.88, 41.8], [-93.80000000000001, 41.8], [-93.8, 41.8], [-93.72000000000001, 41.8], [-93.72, 41.8], [-93.64, 41.8], [-93.56, 41.8], [-93.55999999999999, 41.8], [-93.48, 41.8], [-93.47999999999999, 41.8], [-93.4, 41.8], [-93.39999999999999, 41.8], [-93.32000000000001, 41.8], [-93.32, 41.8], [-93.24000000000001, 41.8], [-93.24, 41.8], [-93.16000000000001, 41.8], [-93.16, 41.8], [-93.08, 41.8], [-93.0, 41.8], [-92.99999999999999, 41.8], [-92.92, 41.8], [-92.91999999999999, 41.8], [-92.84, 41.8], [-92.83999999999999, 41.8], [-92.76, 41.8], [-92.75999999999999, 41.8], [-92.68, 41.8], [-92.67999999999999, 41.8], [-92.60000000000001, 41.8], [-92.6, 41.8], [-92.52000000000001, 41.8], [-92.52, 41.8], [-92.44000000000001, 41.8], [-92.44, 41.8], [-92.36, 41.8], [-92.28, 41.8], [-92.27999999999999, 41.8], [-92.2, 41.8], [-92.19999999999999, 41.8], [-92.12, 41.8], [-92.11999999999999, 41.8], [-92.03999999999999, 41.8], [-92.03999999999999, 41.72], [-91.96000000000001, 41.72], [-91.96, 41.72], [-91.88000000000001, 41.72], [-91.88000000000001, 41.8], [-91.80000000000001, 41.8], [-91.8, 41.8], [-91.72, 41.8], [-91.72, 41.72], [-91.8, 41.72], [-91.8, 41.64], [-91.88, 41.64], [-91.88, 41.56], [-91.96, 41.56], [-91.96000000000001, 41.56], [-92.03999999999999, 41.56], [-92.04, 41.56], [-92.11999999999999, 41.56], [-92.12, 41.56], [-92.19999999999999, 41.56], [-92.2, 41.56], [-92.27999999999999, 41.56], [-92.28, 41.56], [-92.36, 41.56], [-92.44, 41.56], [-92.44000000000001, 41.56], [-92.52, 41.56], [-92.52000000000001, 41.56], [-92.6, 41.56], [-92.60000000000001, 41.56], [-92.67999999999999, 41.56], [-92.68, 41.56], [-92.75999999999999, 41.56], [-92.76, 41.56], [-92.83999999999999, 41.56], [-92.84, 41.56], [-92.91999999999999, 41.56], [-92.92, 41.56], [-92.99999999999999, 41.56], [-93.0, 41.56], [-93.08, 41.56], [-93.16, 41.56], [-93.16000000000001, 41.56], [-93.24, 41.56], [-93.24000000000001, 41.56], [-93.32, 41.56], [-93.32000000000001, 41.56], [-93.39999999999999, 41.56], [-93.4, 41.56], [-93.47999999999999, 41.56], [-93.48, 41.56], [-93.55999999999999, 41.56], [-93.56, 41.56], [-93.64, 41.56], [-93.72, 41.56], [-93.72000000000001, 41.56], [-93.8, 41.56], [-93.80000000000001, 41.56], [-93.88, 41.56], [-93.88000000000001, 41.56], [-93.96, 41.56], [-93.96000000000001, 41.56], [-94.03999999999999, 41.56], [-94.04, 41.56], [-94.11999999999999, 41.56], [-94.12, 41.56], [-94.19999999999999, 41.56], [-94.2, 41.56], [-94.27999999999999, 41.56], [-94.28, 41.56], [-94.36, 41.56], [-94.44, 41.56], [-94.44000000000001, 41.56], [-94.52, 41.56], [-94.52000000000001, 41.56], [-94.6, 41.56], [-94.60000000000001, 41.56], [-94.67999999999999, 41.56], [-94.68, 41.56], [-94.75999999999999, 41.56], [-94.76, 41.56], [-94.83999999999999, 41.56], [-94.84, 41.56], [-94.91999999999999, 41.56], [-94.92, 41.56], [-95.0, 41.56], [-95.08, 41.56], [-95.08000000000001, 41.56], [-95.16, 41.56], [-95.16000000000001, 41.56], [-95.24, 41.56], [-95.24000000000001, 41.56], [-95.32, 41.56], [-95.32000000000001, 41.56], [-95.39999999999999, 41.56], [-95.4, 41.56], [-95.47999999999999, 41.56], [-95.48, 41.56], [-95.55999999999999, 41.56], [-95.56, 41.56], [-95.64, 41.56], [-95.72, 41.56], [-95.72000000000001, 41.56], [-95.8, 41.56], [-95.80000000000001, 41.56], [-95.88, 41.56], [-95.88000000000001, 41.56], [-95.96, 41.56], [-95.96000000000001, 41.56], [-96.03999999999999, 41.56], [-96.04, 41.56], [-96.11999999999999, 41.56], [-96.12, 41.56], [-96.19999999999999, 41.56], [-96.2, 41.56], [-96.27999999999999, 41.56], [-96.28, 41.56], [-96.36, 41.56], [-96.44, 41.56], [-96.44000000000001, 41.56], [-96.52, 41.56], [-96.52000000000001, 41.56], [-96.6, 41.56], [-96.60000000000001, 41.56], [-96.67999999999999, 41.56], [-96.68, 41.56], [-96.75999999999999, 41.56], [-96.76, 41.56], [-96.83999999999999, 41.56], [-96.84, 41.56], [-96.91999999999999, 41.56], [-96.92, 41.56], [-97.0, 41.56], [-97.08, 41.56], [-97.08000000000001, 41.56], [-97.16, 41.56], [-97.16000000000001, 41.56], [-97.24, 41.56], [-97.24000000000001, 41.56], [-97.32, 41.56], [-97.32000000000001, 41.56], [-97.39999999999999, 41.56], [-97.4, 41.56], [-97.47999999999999, 41.56], [-97.48, 41.56], [-97.55999999999999, 41.56], [-97.56, 41.56], [-97.64, 41.56], [-97.72, 41.56], [-97.72000000000001, 41.56], [-97.8, 41.56], [-97.80000000000001, 41.56], [-97.88, 41.56], [-97.88000000000001, 41.56], [-97.96, 41.56], [-97.96000000000001, 41.56], [-98.03999999999999, 41.56], [-98.04, 41.56], [-98.11999999999999, 41.56], [-98.12, 41.56], [-98.19999999999999, 41.56], [-98.2, 41.56], [-98.27999999999999, 41.56], [-98.28, 41.56], [-98.36, 41.56], [-98.44, 41.56], [-98.44000000000001, 41.56], [-98.52, 41.56], [-98.52000000000001, 41.56], [-98.6, 41.56], [-98.60000000000001, 41.56], [-98.67999999999999, 41.56], [-98.68, 41.56], [-98.75999999999999, 41.56], [-98.76, 41.56], [-98.83999999999999, 41.56], [-98.84, 41.56], [-98.91999999999999, 41.56], [-98.92, 41.56], [-99.0, 41.56], [-99.08, 41.56], [-99.08000000000001, 41.56], [-99.16, 41.56], [-99.16000000000001, 41.56], [-99.24, 41.56], [-99.24000000000001, 41.56], [-99.32, 41.56], [-99.32000000000001, 41.56], [-99.39999999999999, 41.56], [-99.4, 41.56], [-99.47999999999999, 41.56], [-99.48, 41.56], [-99.55999999999999, 41.56], [-99.56, 41.56], [-99.64, 41.56], [-99.72, 41.56], [-99.72000000000001, 41.56], [-99.8, 41.56], [-99.80000000000001, 41.56], [-99.88, 41.56], [-99.88000000000001, 41.56], [-99.96, 41.56], [-99.96000000000001, 41.56], [-100.03999999999999, 41.56], [-100.04, 41.56], [-100.11999999999999, 41.56], [-100.12, 41.56], [-100.19999999999999, 41.56], [-100.2, 41.56], [-100.27999999999999, 41.56], [-100.28, 41.56], [-100.36, 41.56], [-100.44, 41.56], [-100.44000000000001, 41.56], [-100.52, 41.56], [-100.52000000000001, 41.56], [-100.6, 41.56], [-100.60000000000001, 41.56], [-100.67999999999999, 41.56], [-100.68, 41.56], [-100.75999999999999, 41.56], [-100.76, 41.56], [-100.83999999999999, 41.56], [-100.84, 41.56], [-100.91999999999999, 41.56], [-100.92, 41.56], [-101.0, 41.56], [-101.08, 41.56], [-101.08000000000001, 41.56], [-101.16, 41.56], [-101.16000000000001, 41.56], [-101.24, 41.56], [-101.24000000000001, 41.56], [-101.32, 41.56], [-101.32000000000001, 41.56], [-101.39999999999999, 41.56], [-101.4, 41.56], [-101.47999999999999, 41.56], [-101.48, 41.56], [-101.55999999999999, 41.56], [-101.56, 41.56], [-101.64, 41.56], [-101.72, 41.56], [-101.72000000000001, 41.56], [-101.8, 41.56], [-101.80000000000001, 41.56], [-101.88, 41.56], [-101.88000000000001, 41.56], [-101.96, 41.56], [-101.96000000000001, 41.56], [-102.03999999999999, 41.56], [-102.04, 41.56], [-102.11999999999999, 41.56], [-102.12, 41.56], [-102.19999999999999, 41.56], [-102.2, 41.56], [-102.27999999999999, 41.56], [-102.28, 41.56], [-102.36, 41.56], [-102.44, 41.56], [-102.44000000000001, 41.56], [-102.52, 41.56], [-102.52000000000001, 41.56], [-102.6, 41.56], [-102.60000000000001, 41.56], [-102.67999999999999, 41.56], [-102.68, 41.56], [-102.75999999999999, 41.56], [-102.76, 41.56], [-102.83999999999999, 41.56], [-102.84, 41.56], [-102.91999999999999, 41.56], [-102.92, 41.56], [-103.0, 41.56], [-103.0, 41.64], [-103.0, 41.72], [-103.0, 41.8], [-102.92, 41.8], [-102.91999999999999, 41.8], [-102.84, 41.8], [-102.83999999999999, 41.8], [-102.76, 41.8]]], [[[-103.0, 42.199999999999996], [-102.92, 42.199999999999996], [-102.91999999999999, 42.199999999999996], [-102.84, 42.199999999999996], [-102.83999999999999, 42.199999999999996], [-102.76, 42.199999999999996], [-102.75999999999999, 42.199999999999996], [-102.68, 42.199999999999996], [-102.67999999999999, 42.199999999999996], [-102.60000000000001, 42.199999999999996], [-102.6, 42.199999999999996], [-102.52000000000001, 42.199999999999996], [-102.52, 42.199999999999996], [-102.44000000000001, 42.199999999999996], [-102.44, 42.199999999999996], [-102.36, 42.199999999999996], [-102.28, 42.199999999999996], [-102.27999999999999, 42.199999999999996], [-102.2, 42.199999999999996], [-102.19999999999999, 42.199999999999996], [-102.12, 42.199999999999996], [-102.11999999999999, 42.199999999999996], [-102.04, 42.199999999999996], [-102.03999999999999, 42.199999999999996], [-101.96000000000001, 42.199999999999996], [-101.96, 42.199999999999996], [-101.88000000000001, 42.199999999999996], [-101.88, 42.199999999999996], [-101.80000000000001, 42.199999999999996], [-101.8, 42.199999999999996], [-101.72000000000001, 42.199999999999996], [-101.72, 42.199999999999996], [-101.64, 42.199999999999996], [-101.56, 42.199999999999996], [-101.55999999999999, 42.199999999999996], [-101.48, 42.199999999999996], [-101.47999999999999, 42.199999999999996], [-101.4, 42.199999999999996], [-101.39999999999999, 42.199999999999996], [-101.32000000000001, 42.199999999999996], [-101.32, 42.199999999999996], [-101.24000000000001, 42.199999999999996], [-101.24, 42.199999999999996], [-101.16000000000001, 42.199999999999996], [-101.16, 42.199999999999996], [-101.08000000000001, 42.199999999999996], [-101.08, 42.199999999999996], [-101.0, 42.199999999999996], [-100.92, 42.199999999999996], [-100.91999999999999, 42.199999999999996], [-100.84, 42.199999999999996], [-100.83999999999999, 42.199999999999996], [-100.76, 42.199999999999996], [-100.75999999999999, 42.199999999999996], [-100.68, 42.199999999999996], [-100.67999999999999, 42.199999999999996], [-100.60000000000001, 42.199999999999996], [-100.6, 42.199999999999996], [-100.52000000000001, 42.199999999999996], [-100.52, 42.199999999999996], [-100.44000000000001, 42.199999999999996], [-100.44, 42.199999999999996], [-100.36, 42.199999999999996], [-100.28, 42.199999999999996], [-100.27999999999999, 42.199999999999996], [-100.2, 42.199999999999996], [-100.19999999999999, 42.199999999999996], [-100.12, 42.199999999999996], [-100.11999999999999, 42.199999999999996], [-100.04, 42.199999999999996], [-100.03999999999999, 42.199999999999996], [-99.96000000000001, 42.199999999999996], [-99.96, 42.199999999999996], [-99.88000000000001, 42.199999999999996], [-99.88, 42.199999999999996], [-99.80000000000001, 42.199999999999996], [-99.8, 42.199999999999996], [-99.72000000000001, 42.199999999999996], [-99.72, 42.199999999999996], [-99.64, 42.199999999999996], [-99.56, 42.199999999999996], [-99.55999999999999, 42.199999999999996], [-99.48, 42.199999999999996], [-99.47999999999999, 42.199999999999996], [-99.4, 42.199999999999996], [-99.39999999999999, 42.199999999999996], [-99.32000000000001, 42.199999999999996], [-99.32, 42.199999999999996], [-99.24000000000001, 42.199999999999996], [-99.24, 42.199999999999996], [-99.16000000000001, 42.199999999999996], [-99.16, 42.199999999999996], [-99.08000000000001, 42.199999999999996], [-99.08, 42.199999999999996], [-99.0, 42.199999999999996], [-98.92, 42.199999999999996], [-98.91999999999999, 42.199999999999996], [-98.84, 42.199999999999996], [-98.83999999999999, 42.199999999999996], [-98.76, 42.199999999999996], [-98.75999999999999, 42.199999999999996], [-98.68, 42.199999999999996], [-98.67999999999999, 42.199999999999996], [-98.60000000000001, 42.199999999999996], [-98.6, 42.199999999999996], [-98.52000000000001, 42.199999999999996], [-98.52, 42.199999999999996], [-98.44000000000001, 42.199999999999996], [-98.44, 42.199999999999996], [-98.36, 42.199999999999996], [-98.28, 42.199999999999996], [-98.27999999999999, 42.199999999999996], [-98.2, 42.199999999999996], [-98.19999999999999, 42.199999999999996], [-98.12, 42.199999999999996], [-98.11999999999999, 42.199999999999996], [-98.04, 42.199999999999996], [-98.03999999999999, 42.199999999999996], [-97.96000000000001, 42.199999999999996], [-97.96, 42.199999999999996], [-97.88000000000001, 42.199999999999996], [-97.88, 42.199999999999996], [-97.80000000000001, 42.199999999999996], [-97.8, 42.199999999999996], [-97.72000000000001, 42.199999999999996], [-97.72, 42.199999999999996], [-97.64, 42.199999999999996], [-97.56, 42.199999999999996], [-97.55999999999999, 42.199999999999996], [-97.48, 42.199999999999996], [-97.47999999999999, 42.199999999999996], [-97.4, 42.199999999999996], [-97.39999999999999, 42.199999999999996], [-97.32000000000001, 42.199999999999996], [-97.32, 42.199999999999996], [-97.24000000000001, 42.199999999999996], [-97.24, 42.199999999999996], [-97.16000000000001, 42.199999999999996], [-97.16, 42.199999999999996], [-97.08000000000001, 42.199999999999996], [-97.08, 42.199999999999996], [-97.0, 42.199999999999996], [-96.92, 42.199999999999996], [-96.91999999999999, 42.199999999999996], [-96.84, 42.199999999999996], [-96.83999999999999, 42.199999999999996], [-96.76, 42.199999999999996], [-96.75999999999999, 42.199999999999996], [-96.68, 42.199999999999996], [-96.67999999999999, 42.199999999999996], [-96.60000000000001, 42.199999999999996], [-96.6, 42.199999999999996], [-96.52000000000001, 42.199999999999996], [-96.52, 42.199999999999996], [-96.44000000000001, 42.199999999999996], [-96.44, 42.199999999999996], [-96.36, 42.199999999999996], [-96.28, 42.199999999999996], [-96.27999999999999, 42.199999999999996], [-96.2, 42.199999999999996], [-96.19999999999999, 42.199999999999996], [-96.12, 42.199999999999996], [-96.11999999999999, 42.199999999999996], [-96.04, 42.199999999999996], [-96.03999999999999, 42.199999999999996], [-95.96000000000001, 42.199999999999996], [-95.96, 42.199999999999996], [-95.88000000000001, 42.199999999999996], [-95.88, 42.199999999999996], [-95.80000000000001, 42.199999999999996], [-95.8, 42.199999999999996], [-95.72000000000001, 42.199999999999996], [-95.72, 42.199999999999996], [-95.64, 42.199999999999996], [-95.56, 42.199999999999996], [-95.55999999999999, 42.199999999999996], [-95.48, 42.199999999999996], [-95.47999999999999, 42.199999999999996], [-95.4, 42.199999999999996], [-95.39999999999999, 42.199999999999996], [-95.32000000000001, 42.199999999999996], [-95.32, 42.199999999999996], [-95.24000000000001, 42.199999999999996], [-95.24, 42.199999999999996], [-95.16000000000001, 42.199999999999996], [-95.16, 42.199999999999996], [-95.08000000000001, 42.199999999999996], [-95.08, 42.199999999999996], [-95.0, 42.199999999999996], [-94.92, 42.199999999999996], [-94.91999999999999, 42.199999999999996], [-94.84, 42.199999999999996], [-94.83999999999999, 42.199999999999996], [-94.76, 42.199999999999996], [-94.75999999999999, 42.199999999999996], [-94.68, 42.199999999999996], [-94.67999999999999, 42.199999999999996], [-94.60000000000001, 42.199999999999996], [-94.6, 42.199999999999996], [-94.52000000000001, 42.199999999999996], [-94.52, 42.199999999999996], [-94.44000000000001, 42.199999999999996], [-94.44, 42.199999999999996], [-94.36, 42.199999999999996], [-94.28, 42.199999999999996], [-94.27999999999999, 42.199999999999996], [-94.2, 42.199999999999996], [-94.19999999999999, 42.199999999999996], [-94.12, 42.199999999999996], [-94.11999999999999, 42.199999999999996], [-94.04, 42.199999999999996], [-94.03999999999999, 42.199999999999996], [-93.96000000000001, 42.199999999999996], [-93.96, 42.199999999999996], [-93.88000000000001, 42.199999999999996], [-93.88, 42.199999999999996], [-93.80000000000001, 42.199999999999996], [-93.8, 42.199999999999996], [-93.72000000000001, 42.199999999999996], [-93.72, 42.199999999999996], [-93.64, 42.199999999999996], [-93.56, 42.199999999999996], [-93.55999999999999, 42.199999999999996], [-93.48, 42.199999999999996], [-93.47999999999999, 42.199999999999996], [-93.4, 42.199999999999996], [-93.39999999999999, 42.199999999999996], [-93.32000000000001, 42.199999999999996], [-93.32, 42.199999999999996], [-93.24000000000001, 42.199999999999996], [-93.24, 42.199999999999996], [-93.16000000000001, 42.199999999999996], [-93.16, 42.199999999999996], [-93.08, 42.199999999999996], [-93.0, 42.199999999999996], [-92.99999999999999, 42.199999999999996], [-92.92, 42.199999999999996], [-92.91999999999999, 42.199999999999996], [-92.84, 42.199999999999996], [-92.83999999999999, 42.199999999999996], [-92.76, 42.199999999999996], [-92.75999999999999, 42.199999999999996], [-92.68, 42.199999999999996], [-92.67999999999999, 42.199999999999996], [-92.60000000000001, 42.199999999999996], [-92.6, 42.199999999999996], [-92.52000000000001, 42.199999999999996], [-92.52, 42.199999999999996], [-92.44, 42.199999999999996], [-92.44, 42.12], [-92.44, 42.04], [-92.36, 42.04], [-92.28, 42.04], [-92.27999999999999, 42.04], [-92.2, 42.04], [-92.2, 42.12], [-92.28, 42.12], [-92.28, 42.199999999999996], [-92.2, 42.199999999999996], [-92.19999999999999, 42.199999999999996], [-92.12, 42.199999999999996], [-92.11999999999999, 42.199999999999996], [-92.03999999999999, 42.199999999999996], [-92.03999999999999, 42.12], [-91.96, 42.12], [-91.96, 42.04], [-91.88000000000001, 42.04], [-91.88, 42.04], [-91.8, 42.04], [-91.8, 41.96], [-91.72, 41.96], [-91.72, 41.88], [-91.72, 41.800000000000004], [-91.8, 41.800000000000004], [-91.80000000000001, 41.800000000000004], [-91.88000000000001, 41.800000000000004], [-91.88000000000001, 41.88], [-91.96, 41.88], [-91.96000000000001, 41.88], [-92.04, 41.88], [-92.04, 41.96], [-92.11999999999999, 41.96], [-92.12, 41.96], [-92.19999999999999, 41.96], [-92.2, 41.96], [-92.27999999999999, 41.96], [-92.28, 41.96], [-92.36, 41.96], [-92.36, 41.88], [-92.28, 41.88], [-92.27999999999999, 41.88], [-92.19999999999999, 41.88], [-92.19999999999999, 41.800000000000004], [-92.27999999999999, 41.800000000000004], [-92.28, 41.800000000000004], [-92.36, 41.800000000000004], [-92.44, 41.800000000000004], [-92.44000000000001, 41.800000000000004], [-92.52, 41.800000000000004], [-92.52000000000001, 41.800000000000004], [-92.6, 41.800000000000004], [-92.60000000000001, 41.800000000000004], [-92.67999999999999, 41.800000000000004], [-92.68, 41.800000000000004], [-92.75999999999999, 41.800000000000004], [-92.76, 41.800000000000004], [-92.83999999999999, 41.800000000000004], [-92.84, 41.800000000000004], [-92.91999999999999, 41.800000000000004], [-92.92, 41.800000000000004], [-92.99999999999999, 41.800000000000004], [-93.0, 41.800000000000004], [-93.08, 41.800000000000004], [-93.16, 41.800000000000004], [-93.16000000000001, 41.800000000000004], [-93.24, 41.800000000000004], [-93.24000000000001, 41.800000000000004], [-93.32, 41.800000000000004], [-93.32000000000001, 41.800000000000004], [-93.39999999999999, 41.800000000000004], [-93.4, 41.800000000000004], [-93.47999999999999, 41.800000000000004], [-93.48, 41.800000000000004], [-93.55999999999999, 41.800000000000004], [-93.56, 41.800000000000004], [-93.64, 41.800000000000004], [-93.72, 41.800000000000004], [-93.72000000000001, 41.800000000000004], [-93.8, 41.800000000000004], [-93.80000000000001, 41.800000000000004], [-93.88, 41.800000000000004], [-93.88000000000001, 41.800000000000004], [-93.96, 41.800000000000004], [-93.96000000000001, 41.800000000000004], [-94.03999999999999, 41.800000000000004], [-94.04, 41.800000000000004], [-94.11999999999999, 41.800000000000004], [-94.12, 41.800000000000004], [-94.19999999999999, 41.800000000000004], [-94.2, 41.800000000000004], [-94.27999999999999, 41.800000000000004], [-94.28, 41.800000000000004], [-94.36, 41.800000000000004], [-94.44, 41.800000000000004], [-94.44000000000001, 41.800000000000004], [-94.52, 41.800000000000004], [-94.52000000000001, 41.800000000000004], [-94.6, 41.800000000000004], [-94.60000000000001, 41.800000000000004], [-94.67999999999999, 41.800000000000004], [-94.68, 41.800000000000004], [-94.75999999999999, 41.800000000000004], [-94.76, 41.800000000000004], [-94.83999999999999, 41.800000000000004], [-94.84, 41.800000000000004], [-94.91999999999999, 41.800000000000004], [-94.92, 41.800000000000004], [-95.0, 41.800000000000004], [-95.08, 41.800000000000004], [-95.08000000000001, 41.800000000000004], [-95.16, 41.800000000000004], [-95.16000000000001, 41.800000000000004], [-95.24, 41.800000000000004], [-95.24000000000001, 41.800000000000004], [-95.32, 41.800000000000004], [-95.32000000000001, 41.800000000000004], [-95.39999999999999, 41.800000000000004], [-95.4, 41.800000000000004], [-95.47999999999999, 41.800000000000004], [-95.48, 41.800000000000004], [-95.55999999999999, 41.800000000000004], [-95.56, 41.800000000000004], [-95.64, 41.800000000000004], [-95.72, 41.800000000000004], [-95.72000000000001, 41.800000000000004], [-95.8, 41.800000000000004], [-95.80000000000001, 41.800000000000004], [-95.88, 41.800000000000004], [-95.88000000000001, 41.800000000000004], [-95.96, 41.800000000000004], [-95.96000000000001, 41.800000000000004], [-96.03999999999999, 41.800000000000004], [-96.04, 41.800000000000004], [-96.11999999999999, 41.800000000000004], [-96.12, 41.800000000000004], [-96.19999999999999, 41.800000000000004], [-96.2, 41.800000000000004], [-96.27999999999999, 41.800000000000004], [-96.28, 41.800000000000004], [-96.36, 41.800000000000004], [-96.44, 41.800000000000004], [-96.44000000000001, 41.800000000000004], [-96.52, 41.800000000000004], [-96.52000000000001, 41.800000000000004], [-96.6, 41.800000000000004], [-96.60000000000001, 41.800000000000004], [-96.67999999999999, 41.800000000000004], [-96.68, 41.800000000000004], [-96.75999999999999, 41.800000000000004], [-96.76, 41.800000000000004], [-96.83999999999999, 41.800000000000004], [-96.84, 41.800000000000004], [-96.91999999999999, 41.800000000000004], [-96.92, 41.800000000000004], [-97.0, 41.800000000000004], [-97.08, 41.800000000000004], [-97.08000000000001, 41.800000000000004], [-97.16, 41.800000000000004], [-97.16000000000001, 41.800000000000004], [-97.24, 41.800000000000004], [-97.24000000000001, 41.800000000000004], [-97.32, 41.800000000000004], [-97.32000000000001, 41.800000000000004], [-97.39999999999999, 41.800000000000004], [-97.4, 41.800000000000004], [-97.47999999999999, 41.800000000000004], [-97.48, 41.800000000000004], [-97.55999999999999, 41.800000000000004], [-97.56, 41.800000000000004], [-97.64, 41.800000000000004], [-97.72, 41.800000000000004], [-97.72000000000001, 41.800000000000004], [-97.8, 41.800000000000004], [-97.80000000000001, 41.800000000000004], [-97.88, 41.800000000000004], [-97.88000000000001, 41.800000000000004], [-97.96, 41.800000000000004], [-97.96000000000001, 41.800000000000004], [-98.03999999999999, 41.800000000000004], [-98.04, 41.800000000000004], [-98.11999999999999, 41.800000000000004], [-98.12, 41.800000000000004], [-98.19999999999999, 41.800000000000004], [-98.2, 41.800000000000004], [-98.27999999999999, 41.800000000000004], [-98.28, 41.800000000000004], [-98.36, 41.800000000000004], [-98.44, 41.800000000000004], [-98.44000000000001, 41.800000000000004], [-98.52, 41.800000000000004], [-98.52000000000001, 41.800000000000004], [-98.6, 41.800000000000004], [-98.60000000000001, 41.800000000000004], [-98.67999999999999, 41.800000000000004], [-98.68, 41.800000000000004], [-98.75999999999999, 41.800000000000004], [-98.76, 41.800000000000004], [-98.83999999999999, 41.800000000000004], [-98.84, 41.800000000000004], [-98.91999999999999, 41.800000000000004], [-98.92, 41.800000000000004], [-99.0, 41.800000000000004], [-99.08, 41.800000000000004], [-99.08000000000001, 41.800000000000004], [-99.16, 41.800000000000004], [-99.16000000000001, 41.800000000000004], [-99.24, 41.800000000000004], [-99.24000000000001, 41.800000000000004], [-99.32, 41.800000000000004], [-99.32000000000001, 41.800000000000004], [-99.39999999999999, 41.800000000000004], [-99.4, 41.800000000000004], [-99.47999999999999, 41.800000000000004], [-99.48, 41.800000000000004], [-99.55999999999999, 41.800000000000004], [-99.56, 41.800000000000004], [-99.64, 41.800000000000004], [-99.72, 41.800000000000004], [-99.72000000000001, 41.800000000000004], [-99.8, 41.800000000000004], [-99.80000000000001, 41.800000000000004], [-99.88, 41.800000000000004], [-99.88000000000001, 41.800000000000004], [-99.96, 41.800000000000004], [-99.96000000000001, 41.800000000000004], [-100.03999999999999, 41.800000000000004], [-100.04, 41.800000000000004], [-100.11999999999999, 41.800000000000004], [-100.12, 41.800000000000004], [-100.19999999999999, 41.800000000000004], [-100.2, 41.800000000000004], [-100.27999999999999, 41.800000000000004], [-100.28, 41.800000000000004], [-100.36, 41.800000000000004], [-100.44, 41.800000000000004], [-100.44000000000001, 41.800000000000004], [-100.52, 41.800000000000004], [-100.52000000000001, 41.800000000000004], [-100.6, 41.800000000000004], [-100.60000000000001, 41.800000000000004], [-100.67999999999999, 41.800000000000004], [-100.68, 41.800000000000004], [-100.75999999999999, 41.800000000000004], [-100.76, 41.800000000000004], [-100.83999999999999, 41.800000000000004], [-100.84, 41.800000000000004], [-100.91999999999999, 41.800000000000004], [-100.92, 41.800000000000004], [-101.0, 41.800000000000004], [-101.08, 41.800000000000004], [-101.08000000000001, 41.800000000000004], [-101.16, 41.800000000000004], [-101.16000000000001, 41.800000000000004], [-101.24, 41.800000000000004], [-101.24000000000001, 41.800000000000004], [-101.32, 41.800000000000004], [-101.32000000000001, 41.800000000000004], [-101.39999999999999, 41.800000000000004], [-101.4, 41.800000000000004], [-101.47999999999999, 41.800000000000004], [-101.48, 41.800000000000004], [-101.55999999999999, 41.800000000000004], [-101.56, 41.800000000000004], [-101.64, 41.800000000000004], [-101.72, 41.800000000000004], [-101.72000000000001, 41.800000000000004], [-101.8, 41.800000000000004], [-101.80000000000001, 41.800000000000004], [-101.88, 41.800000000000004], [-101.88000000000001, 41.800000000000004], [-101.96, 41.800000000000004], [-101.96000000000001, 41.800000000000004], [-102.03999999999999, 41.800000000000004], [-102.04, 41.800000000000004], [-102.11999999999999, 41.800000000000004], [-102.12, 41.800000000000004], [-102.19999999999999, 41.800000000000004], [-102.2, 41.800000000000004], [-102.27999999999999, 41.800000000000004], [-102.28, 41.800000000000004], [-102.36, 41.800000000000004], [-102.44, 41.800000000000004], [-102.44000000000001, 41.800000000000004], [-102.52, 41.800000000000004], [-102.52000000000001, 41.800000000000004], [-102.6, 41.800000000000004], [-102.60000000000001, 41.800000000000004], [-102.67999999999999, 41.800000000000004], [-102.68, 41.800000000000004], [-102.75999999999999, 41.800000000000004], [-102.76, 41.800000000000004], [-102.83999999999999, 41.800000000000004], [-102.84, 41.800000000000004], [-102.91999999999999, 41.800000000000004], [-102.92, 41.800000000000004], [-103.0, 41.800000000000004], [-103.0, 41.88], [-103.0, 41.96], [-103.0, 42.04], [-103.0, 42.12], [-103.0, 42.199999999999996]]], [[[-102.84, 42.519999999999996], [-102.83999999999999, 42.519999999999996], [-102.76, 42.519999999999996], [-102.75999999999999, 42.519999999999996], [-102.68, 42.519999999999996], [-102.67999999999999, 42.519999999999996], [-102.60000000000001, 42.519999999999996], [-102.6, 42.519999999999996], [-102.52000000000001, 42.519999999999996], [-102.52, 42.519999999999996], [-102.44000000000001, 42.519999999999996], [-102.44, 42.519999999999996], [-102.36, 42.519999999999996], [-102.28, 42.519999999999996], [-102.27999999999999, 42.519999999999996], [-102.2, 42.519999999999996], [-102.19999999999999, 42.519999999999996], [-102.12, 42.519999999999996], [-102.11999999999999, 42.519999999999996], [-102.04, 42.519999999999996], [-102.03999999999999, 42.519999999999996], [-101.96000000000001, 42.519999999999996], [-101.96, 42.519999999999996], [-101.88000000000001, 42.519999999999996], [-101.88, 42.519999999999996], [-101.80000000000001, 42.519999999999996], [-101.8, 42.519999999999996], [-101.72000000000001, 42.519999999999996], [-101.72, 42.519999999999996], [-101.64, 42.519999999999996], [-101.56, 42.519999999999996], [-101.55999999999999, 42.519999999999996], [-101.48, 42.519999999999996], [-101.47999999999999, 42.519999999999996], [-101.4, 42.519999999999996], [-101.39999999999999, 42.519999999999996], [-101.32000000000001, 42.519999999999996], [-101.32, 42.519999999999996], [-101.24000000000001, 42.519999999999996], [-101.24, 42.519999999999996], [-101.16000000000001, 42.519999999999996], [-101.16, 42.519999999999996], [-101.08000000000001, 42.519999999999996], [-101.08, 42.519999999999996], [-101.0, 42.519999999999996], [-100.92, 42.519999999999996], [-100.91999999999999, 42.519999999999996], [-100.84, 42.519999999999996], [-100.83999999999999, 42.519999999999996], [-100.76, 42.519999999999996], [-100.75999999999999, 42.519999999999996], [-100.68, 42.519999999999996], [-100.67999999999999, 42.519999999999996], [-100.60000000000001, 42.519999999999996], [-100.6, 42.519999999999996], [-100.52000000000001, 42.519999999999996], [-100.52, 42.519999999999996], [-100.44000000000001, 42.519999999999996], [-100.44, 42.519999999999996], [-100.36, 42.519999999999996], [-100.28, 42.519999999999996], [-100.27999999999999, 42.519999999999996], [-100.2, 42.519999999999996], [-100.19999999999999, 42.519999999999996], [-100.12, 42.519999999999996], [-100.11999999999999, 42.519999999999996], [-100.04, 42.519999999999996], [-100.03999999999999, 42.519999999999996], [-99.96000000000001, 42.519999999999996], [-99.96, 42.519999999999996], [-99.88000000000001, 42.519999999999996], [-99.88, 42.519999999999996], [-99.80000000000001, 42.519999999999996], [-99.8, 42.519999999999996], [-99.72000000000001, 42.519999999999996], [-99.72, 42.519999999999996], [-99.64, 42.519999999999996], [-99.56, 42.519999999999996], [-99.55999999999999, 42.519999999999996], [-99.48, 42.519999999999996], [-99.47999999999999, 42.519999999999996], [-99.4, 42.519999999999996], [-99.39999999999999, 42.519999999999996], [-99.32000000000001, 42.519999999999996], [-99.32, 42.519999999999996], [-99.24000000000001, 42.519999999999996], [-99.24, 42.519999999999996], [-99.16000000000001, 42.519999999999996], [-99.16, 42.519999999999996], [-99.08000000000001, 42.519999999999996], [-99.08, 42.519999999999996], [-99.0, 42.519999999999996], [-98.92, 42.519999999999996], [-98.91999999999999, 42.519999999999996], [-98.84, 42.519999999999996], [-98.83999999999999, 42.519999999999996], [-98.76, 42.519999999999996], [-98.75999999999999, 42.519999999999996], [-98.68, 42.519999999999996], [-98.67999999999999, 42.519999999999996], [-98.60000000000001, 42.519999999999996], [-98.6, 42.519999999999996], [-98.52000000000001, 42.519999999999996], [-98.52, 42.519999999999996], [-98.44000000000001, 42.519999999999996], [-98.44, 42.519999999999996], [-98.36, 42.519999999999996], [-98.28, 42.519999999999996], [-98.27999999999999, 42.519999999999996], [-98.2, 42.519999999999996], [-98.19999999999999, 42.519999999999996], [-98.12, 42.519999999999996], [-98.11999999999999, 42.519999999999996], [-98.04, 42.519999999999996], [-98.03999999999999, 42.519999999999996], [-97.96000000000001, 42.519999999999996], [-97.96, 42.519999999999996], [-97.88000000000001, 42.519999999999996], [-97.88, 42.519999999999996], [-97.80000000000001, 42.519999999999996], [-97.8, 42.519999999999996], [-97.72000000000001, 42.519999999999996], [-97.72, 42.519999999999996], [-97.64, 42.519999999999996], [-97.56, 42.519999999999996], [-97.55999999999999, 42.519999999999996], [-97.48, 42.519999999999996], [-97.47999999999999, 42.519999999999996], [-97.4, 42.519999999999996], [-97.39999999999999, 42.519999999999996], [-97.32000000000001, 42.519999999999996], [-97.32, 42.519999999999996], [-97.24000000000001, 42.519999999999996], [-97.24, 42.519999999999996], [-97.16000000000001, 42.519999999999996], [-97.16, 42.519999999999996], [-97.08000000000001, 42.519999999999996], [-97.08, 42.519999999999996], [-97.0, 42.519999999999996], [-96.92, 42.519999999999996], [-96.91999999999999, 42.519999999999996], [-96.84, 42.519999999999996], [-96.83999999999999, 42.519999999999996], [-96.76, 42.519999999999996], [-96.75999999999999, 42.519999999999996], [-96.68, 42.519999999999996], [-96.67999999999999, 42.519999999999996], [-96.60000000000001, 42.519999999999996], [-96.6, 42.519999999999996], [-96.52000000000001, 42.519999999999996], [-96.52, 42.519999999999996], [-96.44000000000001, 42.519999999999996], [-96.44, 42.519999999999996], [-96.36, 42.519999999999996], [-96.28, 42.519999999999996], [-96.27999999999999, 42.519999999999996], [-96.2, 42.519999999999996], [-96.19999999999999, 42.519999999999996], [-96.12, 42.519999999999996], [-96.11999999999999, 42.519999999999996], [-96.04, 42.519999999999996], [-96.03999999999999, 42.519999999999996], [-95.96000000000001, 42.519999999999996], [-95.96, 42.519999999999996], [-95.88000000000001, 42.519999999999996], [-95.88, 42.519999999999996], [-95.80000000000001, 42.519999999999996], [-95.8, 42.519999999999996], [-95.72000000000001, 42.519999999999996], [-95.72, 42.519999999999996], [-95.64, 42.519999999999996], [-95.56, 42.519999999999996], [-95.55999999999999, 42.519999999999996], [-95.48, 42.519999999999996], [-95.47999999999999, 42.519999999999996], [-95.4, 42.519999999999996], [-95.39999999999999, 42.519999999999996], [-95.32000000000001, 42.519999999999996], [-95.32, 42.519999999999996], [-95.24000000000001, 42.519999999999996], [-95.24, 42.519999999999996], [-95.16000000000001, 42.519999999999996], [-95.16, 42.519999999999996], [-95.08000000000001, 42.519999999999996], [-95.08, 42.519999999999996], [-95.0, 42.519999999999996], [-94.92, 42.519999999999996], [-94.91999999999999, 42.519999999999996], [-94.84, 42.519999999999996], [-94.83999999999999, 42.519999999999996], [-94.76, 42.519999999999996], [-94.75999999999999, 42.519999999999996], [-94.68, 42.519999999999996], [-94.67999999999999, 42.519999999999996], [-94.60000000000001, 42.519999999999996], [-94.6, 42.519999999999996], [-94.52000000000001, 42.519999999999996], [-94.52, 42.519999999999996], [-94.44000000000001, 42.519999999999996], [-94.44, 42.519999999999996], [-94.36, 42.519999999999996], [-94.28, 42.519999999999996], [-94.27999999999999, 42.519999999999996], [-94.2, 42.519999999999996], [-94.19999999999999, 42.519999999999996], [-94.12, 42.519999999999996], [-94.11999999999999, 42.519999999999996], [-94.04, 42.519999999999996], [-94.03999999999999, 42.519999999999996], [-93.96000000000001, 42.519999999999996], [-93.96, 42.519999999999996], [-93.88000000000001, 42.519999999999996], [-93.88, 42.519999999999996], [-93.80000000000001, 42.519999999999996], [-93.8, 42.519999999999996], [-93.72000000000001, 42.519999999999996], [-93.72, 42.519999999999996], [-93.64, 42.519999999999996], [-93.56, 42.519999999999996], [-93.55999999999999, 42.519999999999996], [-93.48, 42.519999999999996], [-93.47999999999999, 42.519999999999996], [-93.4, 42.519999999999996], [-93.39999999999999, 42.519999999999996], [-93.32000000000001, 42.519999999999996], [-93.32, 42.519999999999996], [-93.24000000000001, 42.519999999999996], [-93.24, 42.519999999999996], [-93.16000000000001, 42.519999999999996], [-93.16, 42.519999999999996], [-93.08, 42.519999999999996], [-93.0, 42.519999999999996], [-92.99999999999999, 42.519999999999996], [-92.92, 42.519999999999996], [-92.91999999999999, 42.519999999999996], [-92.84, 42.519999999999996], [-92.83999999999999, 42.519999999999996], [-92.76, 42.519999999999996], [-92.75999999999999, 42.519999999999996], [-92.68, 42.519999999999996], [-92.67999999999999, 42.519999999999996], [-92.60000000000001, 42.519999999999996], [-92.6, 42.519999999999996], [-92.52000000000001, 42.519999999999996], [-92.52, 42.519999999999996], [-92.44000000000001, 42.519999999999996], [-92.44, 42.519999999999996], [-92.36, 42.519999999999996], [-92.28, 42.519999999999996], [-92.27999999999999, 42.519999999999996], [-92.2, 42.519999999999996], [-92.19999999999999, 42.519999999999996], [-92.11999999999999, 42.519999999999996], [-92.11999999999999, 42.44], [-92.19999999999999, 42.44], [-92.2, 42.44], [-92.27999999999999, 42.44], [-92.27999999999999, 42.36], [-92.27999999999999, 42.28], [-92.2, 42.28], [-92.19999999999999, 42.28], [-92.11999999999999, 42.28], [-92.11999999999999, 42.2], [-92.19999999999999, 42.2], [-92.2, 42.2], [-92.27999999999999, 42.2], [-92.28, 42.2], [-92.36, 42.2], [-92.44, 42.2], [-92.44000000000001, 42.2], [-92.52, 42.2], [-92.52000000000001, 42.2], [-92.6, 42.2], [-92.60000000000001, 42.2], [-92.67999999999999, 42.2], [-92.68, 42.2], [-92.75999999999999, 42.2], [-92.76, 42.2], [-92.83999999999999, 42.2], [-92.84, 42.2], [-92.91999999999999, 42.2], [-92.92, 42.2], [-92.99999999999999, 42.2], [-93.0, 42.2], [-93.08, 42.2], [-93.16, 42.2], [-93.16000000000001, 42.2], [-93.24, 42.2], [-93.24000000000001, 42.2], [-93.32, 42.2], [-93.32000000000001, 42.2], [-93.39999999999999, 42.2], [-93.4, 42.2], [-93.47999999999999, 42.2], [-93.48, 42.2], [-93.55999999999999, 42.2], [-93.56, 42.2], [-93.64, 42.2], [-93.72, 42.2], [-93.72000000000001, 42.2], [-93.8, 42.2], [-93.80000000000001, 42.2], [-93.88, 42.2], [-93.88000000000001, 42.2], [-93.96, 42.2], [-93.96000000000001, 42.2], [-94.03999999999999, 42.2], [-94.04, 42.2], [-94.11999999999999, 42.2], [-94.12, 42.2], [-94.19999999999999, 42.2], [-94.2, 42.2], [-94.27999999999999, 42.2], [-94.28, 42.2], [-94.36, 42.2], [-94.44, 42.2], [-94.44000000000001, 42.2], [-94.52, 42.2], [-94.52000000000001, 42.2], [-94.6, 42.2], [-94.60000000000001, 42.2], [-94.67999999999999, 42.2], [-94.68, 42.2], [-94.75999999999999, 42.2], [-94.76, 42.2], [-94.83999999999999, 42.2], [-94.84, 42.2], [-94.91999999999999, 42.2], [-94.92, 42.2], [-95.0, 42.2], [-95.08, 42.2], [-95.08000000000001, 42.2], [-95.16, 42.2], [-95.16000000000001, 42.2], [-95.24, 42.2], [-95.24000000000001, 42.2], [-95.32, 42.2], [-95.32000000000001, 42.2], [-95.39999999999999, 42.2], [-95.4, 42.2], [-95.47999999999999, 42.2], [-95.48, 42.2], [-95.55999999999999, 42.2], [-95.56, 42.2], [-95.64, 42.2], [-95.72, 42.2], [-95.72000000000001, 42.2], [-95.8, 42.2], [-95.80000000000001, 42.2], [-95.88, 42.2], [-95.88000000000001, 42.2], [-95.96, 42.2], [-95.96000000000001, 42.2], [-96.03999999999999, 42.2], [-96.04, 42.2], [-96.11999999999999, 42.2], [-96.12, 42.2], [-96.19999999999999, 42.2], [-96.2, 42.2], [-96.27999999999999, 42.2], [-96.28, 42.2], [-96.36, 42.2], [-96.44, 42.2], [-96.44000000000001, 42.2], [-96.52, 42.2], [-96.52000000000001, 42.2], [-96.6, 42.2], [-96.60000000000001, 42.2], [-96.67999999999999, 42.2], [-96.68, 42.2], [-96.75999999999999, 42.2], [-96.76, 42.2], [-96.83999999999999, 42.2], [-96.84, 42.2], [-96.91999999999999, 42.2], [-96.92, 42.2], [-97.0, 42.2], [-97.08, 42.2], [-97.08000000000001, 42.2], [-97.16, 42.2], [-97.16000000000001, 42.2], [-97.24, 42.2], [-97.24000000000001, 42.2], [-97.32, 42.2], [-97.32000000000001, 42.2], [-97.39999999999999, 42.2], [-97.4, 42.2], [-97.47999999999999, 42.2], [-97.48, 42.2], [-97.55999999999999, 42.2], [-97.56, 42.2], [-97.64, 42.2], [-97.72, 42.2], [-97.72000000000001, 42.2], [-97.8, 42.2], [-97.80000000000001, 42.2], [-97.88, 42.2], [-97.88000000000001, 42.2], [-97.96, 42.2], [-97.96000000000001, 42.2], [-98.03999999999999, 42.2], [-98.04, 42.2], [-98.11999999999999, 42.2], [-98.12, 42.2], [-98.19999999999999, 42.2], [-98.2, 42.2], [-98.27999999999999, 42.2], [-98.28, 42.2], [-98.36, 42.2], [-98.44, 42.2], [-98.44000000000001, 42.2], [-98.52, 42.2], [-98.52000000000001, 42.2], [-98.6, 42.2], [-98.60000000000001, 42.2], [-98.67999999999999, 42.2], [-98.68, 42.2], [-98.75999999999999, 42.2], [-98.76, 42.2], [-98.83999999999999, 42.2], [-98.84, 42.2], [-98.91999999999999, 42.2], [-98.92, 42.2], [-99.0, 42.2], [-99.08, 42.2], [-99.08000000000001, 42.2], [-99.16, 42.2], [-99.16000000000001, 42.2], [-99.24, 42.2], [-99.24000000000001, 42.2], [-99.32, 42.2], [-99.32000000000001, 42.2], [-99.39999999999999, 42.2], [-99.4, 42.2], [-99.47999999999999, 42.2], [-99.48, 42.2], [-99.55999999999999, 42.2], [-99.56, 42.2], [-99.64, 42.2], [-99.72, 42.2], [-99.72000000000001, 42.2], [-99.8, 42.2], [-99.80000000000001, 42.2], [-99.88, 42.2], [-99.88000000000001, 42.2], [-99.96, 42.2], [-99.96000000000001, 42.2], [-100.03999999999999, 42.2], [-100.04, 42.2], [-100.11999999999999, 42.2], [-100.12, 42.2], [-100.19999999999999, 42.2], [-100.2, 42.2], [-100.27999999999999, 42.2], [-100.28, 42.2], [-100.36, 42.2], [-100.44, 42.2], [-100.44000000000001, 42.2], [-100.52, 42.2], [-100.52000000000001, 42.2], [-100.6, 42.2], [-100.60000000000001, 42.2], [-100.67999999999999, 42.2], [-100.68, 42.2], [-100.75999999999999, 42.2], [-100.76, 42.2], [-100.83999999999999, 42.2], [-100.84, 42.2], [-100.91999999999999, 42.2], [-100.92, 42.2], [-101.0, 42.2], [-101.08, 42.2], [-101.08000000000001, 42.2], [-101.16, 42.2], [-101.16000000000001, 42.2], [-101.24, 42.2], [-101.24000000000001, 42.2], [-101.32, 42.2], [-101.32000000000001, 42.2], [-101.39999999999999, 42.2], [-101.4, 42.2], [-101.47999999999999, 42.2], [-101.48, 42.2], [-101.55999999999999, 42.2], [-101.56, 42.2], [-101.64, 42.2], [-101.72, 42.2], [-101.72000000000001, 42.2], [-101.8, 42.2], [-101.80000000000001, 42.2], [-101.88, 42.2], [-101.88000000000001, 42.2], [-101.96, 42.2], [-101.96000000000001, 42.2], [-102.03999999999999, 42.2], [-102.04, 42.2], [-102.11999999999999, 42.2], [-102.12, 42.2], [-102.19999999999999, 42.2], [-102.2, 42.2], [-102.27999999999999, 42.2], [-102.28, 42.2], [-102.36, 42.2], [-102.44, 42.2], [-102.44000000000001, 42.2], [-102.52, 42.2], [-102.52000000000001, 42.2], [-102.6, 42.2], [-102.60000000000001, 42.2], [-102.67999999999999, 42.2], [-102.68, 42.2], [-102.75999999999999, 42.2], [-102.76, 42.2], [-102.83999999999999, 42.2], [-102.84, 42.2], [-102.91999999999999, 42.2], [-102.92, 42.2], [-103.0, 42.2], [-103.0, 42.28], [-103.0, 42.36], [-103.0, 42.44], [-103.0, 42.519999999999996], [-102.92, 42.519999999999996], [-102.91999999999999, 42.519999999999996], [-102.84, 42.519999999999996]]], [[[-103.0, 42.839999999999996], [-102.92, 42.839999999999996], [-102.91999999999999, 42.839999999999996], [-102.84, 42.839999999999996], [-102.83999999999999, 42.839999999999996], [-102.76, 42.839999999999996], [-102.75999999999999, 42.839999999999996], [-102.68, 42.839999999999996], [-102.67999999999999, 42.839999999999996], [-102.60000000000001, 42.839999999999996], [-102.6, 42.839999999999996], [-102.52000000000001, 42.839999999999996], [-102.52, 42.839999999999996], [-102.44000000000001, 42.839999999999996], [-102.44, 42.839999999999996], [-102.36, 42.839999999999996], [-102.28, 42.839999999999996], [-102.27999999999999, 42.839999999999996], [-102.2, 42.839999999999996], [-102.19999999999999, 42.839999999999996], [-102.12, 42.839999999999996], [-102.11999999999999, 42.839999999999996], [-102.04, 42.839999999999996], [-102.03999999999999, 42.839999999999996], [-101.96000000000001, 42.839999999999996], [-101.96, 42.839999999999996], [-101.88000000000001, 42.839999999999996], [-101.88, 42.839999999999996], [-101.80000000000001, 42.839999999999996], [-101.8, 42.839999999999996], [-101.72000000000001, 42.839999999999996], [-101.72, 42.839999999999996], [-101.64, 42.839999999999996], [-101.56, 42.839999999999996], [-101.55999999999999, 42.839999999999996], [-101.48, 42.839999999999996], [-101.47999999999999, 42.839999999999996], [-101.4, 42.839999999999996], [-101.39999999999999, 42.839999999999996], [-101.32000000000001, 42.839999999999996], [-101.32, 42.839999999999996], [-101.24000000000001, 42.839999999999996], [-101.24, 42.839999999999996], [-101.16000000000001, 42.839999999999996], [-101.16, 42.839999999999996], [-101.08000000000001, 42.839999999999996], [-101.08, 42.839999999999996], [-101.0, 42.839999999999996], [-100.92, 42.839999999999996], [-100.91999999999999, 42.839999999999996], [-100.84, 42.839999999999996], [-100.83999999999999, 42.839999999999996], [-100.76, 42.839999999999996], [-100.75999999999999, 42.839999999999996], [-100.68, 42.839999999999996], [-100.67999999999999, 42.839999999999996], [-100.60000000000001, 42.839999999999996], [-100.6, 42.839999999999996], [-100.52000000000001, 42.839999999999996], [-100.52, 42.839999999999996], [-100.44000000000001, 42.839999999999996], [-100.44, 42.839999999999996], [-100.36, 42.839999999999996], [-100.28, 42.839999999999996], [-100.27999999999999, 42.839999999999996], [-100.2, 42.839999999999996], [-100.19999999999999, 42.839999999999996], [-100.12, 42.839999999999996], [-100.11999999999999, 42.839999999999996], [-100.04, 42.839999999999996], [-100.03999999999999, 42.839999999999996], [-99.96000000000001, 42.839999999999996], [-99.96, 42.839999999999996], [-99.88000000000001, 42.839999999999996], [-99.88, 42.839999999999996], [-99.80000000000001, 42.839999999999996], [-99.8, 42.839999999999996], [-99.72000000000001, 42.839999999999996], [-99.72, 42.839999999999996], [-99.64, 42.839999999999996], [-99.56, 42.839999999999996], [-99.55999999999999, 42.839999999999996], [-99.48, 42.839999999999996], [-99.47999999999999, 42.839999999999996], [-99.4, 42.839999999999996], [-99.39999999999999, 42.839999999999996], [-99.32000000000001, 42.839999999999996], [-99.32, 42.839999999999996], [-99.24000000000001, 42.839999999999996], [-99.24, 42.839999999999996], [-99.16000000000001, 42.839999999999996], [-99.16, 42.839999999999996], [-99.08000000000001, 42.839999999999996], [-99.08, 42.839999999999996], [-99.0, 42.839999999999996], [-98.92, 42.839999999999996], [-98.91999999999999, 42.839999999999996], [-98.84, 42.839999999999996], [-98.83999999999999, 42.839999999999996], [-98.76, 42.839999999999996], [-98.75999999999999, 42.839999999999996], [-98.68, 42.839999999999996], [-98.67999999999999, 42.839999999999996], [-98.60000000000001, 42.839999999999996], [-98.6, 42.839999999999996], [-98.52000000000001, 42.839999999999996], [-98.52, 42.839999999999996], [-98.44000000000001, 42.839999999999996], [-98.44, 42.839999999999996], [-98.36, 42.839999999999996], [-98.28, 42.839999999999996], [-98.27999999999999, 42.839999999999996], [-98.2, 42.839999999999996], [-98.19999999999999, 42.839999999999996], [-98.12, 42.839999999999996], [-98.11999999999999, 42.839999999999996], [-98.04, 42.839999999999996], [-98.03999999999999, 42.839999999999996], [-97.96000000000001, 42.839999999999996], [-97.96, 42.839999999999996], [-97.88000000000001, 42.839999999999996], [-97.88, 42.839999999999996], [-97.80000000000001, 42.839999999999996], [-97.8, 42.839999999999996], [-97.72000000000001, 42.839999999999996], [-97.72, 42.839999999999996], [-97.64, 42.839999999999996], [-97.56, 42.839999999999996], [-97.55999999999999, 42.839999999999996], [-97.48, 42.839999999999996], [-97.47999999999999, 42.839999999999996], [-97.4, 42.839999999999996], [-97.39999999999999, 42.839999999999996], [-97.32000000000001, 42.839999999999996], [-97.32, 42.839999999999996], [-97.24000000000001, 42.839999999999996], [-97.24, 42.839999999999996], [-97.16000000000001, 42.839999999999996], [-97.16, 42.839999999999996], [-97.08000000000001, 42.839999999999996], [-97.08, 42.839999999999996], [-97.0, 42.839999999999996], [-96.92, 42.839999999999996], [-96.91999999999999, 42.839999999999996], [-96.84, 42.839999999999996], [-96.83999999999999, 42.839999999999996], [-96.76, 42.839999999999996], [-96.75999999999999, 42.839999999999996], [-96.68, 42.839999999999996], [-96.67999999999999, 42.839999999999996], [-96.60000000000001, 42.839999999999996], [-96.6, 42.839999999999996], [-96.52000000000001, 42.839999999999996], [-96.52, 42.839999999999996], [-96.44000000000001, 42.839999999999996], [-96.44, 42.839999999999996], [-96.36, 42.839999999999996], [-96.28, 42.839999999999996], [-96.27999999999999, 42.839999999999996], [-96.2, 42.839999999999996], [-96.19999999999999, 42.839999999999996], [-96.12, 42.839999999999996], [-96.11999999999999, 42.839999999999996], [-96.04, 42.839999999999996], [-96.03999999999999, 42.839999999999996], [-95.96000000000001, 42.839999999999996], [-95.96, 42.839999999999996], [-95.88000000000001, 42.839999999999996], [-95.88, 42.839999999999996], [-95.80000000000001, 42.839999999999996], [-95.8, 42.839999999999996], [-95.72000000000001, 42.839999999999996], [-95.72, 42.839999999999996], [-95.64, 42.839999999999996], [-95.56, 42.839999999999996], [-95.55999999999999, 42.839999999999996], [-95.48, 42.839999999999996], [-95.47999999999999, 42.839999999999996], [-95.4, 42.839999999999996], [-95.39999999999999, 42.839999999999996], [-95.32000000000001, 42.839999999999996], [-95.32, 42.839999999999996], [-95.24000000000001, 42.839999999999996], [-95.24, 42.839999999999996], [-95.16000000000001, 42.839999999999996], [-95.16, 42.839999999999996], [-95.08000000000001, 42.839999999999996], [-95.08, 42.839999999999996], [-95.0, 42.839999999999996], [-95.0, 42.76], [-95.08, 42.76], [-95.08, 42.68], [-95.0, 42.68], [-94.92, 42.68], [-94.91999999999999, 42.68], [-94.84, 42.68], [-94.83999999999999, 42.68], [-94.76, 42.68], [-94.75999999999999, 42.68], [-94.68, 42.68], [-94.67999999999999, 42.68], [-94.60000000000001, 42.68], [-94.60000000000001, 42.76], [-94.60000000000001, 42.839999999999996], [-94.52000000000001, 42.839999999999996], [-94.52, 42.839999999999996], [-94.44000000000001, 42.839999999999996], [-94.44, 42.839999999999996], [-94.36, 42.839999999999996], [-94.28, 42.839999999999996], [-94.27999999999999, 42.839999999999996], [-94.2, 42.839999999999996], [-94.19999999999999, 42.839999999999996], [-94.12, 42.839999999999996], [-94.11999999999999, 42.839999999999996], [-94.04, 42.839999999999996], [-94.03999999999999, 42.839999999999996], [-93.96000000000001, 42.839999999999996], [-93.96, 42.839999999999996], [-93.88000000000001, 42.839999999999996], [-93.88, 42.839999999999996], [-93.80000000000001, 42.839999999999996], [-93.8, 42.839999999999996], [-93.72000000000001, 42.839999999999996], [-93.72, 42.839999999999996], [-93.64, 42.839999999999996], [-93.56, 42.839999999999996], [-93.55999999999999, 42.839999999999996], [-93.48, 42.839999999999996], [-93.47999999999999, 42.839999999999996], [-93.4, 42.839999999999996], [-93.39999999999999, 42.839999999999996], [-93.32000000000001, 42.839999999999996], [-93.32, 42.839999999999996], [-93.24000000000001, 42.839999999999996], [-93.24, 42.839999999999996], [-93.16000000000001, 42.839999999999996], [-93.16, 42.839999999999996], [-93.08, 42.839999999999996], [-93.0, 42.839999999999996], [-92.99999999999999, 42.839999999999996], [-92.92, 42.839999999999996], [-92.91999999999999, 42.839999999999996], [-92.84, 42.839999999999996], [-92.83999999999999, 42.839999999999996], [-92.76, 42.839999999999996], [-92.75999999999999, 42.839999999999996], [-92.68, 42.839999999999996], [-92.67999999999999, 42.839999999999996], [-92.60000000000001, 42.839999999999996], [-92.6, 42.839999999999996], [-92.52000000000001, 42.839999999999996], [-92.52, 42.839999999999996], [-92.44000000000001, 42.839999999999996], [-92.44, 42.839999999999996], [-92.36, 42.839999999999996], [-92.28, 42.839999999999996], [-92.27999999999999, 42.839999999999996], [-92.2, 42.839999999999996], [-92.19999999999999, 42.839999999999996], [-92.12, 42.839999999999996], [-92.11999999999999, 42.839999999999996], [-92.03999999999999, 42.839999999999996], [-92.03999999999999, 42.76], [-91.96000000000001, 42.76], [-91.96, 42.76], [-91.88000000000001, 42.76], [-91.88000000000001, 42.839999999999996], [-91.80000000000001, 42.839999999999996], [-91.8, 42.839999999999996], [-91.72000000000001, 42.839999999999996], [-91.72, 42.839999999999996], [-91.64, 42.839999999999996], [-91.55999999999999, 42.839999999999996], [-91.55999999999999, 42.76], [-91.64, 42.76], [-91.64, 42.68], [-91.72, 42.68], [-91.72000000000001, 42.68], [-91.8, 42.68], [-91.80000000000001, 42.68], [-91.88, 42.68], [-91.88, 42.6], [-91.96, 42.6], [-91.96, 42.52], [-92.03999999999999, 42.52], [-92.04, 42.52], [-92.11999999999999, 42.52], [-92.12, 42.52], [-92.19999999999999, 42.52], [-92.2, 42.52], [-92.27999999999999, 42.52], [-92.28, 42.52], [-92.36, 42.52], [-92.44, 42.52], [-92.44000000000001, 42.52], [-92.52, 42.52], [-92.52000000000001, 42.52], [-92.6, 42.52], [-92.60000000000001, 42.52], [-92.67999999999999, 42.52], [-92.68, 42.52], [-92.75999999999999, 42.52], [-92.76, 42.52], [-92.83999999999999, 42.52], [-92.84, 42.52], [-92.91999999999999, 42.52], [-92.92, 42.52], [-92.99999999999999, 42.52], [-93.0, 42.52], [-93.08, 42.52], [-93.16, 42.52], [-93.16000000000001, 42.52], [-93.24, 42.52], [-93.24000000000001, 42.52], [-93.32, 42.52], [-93.32000000000001, 42.52], [-93.39999999999999, 42.52], [-93.4, 42.52], [-93.47999999999999, 42.52], [-93.48, 42.52], [-93.55999999999999, 42.52], [-93.56, 42.52], [-93.64, 42.52], [-93.72, 42.52], [-93.72000000000001, 42.52], [-93.8, 42.52], [-93.80000000000001, 42.52], [-93.88, 42.52], [-93.88000000000001, 42.52], [-93.96, 42.52], [-93.96000000000001, 42.52], [-94.03999999999999, 42.52], [-94.04, 42.52], [-94.11999999999999, 42.52], [-94.12, 42.52], [-94.19999999999999, 42.52], [-94.2, 42.52], [-94.27999999999999, 42.52], [-94.28, 42.52], [-94.36, 42.52], [-94.44, 42.52], [-94.44000000000001, 42.52], [-94.52, 42.52], [-94.52000000000001, 42.52], [-94.6, 42.52], [-94.60000000000001, 42.52], [-94.67999999999999, 42.52], [-94.68, 42.52], [-94.75999999999999, 42.52], [-94.76, 42.52], [-94.83999999999999, 42.52], [-94.84, 42.52], [-94.91999999999999, 42.52], [-94.92, 42.52], [-95.0, 42.52], [-95.08, 42.52], [-95.08000000000001, 42.52], [-95.16, 42.52], [-95.16000000000001, 42.52], [-95.24, 42.52], [-95.24000000000001, 42.52], [-95.32, 42.52], [-95.32000000000001, 42.52], [-95.39999999999999, 42.52], [-95.4, 42.52], [-95.47999999999999, 42.52], [-95.48, 42.52], [-95.55999999999999, 42.52], [-95.56, 42.52], [-95.64, 42.52], [-95.72, 42.52], [-95.72000000000001, 42.52], [-95.8, 42.52], [-95.80000000000001, 42.52], [-95.88, 42.52], [-95.88000000000001, 42.52], [-95.96, 42.52], [-95.96000000000001, 42.52], [-96.03999999999999, 42.52], [-96.04, 42.52], [-96.11999999999999, 42.52], [-96.12, 42.52], [-96.19999999999999, 42.52], [-96.2, 42.52], [-96.27999999999999, 42.52], [-96.28, 42.52], [-96.36, 42.52], [-96.44, 42.52], [-96.44000000000001, 42.52], [-96.52, 42.52], [-96.52000000000001, 42.52], [-96.6, 42.52], [-96.60000000000001, 42.52], [-96.67999999999999, 42.52], [-96.68, 42.52], [-96.75999999999999, 42.52], [-96.76, 42.52], [-96.83999999999999, 42.52], [-96.84, 42.52], [-96.91999999999999, 42.52], [-96.92, 42.52], [-97.0, 42.52], [-97.08, 42.52], [-97.08000000000001, 42.52], [-97.16, 42.52], [-97.16000000000001, 42.52], [-97.24, 42.52], [-97.24000000000001, 42.52], [-97.32, 42.52], [-97.32000000000001, 42.52], [-97.39999999999999, 42.52], [-97.4, 42.52], [-97.47999999999999, 42.52], [-97.48, 42.52], [-97.55999999999999, 42.52], [-97.56, 42.52], [-97.64, 42.52], [-97.72, 42.52], [-97.72000000000001, 42.52], [-97.8, 42.52], [-97.80000000000001, 42.52], [-97.88, 42.52], [-97.88000000000001, 42.52], [-97.96, 42.52], [-97.96000000000001, 42.52], [-98.03999999999999, 42.52], [-98.04, 42.52], [-98.11999999999999, 42.52], [-98.12, 42.52], [-98.19999999999999, 42.52], [-98.2, 42.52], [-98.27999999999999, 42.52], [-98.28, 42.52], [-98.36, 42.52], [-98.44, 42.52], [-98.44000000000001, 42.52], [-98.52, 42.52], [-98.52000000000001, 42.52], [-98.6, 42.52], [-98.60000000000001, 42.52], [-98.67999999999999, 42.52], [-98.68, 42.52], [-98.75999999999999, 42.52], [-98.76, 42.52], [-98.83999999999999, 42.52], [-98.84, 42.52], [-98.91999999999999, 42.52], [-98.92, 42.52], [-99.0, 42.52], [-99.08, 42.52], [-99.08000000000001, 42.52], [-99.16, 42.52], [-99.16000000000001, 42.52], [-99.24, 42.52], [-99.24000000000001, 42.52], [-99.32, 42.52], [-99.32000000000001, 42.52], [-99.39999999999999, 42.52], [-99.4, 42.52], [-99.47999999999999, 42.52], [-99.48, 42.52], [-99.55999999999999, 42.52], [-99.56, 42.52], [-99.64, 42.52], [-99.72, 42.52], [-99.72000000000001, 42.52], [-99.8, 42.52], [-99.80000000000001, 42.52], [-99.88, 42.52], [-99.88000000000001, 42.52], [-99.96, 42.52], [-99.96000000000001, 42.52], [-100.03999999999999, 42.52], [-100.04, 42.52], [-100.11999999999999, 42.52], [-100.12, 42.52], [-100.19999999999999, 42.52], [-100.2, 42.52], [-100.27999999999999, 42.52], [-100.28, 42.52], [-100.36, 42.52], [-100.44, 42.52], [-100.44000000000001, 42.52], [-100.52, 42.52], [-100.52000000000001, 42.52], [-100.6, 42.52], [-100.60000000000001, 42.52], [-100.67999999999999, 42.52], [-100.68, 42.52], [-100.75999999999999, 42.52], [-100.76, 42.52], [-100.83999999999999, 42.52], [-100.84, 42.52], [-100.91999999999999, 42.52], [-100.92, 42.52], [-101.0, 42.52], [-101.08, 42.52], [-101.08000000000001, 42.52], [-101.16, 42.52], [-101.16000000000001, 42.52], [-101.24, 42.52], [-101.24000000000001, 42.52], [-101.32, 42.52], [-101.32000000000001, 42.52], [-101.39999999999999, 42.52], [-101.4, 42.52], [-101.47999999999999, 42.52], [-101.48, 42.52], [-101.55999999999999, 42.52], [-101.56, 42.52], [-101.64, 42.52], [-101.72, 42.52], [-101.72000000000001, 42.52], [-101.8, 42.52], [-101.80000000000001, 42.52], [-101.88, 42.52], [-101.88000000000001, 42.52], [-101.96, 42.52], [-101.96000000000001, 42.52], [-102.03999999999999, 42.52], [-102.04, 42.52], [-102.11999999999999, 42.52], [-102.12, 42.52], [-102.19999999999999, 42.52], [-102.2, 42.52], [-102.27999999999999, 42.52], [-102.28, 42.52], [-102.36, 42.52], [-102.44, 42.52], [-102.44000000000001, 42.52], [-102.52, 42.52], [-102.52000000000001, 42.52], [-102.6, 42.52], [-102.60000000000001, 42.52], [-102.67999999999999, 42.52], [-102.68, 42.52], [-102.75999999999999, 42.52], [-102.76, 42.52], [-102.83999999999999, 42.52], [-102.84, 42.52], [-102.91999999999999, 42.52], [-102.92, 42.52], [-103.0, 42.52], [-103.0, 42.6], [-103.0, 42.68], [-103.0, 42.76], [-103.0, 42.839999999999996]]], [[[-103.0, 42.92], [-103.0, 43.0], [-103.0, 43.08], [-103.0, 43.16], [-102.92, 43.16], [-102.91999999999999, 43.16], [-102.84, 43.16], [-102.83999999999999, 43.16], [-102.76, 43.16], [-102.75999999999999, 43.16], [-102.68, 43.16], [-102.67999999999999, 43.16], [-102.60000000000001, 43.16], [-102.6, 43.16], [-102.52000000000001, 43.16], [-102.52, 43.16], [-102.44000000000001, 43.16], [-102.44, 43.16], [-102.36, 43.16], [-102.28, 43.16], [-102.27999999999999, 43.16], [-102.2, 43.16], [-102.19999999999999, 43.16], [-102.12, 43.16], [-102.11999999999999, 43.16], [-102.04, 43.16], [-102.03999999999999, 43.16], [-101.96000000000001, 43.16], [-101.96, 43.16], [-101.88000000000001, 43.16], [-101.88, 43.16], [-101.80000000000001, 43.16], [-101.8, 43.16], [-101.72000000000001, 43.16], [-101.72, 43.16], [-101.64, 43.16], [-101.56, 43.16], [-101.55999999999999, 43.16], [-101.48, 43.16], [-101.47999999999999, 43.16], [-101.4, 43.16], [-101.39999999999999, 43.16], [-101.32000000000001, 43.16], [-101.32, 43.16], [-101.24000000000001, 43.16], [-101.24, 43.16], [-101.16000000000001, 43.16], [-101.16, 43.16], [-101.08000000000001, 43.16], [-101.08, 43.16], [-101.0, 43.16], [-100.92, 43.16], [-100.91999999999999, 43.16], [-100.84, 43.16], [-100.83999999999999, 43.16], [-100.76, 43.16], [-100.75999999999999, 43.16], [-100.68, 43.16], [-100.67999999999999, 43.16], [-100.60000000000001, 43.16], [-100.6, 43.16], [-100.52000000000001, 43.16], [-100.52, 43.16], [-100.44000000000001, 43.16], [-100.44, 43.16], [-100.36, 43.16], [-100.28, 43.16], [-100.27999999999999, 43.16], [-100.2, 43.16], [-100.19999999999999, 43.16], [-100.12, 43.16], [-100.11999999999999, 43.16], [-100.04, 43.16], [-100.03999999999999, 43.16], [-99.96000000000001, 43.16], [-99.96, 43.16], [-99.88000000000001, 43.16], [-99.88, 43.16], [-99.80000000000001, 43.16], [-99.8, 43.16], [-99.72000000000001, 43.16], [-99.72, 43.16], [-99.64, 43.16], [-99.56, 43.16], [-99.55999999999999, 43.16], [-99.48, 43.16], [-99.47999999999999, 43.16], [-99.4, 43.16], [-99.39999999999999, 43.16], [-99.32000000000001, 43.16], [-99.32, 43.16], [-99.24000000000001, 43.16], [-99.24, 43.16], [-99.16000000000001, 43.16], [-99.16, 43.16], [-99.08000000000001, 43.16], [-99.08, 43.16], [-99.0, 43.16], [-98.92, 43.16], [-98.91999999999999, 43.16], [-98.84, 43.16], [-98.83999999999999, 43.16], [-98.76, 43.16], [-98.75999999999999, 43.16], [-98.68, 43.16], [-98.67999999999999, 43.16], [-98.60000000000001, 43.16], [-98.6, 43.16], [-98.52000000000001, 43.16], [-98.52, 43.16], [-98.44000000000001, 43.16], [-98.44, 43.16], [-98.36, 43.16], [-98.28, 43.16], [-98.27999999999999, 43.16], [-98.2, 43.16], [-98.19999999999999, 43.16], [-98.12, 43.16], [-98.11999999999999, 43.16], [-98.04, 43.16], [-98.03999999999999, 43.16], [-97.96000000000001, 43.16], [-97.96, 43.16], [-97.88000000000001, 43.16], [-97.88, 43.16], [-97.80000000000001, 43.16], [-97.8, 43.16], [-97.72000000000001, 43.16], [-97.72, 43.16], [-97.64, 43.16], [-97.56, 43.16], [-97.55999999999999, 43.16], [-97.48, 43.16], [-97.47999999999999, 43.16], [-97.4, 43.16], [-97.39999999999999, 43.16], [-97.32000000000001, 43.16], [-97.32, 43.16], [-97.24000000000001, 43.16], [-97.24, 43.16], [-97.16000000000001, 43.16], [-97.16, 43.16], [-97.08000000000001, 43.16], [-97.08, 43.16], [-97.0, 43.16], [-96.92, 43.16], [-96.91999999999999, 43.16], [-96.84, 43.16], [-96.83999999999999, 43.16], [-96.76, 43.16], [-96.75999999999999, 43.16], [-96.68, 43.16], [-96.67999999999999, 43.16], [-96.60000000000001, 43.16], [-96.6, 43.16], [-96.52000000000001, 43.16], [-96.52, 43.16], [-96.44000000000001, 43.16], [-96.44, 43.16], [-96.36, 43.16], [-96.28, 43.16], [-96.27999999999999, 43.16], [-96.2, 43.16], [-96.19999999999999, 43.16], [-96.12, 43.16], [-96.11999999999999, 43.16], [-96.04, 43.16], [-96.03999999999999, 43.16], [-95.96000000000001, 43.16], [-95.96, 43.16], [-95.88000000000001, 43.16], [-95.88, 43.16], [-95.80000000000001, 43.16], [-95.8, 43.16], [-95.72000000000001, 43.16], [-95.72, 43.16], [-95.64, 43.16], [-95.56, 43.16], [-95.55999999999999, 43.16], [-95.48, 43.16], [-95.47999999999999, 43.16], [-95.4, 43.16], [-95.39999999999999, 43.16], [-95.32000000000001, 43.16], [-95.32, 43.16], [-95.24000000000001, 43.16], [-95.24, 43.16], [-95.16000000000001, 43.16], [-95.16, 43.16], [-95.08000000000001, 43.16], [-95.08, 43.16], [-95.0, 43.16], [-94.92, 43.16], [-94.91999999999999, 43.16], [-94.84, 43.16], [-94.83999999999999, 43.16], [-94.76, 43.16], [-94.75999999999999, 43.16], [-94.68, 43.16], [-94.67999999999999, 43.16], [-94.60000000000001, 43.16], [-94.6, 43.16], [-94.52000000000001, 43.16], [-94.52, 43.16], [-94.44000000000001, 43.16], [-94.44, 43.16], [-94.36, 43.16], [-94.28, 43.16], [-94.27999999999999, 43.16], [-94.2, 43.16], [-94.19999999999999, 43.16], [-94.12, 43.16], [-94.11999999999999, 43.16], [-94.04, 43.16], [-94.03999999999999, 43.16], [-93.96000000000001, 43.16], [-93.96, 43.16], [-93.88000000000001, 43.16], [-93.88, 43.16], [-93.80000000000001, 43.16], [-93.8, 43.16], [-93.72000000000001, 43.16], [-93.72, 43.16], [-93.64, 43.16], [-93.56, 43.16], [-93.55999999999999, 43.16], [-93.48, 43.16], [-93.47999999999999, 43.16], [-93.4, 43.16], [-93.39999999999999, 43.16], [-93.32000000000001, 43.16], [-93.32, 43.16], [-93.24000000000001, 43.16], [-93.24, 43.16], [-93.16000000000001, 43.16], [-93.16, 43.16], [-93.08, 43.16], [-93.0, 43.16], [-92.99999999999999, 43.16], [-92.92, 43.16], [-92.91999999999999, 43.16], [-92.84, 43.16], [-92.83999999999999, 43.16], [-92.76, 43.16], [-92.75999999999999, 43.16], [-92.67999999999999, 43.16], [-92.67999999999999, 43.08], [-92.67999999999999, 43.0], [-92.60000000000001, 43.0], [-92.6, 43.0], [-92.52000000000001, 43.0], [-92.52, 43.0], [-92.44000000000001, 43.0], [-92.44, 43.0], [-92.36, 43.0], [-92.36, 43.08], [-92.28, 43.08], [-92.27999999999999, 43.08], [-92.2, 43.08], [-92.19999999999999, 43.08], [-92.12, 43.08], [-92.11999999999999, 43.08], [-92.04, 43.08], [-92.04, 43.16], [-91.96, 43.16], [-91.96, 43.08], [-92.03999999999999, 43.08], [-92.03999999999999, 43.0], [-92.11999999999999, 43.0], [-92.11999999999999, 42.92], [-92.03999999999999, 42.92], [-92.03999999999999, 42.84], [-92.11999999999999, 42.84], [-92.12, 42.84], [-92.19999999999999, 42.84], [-92.2, 42.84], [-92.27999999999999, 42.84], [-92.28, 42.84], [-92.36, 42.84], [-92.44, 42.84], [-92.44000000000001, 42.84], [-92.52, 42.84], [-92.52000000000001, 42.84], [-92.6, 42.84], [-92.60000000000001, 42.84], [-92.67999999999999, 42.84], [-92.68, 42.84], [-92.75999999999999, 42.84], [-92.76, 42.84], [-92.83999999999999, 42.84], [-92.84, 42.84], [-92.91999999999999, 42.84], [-92.92, 42.84], [-92.99999999999999, 42.84], [-93.0, 42.84], [-93.08, 42.84], [-93.16, 42.84], [-93.16000000000001, 42.84], [-93.24, 42.84], [-93.24000000000001, 42.84], [-93.32, 42.84], [-93.32000000000001, 42.84], [-93.39999999999999, 42.84], [-93.4, 42.84], [-93.47999999999999, 42.84], [-93.48, 42.84], [-93.55999999999999, 42.84], [-93.56, 42.84], [-93.64, 42.84], [-93.72, 42.84], [-93.72000000000001, 42.84], [-93.8, 42.84], [-93.80000000000001, 42.84], [-93.88, 42.84], [-93.88000000000001, 42.84], [-93.96, 42.84], [-93.96000000000001, 42.84], [-94.03999999999999, 42.84], [-94.04, 42.84], [-94.11999999999999, 42.84], [-94.12, 42.84], [-94.19999999999999, 42.84], [-94.2, 42.84], [-94.27999999999999, 42.84], [-94.28, 42.84], [-94.36, 42.84], [-94.44, 42.84], [-94.44000000000001, 42.84], [-94.52, 42.84], [-94.52000000000001, 42.84], [-94.6, 42.84], [-94.60000000000001, 42.84], [-94.67999999999999, 42.84], [-94.68, 42.84], [-94.75999999999999, 42.84], [-94.76, 42.84], [-94.83999999999999, 42.84], [-94.84, 42.84], [-94.91999999999999, 42.84], [-94.92, 42.84], [-95.0, 42.84], [-95.08, 42.84], [-95.08000000000001, 42.84], [-95.16, 42.84], [-95.16000000000001, 42.84], [-95.24, 42.84], [-95.24000000000001, 42.84], [-95.32, 42.84], [-95.32000000000001, 42.84], [-95.39999999999999, 42.84], [-95.4, 42.84], [-95.47999999999999, 42.84], [-95.48, 42.84], [-95.55999999999999, 42.84], [-95.56, 42.84], [-95.64, 42.84], [-95.72, 42.84], [-95.72000000000001, 42.84], [-95.8, 42.84], [-95.80000000000001, 42.84], [-95.88, 42.84], [-95.88000000000001, 42.84], [-95.96, 42.84], [-95.96000000000001, 42.84], [-96.03999999999999, 42.84], [-96.04, 42.84], [-96.11999999999999, 42.84], [-96.12, 42.84], [-96.19999999999999, 42.84], [-96.2, 42.84], [-96.27999999999999, 42.84], [-96.28, 42.84], [-96.36, 42.84], [-96.44, 42.84], [-96.44000000000001, 42.84], [-96.52, 42.84], [-96.52000000000001, 42.84], [-96.6, 42.84], [-96.60000000000001, 42.84], [-96.67999999999999, 42.84], [-96.68, 42.84], [-96.75999999999999, 42.84], [-96.76, 42.84], [-96.83999999999999, 42.84], [-96.84, 42.84], [-96.91999999999999, 42.84], [-96.92, 42.84], [-97.0, 42.84], [-97.08, 42.84], [-97.08000000000001, 42.84], [-97.16, 42.84], [-97.16000000000001, 42.84], [-97.24, 42.84], [-97.24000000000001, 42.84], [-97.32, 42.84], [-97.32000000000001, 42.84], [-97.39999999999999, 42.84], [-97.4, 42.84], [-97.47999999999999, 42.84], [-97.48, 42.84], [-97.55999999999999, 42.84], [-97.56, 42.84], [-97.64, 42.84], [-97.72, 42.84], [-97.72000000000001, 42.84], [-97.8, 42.84], [-97.80000000000001, 42.84], [-97.88, 42.84], [-97.88000000000001, 42.84], [-97.96, 42.84], [-97.96000000000001, 42.84], [-98.03999999999999, 42.84], [-98.04, 42.84], [-98.11999999999999, 42.84], [-98.12, 42.84], [-98.19999999999999, 42.84], [-98.2, 42.84], [-98.27999999999999, 42.84], [-98.28, 42.84], [-98.36, 42.84], [-98.44, 42.84], [-98.44000000000001, 42.84], [-98.52, 42.84], [-98.52000000000001, 42.84], [-98.6, 42.84], [-98.60000000000001, 42.84], [-98.67999999999999, 42.84], [-98.68, 42.84], [-98.75999999999999, 42.84], [-98.76, 42.84], [-98.83999999999999, 42.84], [-98.84, 42.84], [-98.91999999999999, 42.84], [-98.92, 42.84], [-99.0, 42.84], [-99.08, 42.84], [-99.08000000000001, 42.84], [-99.16, 42.84], [-99.16000000000001, 42.84], [-99.24, 42.84], [-99.24000000000001, 42.84], [-99.32, 42.84], [-99.32000000000001, 42.84], [-99.39999999999999, 42.84], [-99.4, 42.84], [-99.47999999999999, 42.84], [-99.48, 42.84], [-99.55999999999999, 42.84], [-99.56, 42.84], [-99.64, 42.84], [-99.72, 42.84], [-99.72000000000001, 42.84], [-99.8, 42.84], [-99.80000000000001, 42.84], [-99.88, 42.84], [-99.88000000000001, 42.84], [-99.96, 42.84], [-99.96000000000001, 42.84], [-100.03999999999999, 42.84], [-100.04, 42.84], [-100.11999999999999, 42.84], [-100.12, 42.84], [-100.19999999999999, 42.84], [-100.2, 42.84], [-100.27999999999999, 42.84], [-100.28, 42.84], [-100.36, 42.84], [-100.44, 42.84], [-100.44000000000001, 42.84], [-100.52, 42.84], [-100.52000000000001, 42.84], [-100.6, 42.84], [-100.60000000000001, 42.84], [-100.67999999999999, 42.84], [-100.68, 42.84], [-100.75999999999999, 42.84], [-100.76, 42.84], [-100.83999999999999, 42.84], [-100.84, 42.84], [-100.91999999999999, 42.84], [-100.92, 42.84], [-101.0, 42.84], [-101.08, 42.84], [-101.08000000000001, 42.84], [-101.16, 42.84], [-101.16000000000001, 42.84], [-101.24, 42.84], [-101.24000000000001, 42.84], [-101.32, 42.84], [-101.32000000000001, 42.84], [-101.39999999999999, 42.84], [-101.4, 42.84], [-101.47999999999999, 42.84], [-101.48, 42.84], [-101.55999999999999, 42.84], [-101.56, 42.84], [-101.64, 42.84], [-101.72, 42.84], [-101.72000000000001, 42.84], [-101.8, 42.84], [-101.80000000000001, 42.84], [-101.88, 42.84], [-101.88000000000001, 42.84], [-101.96, 42.84], [-101.96000000000001, 42.84], [-102.03999999999999, 42.84], [-102.04, 42.84], [-102.11999999999999, 42.84], [-102.12, 42.84], [-102.19999999999999, 42.84], [-102.2, 42.84], [-102.27999999999999, 42.84], [-102.28, 42.84], [-102.36, 42.84], [-102.44, 42.84], [-102.44000000000001, 42.84], [-102.52, 42.84], [-102.52000000000001, 42.84], [-102.6, 42.84], [-102.60000000000001, 42.84], [-102.67999999999999, 42.84], [-102.68, 42.84], [-102.75999999999999, 42.84], [-102.76, 42.84], [-102.83999999999999, 42.84], [-102.84, 42.84], [-102.91999999999999, 42.84], [-102.92, 42.84], [-103.0, 42.84], [-103.0, 42.92]]], [[[-103.0, 43.4], [-103.0, 43.48], [-102.92, 43.48], [-102.91999999999999, 43.48], [-102.84, 43.48], [-102.83999999999999, 43.48], [-102.76, 43.48], [-102.75999999999999, 43.48], [-102.68, 43.48], [-102.67999999999999, 43.48], [-102.60000000000001, 43.48], [-102.6, 43.48], [-102.52000000000001, 43.48], [-102.52, 43.48], [-102.44000000000001, 43.48], [-102.44, 43.48], [-102.36, 43.48], [-102.28, 43.48], [-102.27999999999999, 43.48], [-102.2, 43.48], [-102.19999999999999, 43.48], [-102.12, 43.48], [-102.11999999999999, 43.48], [-102.04, 43.48], [-102.03999999999999, 43.48], [-101.96000000000001, 43.48], [-101.96, 43.48], [-101.88000000000001, 43.48], [-101.88, 43.48], [-101.80000000000001, 43.48], [-101.8, 43.48], [-101.72000000000001, 43.48], [-101.72, 43.48], [-101.64, 43.48], [-101.56, 43.48], [-101.55999999999999, 43.48], [-101.48, 43.48], [-101.47999999999999, 43.48], [-101.4, 43.48], [-101.39999999999999, 43.48], [-101.32000000000001, 43.48], [-101.32, 43.48], [-101.24000000000001, 43.48], [-101.24, 43.48], [-101.16000000000001, 43.48], [-101.16, 43.48], [-101.08000000000001, 43.48], [-101.08, 43.48], [-101.0, 43.48], [-100.92, 43.48], [-100.91999999999999, 43.48], [-100.84, 43.48], [-100.83999999999999, 43.48], [-100.76, 43.48], [-100.75999999999999, 43.48], [-100.68, 43.48], [-100.67999999999999, 43.48], [-100.60000000000001, 43.48], [-100.6, 43.48], [-100.52000000000001, 43.48], [-100.52, 43.48], [-100.44000000000001, 43.48], [-100.44, 43.48], [-100.36, 43.48], [-100.28, 43.48], [-100.27999999999999, 43.48], [-100.2, 43.48], [-100.19999999999999, 43.48], [-100.12, 43.48], [-100.11999999999999, 43.48], [-100.04, 43.48], [-100.03999999999999, 43.48], [-99.96000000000001, 43.48], [-99.96, 43.48], [-99.88000000000001, 43.48], [-99.88, 43.48], [-99.80000000000001, 43.48], [-99.8, 43.48], [-99.72000000000001, 43.48], [-99.72, 43.48], [-99.64, 43.48], [-99.56, 43.48], [-99.55999999999999, 43.48], [-99.48, 43.48], [-99.47999999999999, 43.48], [-99.4, 43.48], [-99.39999999999999, 43.48], [-99.32000000000001, 43.48], [-99.32, 43.48], [-99.24000000000001, 43.48], [-99.24, 43.48], [-99.16000000000001, 43.48], [-99.16, 43.48], [-99.08000000000001, 43.48], [-99.08, 43.48], [-99.0, 43.48], [-98.92, 43.48], [-98.91999999999999, 43.48], [-98.84, 43.48], [-98.83999999999999, 43.48], [-98.76, 43.48], [-98.75999999999999, 43.48], [-98.68, 43.48], [-98.67999999999999, 43.48], [-98.60000000000001, 43.48], [-98.6, 43.48], [-98.52000000000001, 43.48], [-98.52, 43.48], [-98.44000000000001, 43.48], [-98.44, 43.48], [-98.36, 43.48], [-98.28, 43.48], [-98.27999999999999, 43.48], [-98.2, 43.48], [-98.19999999999999, 43.48], [-98.12, 43.48], [-98.11999999999999, 43.48], [-98.04, 43.48], [-98.03999999999999, 43.48], [-97.96000000000001, 43.48], [-97.96, 43.48], [-97.88000000000001, 43.48], [-97.88, 43.48], [-97.80000000000001, 43.48], [-97.8, 43.48], [-97.72000000000001, 43.48], [-97.72, 43.48], [-97.64, 43.48], [-97.56, 43.48], [-97.55999999999999, 43.48], [-97.48, 43.48], [-97.47999999999999, 43.48], [-97.4, 43.48], [-97.39999999999999, 43.48], [-97.32000000000001, 43.48], [-97.32, 43.48], [-97.24000000000001, 43.48], [-97.24, 43.48], [-97.16000000000001, 43.48], [-97.16, 43.48], [-97.08000000000001, 43.48], [-97.08, 43.48], [-97.0, 43.48], [-96.92, 43.48], [-96.91999999999999, 43.48], [-96.84, 43.48], [-96.83999999999999, 43.48], [-96.76, 43.48], [-96.75999999999999, 43.48], [-96.68, 43.48], [-96.67999999999999, 43.48], [-96.60000000000001, 43.48], [-96.6, 43.48], [-96.52000000000001, 43.48], [-96.52, 43.48], [-96.44000000000001, 43.48], [-96.44, 43.48], [-96.36, 43.48], [-96.28, 43.48], [-96.27999999999999, 43.48], [-96.2, 43.48], [-96.19999999999999, 43.48], [-96.12, 43.48], [-96.11999999999999, 43.48], [-96.04, 43.48], [-96.03999999999999, 43.48], [-95.96000000000001, 43.48], [-95.96, 43.48], [-95.88000000000001, 43.48], [-95.88, 43.48], [-95.80000000000001, 43.48], [-95.8, 43.48], [-95.72000000000001, 43.48], [-95.72, 43.48], [-95.64, 43.48], [-95.64, 43.4], [-95.56, 43.4], [-95.55999999999999, 43.4], [-95.47999999999999, 43.4], [-95.47999999999999, 43.32], [-95.4, 43.32], [-95.39999999999999, 43.32], [-95.32000000000001, 43.32], [-95.32, 43.32], [-95.24000000000001, 43.32], [-95.24000000000001, 43.4], [-95.32, 43.4], [-95.32000000000001, 43.4], [-95.4, 43.4], [-95.4, 43.48], [-95.32000000000001, 43.48], [-95.32, 43.48], [-95.24, 43.48], [-95.24, 43.4], [-95.16, 43.4], [-95.16, 43.32], [-95.08000000000001, 43.32], [-95.08000000000001, 43.4], [-95.08000000000001, 43.48], [-95.0, 43.48], [-94.92, 43.48], [-94.91999999999999, 43.48], [-94.84, 43.48], [-94.83999999999999, 43.48], [-94.76, 43.48], [-94.75999999999999, 43.48], [-94.68, 43.48], [-94.67999999999999, 43.48], [-94.60000000000001, 43.48], [-94.6, 43.48], [-94.52000000000001, 43.48], [-94.52, 43.48], [-94.44000000000001, 43.48], [-94.44, 43.48], [-94.36, 43.48], [-94.28, 43.48], [-94.27999999999999, 43.48], [-94.2, 43.48], [-94.19999999999999, 43.48], [-94.12, 43.48], [-94.11999999999999, 43.48], [-94.04, 43.48], [-94.03999999999999, 43.48], [-93.96000000000001, 43.48], [-93.96, 43.48], [-93.88000000000001, 43.48], [-93.88, 43.48], [-93.80000000000001, 43.48], [-93.8, 43.48], [-93.72000000000001, 43.48], [-93.72, 43.48], [-93.64, 43.48], [-93.64, 43.4], [-93.55999999999999, 43.4], [-93.55999999999999, 43.32], [-93.48, 43.32], [-93.47999999999999, 43.32], [-93.4, 43.32], [-93.4, 43.4], [-93.32000000000001, 43.4], [-93.32, 43.4], [-93.24000000000001, 43.4], [-93.24000000000001, 43.48], [-93.16000000000001, 43.48], [-93.16, 43.48], [-93.08, 43.48], [-93.0, 43.48], [-92.99999999999999, 43.48], [-92.92, 43.48], [-92.91999999999999, 43.48], [-92.84, 43.48], [-92.83999999999999, 43.48], [-92.76, 43.48], [-92.75999999999999, 43.48], [-92.68, 43.48], [-92.67999999999999, 43.48], [-92.60000000000001, 43.48], [-92.6, 43.48], [-92.52000000000001, 43.48], [-92.52, 43.48], [-92.44000000000001, 43.48], [-92.44, 43.48], [-92.36, 43.48], [-92.28, 43.48], [-92.27999999999999, 43.48], [-92.2, 43.48], [-92.19999999999999, 43.48], [-92.11999999999999, 43.48], [-92.11999999999999, 43.4], [-92.19999999999999, 43.4], [-92.2, 43.4], [-92.27999999999999, 43.4], [-92.28, 43.4], [-92.36, 43.4], [-92.36, 43.32], [-92.44000000000001, 43.32], [-92.44000000000001, 43.4], [-92.52, 43.4], [-92.52000000000001, 43.4], [-92.6, 43.4], [-92.60000000000001, 43.4], [-92.67999999999999, 43.4], [-92.67999999999999, 43.32], [-92.60000000000001, 43.32], [-92.6, 43.32], [-92.52, 43.32], [-92.52, 43.24], [-92.44, 43.24], [-92.44, 43.160000000000004], [-92.52, 43.160000000000004], [-92.52000000000001, 43.160000000000004], [-92.6, 43.160000000000004], [-92.60000000000001, 43.160000000000004], [-92.67999999999999, 43.160000000000004], [-92.68, 43.160000000000004], [-92.75999999999999, 43.160000000000004], [-92.76, 43.160000000000004], [-92.83999999999999, 43.160000000000004], [-92.84, 43.160000000000004], [-92.91999999999999, 43.160000000000004], [-92.92, 43.160000000000004], [-92.99999999999999, 43.160000000000004], [-93.0, 43.160000000000004], [-93.08, 43.160000000000004], [-93.16, 43.160000000000004], [-93.16000000000001, 43.160000000000004], [-93.24, 43.160000000000004], [-93.24000000000001, 43.160000000000004], [-93.32, 43.160000000000004], [-93.32000000000001, 43.160000000000004], [-93.39999999999999, 43.160000000000004], [-93.4, 43.160000000000004], [-93.47999999999999, 43.160000000000004], [-93.48, 43.160000000000004], [-93.55999999999999, 43.160000000000004], [-93.56, 43.160000000000004], [-93.64, 43.160000000000004], [-93.72, 43.160000000000004], [-93.72000000000001, 43.160000000000004], [-93.8, 43.160000000000004], [-93.80000000000001, 43.160000000000004], [-93.88, 43.160000000000004], [-93.88000000000001, 43.160000000000004], [-93.96, 43.160000000000004], [-93.96000000000001, 43.160000000000004], [-94.03999999999999, 43.160000000000004], [-94.04, 43.160000000000004], [-94.11999999999999, 43.160000000000004], [-94.12, 43.160000000000004], [-94.19999999999999, 43.160000000000004], [-94.2, 43.160000000000004], [-94.27999999999999, 43.160000000000004], [-94.28, 43.160000000000004], [-94.36, 43.160000000000004], [-94.44, 43.160000000000004], [-94.44000000000001, 43.160000000000004], [-94.52, 43.160000000000004], [-94.52000000000001, 43.160000000000004], [-94.6, 43.160000000000004], [-94.60000000000001, 43.160000000000004], [-94.67999999999999, 43.160000000000004], [-94.68, 43.160000000000004], [-94.75999999999999, 43.160000000000004], [-94.76, 43.160000000000004], [-94.83999999999999, 43.160000000000004], [-94.84, 43.160000000000004], [-94.91999999999999, 43.160000000000004], [-94.92, 43.160000000000004], [-95.0, 43.160000000000004], [-95.08, 43.160000000000004], [-95.08000000000001, 43.160000000000004], [-95.16, 43.160000000000004], [-95.16000000000001, 43.160000000000004], [-95.24, 43.160000000000004], [-95.24000000000001, 43.160000000000004], [-95.32, 43.160000000000004], [-95.32000000000001, 43.160000000000004], [-95.39999999999999, 43.160000000000004], [-95.4, 43.160000000000004], [-95.47999999999999, 43.160000000000004], [-95.48, 43.160000000000004], [-95.55999999999999, 43.160000000000004], [-95.56, 43.160000000000004], [-95.64, 43.160000000000004], [-95.72, 43.160000000000004], [-95.72000000000001, 43.160000000000004], [-95.8, 43.160000000000004], [-95.80000000000001, 43.160000000000004], [-95.88, 43.160000000000004], [-95.88000000000001, 43.160000000000004], [-95.96, 43.160000000000004], [-95.96000000000001, 43.160000000000004], [-96.03999999999999, 43.160000000000004], [-96.04, 43.160000000000004], [-96.11999999999999, 43.160000000000004], [-96.12, 43.160000000000004], [-96.19999999999999, 43.160000000000004], [-96.2, 43.160000000000004], [-96.27999999999999, 43.160000000000004], [-96.28, 43.160000000000004], [-96.36, 43.160000000000004], [-96.44, 43.160000000000004], [-96.44000000000001, 43.160000000000004], [-96.52, 43.160000000000004], [-96.52000000000001, 43.160000000000004], [-96.6, 43.160000000000004], [-96.60000000000001, 43.160000000000004], [-96.67999999999999, 43.160000000000004], [-96.68, 43.160000000000004], [-96.75999999999999, 43.160000000000004], [-96.76, 43.160000000000004], [-96.83999999999999, 43.160000000000004], [-96.84, 43.160000000000004], [-96.91999999999999, 43.160000000000004], [-96.92, 43.160000000000004], [-97.0, 43.160000000000004], [-97.08, 43.160000000000004], [-97.08000000000001, 43.160000000000004], [-97.16, 43.160000000000004], [-97.16000000000001, 43.160000000000004], [-97.24, 43.160000000000004], [-97.24000000000001, 43.160000000000004], [-97.32, 43.160000000000004], [-97.32000000000001, 43.160000000000004], [-97.39999999999999, 43.160000000000004], [-97.4, 43.160000000000004], [-97.47999999999999, 43.160000000000004], [-97.48, 43.160000000000004], [-97.55999999999999, 43.160000000000004], [-97.56, 43.160000000000004], [-97.64, 43.160000000000004], [-97.72, 43.160000000000004], [-97.72000000000001, 43.160000000000004], [-97.8, 43.160000000000004], [-97.80000000000001, 43.160000000000004], [-97.88, 43.160000000000004], [-97.88000000000001, 43.160000000000004], [-97.96, 43.160000000000004], [-97.96000000000001, 43.160000000000004], [-98.03999999999999, 43.160000000000004], [-98.04, 43.160000000000004], [-98.11999999999999, 43.160000000000004], [-98.12, 43.160000000000004], [-98.19999999999999, 43.160000000000004], [-98.2, 43.160000000000004], [-98.27999999999999, 43.160000000000004], [-98.28, 43.160000000000004], [-98.36, 43.160000000000004], [-98.44, 43.160000000000004], [-98.44000000000001, 43.160000000000004], [-98.52, 43.160000000000004], [-98.52000000000001, 43.160000000000004], [-98.6, 43.160000000000004], [-98.60000000000001, 43.160000000000004], [-98.67999999999999, 43.160000000000004], [-98.68, 43.160000000000004], [-98.75999999999999, 43.160000000000004], [-98.76, 43.160000000000004], [-98.83999999999999, 43.160000000000004], [-98.84, 43.160000000000004], [-98.91999999999999, 43.160000000000004], [-98.92, 43.160000000000004], [-99.0, 43.160000000000004], [-99.08, 43.160000000000004], [-99.08000000000001, 43.160000000000004], [-99.16, 43.160000000000004], [-99.16000000000001, 43.160000000000004], [-99.24, 43.160000000000004], [-99.24000000000001, 43.160000000000004], [-99.32, 43.160000000000004], [-99.32000000000001, 43.160000000000004], [-99.39999999999999, 43.160000000000004], [-99.4, 43.160000000000004], [-99.47999999999999, 43.160000000000004], [-99.48, 43.160000000000004], [-99.55999999999999, 43.160000000000004], [-99.56, 43.160000000000004], [-99.64, 43.160000000000004], [-99.72, 43.160000000000004], [-99.72000000000001, 43.160000000000004], [-99.8, 43.160000000000004], [-99.80000000000001, 43.160000000000004], [-99.88, 43.160000000000004], [-99.88000000000001, 43.160000000000004], [-99.96, 43.160000000000004], [-99.96000000000001, 43.160000000000004], [-100.03999999999999, 43.160000000000004], [-100.04, 43.160000000000004], [-100.11999999999999, 43.160000000000004], [-100.12, 43.160000000000004], [-100.19999999999999, 43.160000000000004], [-100.2, 43.160000000000004], [-100.27999999999999, 43.160000000000004], [-100.28, 43.160000000000004], [-100.36, 43.160000000000004], [-100.44, 43.160000000000004], [-100.44000000000001, 43.160000000000004], [-100.52, 43.160000000000004], [-100.52000000000001, 43.160000000000004], [-100.6, 43.160000000000004], [-100.60000000000001, 43.160000000000004], [-100.67999999999999, 43.160000000000004], [-100.68, 43.160000000000004], [-100.75999999999999, 43.160000000000004], [-100.76, 43.160000000000004], [-100.83999999999999, 43.160000000000004], [-100.84, 43.160000000000004], [-100.91999999999999, 43.160000000000004], [-100.92, 43.160000000000004], [-101.0, 43.160000000000004], [-101.08, 43.160000000000004], [-101.08000000000001, 43.160000000000004], [-101.16, 43.160000000000004], [-101.16000000000001, 43.160000000000004], [-101.24, 43.160000000000004], [-101.24000000000001, 43.160000000000004], [-101.32, 43.160000000000004], [-101.32000000000001, 43.160000000000004], [-101.39999999999999, 43.160000000000004], [-101.4, 43.160000000000004], [-101.47999999999999, 43.160000000000004], [-101.48, 43.160000000000004], [-101.55999999999999, 43.160000000000004], [-101.56, 43.160000000000004], [-101.64, 43.160000000000004], [-101.72, 43.160000000000004], [-101.72000000000001, 43.160000000000004], [-101.8, 43.160000000000004], [-101.80000000000001, 43.160000000000004], [-101.88, 43.160000000000004], [-101.88000000000001, 43.160000000000004], [-101.96, 43.160000000000004], [-101.96000000000001, 43.160000000000004], [-102.03999999999999, 43.160000000000004], [-102.04, 43.160000000000004], [-102.11999999999999, 43.160000000000004], [-102.12, 43.160000000000004], [-102.19999999999999, 43.160000000000004], [-102.2, 43.160000000000004], [-102.27999999999999, 43.160000000000004], [-102.28, 43.160000000000004], [-102.36, 43.160000000000004], [-102.44, 43.160000000000004], [-102.44000000000001, 43.160000000000004], [-102.52, 43.160000000000004], [-102.52000000000001, 43.160000000000004], [-102.6, 43.160000000000004], [-102.60000000000001, 43.160000000000004], [-102.67999999999999, 43.160000000000004], [-102.68, 43.160000000000004], [-102.75999999999999, 43.160000000000004], [-102.76, 43.160000000000004], [-102.83999999999999, 43.160000000000004], [-102.84, 43.160000000000004], [-102.91999999999999, 43.160000000000004], [-102.92, 43.160000000000004], [-103.0, 43.160000000000004], [-103.0, 43.24], [-103.0, 43.32], [-103.0, 43.4]]], [[[-102.92, 43.8], [-102.91999999999999, 43.8], [-102.84, 43.8], [-102.83999999999999, 43.8], [-102.76, 43.8], [-102.75999999999999, 43.8], [-102.68, 43.8], [-102.67999999999999, 43.8], [-102.60000000000001, 43.8], [-102.6, 43.8], [-102.52000000000001, 43.8], [-102.52, 43.8], [-102.44000000000001, 43.8], [-102.44, 43.8], [-102.36, 43.8], [-102.28, 43.8], [-102.27999999999999, 43.8], [-102.2, 43.8], [-102.19999999999999, 43.8], [-102.12, 43.8], [-102.11999999999999, 43.8], [-102.04, 43.8], [-102.03999999999999, 43.8], [-101.96000000000001, 43.8], [-101.96, 43.8], [-101.88000000000001, 43.8], [-101.88, 43.8], [-101.80000000000001, 43.8], [-101.8, 43.8], [-101.72000000000001, 43.8], [-101.72, 43.8], [-101.64, 43.8], [-101.56, 43.8], [-101.55999999999999, 43.8], [-101.48, 43.8], [-101.47999999999999, 43.8], [-101.4, 43.8], [-101.39999999999999, 43.8], [-101.32000000000001, 43.8], [-101.32, 43.8], [-101.24000000000001, 43.8], [-101.24, 43.8], [-101.16000000000001, 43.8], [-101.16, 43.8], [-101.08000000000001, 43.8], [-101.08, 43.8], [-101.0, 43.8], [-100.92, 43.8], [-100.91999999999999, 43.8], [-100.84, 43.8], [-100.83999999999999, 43.8], [-100.76, 43.8], [-100.75999999999999, 43.8], [-100.68, 43.8], [-100.67999999999999, 43.8], [-100.60000000000001, 43.8], [-100.6, 43.8], [-100.52000000000001, 43.8], [-100.52, 43.8], [-100.44000000000001, 43.8], [-100.44, 43.8], [-100.36, 43.8], [-100.28, 43.8], [-100.27999999999999, 43.8], [-100.2, 43.8], [-100.19999999999999, 43.8], [-100.12, 43.8], [-100.11999999999999, 43.8], [-100.04, 43.8], [-100.03999999999999, 43.8], [-99.96000000000001, 43.8], [-99.96, 43.8], [-99.88000000000001, 43.8], [-99.88, 43.8], [-99.80000000000001, 43.8], [-99.8, 43.8], [-99.72000000000001, 43.8], [-99.72, 43.8], [-99.64, 43.8], [-99.56, 43.8], [-99.55999999999999, 43.8], [-99.48, 43.8], [-99.47999999999999, 43.8], [-99.4, 43.8], [-99.39999999999999, 43.8], [-99.32000000000001, 43.8], [-99.32, 43.8], [-99.24000000000001, 43.8], [-99.24, 43.8], [-99.16000000000001, 43.8], [-99.16, 43.8], [-99.08000000000001, 43.8], [-99.08, 43.8], [-99.0, 43.8], [-98.92, 43.8], [-98.91999999999999, 43.8], [-98.84, 43.8], [-98.83999999999999, 43.8], [-98.76, 43.8], [-98.75999999999999, 43.8], [-98.68, 43.8], [-98.67999999999999, 43.8], [-98.60000000000001, 43.8], [-98.6, 43.8], [-98.52000000000001, 43.8], [-98.52, 43.8], [-98.44000000000001, 43.8], [-98.44, 43.8], [-98.36, 43.8], [-98.28, 43.8], [-98.27999999999999, 43.8], [-98.2, 43.8], [-98.19999999999999, 43.8], [-98.12, 43.8], [-98.11999999999999, 43.8], [-98.04, 43.8], [-98.03999999999999, 43.8], [-97.96000000000001, 43.8], [-97.96, 43.8], [-97.88000000000001, 43.8], [-97.88, 43.8], [-97.80000000000001, 43.8], [-97.8, 43.8], [-97.72000000000001, 43.8], [-97.72, 43.8], [-97.64, 43.8], [-97.56, 43.8], [-97.55999999999999, 43.8], [-97.48, 43.8], [-97.47999999999999, 43.8], [-97.4, 43.8], [-97.39999999999999, 43.8], [-97.32000000000001, 43.8], [-97.32, 43.8], [-97.24000000000001, 43.8], [-97.24, 43.8], [-97.16000000000001, 43.8], [-97.16, 43.8], [-97.08000000000001, 43.8], [-97.08, 43.8], [-97.0, 43.8], [-96.91999999999999, 43.8], [-96.91999999999999, 43.72], [-96.83999999999999, 43.72], [-96.83999999999999, 43.64], [-96.76, 43.64], [-96.76, 43.72], [-96.68, 43.72], [-96.67999999999999, 43.72], [-96.60000000000001, 43.72], [-96.6, 43.72], [-96.52000000000001, 43.72], [-96.52000000000001, 43.8], [-96.44000000000001, 43.8], [-96.44, 43.8], [-96.36, 43.8], [-96.28, 43.8], [-96.27999999999999, 43.8], [-96.2, 43.8], [-96.19999999999999, 43.8], [-96.12, 43.8], [-96.11999999999999, 43.8], [-96.04, 43.8], [-96.03999999999999, 43.8], [-95.96000000000001, 43.8], [-95.96, 43.8], [-95.88000000000001, 43.8], [-95.88, 43.8], [-95.80000000000001, 43.8], [-95.8, 43.8], [-95.72000000000001, 43.8], [-95.72, 43.8], [-95.64, 43.8], [-95.64, 43.72], [-95.72, 43.72], [-95.72, 43.64], [-95.72, 43.56], [-95.72, 43.480000000000004], [-95.8, 43.480000000000004], [-95.80000000000001, 43.480000000000004], [-95.88, 43.480000000000004], [-95.88000000000001, 43.480000000000004], [-95.96, 43.480000000000004], [-95.96000000000001, 43.480000000000004], [-96.03999999999999, 43.480000000000004], [-96.04, 43.480000000000004], [-96.11999999999999, 43.480000000000004], [-96.12, 43.480000000000004], [-96.19999999999999, 43.480000000000004], [-96.2, 43.480000000000004], [-96.27999999999999, 43.480000000000004], [-96.28, 43.480000000000004], [-96.36, 43.480000000000004], [-96.44, 43.480000000000004], [-96.44000000000001, 43.480000000000004], [-96.52, 43.480000000000004], [-96.52000000000001, 43.480000000000004], [-96.6, 43.480000000000004], [-96.60000000000001, 43.480000000000004], [-96.67999999999999, 43.480000000000004], [-96.68, 43.480000000000004], [-96.75999999999999, 43.480000000000004], [-96.76, 43.480000000000004], [-96.83999999999999, 43.480000000000004], [-96.84, 43.480000000000004], [-96.91999999999999, 43.480000000000004], [-96.92, 43.480000000000004], [-97.0, 43.480000000000004], [-97.08, 43.480000000000004], [-97.08000000000001, 43.480000000000004], [-97.16, 43.480000000000004], [-97.16000000000001, 43.480000000000004], [-97.24, 43.480000000000004], [-97.24000000000001, 43.480000000000004], [-97.32, 43.480000000000004], [-97.32000000000001, 43.480000000000004], [-97.39999999999999, 43.480000000000004], [-97.4, 43.480000000000004], [-97.47999999999999, 43.480000000000004], [-97.48, 43.480000000000004], [-97.55999999999999, 43.480000000000004], [-97.56, 43.480000000000004], [-97.64, 43.480000000000004], [-97.72, 43.480000000000004], [-97.72000000000001, 43.480000000000004], [-97.8, 43.480000000000004], [-97.80000000000001, 43.480000000000004], [-97.88, 43.480000000000004], [-97.88000000000001, 43.480000000000004], [-97.96, 43.480000000000004], [-97.96000000000001, 43.480000000000004], [-98.03999999999999, 43.480000000000004], [-98.04, 43.480000000000004], [-98.11999999999999, 43.480000000000004], [-98.12, 43.480000000000004], [-98.19999999999999, 43.480000000000004], [-98.2, 43.480000000000004], [-98.27999999999999, 43.480000000000004], [-98.28, 43.480000000000004], [-98.36, 43.480000000000004], [-98.44, 43.480000000000004], [-98.44000000000001, 43.480000000000004], [-98.52, 43.480000000000004], [-98.52000000000001, 43.480000000000004], [-98.6, 43.480000000000004], [-98.60000000000001, 43.480000000000004], [-98.67999999999999, 43.480000000000004], [-98.68, 43.480000000000004], [-98.75999999999999, 43.480000000000004], [-98.76, 43.480000000000004], [-98.83999999999999, 43.480000000000004], [-98.84, 43.480000000000004], [-98.91999999999999, 43.480000000000004], [-98.92, 43.480000000000004], [-99.0, 43.480000000000004], [-99.08, 43.480000000000004], [-99.08000000000001, 43.480000000000004], [-99.16, 43.480000000000004], [-99.16000000000001, 43.480000000000004], [-99.24, 43.480000000000004], [-99.24000000000001, 43.480000000000004], [-99.32, 43.480000000000004], [-99.32000000000001, 43.480000000000004], [-99.39999999999999, 43.480000000000004], [-99.4, 43.480000000000004], [-99.47999999999999, 43.480000000000004], [-99.48, 43.480000000000004], [-99.55999999999999, 43.480000000000004], [-99.56, 43.480000000000004], [-99.64, 43.480000000000004], [-99.72, 43.480000000000004], [-99.72000000000001, 43.480000000000004], [-99.8, 43.480000000000004], [-99.80000000000001, 43.480000000000004], [-99.88, 43.480000000000004], [-99.88000000000001, 43.480000000000004], [-99.96, 43.480000000000004], [-99.96000000000001, 43.480000000000004], [-100.03999999999999, 43.480000000000004], [-100.04, 43.480000000000004], [-100.11999999999999, 43.480000000000004], [-100.12, 43.480000000000004], [-100.19999999999999, 43.480000000000004], [-100.2, 43.480000000000004], [-100.27999999999999, 43.480000000000004], [-100.28, 43.480000000000004], [-100.36, 43.480000000000004], [-100.44, 43.480000000000004], [-100.44000000000001, 43.480000000000004], [-100.52, 43.480000000000004], [-100.52000000000001, 43.480000000000004], [-100.6, 43.480000000000004], [-100.60000000000001, 43.480000000000004], [-100.67999999999999, 43.480000000000004], [-100.68, 43.480000000000004], [-100.75999999999999, 43.480000000000004], [-100.76, 43.480000000000004], [-100.83999999999999, 43.480000000000004], [-100.84, 43.480000000000004], [-100.91999999999999, 43.480000000000004], [-100.92, 43.480000000000004], [-101.0, 43.480000000000004], [-101.08, 43.480000000000004], [-101.08000000000001, 43.480000000000004], [-101.16, 43.480000000000004], [-101.16000000000001, 43.480000000000004], [-101.24, 43.480000000000004], [-101.24000000000001, 43.480000000000004], [-101.32, 43.480000000000004], [-101.32000000000001, 43.480000000000004], [-101.39999999999999, 43.480000000000004], [-101.4, 43.480000000000004], [-101.47999999999999, 43.480000000000004], [-101.48, 43.480000000000004], [-101.55999999999999, 43.480000000000004], [-101.56, 43.480000000000004], [-101.64, 43.480000000000004], [-101.72, 43.480000000000004], [-101.72000000000001, 43.480000000000004], [-101.8, 43.480000000000004], [-101.80000000000001, 43.480000000000004], [-101.88, 43.480000000000004], [-101.88000000000001, 43.480000000000004], [-101.96, 43.480000000000004], [-101.96000000000001, 43.480000000000004], [-102.03999999999999, 43.480000000000004], [-102.04, 43.480000000000004], [-102.11999999999999, 43.480000000000004], [-102.12, 43.480000000000004], [-102.19999999999999, 43.480000000000004], [-102.2, 43.480000000000004], [-102.27999999999999, 43.480000000000004], [-102.28, 43.480000000000004], [-102.36, 43.480000000000004], [-102.44, 43.480000000000004], [-102.44000000000001, 43.480000000000004], [-102.52, 43.480000000000004], [-102.52000000000001, 43.480000000000004], [-102.6, 43.480000000000004], [-102.60000000000001, 43.480000000000004], [-102.67999999999999, 43.480000000000004], [-102.68, 43.480000000000004], [-102.75999999999999, 43.480000000000004], [-102.76, 43.480000000000004], [-102.83999999999999, 43.480000000000004], [-102.84, 43.480000000000004], [-102.91999999999999, 43.480000000000004], [-102.92, 43.480000000000004], [-103.0, 43.480000000000004], [-103.0, 43.56], [-103.0, 43.64], [-103.0, 43.72], [-103.0, 43.8], [-102.92, 43.8]]], [[[-102.84, 43.800000000000004], [-102.91999999999999, 43.800000000000004], [-102.92, 43.800000000000004], [-103.0, 43.800000000000004], [-103.0, 43.88], [-103.0, 43.96], [-103.0, 44.04], [-103.0, 44.12], [-103.0, 44.199999999999996], [-102.92, 44.199999999999996], [-102.91999999999999, 44.199999999999996], [-102.84, 44.199999999999996], [-102.83999999999999, 44.199999999999996], [-102.76, 44.199999999999996], [-102.75999999999999, 44.199999999999996], [-102.68, 44.199999999999996], [-102.67999999999999, 44.199999999999996], [-102.60000000000001, 44.199999999999996], [-102.6, 44.199999999999996], [-102.52000000000001, 44.199999999999996], [-102.52, 44.199999999999996], [-102.44000000000001, 44.199999999999996], [-102.44, 44.199999999999996], [-102.36, 44.199999999999996], [-102.28, 44.199999999999996], [-102.27999999999999, 44.199999999999996], [-102.2, 44.199999999999996], [-102.19999999999999, 44.199999999999996], [-102.12, 44.199999999999996], [-102.11999999999999, 44.199999999999996], [-102.04, 44.199999999999996], [-102.03999999999999, 44.199999999999996], [-101.96000000000001, 44.199999999999996], [-101.96, 44.199999999999996], [-101.88000000000001, 44.199999999999996], [-101.88, 44.199999999999996], [-101.80000000000001, 44.199999999999996], [-101.8, 44.199999999999996], [-101.72000000000001, 44.199999999999996], [-101.72, 44.199999999999996], [-101.64, 44.199999999999996], [-101.56, 44.199999999999996], [-101.55999999999999, 44.199999999999996], [-101.48, 44.199999999999996], [-101.47999999999999, 44.199999999999996], [-101.4, 44.199999999999996], [-101.39999999999999, 44.199999999999996], [-101.32000000000001, 44.199999999999996], [-101.32, 44.199999999999996], [-101.24000000000001, 44.199999999999996], [-101.24, 44.199999999999996], [-101.16000000000001, 44.199999999999996], [-101.16, 44.199999999999996], [-101.08000000000001, 44.199999999999996], [-101.08, 44.199999999999996], [-101.0, 44.199999999999996], [-100.92, 44.199999999999996], [-100.91999999999999, 44.199999999999996], [-100.84, 44.199999999999996], [-100.83999999999999, 44.199999999999996], [-100.76, 44.199999999999996], [-100.75999999999999, 44.199999999999996], [-100.68, 44.199999999999996], [-100.67999999999999, 44.199999999999996], [-100.60000000000001, 44.199999999999996], [-100.6, 44.199999999999996], [-100.52000000000001, 44.199999999999996], [-100.52, 44.199999999999996], [-100.44000000000001, 44.199999999999996], [-100.44, 44.199999999999996], [-100.36, 44.199999999999996], [-100.28, 44.199999999999996], [-100.27999999999999, 44.199999999999996], [-100.2, 44.199999999999996], [-100.19999999999999, 44.199999999999996], [-100.12, 44.199999999999996], [-100.11999999999999, 44.199999999999996], [-100.04, 44.199999999999996], [-100.03999999999999, 44.199999999999996], [-99.96000000000001, 44.199999999999996], [-99.96, 44.199999999999996], [-99.88000000000001, 44.199999999999996], [-99.88, 44.199999999999996], [-99.80000000000001, 44.199999999999996], [-99.8, 44.199999999999996], [-99.72000000000001, 44.199999999999996], [-99.72, 44.199999999999996], [-99.64, 44.199999999999996], [-99.56, 44.199999999999996], [-99.55999999999999, 44.199999999999996], [-99.48, 44.199999999999996], [-99.47999999999999, 44.199999999999996], [-99.4, 44.199999999999996], [-99.39999999999999, 44.199999999999996], [-99.32000000000001, 44.199999999999996], [-99.32, 44.199999999999996], [-99.24000000000001, 44.199999999999996], [-99.24, 44.199999999999996], [-99.16000000000001, 44.199999999999996], [-99.16, 44.199999999999996], [-99.08000000000001, 44.199999999999996], [-99.08, 44.199999999999996], [-99.0, 44.199999999999996], [-98.92, 44.199999999999996], [-98.91999999999999, 44.199999999999996], [-98.84, 44.199999999999996], [-98.83999999999999, 44.199999999999996], [-98.76, 44.199999999999996], [-98.75999999999999, 44.199999999999996], [-98.68, 44.199999999999996], [-98.67999999999999, 44.199999999999996], [-98.60000000000001, 44.199999999999996], [-98.6, 44.199999999999996], [-98.52000000000001, 44.199999999999996], [-98.52, 44.199999999999996], [-98.44000000000001, 44.199999999999996], [-98.44, 44.199999999999996], [-98.36, 44.199999999999996], [-98.28, 44.199999999999996], [-98.27999999999999, 44.199999999999996], [-98.2, 44.199999999999996], [-98.19999999999999, 44.199999999999996], [-98.12, 44.199999999999996], [-98.11999999999999, 44.199999999999996], [-98.04, 44.199999999999996], [-98.03999999999999, 44.199999999999996], [-97.96000000000001, 44.199999999999996], [-97.96, 44.199999999999996], [-97.88000000000001, 44.199999999999996], [-97.88, 44.199999999999996], [-97.80000000000001, 44.199999999999996], [-97.8, 44.199999999999996], [-97.72000000000001, 44.199999999999996], [-97.72, 44.199999999999996], [-97.64, 44.199999999999996], [-97.64, 44.12], [-97.56, 44.12], [-97.55999999999999, 44.12], [-97.47999999999999, 44.12], [-97.47999999999999, 44.04], [-97.4, 44.04], [-97.39999999999999, 44.04], [-97.32, 44.04], [-97.32, 43.96], [-97.24, 43.96], [-97.24, 43.88], [-97.16000000000001, 43.88], [-97.16, 43.88], [-97.08, 43.88], [-97.08, 43.800000000000004], [-97.16, 43.800000000000004], [-97.16000000000001, 43.800000000000004], [-97.24, 43.800000000000004], [-97.24000000000001, 43.800000000000004], [-97.32, 43.800000000000004], [-97.32000000000001, 43.800000000000004], [-97.39999999999999, 43.800000000000004], [-97.4, 43.800000000000004], [-97.47999999999999, 43.800000000000004], [-97.48, 43.800000000000004], [-97.55999999999999, 43.800000000000004], [-97.56, 43.800000000000004], [-97.64, 43.800000000000004], [-97.72, 43.800000000000004], [-97.72000000000001, 43.800000000000004], [-97.8, 43.800000000000004], [-97.80000000000001, 43.800000000000004], [-97.88, 43.800000000000004], [-97.88000000000001, 43.800000000000004], [-97.96, 43.800000000000004], [-97.96000000000001, 43.800000000000004], [-98.03999999999999, 43.800000000000004], [-98.04, 43.800000000000004], [-98.11999999999999, 43.800000000000004], [-98.12, 43.800000000000004], [-98.19999999999999, 43.800000000000004], [-98.2, 43.800000000000004], [-98.27999999999999, 43.800000000000004], [-98.28, 43.800000000000004], [-98.36, 43.800000000000004], [-98.44, 43.800000000000004], [-98.44000000000001, 43.800000000000004], [-98.52, 43.800000000000004], [-98.52000000000001, 43.800000000000004], [-98.6, 43.800000000000004], [-98.60000000000001, 43.800000000000004], [-98.67999999999999, 43.800000000000004], [-98.68, 43.800000000000004], [-98.75999999999999, 43.800000000000004], [-98.76, 43.800000000000004], [-98.83999999999999, 43.800000000000004], [-98.84, 43.800000000000004], [-98.91999999999999, 43.800000000000004], [-98.92, 43.800000000000004], [-99.0, 43.800000000000004], [-99.08, 43.800000000000004], [-99.08000000000001, 43.800000000000004], [-99.16, 43.800000000000004], [-99.16000000000001, 43.800000000000004], [-99.24, 43.800000000000004], [-99.24000000000001, 43.800000000000004], [-99.32, 43.800000000000004], [-99.32000000000001, 43.800000000000004], [-99.39999999999999, 43.800000000000004], [-99.4, 43.800000000000004], [-99.47999999999999, 43.800000000000004], [-99.48, 43.800000000000004], [-99.55999999999999, 43.800000000000004], [-99.56, 43.800000000000004], [-99.64, 43.800000000000004], [-99.72, 43.800000000000004], [-99.72000000000001, 43.800000000000004], [-99.8, 43.800000000000004], [-99.80000000000001, 43.800000000000004], [-99.88, 43.800000000000004], [-99.88000000000001, 43.800000000000004], [-99.96, 43.800000000000004], [-99.96000000000001, 43.800000000000004], [-100.03999999999999, 43.800000000000004], [-100.04, 43.800000000000004], [-100.11999999999999, 43.800000000000004], [-100.12, 43.800000000000004], [-100.19999999999999, 43.800000000000004], [-100.2, 43.800000000000004], [-100.27999999999999, 43.800000000000004], [-100.28, 43.800000000000004], [-100.36, 43.800000000000004], [-100.44, 43.800000000000004], [-100.44000000000001, 43.800000000000004], [-100.52, 43.800000000000004], [-100.52000000000001, 43.800000000000004], [-100.6, 43.800000000000004], [-100.60000000000001, 43.800000000000004], [-100.67999999999999, 43.800000000000004], [-100.68, 43.800000000000004], [-100.75999999999999, 43.800000000000004], [-100.76, 43.800000000000004], [-100.83999999999999, 43.800000000000004], [-100.84, 43.800000000000004], [-100.91999999999999, 43.800000000000004], [-100.92, 43.800000000000004], [-101.0, 43.800000000000004], [-101.08, 43.800000000000004], [-101.08000000000001, 43.800000000000004], [-101.16, 43.800000000000004], [-101.16000000000001, 43.800000000000004], [-101.24, 43.800000000000004], [-101.24000000000001, 43.800000000000004], [-101.32, 43.800000000000004], [-101.32000000000001, 43.800000000000004], [-101.39999999999999, 43.800000000000004], [-101.4, 43.800000000000004], [-101.47999999999999, 43.800000000000004], [-101.48, 43.800000000000004], [-101.55999999999999, 43.800000000000004], [-101.56, 43.800000000000004], [-101.64, 43.800000000000004], [-101.72, 43.800000000000004], [-101.72000000000001, 43.800000000000004], [-101.8, 43.800000000000004], [-101.80000000000001, 43.800000000000004], [-101.88, 43.800000000000004], [-101.88000000000001, 43.800000000000004], [-101.96, 43.800000000000004], [-101.96000000000001, 43.800000000000004], [-102.03999999999999, 43.800000000000004], [-102.04, 43.800000000000004], [-102.11999999999999, 43.800000000000004], [-102.12, 43.800000000000004], [-102.19999999999999, 43.800000000000004], [-102.2, 43.800000000000004], [-102.27999999999999, 43.800000000000004], [-102.28, 43.800000000000004], [-102.36, 43.800000000000004], [-102.44, 43.800000000000004], [-102.44000000000001, 43.800000000000004], [-102.52, 43.800000000000004], [-102.52000000000001, 43.800000000000004], [-102.6, 43.800000000000004], [-102.60000000000001, 43.800000000000004], [-102.67999999999999, 43.800000000000004], [-102.68, 43.800000000000004], [-102.75999999999999, 43.800000000000004], [-102.76, 43.800000000000004], [-102.83999999999999, 43.800000000000004], [-102.84, 43.800000000000004]]], [[[-103.0, 44.519999999999996], [-102.92, 44.519999999999996], [-102.91999999999999, 44.519999999999996], [-102.84, 44.519999999999996], [-102.83999999999999, 44.519999999999996], [-102.76, 44.519999999999996], [-102.75999999999999, 44.519999999999996], [-102.68, 44.519999999999996], [-102.67999999999999, 44.519999999999996], [-102.60000000000001, 44.519999999999996], [-102.6, 44.519999999999996], [-102.52000000000001, 44.519999999999996], [-102.52, 44.519999999999996], [-102.44000000000001, 44.519999999999996], [-102.44, 44.519999999999996], [-102.36, 44.519999999999996], [-102.28, 44.519999999999996], [-102.27999999999999, 44.519999999999996], [-102.2, 44.519999999999996], [-102.19999999999999, 44.519999999999996], [-102.12, 44.519999999999996], [-102.11999999999999, 44.519999999999996], [-102.04, 44.519999999999996], [-102.03999999999999, 44.519999999999996], [-101.96000000000001, 44.519999999999996], [-101.96, 44.519999999999996], [-101.88000000000001, 44.519999999999996], [-101.88, 44.519999999999996], [-101.80000000000001, 44.519999999999996], [-101.8, 44.519999999999996], [-101.72000000000001, 44.519999999999996], [-101.72, 44.519999999999996], [-101.64, 44.519999999999996], [-101.56, 44.519999999999996], [-101.55999999999999, 44.519999999999996], [-101.48, 44.519999999999996], [-101.47999999999999, 44.519999999999996], [-101.4, 44.519999999999996], [-101.39999999999999, 44.519999999999996], [-101.32000000000001, 44.519999999999996], [-101.32, 44.519999999999996], [-101.24000000000001, 44.519999999999996], [-101.24, 44.519999999999996], [-101.16000000000001, 44.519999999999996], [-101.16, 44.519999999999996], [-101.08000000000001, 44.519999999999996], [-101.08, 44.519999999999996], [-101.0, 44.519999999999996], [-100.92, 44.519999999999996], [-100.91999999999999, 44.519999999999996], [-100.84, 44.519999999999996], [-100.83999999999999, 44.519999999999996], [-100.76, 44.519999999999996], [-100.75999999999999, 44.519999999999996], [-100.68, 44.519999999999996], [-100.67999999999999, 44.519999999999996], [-100.60000000000001, 44.519999999999996], [-100.6, 44.519999999999996], [-100.52000000000001, 44.519999999999996], [-100.52, 44.519999999999996], [-100.44000000000001, 44.519999999999996], [-100.44, 44.519999999999996], [-100.36, 44.519999999999996], [-100.28, 44.519999999999996], [-100.27999999999999, 44.519999999999996], [-100.2, 44.519999999999996], [-100.19999999999999, 44.519999999999996], [-100.12, 44.519999999999996], [-100.11999999999999, 44.519999999999996], [-100.04, 44.519999999999996], [-100.03999999999999, 44.519999999999996], [-99.96000000000001, 44.519999999999996], [-99.96, 44.519999999999996], [-99.88000000000001, 44.519999999999996], [-99.88, 44.519999999999996], [-99.80000000000001, 44.519999999999996], [-99.8, 44.519999999999996], [-99.72000000000001, 44.519999999999996], [-99.72, 44.519999999999996], [-99.64, 44.519999999999996], [-99.56, 44.519999999999996], [-99.55999999999999, 44.519999999999996], [-99.48, 44.519999999999996], [-99.47999999999999, 44.519999999999996], [-99.4, 44.519999999999996], [-99.39999999999999, 44.519999999999996], [-99.32000000000001, 44.519999999999996], [-99.32, 44.519999999999996], [-99.24000000000001, 44.519999999999996], [-99.24, 44.519999999999996], [-99.16000000000001, 44.519999999999996], [-99.16, 44.519999999999996], [-99.08000000000001, 44.519999999999996], [-99.08, 44.519999999999996], [-99.0, 44.519999999999996], [-98.92, 44.519999999999996], [-98.91999999999999, 44.519999999999996], [-98.84, 44.519999999999996], [-98.83999999999999, 44.519999999999996], [-98.76, 44.519999999999996], [-98.75999999999999, 44.519999999999996], [-98.68, 44.519999999999996], [-98.67999999999999, 44.519999999999996], [-98.60000000000001, 44.519999999999996], [-98.6, 44.519999999999996], [-98.52000000000001, 44.519999999999996], [-98.52, 44.519999999999996], [-98.44000000000001, 44.519999999999996], [-98.44, 44.519999999999996], [-98.36, 44.519999999999996], [-98.28, 44.519999999999996], [-98.27999999999999, 44.519999999999996], [-98.2, 44.519999999999996], [-98.19999999999999, 44.519999999999996], [-98.11999999999999, 44.519999999999996], [-98.11999999999999, 44.44], [-98.03999999999999, 44.44], [-98.03999999999999, 44.36], [-97.96000000000001, 44.36], [-97.96, 44.36], [-97.88, 44.36], [-97.88, 44.28], [-97.80000000000001, 44.28], [-97.8, 44.28], [-97.72, 44.28], [-97.72, 44.2], [-97.8, 44.2], [-97.80000000000001, 44.2], [-97.88, 44.2], [-97.88000000000001, 44.2], [-97.96, 44.2], [-97.96000000000001, 44.2], [-98.03999999999999, 44.2], [-98.04, 44.2], [-98.11999999999999, 44.2], [-98.12, 44.2], [-98.19999999999999, 44.2], [-98.2, 44.2], [-98.27999999999999, 44.2], [-98.28, 44.2], [-98.36, 44.2], [-98.44, 44.2], [-98.44000000000001, 44.2], [-98.52, 44.2], [-98.52000000000001, 44.2], [-98.6, 44.2], [-98.60000000000001, 44.2], [-98.67999999999999, 44.2], [-98.68, 44.2], [-98.75999999999999, 44.2], [-98.76, 44.2], [-98.83999999999999, 44.2], [-98.84, 44.2], [-98.91999999999999, 44.2], [-98.92, 44.2], [-99.0, 44.2], [-99.08, 44.2], [-99.08000000000001, 44.2], [-99.16, 44.2], [-99.16000000000001, 44.2], [-99.24, 44.2], [-99.24000000000001, 44.2], [-99.32, 44.2], [-99.32000000000001, 44.2], [-99.39999999999999, 44.2], [-99.4, 44.2], [-99.47999999999999, 44.2], [-99.48, 44.2], [-99.55999999999999, 44.2], [-99.56, 44.2], [-99.64, 44.2], [-99.72, 44.2], [-99.72000000000001, 44.2], [-99.8, 44.2], [-99.80000000000001, 44.2], [-99.88, 44.2], [-99.88000000000001, 44.2], [-99.96, 44.2], [-99.96000000000001, 44.2], [-100.03999999999999, 44.2], [-100.04, 44.2], [-100.11999999999999, 44.2], [-100.12, 44.2], [-100.19999999999999, 44.2], [-100.2, 44.2], [-100.27999999999999, 44.2], [-100.28, 44.2], [-100.36, 44.2], [-100.44, 44.2], [-100.44000000000001, 44.2], [-100.52, 44.2], [-100.52000000000001, 44.2], [-100.6, 44.2], [-100.60000000000001, 44.2], [-100.67999999999999, 44.2], [-100.68, 44.2], [-100.75999999999999, 44.2], [-100.76, 44.2], [-100.83999999999999, 44.2], [-100.84, 44.2], [-100.91999999999999, 44.2], [-100.92, 44.2], [-101.0, 44.2], [-101.08, 44.2], [-101.08000000000001, 44.2], [-101.16, 44.2], [-101.16000000000001, 44.2], [-101.24, 44.2], [-101.24000000000001, 44.2], [-101.32, 44.2], [-101.32000000000001, 44.2], [-101.39999999999999, 44.2], [-101.4, 44.2], [-101.47999999999999, 44.2], [-101.48, 44.2], [-101.55999999999999, 44.2], [-101.56, 44.2], [-101.64, 44.2], [-101.72, 44.2], [-101.72000000000001, 44.2], [-101.8, 44.2], [-101.80000000000001, 44.2], [-101.88, 44.2], [-101.88000000000001, 44.2], [-101.96, 44.2], [-101.96000000000001, 44.2], [-102.03999999999999, 44.2], [-102.04, 44.2], [-102.11999999999999, 44.2], [-102.12, 44.2], [-102.19999999999999, 44.2], [-102.2, 44.2], [-102.27999999999999, 44.2], [-102.28, 44.2], [-102.36, 44.2], [-102.44, 44.2], [-102.44000000000001, 44.2], [-102.52, 44.2], [-102.52000000000001, 44.2], [-102.6, 44.2], [-102.60000000000001, 44.2], [-102.67999999999999, 44.2], [-102.68, 44.2], [-102.75999999999999, 44.2], [-102.76, 44.2], [-102.83999999999999, 44.2], [-102.84, 44.2], [-102.91999999999999, 44.2], [-102.92, 44.2], [-103.0, 44.2], [-103.0, 44.28], [-103.0, 44.36], [-103.0, 44.44], [-103.0, 44.519999999999996]]], [[[-103.0, 44.76], [-103.0, 44.839999999999996], [-102.92, 44.839999999999996], [-102.91999999999999, 44.839999999999996], [-102.84, 44.839999999999996], [-102.83999999999999, 44.839999999999996], [-102.76, 44.839999999999996], [-102.75999999999999, 44.839999999999996], [-102.68, 44.839999999999996], [-102.67999999999999, 44.839999999999996], [-102.60000000000001, 44.839999999999996], [-102.6, 44.839999999999996], [-102.52000000000001, 44.839999999999996], [-102.52, 44.839999999999996], [-102.44000000000001, 44.839999999999996], [-102.44, 44.839999999999996], [-102.36, 44.839999999999996], [-102.28, 44.839999999999996], [-102.27999999999999, 44.839999999999996], [-102.2, 44.839999999999996], [-102.19999999999999, 44.839999999999996], [-102.12, 44.839999999999996], [-102.11999999999999, 44.839999999999996], [-102.04, 44.839999999999996], [-102.03999999999999, 44.839999999999996], [-101.96000000000001, 44.839999999999996], [-101.96, 44.839999999999996], [-101.88000000000001, 44.839999999999996], [-101.88, 44.839999999999996], [-101.80000000000001, 44.839999999999996], [-101.8, 44.839999999999996], [-101.72000000000001, 44.839999999999996], [-101.72, 44.839999999999996], [-101.64, 44.839999999999996], [-101.56, 44.839999999999996], [-101.55999999999999, 44.839999999999996], [-101.48, 44.839999999999996], [-101.47999999999999, 44.839999999999996], [-101.4, 44.839999999999996], [-101.39999999999999, 44.839999999999996], [-101.32000000000001, 44.839999999999996], [-101.32, 44.839999999999996], [-101.24000000000001, 44.839999999999996], [-101.24, 44.839999999999996], [-101.16000000000001, 44.839999999999996], [-101.16, 44.839999999999996], [-101.08000000000001, 44.839999999999996], [-101.08, 44.839999999999996], [-101.0, 44.839999999999996], [-100.92, 44.839999999999996], [-100.91999999999999, 44.839999999999996], [-100.84, 44.839999999999996], [-100.83999999999999, 44.839999999999996], [-100.76, 44.839999999999996], [-100.75999999999999, 44.839999999999996], [-100.68, 44.839999999999996], [-100.67999999999999, 44.839999999999996], [-100.60000000000001, 44.839999999999996], [-100.6, 44.839999999999996], [-100.52000000000001, 44.839999999999996], [-100.52, 44.839999999999996], [-100.44000000000001, 44.839999999999996], [-100.44, 44.839999999999996], [-100.36, 44.839999999999996], [-100.28, 44.839999999999996], [-100.27999999999999, 44.839999999999996], [-100.2, 44.839999999999996], [-100.19999999999999, 44.839999999999996], [-100.12, 44.839999999999996], [-100.11999999999999, 44.839999999999996], [-100.04, 44.839999999999996], [-100.03999999999999, 44.839999999999996], [-99.96000000000001, 44.839999999999996], [-99.96, 44.839999999999996], [-99.88000000000001, 44.839999999999996], [-99.88, 44.839999999999996], [-99.80000000000001, 44.839999999999996], [-99.8, 44.839999999999996], [-99.72000000000001, 44.839999999999996], [-99.72, 44.839999999999996], [-99.64, 44.839999999999996], [-99.56, 44.839999999999996], [-99.55999999999999, 44.839999999999996], [-99.48, 44.839999999999996], [-99.47999999999999, 44.839999999999996], [-99.4, 44.839999999999996], [-99.39999999999999, 44.839999999999996], [-99.32000000000001, 44.839999999999996], [-99.32, 44.839999999999996], [-99.24000000000001, 44.839999999999996], [-99.24, 44.839999999999996], [-99.16000000000001, 44.839999999999996], [-99.16, 44.839999999999996], [-99.08000000000001, 44.839999999999996], [-99.08, 44.839999999999996], [-99.0, 44.839999999999996], [-98.92, 44.839999999999996], [-98.91999999999999, 44.839999999999996], [-98.84, 44.839999999999996], [-98.83999999999999, 44.839999999999996], [-98.76, 44.839999999999996], [-98.75999999999999, 44.839999999999996], [-98.67999999999999, 44.839999999999996], [-98.67999999999999, 44.76], [-98.60000000000001, 44.76], [-98.6, 44.76], [-98.52, 44.76], [-98.52, 44.68], [-98.44, 44.68], [-98.44, 44.6], [-98.36, 44.6], [-98.27999999999999, 44.6], [-98.27999999999999, 44.52], [-98.36, 44.52], [-98.44, 44.52], [-98.44000000000001, 44.52], [-98.52, 44.52], [-98.52000000000001, 44.52], [-98.6, 44.52], [-98.60000000000001, 44.52], [-98.67999999999999, 44.52], [-98.68, 44.52], [-98.75999999999999, 44.52], [-98.76, 44.52], [-98.83999999999999, 44.52], [-98.84, 44.52], [-98.91999999999999, 44.52], [-98.92, 44.52], [-99.0, 44.52], [-99.08, 44.52], [-99.08000000000001, 44.52], [-99.16, 44.52], [-99.16000000000001, 44.52], [-99.24, 44.52], [-99.24000000000001, 44.52], [-99.32, 44.52], [-99.32000000000001, 44.52], [-99.39999999999999, 44.52], [-99.4, 44.52], [-99.47999999999999, 44.52], [-99.48, 44.52], [-99.55999999999999, 44.52], [-99.56, 44.52], [-99.64, 44.52], [-99.72, 44.52], [-99.72000000000001, 44.52], [-99.8, 44.52], [-99.80000000000001, 44.52], [-99.88, 44.52], [-99.88000000000001, 44.52], [-99.96, 44.52], [-99.96000000000001, 44.52], [-100.03999999999999, 44.52], [-100.04, 44.52], [-100.11999999999999, 44.52], [-100.12, 44.52], [-100.19999999999999, 44.52], [-100.2, 44.52], [-100.27999999999999, 44.52], [-100.28, 44.52], [-100.36, 44.52], [-100.44, 44.52], [-100.44000000000001, 44.52], [-100.52, 44.52], [-100.52000000000001, 44.52], [-100.6, 44.52], [-100.60000000000001, 44.52], [-100.67999999999999, 44.52], [-100.68, 44.52], [-100.75999999999999, 44.52], [-100.76, 44.52], [-100.83999999999999, 44.52], [-100.84, 44.52], [-100.91999999999999, 44.52], [-100.92, 44.52], [-101.0, 44.52], [-101.08, 44.52], [-101.08000000000001, 44.52], [-101.16, 44.52], [-101.16000000000001, 44.52], [-101.24, 44.52], [-101.24000000000001, 44.52], [-101.32, 44.52], [-101.32000000000001, 44.52], [-101.39999999999999, 44.52], [-101.4, 44.52], [-101.47999999999999, 44.52], [-101.48, 44.52], [-101.55999999999999, 44.52], [-101.56, 44.52], [-101.64, 44.52], [-101.72, 44.52], [-101.72000000000001, 44.52], [-101.8, 44.52], [-101.80000000000001, 44.52], [-101.88, 44.52], [-101.88000000000001, 44.52], [-101.96, 44.52], [-101.96000000000001, 44.52], [-102.03999999999999, 44.52], [-102.04, 44.52], [-102.11999999999999, 44.52], [-102.12, 44.52], [-102.19999999999999, 44.52], [-102.2, 44.52], [-102.27999999999999, 44.52], [-102.28, 44.52], [-102.36, 44.52], [-102.44, 44.52], [-102.44000000000001, 44.52], [-102.52, 44.52], [-102.52000000000001, 44.52], [-102.6, 44.52], [-102.60000000000001, 44.52], [-102.67999999999999, 44.52], [-102.68, 44.52], [-102.75999999999999, 44.52], [-102.76, 44.52], [-102.83999999999999, 44.52], [-102.84, 44.52], [-102.91999999999999, 44.52], [-102.92, 44.52], [-103.0, 44.52], [-103.0, 44.6], [-103.0, 44.68], [-103.0, 44.76]]], [[[-102.92, 45.16], [-102.91999999999999, 45.16], [-102.84, 45.16], [-102.83999999999999, 45.16], [-102.76, 45.16], [-102.75999999999999, 45.16], [-102.68, 45.16], [-102.67999999999999, 45.16], [-102.60000000000001, 45.16], [-102.6, 45.16], [-102.52000000000001, 45.16], [-102.52, 45.16], [-102.44000000000001, 45.16], [-102.44, 45.16], [-102.36, 45.16], [-102.28, 45.16], [-102.27999999999999, 45.16], [-102.2, 45.16], [-102.19999999999999, 45.16], [-102.12, 45.16], [-102.11999999999999, 45.16], [-102.04, 45.16], [-102.03999999999999, 45.16], [-101.96000000000001, 45.16], [-101.96, 45.16], [-101.88000000000001, 45.16], [-101.88, 45.16], [-101.80000000000001, 45.16], [-101.8, 45.16], [-101.72000000000001, 45.16], [-101.72, 45.16], [-101.64, 45.16], [-101.56, 45.16], [-101.55999999999999, 45.16], [-101.48, 45.16], [-101.47999999999999, 45.16], [-101.4, 45.16], [-101.39999999999999, 45.16], [-101.32000000000001, 45.16], [-101.32, 45.16], [-101.24000000000001, 45.16], [-101.24, 45.16], [-101.16000000000001, 45.16], [-101.16, 45.16], [-101.08000000000001, 45.16], [-101.08, 45.16], [-101.0, 45.16], [-100.92, 45.16], [-100.91999999999999, 45.16], [-100.84, 45.16], [-100.83999999999999, 45.16], [-100.76, 45.16], [-100.75999999999999, 45.16], [-100.68, 45.16], [-100.67999999999999, 45.16], [-100.60000000000001, 45.16], [-100.6, 45.16], [-100.52000000000001, 45.16], [-100.52, 45.16], [-100.44000000000001, 45.16], [-100.44, 45.16], [-100.36, 45.16], [-100.28, 45.16], [-100.27999999999999, 45.16], [-100.2, 45.16], [-100.19999999999999, 45.16], [-100.12, 45.16], [-100.11999999999999, 45.16], [-100.04, 45.16], [-100.03999999999999, 45.16], [-99.96000000000001, 45.16], [-99.96, 45.16], [-99.88000000000001, 45.16], [-99.88, 45.16], [-99.80000000000001, 45.16], [-99.8, 45.16], [-99.72000000000001, 45.16], [-99.72, 45.16], [-99.64, 45.16], [-99.56, 45.16], [-99.55999999999999, 45.16], [-99.48, 45.16], [-99.47999999999999, 45.16], [-99.4, 45.16], [-99.39999999999999, 45.16], [-99.32000000000001, 45.16], [-99.32, 45.16], [-99.24, 45.16], [-99.24, 45.08], [-99.16000000000001, 45.08], [-99.16, 45.08], [-99.08, 45.08], [-99.08, 45.0], [-99.0, 45.0], [-99.0, 44.92], [-98.92, 44.92], [-98.91999999999999, 44.92], [-98.83999999999999, 44.92], [-98.83999999999999, 44.84], [-98.91999999999999, 44.84], [-98.92, 44.84], [-99.0, 44.84], [-99.08, 44.84], [-99.08000000000001, 44.84], [-99.16, 44.84], [-99.16000000000001, 44.84], [-99.24, 44.84], [-99.24000000000001, 44.84], [-99.32, 44.84], [-99.32000000000001, 44.84], [-99.39999999999999, 44.84], [-99.4, 44.84], [-99.47999999999999, 44.84], [-99.48, 44.84], [-99.55999999999999, 44.84], [-99.56, 44.84], [-99.64, 44.84], [-99.72, 44.84], [-99.72000000000001, 44.84], [-99.8, 44.84], [-99.80000000000001, 44.84], [-99.88, 44.84], [-99.88000000000001, 44.84], [-99.96, 44.84], [-99.96000000000001, 44.84], [-100.03999999999999, 44.84], [-100.04, 44.84], [-100.11999999999999, 44.84], [-100.12, 44.84], [-100.19999999999999, 44.84], [-100.2, 44.84], [-100.27999999999999, 44.84], [-100.28, 44.84], [-100.36, 44.84], [-100.44, 44.84], [-100.44000000000001, 44.84], [-100.52, 44.84], [-100.52000000000001, 44.84], [-100.6, 44.84], [-100.60000000000001, 44.84], [-100.67999999999999, 44.84], [-100.68, 44.84], [-100.75999999999999, 44.84], [-100.76, 44.84], [-100.83999999999999, 44.84], [-100.84, 44.84], [-100.91999999999999, 44.84], [-100.92, 44.84], [-101.0, 44.84], [-101.08, 44.84], [-101.08000000000001, 44.84], [-101.16, 44.84], [-101.16000000000001, 44.84], [-101.24, 44.84], [-101.24000000000001, 44.84], [-101.32, 44.84], [-101.32000000000001, 44.84], [-101.39999999999999, 44.84], [-101.4, 44.84], [-101.47999999999999, 44.84], [-101.48, 44.84], [-101.55999999999999, 44.84], [-101.56, 44.84], [-101.64, 44.84], [-101.72, 44.84], [-101.72000000000001, 44.84], [-101.8, 44.84], [-101.80000000000001, 44.84], [-101.88, 44.84], [-101.88000000000001, 44.84], [-101.96, 44.84], [-101.96000000000001, 44.84], [-102.03999999999999, 44.84], [-102.04, 44.84], [-102.11999999999999, 44.84], [-102.12, 44.84], [-102.19999999999999, 44.84], [-102.2, 44.84], [-102.27999999999999, 44.84], [-102.28, 44.84], [-102.36, 44.84], [-102.44, 44.84], [-102.44000000000001, 44.84], [-102.52, 44.84], [-102.52000000000001, 44.84], [-102.6, 44.84], [-102.60000000000001, 44.84], [-102.67999999999999, 44.84], [-102.68, 44.84], [-102.75999999999999, 44.84], [-102.76, 44.84], [-102.83999999999999, 44.84], [-102.84, 44.84], [-102.91999999999999, 44.84], [-102.92, 44.84], [-103.0, 44.84], [-103.0, 44.92], [-103.0, 45.0], [-103.0, 45.08], [-103.0, 45.16], [-102.92, 45.16]]], [[[-103.0, 45.4], [-103.0, 45.48], [-102.92, 45.48], [-102.91999999999999, 45.48], [-102.84, 45.48], [-102.83999999999999, 45.48], [-102.76, 45.48], [-102.75999999999999, 45.48], [-102.68, 45.48], [-102.67999999999999, 45.48], [-102.60000000000001, 45.48], [-102.6, 45.48], [-102.52000000000001, 45.48], [-102.52, 45.48], [-102.44000000000001, 45.48], [-102.44, 45.48], [-102.36, 45.48], [-102.28, 45.48], [-102.27999999999999, 45.48], [-102.2, 45.48], [-102.19999999999999, 45.48], [-102.12, 45.48], [-102.11999999999999, 45.48], [-102.04, 45.48], [-102.03999999999999, 45.48], [-101.96000000000001, 45.48], [-101.96, 45.48], [-101.88000000000001, 45.48], [-101.88, 45.48], [-101.80000000000001, 45.48], [-101.8, 45.48], [-101.72000000000001, 45.48], [-101.72, 45.48], [-101.64, 45.48], [-101.56, 45.48], [-101.55999999999999, 45.48], [-101.48, 45.48], [-101.47999999999999, 45.48], [-101.4, 45.48], [-101.39999999999999, 45.48], [-101.32000000000001, 45.48], [-101.32, 45.48], [-101.24000000000001, 45.48], [-101.24, 45.48], [-101.16000000000001, 45.48], [-101.16, 45.48], [-101.08000000000001, 45.48], [-101.08, 45.48], [-101.0, 45.48], [-100.92, 45.48], [-100.91999999999999, 45.48], [-100.84, 45.48], [-100.83999999999999, 45.48], [-100.76, 45.48], [-100.75999999999999, 45.48], [-100.68, 45.48], [-100.67999999999999, 45.48], [-100.60000000000001, 45.48], [-100.6, 45.48], [-100.52000000000001, 45.48], [-100.52, 45.48], [-100.44000000000001, 45.48], [-100.44, 45.48], [-100.36, 45.48], [-100.28, 45.48], [-100.27999999999999, 45.48], [-100.2, 45.48], [-100.19999999999999, 45.48], [-100.12, 45.48], [-100.11999999999999, 45.48], [-100.04, 45.48], [-100.03999999999999, 45.48], [-99.96000000000001, 45.48], [-99.96, 45.48], [-99.88000000000001, 45.48], [-99.88, 45.48], [-99.8, 45.48], [-99.8, 45.4], [-99.72000000000001, 45.4], [-99.72, 45.4], [-99.64, 45.4], [-99.64, 45.32], [-99.55999999999999, 45.32], [-99.55999999999999, 45.24], [-99.48, 45.24], [-99.47999999999999, 45.24], [-99.39999999999999, 45.24], [-99.39999999999999, 45.160000000000004], [-99.47999999999999, 45.160000000000004], [-99.48, 45.160000000000004], [-99.55999999999999, 45.160000000000004], [-99.56, 45.160000000000004], [-99.64, 45.160000000000004], [-99.72, 45.160000000000004], [-99.72000000000001, 45.160000000000004], [-99.8, 45.160000000000004], [-99.80000000000001, 45.160000000000004], [-99.88, 45.160000000000004], [-99.88000000000001, 45.160000000000004], [-99.96, 45.160000000000004], [-99.96000000000001, 45.160000000000004], [-100.03999999999999, 45.160000000000004], [-100.04, 45.160000000000004], [-100.11999999999999, 45.160000000000004], [-100.12, 45.160000000000004], [-100.19999999999999, 45.160000000000004], [-100.2, 45.160000000000004], [-100.27999999999999, 45.160000000000004], [-100.28, 45.160000000000004], [-100.36, 45.160000000000004], [-100.44, 45.160000000000004], [-100.44000000000001, 45.160000000000004], [-100.52, 45.160000000000004], [-100.52000000000001, 45.160000000000004], [-100.6, 45.160000000000004], [-100.60000000000001, 45.160000000000004], [-100.67999999999999, 45.160000000000004], [-100.68, 45.160000000000004], [-100.75999999999999, 45.160000000000004], [-100.76, 45.160000000000004], [-100.83999999999999, 45.160000000000004], [-100.84, 45.160000000000004], [-100.91999999999999, 45.160000000000004], [-100.92, 45.160000000000004], [-101.0, 45.160000000000004], [-101.08, 45.160000000000004], [-101.08000000000001, 45.160000000000004], [-101.16, 45.160000000000004], [-101.16000000000001, 45.160000000000004], [-101.24, 45.160000000000004], [-101.24000000000001, 45.160000000000004], [-101.32, 45.160000000000004], [-101.32000000000001, 45.160000000000004], [-101.39999999999999, 45.160000000000004], [-101.4, 45.160000000000004], [-101.47999999999999, 45.160000000000004], [-101.48, 45.160000000000004], [-101.55999999999999, 45.160000000000004], [-101.56, 45.160000000000004], [-101.64, 45.160000000000004], [-101.72, 45.160000000000004], [-101.72000000000001, 45.160000000000004], [-101.8, 45.160000000000004], [-101.80000000000001, 45.160000000000004], [-101.88, 45.160000000000004], [-101.88000000000001, 45.160000000000004], [-101.96, 45.160000000000004], [-101.96000000000001, 45.160000000000004], [-102.03999999999999, 45.160000000000004], [-102.04, 45.160000000000004], [-102.11999999999999, 45.160000000000004], [-102.12, 45.160000000000004], [-102.19999999999999, 45.160000000000004], [-102.2, 45.160000000000004], [-102.27999999999999, 45.160000000000004], [-102.28, 45.160000000000004], [-102.36, 45.160000000000004], [-102.44, 45.160000000000004], [-102.44000000000001, 45.160000000000004], [-102.52, 45.160000000000004], [-102.52000000000001, 45.160000000000004], [-102.6, 45.160000000000004], [-102.60000000000001, 45.160000000000004], [-102.67999999999999, 45.160000000000004], [-102.68, 45.160000000000004], [-102.75999999999999, 45.160000000000004], [-102.76, 45.160000000000004], [-102.83999999999999, 45.160000000000004], [-102.84, 45.160000000000004], [-102.91999999999999, 45.160000000000004], [-102.92, 45.160000000000004], [-103.0, 45.160000000000004], [-103.0, 45.24], [-103.0, 45.32], [-103.0, 45.4]]], [[[-103.0, 45.8], [-102.92, 45.8], [-102.91999999999999, 45.8], [-102.84, 45.8], [-102.83999999999999, 45.8], [-102.76, 45.8], [-102.75999999999999, 45.8], [-102.68, 45.8], [-102.67999999999999, 45.8], [-102.60000000000001, 45.8], [-102.6, 45.8], [-102.52000000000001, 45.8], [-102.52, 45.8], [-102.44000000000001, 45.8], [-102.44, 45.8], [-102.36, 45.8], [-102.28, 45.8], [-102.27999999999999, 45.8], [-102.2, 45.8], [-102.19999999999999, 45.8], [-102.12, 45.8], [-102.11999999999999, 45.8], [-102.04, 45.8], [-102.03999999999999, 45.8], [-101.96000000000001, 45.8], [-101.96, 45.8], [-101.88000000000001, 45.8], [-101.88, 45.8], [-101.80000000000001, 45.8], [-101.8, 45.8], [-101.72000000000001, 45.8], [-101.72, 45.8], [-101.64, 45.8], [-101.56, 45.8], [-101.55999999999999, 45.8], [-101.48, 45.8], [-101.47999999999999, 45.8], [-101.4, 45.8], [-101.39999999999999, 45.8], [-101.32000000000001, 45.8], [-101.32, 45.8], [-101.24000000000001, 45.8], [-101.24, 45.8], [-101.16000000000001, 45.8], [-101.16, 45.8], [-101.08000000000001, 45.8], [-101.08, 45.8], [-101.0, 45.8], [-100.92, 45.8], [-100.91999999999999, 45.8], [-100.84, 45.8], [-100.83999999999999, 45.8], [-100.76, 45.8], [-100.75999999999999, 45.8], [-100.68, 45.8], [-100.67999999999999, 45.8], [-100.60000000000001, 45.8], [-100.6, 45.8], [-100.52000000000001, 45.8], [-100.52, 45.8], [-100.44000000000001, 45.8], [-100.44, 45.8], [-100.36, 45.8], [-100.36, 45.72], [-100.28, 45.72], [-100.27999999999999, 45.72], [-100.19999999999999, 45.72], [-100.19999999999999, 45.64], [-100.11999999999999, 45.64], [-100.11999999999999, 45.56], [-100.04, 45.56], [-100.03999999999999, 45.56], [-99.96, 45.56], [-99.96, 45.480000000000004], [-100.03999999999999, 45.480000000000004], [-100.04, 45.480000000000004], [-100.11999999999999, 45.480000000000004], [-100.12, 45.480000000000004], [-100.19999999999999, 45.480000000000004], [-100.2, 45.480000000000004], [-100.27999999999999, 45.480000000000004], [-100.28, 45.480000000000004], [-100.36, 45.480000000000004], [-100.44, 45.480000000000004], [-100.44000000000001, 45.480000000000004], [-100.52, 45.480000000000004], [-100.52000000000001, 45.480000000000004], [-100.6, 45.480000000000004], [-100.60000000000001, 45.480000000000004], [-100.67999999999999, 45.480000000000004], [-100.68, 45.480000000000004], [-100.75999999999999, 45.480000000000004], [-100.76, 45.480000000000004], [-100.83999999999999, 45.480000000000004], [-100.84, 45.480000000000004], [-100.91999999999999, 45.480000000000004], [-100.92, 45.480000000000004], [-101.0, 45.480000000000004], [-101.08, 45.480000000000004], [-101.08000000000001, 45.480000000000004], [-101.16, 45.480000000000004], [-101.16000000000001, 45.480000000000004], [-101.24, 45.480000000000004], [-101.24000000000001, 45.480000000000004], [-101.32, 45.480000000000004], [-101.32000000000001, 45.480000000000004], [-101.39999999999999, 45.480000000000004], [-101.4, 45.480000000000004], [-101.47999999999999, 45.480000000000004], [-101.48, 45.480000000000004], [-101.55999999999999, 45.480000000000004], [-101.56, 45.480000000000004], [-101.64, 45.480000000000004], [-101.72, 45.480000000000004], [-101.72000000000001, 45.480000000000004], [-101.8, 45.480000000000004], [-101.80000000000001, 45.480000000000004], [-101.88, 45.480000000000004], [-101.88000000000001, 45.480000000000004], [-101.96, 45.480000000000004], [-101.96000000000001, 45.480000000000004], [-102.03999999999999, 45.480000000000004], [-102.04, 45.480000000000004], [-102.11999999999999, 45.480000000000004], [-102.12, 45.480000000000004], [-102.19999999999999, 45.480000000000004], [-102.2, 45.480000000000004], [-102.27999999999999, 45.480000000000004], [-102.28, 45.480000000000004], [-102.36, 45.480000000000004], [-102.44, 45.480000000000004], [-102.44000000000001, 45.480000000000004], [-102.52, 45.480000000000004], [-102.52000000000001, 45.480000000000004], [-102.6, 45.480000000000004], [-102.60000000000001, 45.480000000000004], [-102.67999999999999, 45.480000000000004], [-102.68, 45.480000000000004], [-102.75999999999999, 45.480000000000004], [-102.76, 45.480000000000004], [-102.83999999999999, 45.480000000000004], [-102.84, 45.480000000000004], [-102.91999999999999, 45.480000000000004], [-102.92, 45.480000000000004], [-103.0, 45.480000000000004], [-103.0, 45.56], [-103.0, 45.64], [-103.0, 45.72], [-103.0, 45.8]]], [[[-103.0, 46.04], [-103.0, 46.12], [-103.0, 46.199999999999996], [-102.92, 46.199999999999996], [-102.91999999999999, 46.199999999999996], [-102.84, 46.199999999999996], [-102.83999999999999, 46.199999999999996], [-102.76, 46.199999999999996], [-102.75999999999999, 46.199999999999996], [-102.68, 46.199999999999996], [-102.67999999999999, 46.199999999999996], [-102.60000000000001, 46.199999999999996], [-102.6, 46.199999999999996], [-102.52000000000001, 46.199999999999996], [-102.52, 46.199999999999996], [-102.44000000000001, 46.199999999999996], [-102.44, 46.199999999999996], [-102.36, 46.199999999999996], [-102.28, 46.199999999999996], [-102.27999999999999, 46.199999999999996], [-102.2, 46.199999999999996], [-102.19999999999999, 46.199999999999996], [-102.12, 46.199999999999996], [-102.11999999999999, 46.199999999999996], [-102.04, 46.199999999999996], [-102.03999999999999, 46.199999999999996], [-101.96000000000001, 46.199999999999996], [-101.96, 46.199999999999996], [-101.88000000000001, 46.199999999999996], [-101.88, 46.199999999999996], [-101.80000000000001, 46.199999999999996], [-101.8, 46.199999999999996], [-101.72000000000001, 46.199999999999996], [-101.72, 46.199999999999996], [-101.64, 46.199999999999996], [-101.56, 46.199999999999996], [-101.55999999999999, 46.199999999999996], [-101.48, 46.199999999999996], [-101.47999999999999, 46.199999999999996], [-101.4, 46.199999999999996], [-101.39999999999999, 46.199999999999996], [-101.32000000000001, 46.199999999999996], [-101.32, 46.199999999999996], [-101.24000000000001, 46.199999999999996], [-101.24, 46.199999999999996], [-101.16000000000001, 46.199999999999996], [-101.16, 46.199999999999996], [-101.08, 46.199999999999996], [-101.08, 46.12], [-101.0, 46.12], [-100.91999999999999, 46.12], [-100.91999999999999, 46.04], [-100.83999999999999, 46.04], [-100.83999999999999, 45.96], [-100.76, 45.96], [-100.75999999999999, 45.96], [-100.67999999999999, 45.96], [-100.67999999999999, 45.88], [-100.60000000000001, 45.88], [-100.6, 45.88], [-100.52, 45.88], [-100.52, 45.800000000000004], [-100.6, 45.800000000000004], [-100.60000000000001, 45.800000000000004], [-100.67999999999999, 45.800000000000004], [-100.68, 45.800000000000004], [-100.75999999999999, 45.800000000000004], [-100.76, 45.800000000000004], [-100.83999999999999, 45.800000000000004], [-100.84, 45.800000000000004], [-100.91999999999999, 45.800000000000004], [-100.92, 45.800000000000004], [-101.0, 45.800000000000004], [-101.08, 45.800000000000004], [-101.08000000000001, 45.800000000000004], [-101.16, 45.800000000000004], [-101.16000000000001, 45.800000000000004], [-101.24, 45.800000000000004], [-101.24000000000001, 45.800000000000004], [-101.32, 45.800000000000004], [-101.32000000000001, 45.800000000000004], [-101.39999999999999, 45.800000000000004], [-101.4, 45.800000000000004], [-101.47999999999999, 45.800000000000004], [-101.48, 45.800000000000004], [-101.55999999999999, 45.800000000000004], [-101.56, 45.800000000000004], [-101.64, 45.800000000000004], [-101.72, 45.800000000000004], [-101.72000000000001, 45.800000000000004], [-101.8, 45.800000000000004], [-101.80000000000001, 45.800000000000004], [-101.88, 45.800000000000004], [-101.88000000000001, 45.800000000000004], [-101.96, 45.800000000000004], [-101.96000000000001, 45.800000000000004], [-102.03999999999999, 45.800000000000004], [-102.04, 45.800000000000004], [-102.11999999999999, 45.800000000000004], [-102.12, 45.800000000000004], [-102.19999999999999, 45.800000000000004], [-102.2, 45.800000000000004], [-102.27999999999999, 45.800000000000004], [-102.28, 45.800000000000004], [-102.36, 45.800000000000004], [-102.44, 45.800000000000004], [-102.44000000000001, 45.800000000000004], [-102.52, 45.800000000000004], [-102.52000000000001, 45.800000000000004], [-102.6, 45.800000000000004], [-102.60000000000001, 45.800000000000004], [-102.67999999999999, 45.800000000000004], [-102.68, 45.800000000000004], [-102.75999999999999, 45.800000000000004], [-102.76, 45.800000000000004], [-102.83999999999999, 45.800000000000004], [-102.84, 45.800000000000004], [-102.91999999999999, 45.800000000000004], [-102.92, 45.800000000000004], [-103.0, 45.800000000000004], [-103.0, 45.88], [-103.0, 45.96], [-103.0, 46.04]]], [[[-103.0, 46.36], [-103.0, 46.44], [-103.0, 46.519999999999996], [-102.92, 46.519999999999996], [-102.91999999999999, 46.519999999999996], [-102.84, 46.519999999999996], [-102.83999999999999, 46.519999999999996], [-102.76, 46.519999999999996], [-102.75999999999999, 46.519999999999996], [-102.68, 46.519999999999996], [-102.67999999999999, 46.519999999999996], [-102.60000000000001, 46.519999999999996], [-102.6, 46.519999999999996], [-102.52000000000001, 46.519999999999996], [-102.52, 46.519999999999996], [-102.44000000000001, 46.519999999999996], [-102.44, 46.519999999999996], [-102.36, 46.519999999999996], [-102.28, 46.519999999999996], [-102.27999999999999, 46.519999999999996], [-102.2, 46.519999999999996], [-102.19999999999999, 46.519999999999996], [-102.12, 46.519999999999996], [-102.11999999999999, 46.519999999999996], [-102.04, 46.519999999999996], [-102.03999999999999, 46.519999999999996], [-101.96000000000001, 46.519999999999996], [-101.96, 46.519999999999996], [-101.88000000000001, 46.519999999999996], [-101.88, 46.519999999999996], [-101.80000000000001, 46.519999999999996], [-101.8, 46.519999999999996], [-101.72, 46.519999999999996], [-101.72, 46.44], [-101.64, 46.44], [-101.55999999999999, 46.44], [-101.55999999999999, 46.36], [-101.48, 46.36], [-101.47999999999999, 46.36], [-101.39999999999999, 46.36], [-101.39999999999999, 46.28], [-101.32000000000001, 46.28], [-101.32, 46.28], [-101.24, 46.28], [-101.24, 46.2], [-101.32, 46.2], [-101.32000000000001, 46.2], [-101.39999999999999, 46.2], [-101.4, 46.2], [-101.47999999999999, 46.2], [-101.48, 46.2], [-101.55999999999999, 46.2], [-101.56, 46.2], [-101.64, 46.2], [-101.72, 46.2], [-101.72000000000001, 46.2], [-101.8, 46.2], [-101.80000000000001, 46.2], [-101.88, 46.2], [-101.88000000000001, 46.2], [-101.96, 46.2], [-101.96000000000001, 46.2], [-102.03999999999999, 46.2], [-102.04, 46.2], [-102.11999999999999, 46.2], [-102.12, 46.2], [-102.19999999999999, 46.2], [-102.2, 46.2], [-102.27999999999999, 46.2], [-102.28, 46.2], [-102.36, 46.2], [-102.44, 46.2], [-102.44000000000001, 46.2], [-102.52, 46.2], [-102.52000000000001, 46.2], [-102.6, 46.2], [-102.60000000000001, 46.2], [-102.67999999999999, 46.2], [-102.68, 46.2], [-102.75999999999999, 46.2], [-102.76, 46.2], [-102.83999999999999, 46.2], [-102.84, 46.2], [-102.91999999999999, 46.2], [-102.92, 46.2], [-103.0, 46.2], [-103.0, 46.28], [-103.0, 46.36]]], [[[-103.0, 46.6], [-103.0, 46.68], [-103.0, 46.76], [-103.0, 46.839999999999996], [-102.92, 46.839999999999996], [-102.91999999999999, 46.839999999999996], [-102.84, 46.839999999999996], [-102.83999999999999, 46.839999999999996], [-102.76, 46.839999999999996], [-102.75999999999999, 46.839999999999996], [-102.68, 46.839999999999996], [-102.67999999999999, 46.839999999999996], [-102.60000000000001, 46.839999999999996], [-102.6, 46.839999999999996], [-102.52000000000001, 46.839999999999996], [-102.52, 46.839999999999996], [-102.44000000000001, 46.839999999999996], [-102.44, 46.839999999999996], [-102.36, 46.839999999999996], [-102.27999999999999, 46.839999999999996], [-102.27999999999999, 46.76], [-102.2, 46.76], [-102.19999999999999, 46.76], [-102.11999999999999, 46.76], [-102.11999999999999, 46.68], [-102.03999999999999, 46.68], [-102.03999999999999, 46.6], [-101.96000000000001, 46.6], [-101.96, 46.6], [-101.88, 46.6], [-101.88, 46.52], [-101.96, 46.52], [-101.96000000000001, 46.52], [-102.03999999999999, 46.52], [-102.04, 46.52], [-102.11999999999999, 46.52], [-102.12, 46.52], [-102.19999999999999, 46.52], [-102.2, 46.52], [-102.27999999999999, 46.52], [-102.28, 46.52], [-102.36, 46.52], [-102.44, 46.52], [-102.44000000000001, 46.52], [-102.52, 46.52], [-102.52000000000001, 46.52], [-102.6, 46.52], [-102.60000000000001, 46.52], [-102.67999999999999, 46.52], [-102.68, 46.52], [-102.75999999999999, 46.52], [-102.76, 46.52], [-102.83999999999999, 46.52], [-102.84, 46.52], [-102.91999999999999, 46.52], [-102.92, 46.52], [-103.0, 46.52], [-103.0, 46.6]]], [[[-102.92, 47.0], [-102.91999999999999, 47.0], [-102.84, 47.0], [-102.83999999999999, 47.0], [-102.76, 47.0], [-102.75999999999999, 47.0], [-102.68, 47.0], [-102.67999999999999, 47.0], [-102.6, 47.0], [-102.6, 46.92], [-102.52000000000001, 46.92], [-102.52, 46.92], [-102.44, 46.92], [-102.44, 46.84], [-102.52, 46.84], [-102.52000000000001, 46.84], [-102.6, 46.84], [-102.60000000000001, 46.84], [-102.67999999999999, 46.84], [-102.68, 46.84], [-102.75999999999999, 46.84], [-102.76, 46.84], [-102.83999999999999, 46.84], [-102.84, 46.84], [-102.91999999999999, 46.84], [-102.92, 46.84], [-103.0, 46.84], [-103.0, 46.92], [-103.0, 47.0], [-102.92, 47.0]]], [[[-97.48, 46.519999999999996], [-97.47999999999999, 46.519999999999996], [-97.4, 46.519999999999996], [-97.39999999999999, 46.519999999999996], [-97.32, 46.519999999999996], [-97.32, 46.44], [-97.24000000000001, 46.44], [-97.24, 46.44], [-97.16000000000001, 46.44], [-97.16, 46.44], [-97.08, 46.44], [-97.08, 46.36], [-97.0, 46.36], [-96.92, 46.36], [-96.91999999999999, 46.36], [-96.84, 46.36], [-96.83999999999999, 46.36], [-96.75999999999999, 46.36], [-96.75999999999999, 46.28], [-96.67999999999999, 46.28], [-96.67999999999999, 46.2], [-96.75999999999999, 46.2], [-96.76, 46.2], [-96.83999999999999, 46.2], [-96.84, 46.2], [-96.91999999999999, 46.2], [-96.92, 46.2], [-97.0, 46.2], [-97.08, 46.2], [-97.08000000000001, 46.2], [-97.16, 46.2], [-97.16000000000001, 46.2], [-97.24000000000001, 46.2], [-97.24000000000001, 46.28], [-97.32000000000001, 46.28], [-97.32000000000001, 46.36], [-97.39999999999999, 46.36], [-97.4, 46.36], [-97.47999999999999, 46.36], [-97.48, 46.36], [-97.55999999999999, 46.36], [-97.55999999999999, 46.28], [-97.64, 46.28], [-97.64, 46.36], [-97.64, 46.44], [-97.64, 46.519999999999996], [-97.56, 46.519999999999996], [-97.55999999999999, 46.519999999999996], [-97.48, 46.519999999999996]]], [[[-97.24000000000001, 45.48], [-97.16000000000001, 45.48], [-97.16, 45.48], [-97.08000000000001, 45.48], [-97.08, 45.48], [-97.0, 45.48], [-96.92, 45.48], [-96.91999999999999, 45.48], [-96.84, 45.48], [-96.83999999999999, 45.48], [-96.76, 45.48], [-96.75999999999999, 45.48], [-96.68, 45.48], [-96.67999999999999, 45.48], [-96.60000000000001, 45.48], [-96.6, 45.48], [-96.52000000000001, 45.48], [-96.52, 45.48], [-96.44000000000001, 45.48], [-96.44, 45.48], [-96.36, 45.48], [-96.28, 45.48], [-96.27999999999999, 45.48], [-96.2, 45.48], [-96.19999999999999, 45.48], [-96.12, 45.48], [-96.11999999999999, 45.48], [-96.04, 45.48], [-96.03999999999999, 45.48], [-95.96000000000001, 45.48], [-95.96, 45.48], [-95.88000000000001, 45.48], [-95.88, 45.48], [-95.80000000000001, 45.48], [-95.8, 45.48], [-95.72000000000001, 45.48], [-95.72, 45.48], [-95.64, 45.48], [-95.56, 45.48], [-95.55999999999999, 45.48], [-95.48, 45.48], [-95.47999999999999, 45.48], [-95.4, 45.48], [-95.39999999999999, 45.48], [-95.32000000000001, 45.48], [-95.32, 45.48], [-95.24000000000001, 45.48], [-95.24, 45.48], [-95.16000000000001, 45.48], [-95.16, 45.48], [-95.08000000000001, 45.48], [-95.08, 45.48], [-95.0, 45.48], [-94.92, 45.48], [-94.91999999999999, 45.48], [-94.84, 45.48], [-94.83999999999999, 45.48], [-94.76, 45.48], [-94.75999999999999, 45.48], [-94.68, 45.48], [-94.67999999999999, 45.48], [-94.60000000000001, 45.48], [-94.6, 45.48], [-94.52000000000001, 45.48], [-94.52, 45.48], [-94.44000000000001, 45.48], [-94.44, 45.48], [-94.36, 45.48], [-94.28, 45.48], [-94.27999999999999, 45.48], [-94.2, 45.48], [-94.19999999999999, 45.48], [-94.12, 45.48], [-94.11999999999999, 45.48], [-94.04, 45.48], [-94.03999999999999, 45.48], [-93.96000000000001, 45.48], [-93.96, 45.48], [-93.88000000000001, 45.48], [-93.88, 45.48], [-93.80000000000001, 45.48], [-93.8, 45.48], [-93.72000000000001, 45.48], [-93.72, 45.48], [-93.64, 45.48], [-93.56, 45.48], [-93.55999999999999, 45.48], [-93.48, 45.48], [-93.47999999999999, 45.48], [-93.4, 45.48], [-93.39999999999999, 45.48], [-93.32000000000001, 45.48], [-93.32, 45.48], [-93.24000000000001, 45.48], [-93.24, 45.48], [-93.16000000000001, 45.48], [-93.16, 45.48], [-93.08, 45.48], [-93.0, 45.48], [-92.99999999999999, 45.48], [-92.92, 45.48], [-92.91999999999999, 45.48], [-92.84, 45.48], [-92.83999999999999, 45.48], [-92.76, 45.48], [-92.75999999999999, 45.48], [-92.68, 45.48], [-92.67999999999999, 45.48], [-92.60000000000001, 45.48], [-92.6, 45.48], [-92.52000000000001, 45.48], [-92.52, 45.48], [-92.44000000000001, 45.48], [-92.44, 45.48], [-92.36, 45.48], [-92.28, 45.48], [-92.27999999999999, 45.48], [-92.2, 45.48], [-92.19999999999999, 45.48], [-92.12, 45.48], [-92.11999999999999, 45.48], [-92.04, 45.48], [-92.03999999999999, 45.48], [-91.96000000000001, 45.48], [-91.96, 45.48], [-91.88000000000001, 45.48], [-91.88, 45.48], [-91.80000000000001, 45.48], [-91.8, 45.48], [-91.72000000000001, 45.48], [-91.72, 45.48], [-91.64, 45.48], [-91.56, 45.48], [-91.55999999999999, 45.48], [-91.48, 45.48], [-91.47999999999999, 45.48], [-91.4, 45.48], [-91.39999999999999, 45.48], [-91.32000000000001, 45.48], [-91.32, 45.48], [-91.24000000000001, 45.48], [-91.24, 45.48], [-91.16000000000001, 45.48], [-91.16, 45.48], [-91.08, 45.48], [-91.0, 45.48], [-90.99999999999999, 45.48], [-90.92, 45.48], [-90.91999999999999, 45.48], [-90.84, 45.48], [-90.83999999999999, 45.48], [-90.76, 45.48], [-90.75999999999999, 45.48], [-90.68, 45.48], [-90.67999999999999, 45.48], [-90.60000000000001, 45.48], [-90.6, 45.48], [-90.52000000000001, 45.48], [-90.52, 45.48], [-90.44000000000001, 45.48], [-90.44, 45.48], [-90.36, 45.48], [-90.27999999999999, 45.48], [-90.27999999999999, 45.4], [-90.2, 45.4], [-90.19999999999999, 45.4], [-90.11999999999999, 45.4], [-90.11999999999999, 45.32], [-90.19999999999999, 45.32], [-90.19999999999999, 45.24], [-90.19999999999999, 45.160000000000004], [-90.27999999999999, 45.160000000000004], [-90.28, 45.160000000000004], [-90.36, 45.160000000000004], [-90.44, 45.160000000000004], [-90.44000000000001, 45.160000000000004], [-90.52, 45.160000000000004], [-90.52000000000001, 45.160000000000004], [-90.6, 45.160000000000004], [-90.60000000000001, 45.160000000000004], [-90.67999999999999, 45.160000000000004], [-90.68, 45.160000000000004], [-90.75999999999999, 45.160000000000004], [-90.76, 45.160000000000004], [-90.83999999999999, 45.160000000000004], [-90.84, 45.160000000000004], [-90.91999999999999, 45.160000000000004], [-90.92, 45.160000000000004], [-90.99999999999999, 45.160000000000004], [-91.0, 45.160000000000004], [-91.08, 45.160000000000004], [-91.16, 45.160000000000004], [-91.16000000000001, 45.160000000000004], [-91.24, 45.160000000000004], [-91.24000000000001, 45.160000000000004], [-91.32, 45.160000000000004], [-91.32000000000001, 45.160000000000004], [-91.39999999999999, 45.160000000000004], [-91.4, 45.160000000000004], [-91.47999999999999, 45.160000000000004], [-91.48, 45.160000000000004], [-91.55999999999999, 45.160000000000004], [-91.56, 45.160000000000004], [-91.64, 45.160000000000004], [-91.72, 45.160000000000004], [-91.72000000000001, 45.160000000000004], [-91.8, 45.160000000000004], [-91.80000000000001, 45.160000000000004], [-91.88, 45.160000000000004], [-91.88000000000001, 45.160000000000004], [-91.96, 45.160000000000004], [-91.96000000000001, 45.160000000000004], [-92.03999999999999, 45.160000000000004], [-92.04, 45.160000000000004], [-92.11999999999999, 45.160000000000004], [-92.12, 45.160000000000004], [-92.19999999999999, 45.160000000000004], [-92.2, 45.160000000000004], [-92.27999999999999, 45.160000000000004], [-92.28, 45.160000000000004], [-92.36, 45.160000000000004], [-92.44, 45.160000000000004], [-92.44000000000001, 45.160000000000004], [-92.52, 45.160000000000004], [-92.52000000000001, 45.160000000000004], [-92.6, 45.160000000000004], [-92.60000000000001, 45.160000000000004], [-92.67999999999999, 45.160000000000004], [-92.68, 45.160000000000004], [-92.75999999999999, 45.160000000000004], [-92.76, 45.160000000000004], [-92.83999999999999, 45.160000000000004], [-92.84, 45.160000000000004], [-92.91999999999999, 45.160000000000004], [-92.92, 45.160000000000004], [-92.99999999999999, 45.160000000000004], [-93.0, 45.160000000000004], [-93.08, 45.160000000000004], [-93.16, 45.160000000000004], [-93.16000000000001, 45.160000000000004], [-93.24, 45.160000000000004], [-93.24000000000001, 45.160000000000004], [-93.32, 45.160000000000004], [-93.32000000000001, 45.160000000000004], [-93.39999999999999, 45.160000000000004], [-93.4, 45.160000000000004], [-93.47999999999999, 45.160000000000004], [-93.48, 45.160000000000004], [-93.55999999999999, 45.160000000000004], [-93.56, 45.160000000000004], [-93.64, 45.160000000000004], [-93.72, 45.160000000000004], [-93.72000000000001, 45.160000000000004], [-93.8, 45.160000000000004], [-93.80000000000001, 45.160000000000004], [-93.88, 45.160000000000004], [-93.88000000000001, 45.160000000000004], [-93.96, 45.160000000000004], [-93.96000000000001, 45.160000000000004], [-94.04, 45.160000000000004], [-94.04, 45.24], [-94.11999999999999, 45.24], [-94.11999999999999, 45.160000000000004], [-94.19999999999999, 45.160000000000004], [-94.2, 45.160000000000004], [-94.28, 45.160000000000004], [-94.28, 45.24], [-94.36, 45.24], [-94.36, 45.160000000000004], [-94.44, 45.160000000000004], [-94.44000000000001, 45.160000000000004], [-94.52, 45.160000000000004], [-94.52000000000001, 45.160000000000004], [-94.6, 45.160000000000004], [-94.60000000000001, 45.160000000000004], [-94.67999999999999, 45.160000000000004], [-94.68, 45.160000000000004], [-94.75999999999999, 45.160000000000004], [-94.76, 45.160000000000004], [-94.83999999999999, 45.160000000000004], [-94.84, 45.160000000000004], [-94.91999999999999, 45.160000000000004], [-94.92, 45.160000000000004], [-95.0, 45.160000000000004], [-95.08, 45.160000000000004], [-95.08000000000001, 45.160000000000004], [-95.16, 45.160000000000004], [-95.16000000000001, 45.160000000000004], [-95.24, 45.160000000000004], [-95.24000000000001, 45.160000000000004], [-95.32, 45.160000000000004], [-95.32000000000001, 45.160000000000004], [-95.39999999999999, 45.160000000000004], [-95.4, 45.160000000000004], [-95.47999999999999, 45.160000000000004], [-95.48, 45.160000000000004], [-95.55999999999999, 45.160000000000004], [-95.56, 45.160000000000004], [-95.64, 45.160000000000004], [-95.72, 45.160000000000004], [-95.72000000000001, 45.160000000000004], [-95.8, 45.160000000000004], [-95.80000000000001, 45.160000000000004], [-95.88, 45.160000000000004], [-95.88000000000001, 45.160000000000004], [-95.96, 45.160000000000004], [-95.96000000000001, 45.160000000000004], [-96.03999999999999, 45.160000000000004], [-96.04, 45.160000000000004], [-96.11999999999999, 45.160000000000004], [-96.12, 45.160000000000004], [-96.19999999999999, 45.160000000000004], [-96.2, 45.160000000000004], [-96.27999999999999, 45.160000000000004], [-96.28, 45.160000000000004], [-96.36, 45.160000000000004], [-96.44, 45.160000000000004], [-96.44000000000001, 45.160000000000004], [-96.52, 45.160000000000004], [-96.52000000000001, 45.160000000000004], [-96.6, 45.160000000000004], [-96.60000000000001, 45.160000000000004], [-96.67999999999999, 45.160000000000004], [-96.68, 45.160000000000004], [-96.75999999999999, 45.160000000000004], [-96.76, 45.160000000000004], [-96.83999999999999, 45.160000000000004], [-96.84, 45.160000000000004], [-96.91999999999999, 45.160000000000004], [-96.92, 45.160000000000004], [-97.0, 45.160000000000004], [-97.0, 45.24], [-97.0, 45.32], [-97.08, 45.32], [-97.08000000000001, 45.32], [-97.16000000000001, 45.32], [-97.16000000000001, 45.4], [-97.24000000000001, 45.4], [-97.24000000000001, 45.48]], [[-96.6, 45.24], [-96.52000000000001, 45.24], [-96.52, 45.24], [-96.44000000000001, 45.24], [-96.44000000000001, 45.32], [-96.44000000000001, 45.4], [-96.52, 45.4], [-96.52000000000001, 45.4], [-96.6, 45.4], [-96.60000000000001, 45.4], [-96.67999999999999, 45.4], [-96.67999999999999, 45.32], [-96.67999999999999, 45.24], [-96.60000000000001, 45.24], [-96.6, 45.24]], [[-93.96000000000001, 45.32], [-93.96, 45.32], [-93.88000000000001, 45.32], [-93.88000000000001, 45.4], [-93.96, 45.4], [-93.96000000000001, 45.4], [-94.03999999999999, 45.4], [-94.03999999999999, 45.32], [-93.96000000000001, 45.32]]], [[[-97.4, 45.56], [-97.39999999999999, 45.56], [-97.32000000000001, 45.56], [-97.32, 45.56], [-97.24000000000001, 45.56], [-97.24000000000001, 45.64], [-97.16000000000001, 45.64], [-97.16000000000001, 45.72], [-97.16000000000001, 45.8], [-97.08000000000001, 45.8], [-97.08, 45.8], [-97.0, 45.8], [-96.92, 45.8], [-96.91999999999999, 45.8], [-96.84, 45.8], [-96.83999999999999, 45.8], [-96.76, 45.8], [-96.75999999999999, 45.8], [-96.68, 45.8], [-96.67999999999999, 45.8], [-96.60000000000001, 45.8], [-96.6, 45.8], [-96.52000000000001, 45.8], [-96.52, 45.8], [-96.44000000000001, 45.8], [-96.44, 45.8], [-96.36, 45.8], [-96.28, 45.8], [-96.27999999999999, 45.8], [-96.2, 45.8], [-96.19999999999999, 45.8], [-96.12, 45.8], [-96.11999999999999, 45.8], [-96.04, 45.8], [-96.03999999999999, 45.8], [-95.96000000000001, 45.8], [-95.96, 45.8], [-95.88000000000001, 45.8], [-95.88, 45.8], [-95.80000000000001, 45.8], [-95.8, 45.8], [-95.72000000000001, 45.8], [-95.72, 45.8], [-95.64, 45.8], [-95.56, 45.8], [-95.55999999999999, 45.8], [-95.48, 45.8], [-95.47999999999999, 45.8], [-95.4, 45.8], [-95.39999999999999, 45.8], [-95.32000000000001, 45.8], [-95.32, 45.8], [-95.24000000000001, 45.8], [-95.24, 45.8], [-95.16000000000001, 45.8], [-95.16, 45.8], [-95.08000000000001, 45.8], [-95.08, 45.8], [-95.0, 45.8], [-94.92, 45.8], [-94.91999999999999, 45.8], [-94.84, 45.8], [-94.83999999999999, 45.8], [-94.76, 45.8], [-94.75999999999999, 45.8], [-94.68, 45.8], [-94.67999999999999, 45.8], [-94.60000000000001, 45.8], [-94.6, 45.8], [-94.52000000000001, 45.8], [-94.52, 45.8], [-94.44000000000001, 45.8], [-94.44, 45.8], [-94.36, 45.8], [-94.28, 45.8], [-94.27999999999999, 45.8], [-94.2, 45.8], [-94.19999999999999, 45.8], [-94.12, 45.8], [-94.11999999999999, 45.8], [-94.04, 45.8], [-94.03999999999999, 45.8], [-93.96000000000001, 45.8], [-93.96, 45.8], [-93.88000000000001, 45.8], [-93.88, 45.8], [-93.80000000000001, 45.8], [-93.8, 45.8], [-93.72000000000001, 45.8], [-93.72, 45.8], [-93.64, 45.8], [-93.56, 45.8], [-93.55999999999999, 45.8], [-93.48, 45.8], [-93.47999999999999, 45.8], [-93.4, 45.8], [-93.39999999999999, 45.8], [-93.32000000000001, 45.8], [-93.32, 45.8], [-93.24000000000001, 45.8], [-93.24, 45.8], [-93.16000000000001, 45.8], [-93.16, 45.8], [-93.08, 45.8], [-93.0, 45.8], [-92.99999999999999, 45.8], [-92.92, 45.8], [-92.91999999999999, 45.8], [-92.84, 45.8], [-92.83999999999999, 45.8], [-92.76, 45.8], [-92.75999999999999, 45.8], [-92.68, 45.8], [-92.67999999999999, 45.8], [-92.60000000000001, 45.8], [-92.6, 45.8], [-92.52000000000001, 45.8], [-92.52, 45.8], [-92.44000000000001, 45.8], [-92.44, 45.8], [-92.36, 45.8], [-92.28, 45.8], [-92.27999999999999, 45.8], [-92.2, 45.8], [-92.19999999999999, 45.8], [-92.12, 45.8], [-92.11999999999999, 45.8], [-92.04, 45.8], [-92.03999999999999, 45.8], [-91.96000000000001, 45.8], [-91.96, 45.8], [-91.88000000000001, 45.8], [-91.88, 45.8], [-91.80000000000001, 45.8], [-91.8, 45.8], [-91.72000000000001, 45.8], [-91.72, 45.8], [-91.64, 45.8], [-91.56, 45.8], [-91.55999999999999, 45.8], [-91.48, 45.8], [-91.47999999999999, 45.8], [-91.4, 45.8], [-91.39999999999999, 45.8], [-91.32000000000001, 45.8], [-91.32, 45.8], [-91.24000000000001, 45.8], [-91.24, 45.8], [-91.16000000000001, 45.8], [-91.16, 45.8], [-91.08, 45.8], [-91.0, 45.8], [-90.99999999999999, 45.8], [-90.92, 45.8], [-90.91999999999999, 45.8], [-90.84, 45.8], [-90.83999999999999, 45.8], [-90.76, 45.8], [-90.75999999999999, 45.8], [-90.68, 45.8], [-90.67999999999999, 45.8], [-90.60000000000001, 45.8], [-90.6, 45.8], [-90.52000000000001, 45.8], [-90.52, 45.8], [-90.44000000000001, 45.8], [-90.44, 45.8], [-90.36, 45.8], [-90.28, 45.8], [-90.27999999999999, 45.8], [-90.2, 45.8], [-90.19999999999999, 45.8], [-90.11999999999999, 45.8], [-90.11999999999999, 45.72], [-90.19999999999999, 45.72], [-90.19999999999999, 45.64], [-90.19999999999999, 45.56], [-90.27999999999999, 45.56], [-90.27999999999999, 45.480000000000004], [-90.36, 45.480000000000004], [-90.44, 45.480000000000004], [-90.44000000000001, 45.480000000000004], [-90.52, 45.480000000000004], [-90.52000000000001, 45.480000000000004], [-90.6, 45.480000000000004], [-90.60000000000001, 45.480000000000004], [-90.67999999999999, 45.480000000000004], [-90.68, 45.480000000000004], [-90.75999999999999, 45.480000000000004], [-90.76, 45.480000000000004], [-90.83999999999999, 45.480000000000004], [-90.84, 45.480000000000004], [-90.91999999999999, 45.480000000000004], [-90.92, 45.480000000000004], [-90.99999999999999, 45.480000000000004], [-91.0, 45.480000000000004], [-91.08, 45.480000000000004], [-91.16, 45.480000000000004], [-91.16000000000001, 45.480000000000004], [-91.24, 45.480000000000004], [-91.24000000000001, 45.480000000000004], [-91.32, 45.480000000000004], [-91.32000000000001, 45.480000000000004], [-91.39999999999999, 45.480000000000004], [-91.4, 45.480000000000004], [-91.47999999999999, 45.480000000000004], [-91.48, 45.480000000000004], [-91.55999999999999, 45.480000000000004], [-91.56, 45.480000000000004], [-91.64, 45.480000000000004], [-91.72, 45.480000000000004], [-91.72000000000001, 45.480000000000004], [-91.8, 45.480000000000004], [-91.80000000000001, 45.480000000000004], [-91.88, 45.480000000000004], [-91.88000000000001, 45.480000000000004], [-91.96, 45.480000000000004], [-91.96000000000001, 45.480000000000004], [-92.03999999999999, 45.480000000000004], [-92.04, 45.480000000000004], [-92.11999999999999, 45.480000000000004], [-92.12, 45.480000000000004], [-92.19999999999999, 45.480000000000004], [-92.2, 45.480000000000004], [-92.27999999999999, 45.480000000000004], [-92.28, 45.480000000000004], [-92.36, 45.480000000000004], [-92.44, 45.480000000000004], [-92.44000000000001, 45.480000000000004], [-92.52, 45.480000000000004], [-92.52000000000001, 45.480000000000004], [-92.6, 45.480000000000004], [-92.60000000000001, 45.480000000000004], [-92.67999999999999, 45.480000000000004], [-92.68, 45.480000000000004], [-92.75999999999999, 45.480000000000004], [-92.76, 45.480000000000004], [-92.83999999999999, 45.480000000000004], [-92.84, 45.480000000000004], [-92.91999999999999, 45.480000000000004], [-92.92, 45.480000000000004], [-92.99999999999999, 45.480000000000004], [-93.0, 45.480000000000004], [-93.08, 45.480000000000004], [-93.16, 45.480000000000004], [-93.16000000000001, 45.480000000000004], [-93.24, 45.480000000000004], [-93.24000000000001, 45.480000000000004], [-93.32, 45.480000000000004], [-93.32000000000001, 45.480000000000004], [-93.39999999999999, 45.480000000000004], [-93.4, 45.480000000000004], [-93.47999999999999, 45.480000000000004], [-93.48, 45.480000000000004], [-93.55999999999999, 45.480000000000004], [-93.56, 45.480000000000004], [-93.64, 45.480000000000004], [-93.72, 45.480000000000004], [-93.72000000000001, 45.480000000000004], [-93.8, 45.480000000000004], [-93.80000000000001, 45.480000000000004], [-93.88, 45.480000000000004], [-93.88000000000001, 45.480000000000004], [-93.96, 45.480000000000004], [-93.96000000000001, 45.480000000000004], [-94.03999999999999, 45.480000000000004], [-94.04, 45.480000000000004], [-94.11999999999999, 45.480000000000004], [-94.12, 45.480000000000004], [-94.19999999999999, 45.480000000000004], [-94.2, 45.480000000000004], [-94.27999999999999, 45.480000000000004], [-94.28, 45.480000000000004], [-94.36, 45.480000000000004], [-94.44, 45.480000000000004], [-94.44000000000001, 45.480000000000004], [-94.52, 45.480000000000004], [-94.52000000000001, 45.480000000000004], [-94.6, 45.480000000000004], [-94.60000000000001, 45.480000000000004], [-94.67999999999999, 45.480000000000004], [-94.68, 45.480000000000004], [-94.75999999999999, 45.480000000000004], [-94.76, 45.480000000000004], [-94.83999999999999, 45.480000000000004], [-94.84, 45.480000000000004], [-94.91999999999999, 45.480000000000004], [-94.92, 45.480000000000004], [-95.0, 45.480000000000004], [-95.08, 45.480000000000004], [-95.08000000000001, 45.480000000000004], [-95.16, 45.480000000000004], [-95.16000000000001, 45.480000000000004], [-95.24, 45.480000000000004], [-95.24000000000001, 45.480000000000004], [-95.32, 45.480000000000004], [-95.32000000000001, 45.480000000000004], [-95.39999999999999, 45.480000000000004], [-95.4, 45.480000000000004], [-95.47999999999999, 45.480000000000004], [-95.48, 45.480000000000004], [-95.55999999999999, 45.480000000000004], [-95.56, 45.480000000000004], [-95.64, 45.480000000000004], [-95.72, 45.480000000000004], [-95.72000000000001, 45.480000000000004], [-95.8, 45.480000000000004], [-95.80000000000001, 45.480000000000004], [-95.88, 45.480000000000004], [-95.88000000000001, 45.480000000000004], [-95.96, 45.480000000000004], [-95.96000000000001, 45.480000000000004], [-96.03999999999999, 45.480000000000004], [-96.04, 45.480000000000004], [-96.11999999999999, 45.480000000000004], [-96.12, 45.480000000000004], [-96.19999999999999, 45.480000000000004], [-96.2, 45.480000000000004], [-96.27999999999999, 45.480000000000004], [-96.28, 45.480000000000004], [-96.36, 45.480000000000004], [-96.44, 45.480000000000004], [-96.44000000000001, 45.480000000000004], [-96.52, 45.480000000000004], [-96.52000000000001, 45.480000000000004], [-96.6, 45.480000000000004], [-96.60000000000001, 45.480000000000004], [-96.67999999999999, 45.480000000000004], [-96.68, 45.480000000000004], [-96.75999999999999, 45.480000000000004], [-96.76, 45.480000000000004], [-96.83999999999999, 45.480000000000004], [-96.84, 45.480000000000004], [-96.91999999999999, 45.480000000000004], [-96.92, 45.480000000000004], [-97.0, 45.480000000000004], [-97.08, 45.480000000000004], [-97.08000000000001, 45.480000000000004], [-97.16, 45.480000000000004], [-97.16000000000001, 45.480000000000004], [-97.24, 45.480000000000004], [-97.24000000000001, 45.480000000000004], [-97.32, 45.480000000000004], [-97.32000000000001, 45.480000000000004], [-97.39999999999999, 45.480000000000004], [-97.4, 45.480000000000004], [-97.48, 45.480000000000004], [-97.48, 45.56], [-97.4, 45.56]]], [[[-97.16, 46.199999999999996], [-97.08000000000001, 46.199999999999996], [-97.08, 46.199999999999996], [-97.0, 46.199999999999996], [-96.92, 46.199999999999996], [-96.91999999999999, 46.199999999999996], [-96.84, 46.199999999999996], [-96.83999999999999, 46.199999999999996], [-96.76, 46.199999999999996], [-96.75999999999999, 46.199999999999996], [-96.68, 46.199999999999996], [-96.67999999999999, 46.199999999999996], [-96.60000000000001, 46.199999999999996], [-96.6, 46.199999999999996], [-96.52000000000001, 46.199999999999996], [-96.52, 46.199999999999996], [-96.44000000000001, 46.199999999999996], [-96.44, 46.199999999999996], [-96.36, 46.199999999999996], [-96.28, 46.199999999999996], [-96.27999999999999, 46.199999999999996], [-96.2, 46.199999999999996], [-96.19999999999999, 46.199999999999996], [-96.12, 46.199999999999996], [-96.11999999999999, 46.199999999999996], [-96.04, 46.199999999999996], [-96.03999999999999, 46.199999999999996], [-95.96000000000001, 46.199999999999996], [-95.96, 46.199999999999996], [-95.88000000000001, 46.199999999999996], [-95.88, 46.199999999999996], [-95.80000000000001, 46.199999999999996], [-95.8, 46.199999999999996], [-95.72000000000001, 46.199999999999996], [-95.72, 46.199999999999996], [-95.64, 46.199999999999996], [-95.56, 46.199999999999996], [-95.55999999999999, 46.199999999999996], [-95.48, 46.199999999999996], [-95.47999999999999, 46.199999999999996], [-95.4, 46.199999999999996], [-95.39999999999999, 46.199999999999996], [-95.32000000000001, 46.199999999999996], [-95.32, 46.199999999999996], [-95.24000000000001, 46.199999999999996], [-95.24, 46.199999999999996], [-95.16000000000001, 46.199999999999996], [-95.16, 46.199999999999996], [-95.08000000000001, 46.199999999999996], [-95.08, 46.199999999999996], [-95.0, 46.199999999999996], [-94.92, 46.199999999999996], [-94.91999999999999, 46.199999999999996], [-94.84, 46.199999999999996], [-94.83999999999999, 46.199999999999996], [-94.76, 46.199999999999996], [-94.75999999999999, 46.199999999999996], [-94.68, 46.199999999999996], [-94.67999999999999, 46.199999999999996], [-94.60000000000001, 46.199999999999996], [-94.6, 46.199999999999996], [-94.52000000000001, 46.199999999999996], [-94.52, 46.199999999999996], [-94.44000000000001, 46.199999999999996], [-94.44, 46.199999999999996], [-94.36, 46.199999999999996], [-94.28, 46.199999999999996], [-94.27999999999999, 46.199999999999996], [-94.2, 46.199999999999996], [-94.19999999999999, 46.199999999999996], [-94.12, 46.199999999999996], [-94.11999999999999, 46.199999999999996], [-94.04, 46.199999999999996], [-94.03999999999999, 46.199999999999996], [-93.96000000000001, 46.199999999999996], [-93.96, 46.199999999999996], [-93.88000000000001, 46.199999999999996], [-93.88, 46.199999999999996], [-93.80000000000001, 46.199999999999996], [-93.8, 46.199999999999996], [-93.72000000000001, 46.199999999999996], [-93.72, 46.199999999999996], [-93.64, 46.199999999999996], [-93.56, 46.199999999999996], [-93.55999999999999, 46.199999999999996], [-93.48, 46.199999999999996], [-93.47999999999999, 46.199999999999996], [-93.4, 46.199999999999996], [-93.39999999999999, 46.199999999999996], [-93.32000000000001, 46.199999999999996], [-93.32, 46.199999999999996], [-93.24000000000001, 46.199999999999996], [-93.24, 46.199999999999996], [-93.16000000000001, 46.199999999999996], [-93.16, 46.199999999999996], [-93.08, 46.199999999999996], [-93.0, 46.199999999999996], [-92.99999999999999, 46.199999999999996], [-92.92, 46.199999999999996], [-92.91999999999999, 46.199999999999996], [-92.84, 46.199999999999996], [-92.83999999999999, 46.199999999999996], [-92.76, 46.199999999999996], [-92.75999999999999, 46.199999999999996], [-92.68, 46.199999999999996], [-92.67999999999999, 46.199999999999996], [-92.60000000000001, 46.199999999999996], [-92.6, 46.199999999999996], [-92.52000000000001, 46.199999999999996], [-92.52, 46.199999999999996], [-92.44000000000001, 46.199999999999996], [-92.44, 46.199999999999996], [-92.36, 46.199999999999996], [-92.28, 46.199999999999996], [-92.27999999999999, 46.199999999999996], [-92.2, 46.199999999999996], [-92.19999999999999, 46.199999999999996], [-92.12, 46.199999999999996], [-92.11999999999999, 46.199999999999996], [-92.04, 46.199999999999996], [-92.03999999999999, 46.199999999999996], [-91.96000000000001, 46.199999999999996], [-91.96, 46.199999999999996], [-91.88000000000001, 46.199999999999996], [-91.88, 46.199999999999996], [-91.80000000000001, 46.199999999999996], [-91.8, 46.199999999999996], [-91.72000000000001, 46.199999999999996], [-91.72, 46.199999999999996], [-91.64, 46.199999999999996], [-91.56, 46.199999999999996], [-91.55999999999999, 46.199999999999996], [-91.48, 46.199999999999996], [-91.47999999999999, 46.199999999999996], [-91.4, 46.199999999999996], [-91.39999999999999, 46.199999999999996], [-91.32000000000001, 46.199999999999996], [-91.32, 46.199999999999996], [-91.24000000000001, 46.199999999999996], [-91.24, 46.199999999999996], [-91.16000000000001, 46.199999999999996], [-91.16, 46.199999999999996], [-91.08, 46.199999999999996], [-91.0, 46.199999999999996], [-90.99999999999999, 46.199999999999996], [-90.92, 46.199999999999996], [-90.91999999999999, 46.199999999999996], [-90.84, 46.199999999999996], [-90.83999999999999, 46.199999999999996], [-90.76, 46.199999999999996], [-90.75999999999999, 46.199999999999996], [-90.68, 46.199999999999996], [-90.67999999999999, 46.199999999999996], [-90.60000000000001, 46.199999999999996], [-90.6, 46.199999999999996], [-90.52000000000001, 46.199999999999996], [-90.52, 46.199999999999996], [-90.44000000000001, 46.199999999999996], [-90.44, 46.199999999999996], [-90.36, 46.199999999999996], [-90.28, 46.199999999999996], [-90.27999999999999, 46.199999999999996], [-90.2, 46.199999999999996], [-90.19999999999999, 46.199999999999996], [-90.11999999999999, 46.199999999999996], [-90.11999999999999, 46.12], [-90.19999999999999, 46.12], [-90.19999999999999, 46.04], [-90.19999999999999, 45.96], [-90.19999999999999, 45.88], [-90.27999999999999, 45.88], [-90.27999999999999, 45.800000000000004], [-90.36, 45.800000000000004], [-90.44, 45.800000000000004], [-90.44000000000001, 45.800000000000004], [-90.52, 45.800000000000004], [-90.52000000000001, 45.800000000000004], [-90.6, 45.800000000000004], [-90.60000000000001, 45.800000000000004], [-90.67999999999999, 45.800000000000004], [-90.68, 45.800000000000004], [-90.75999999999999, 45.800000000000004], [-90.76, 45.800000000000004], [-90.83999999999999, 45.800000000000004], [-90.84, 45.800000000000004], [-90.91999999999999, 45.800000000000004], [-90.92, 45.800000000000004], [-90.99999999999999, 45.800000000000004], [-91.0, 45.800000000000004], [-91.08, 45.800000000000004], [-91.16, 45.800000000000004], [-91.16000000000001, 45.800000000000004], [-91.24, 45.800000000000004], [-91.24000000000001, 45.800000000000004], [-91.32, 45.800000000000004], [-91.32000000000001, 45.800000000000004], [-91.39999999999999, 45.800000000000004], [-91.4, 45.800000000000004], [-91.47999999999999, 45.800000000000004], [-91.48, 45.800000000000004], [-91.55999999999999, 45.800000000000004], [-91.56, 45.800000000000004], [-91.64, 45.800000000000004], [-91.72, 45.800000000000004], [-91.72000000000001, 45.800000000000004], [-91.8, 45.800000000000004], [-91.80000000000001, 45.800000000000004], [-91.88, 45.800000000000004], [-91.88000000000001, 45.800000000000004], [-91.96, 45.800000000000004], [-91.96000000000001, 45.800000000000004], [-92.03999999999999, 45.800000000000004], [-92.04, 45.800000000000004], [-92.11999999999999, 45.800000000000004], [-92.12, 45.800000000000004], [-92.19999999999999, 45.800000000000004], [-92.2, 45.800000000000004], [-92.27999999999999, 45.800000000000004], [-92.28, 45.800000000000004], [-92.36, 45.800000000000004], [-92.44, 45.800000000000004], [-92.44000000000001, 45.800000000000004], [-92.52, 45.800000000000004], [-92.52000000000001, 45.800000000000004], [-92.6, 45.800000000000004], [-92.60000000000001, 45.800000000000004], [-92.67999999999999, 45.800000000000004], [-92.68, 45.800000000000004], [-92.75999999999999, 45.800000000000004], [-92.76, 45.800000000000004], [-92.83999999999999, 45.800000000000004], [-92.84, 45.800000000000004], [-92.91999999999999, 45.800000000000004], [-92.92, 45.800000000000004], [-92.99999999999999, 45.800000000000004], [-93.0, 45.800000000000004], [-93.08, 45.800000000000004], [-93.16, 45.800000000000004], [-93.16000000000001, 45.800000000000004], [-93.24, 45.800000000000004], [-93.24000000000001, 45.800000000000004], [-93.32, 45.800000000000004], [-93.32000000000001, 45.800000000000004], [-93.39999999999999, 45.800000000000004], [-93.4, 45.800000000000004], [-93.47999999999999, 45.800000000000004], [-93.48, 45.800000000000004], [-93.55999999999999, 45.800000000000004], [-93.56, 45.800000000000004], [-93.64, 45.800000000000004], [-93.72, 45.800000000000004], [-93.72000000000001, 45.800000000000004], [-93.8, 45.800000000000004], [-93.80000000000001, 45.800000000000004], [-93.88, 45.800000000000004], [-93.88000000000001, 45.800000000000004], [-93.96, 45.800000000000004], [-93.96000000000001, 45.800000000000004], [-94.03999999999999, 45.800000000000004], [-94.04, 45.800000000000004], [-94.11999999999999, 45.800000000000004], [-94.12, 45.800000000000004], [-94.19999999999999, 45.800000000000004], [-94.2, 45.800000000000004], [-94.27999999999999, 45.800000000000004], [-94.28, 45.800000000000004], [-94.36, 45.800000000000004], [-94.44, 45.800000000000004], [-94.44000000000001, 45.800000000000004], [-94.52, 45.800000000000004], [-94.52000000000001, 45.800000000000004], [-94.6, 45.800000000000004], [-94.60000000000001, 45.800000000000004], [-94.67999999999999, 45.800000000000004], [-94.68, 45.800000000000004], [-94.75999999999999, 45.800000000000004], [-94.76, 45.800000000000004], [-94.83999999999999, 45.800000000000004], [-94.84, 45.800000000000004], [-94.91999999999999, 45.800000000000004], [-94.92, 45.800000000000004], [-95.0, 45.800000000000004], [-95.08, 45.800000000000004], [-95.08000000000001, 45.800000000000004], [-95.16, 45.800000000000004], [-95.16000000000001, 45.800000000000004], [-95.24, 45.800000000000004], [-95.24000000000001, 45.800000000000004], [-95.32, 45.800000000000004], [-95.32000000000001, 45.800000000000004], [-95.39999999999999, 45.800000000000004], [-95.4, 45.800000000000004], [-95.47999999999999, 45.800000000000004], [-95.48, 45.800000000000004], [-95.55999999999999, 45.800000000000004], [-95.56, 45.800000000000004], [-95.64, 45.800000000000004], [-95.72, 45.800000000000004], [-95.72000000000001, 45.800000000000004], [-95.8, 45.800000000000004], [-95.80000000000001, 45.800000000000004], [-95.88, 45.800000000000004], [-95.88000000000001, 45.800000000000004], [-95.96, 45.800000000000004], [-95.96000000000001, 45.800000000000004], [-96.03999999999999, 45.800000000000004], [-96.04, 45.800000000000004], [-96.11999999999999, 45.800000000000004], [-96.12, 45.800000000000004], [-96.19999999999999, 45.800000000000004], [-96.2, 45.800000000000004], [-96.27999999999999, 45.800000000000004], [-96.28, 45.800000000000004], [-96.36, 45.800000000000004], [-96.44, 45.800000000000004], [-96.44000000000001, 45.800000000000004], [-96.52, 45.800000000000004], [-96.52000000000001, 45.800000000000004], [-96.6, 45.800000000000004], [-96.60000000000001, 45.800000000000004], [-96.67999999999999, 45.800000000000004], [-96.68, 45.800000000000004], [-96.75999999999999, 45.800000000000004], [-96.76, 45.800000000000004], [-96.83999999999999, 45.800000000000004], [-96.84, 45.800000000000004], [-96.91999999999999, 45.800000000000004], [-96.92, 45.800000000000004], [-97.0, 45.800000000000004], [-97.08, 45.800000000000004], [-97.08000000000001, 45.800000000000004], [-97.16, 45.800000000000004], [-97.16000000000001, 45.800000000000004], [-97.24000000000001, 45.800000000000004], [-97.24000000000001, 45.88], [-97.24000000000001, 45.96], [-97.16000000000001, 45.96], [-97.16000000000001, 46.04], [-97.24000000000001, 46.04], [-97.24000000000001, 46.12], [-97.24000000000001, 46.199999999999996], [-97.16000000000001, 46.199999999999996], [-97.16, 46.199999999999996]]], [[[-96.6, 44.44], [-96.52000000000001, 44.44], [-96.52, 44.44], [-96.44, 44.44], [-96.44, 44.36], [-96.36, 44.36], [-96.36, 44.28], [-96.27999999999999, 44.28], [-96.27999999999999, 44.2], [-96.36, 44.2], [-96.44, 44.2], [-96.44000000000001, 44.2], [-96.52, 44.2], [-96.52000000000001, 44.2], [-96.6, 44.2], [-96.60000000000001, 44.2], [-96.68, 44.2], [-96.68, 44.28], [-96.75999999999999, 44.28], [-96.76, 44.28], [-96.84, 44.28], [-96.84, 44.36], [-96.76, 44.36], [-96.76, 44.44], [-96.68, 44.44], [-96.67999999999999, 44.44], [-96.60000000000001, 44.44], [-96.6, 44.44]]], [[[-96.68, 44.839999999999996], [-96.67999999999999, 44.839999999999996], [-96.6, 44.839999999999996], [-96.6, 44.76], [-96.67999999999999, 44.76], [-96.67999999999999, 44.68], [-96.75999999999999, 44.68], [-96.75999999999999, 44.6], [-96.75999999999999, 44.52], [-96.84, 44.52], [-96.84, 44.6], [-96.92, 44.6], [-96.92, 44.68], [-96.84, 44.68], [-96.84, 44.76], [-96.84, 44.839999999999996], [-96.76, 44.839999999999996], [-96.75999999999999, 44.839999999999996], [-96.68, 44.839999999999996]]], [[[-97.0, 45.08], [-97.0, 45.0], [-96.92, 45.0], [-96.91999999999999, 45.0], [-96.83999999999999, 45.0], [-96.83999999999999, 44.92], [-96.75999999999999, 44.92], [-96.75999999999999, 44.84], [-96.83999999999999, 44.84], [-96.84, 44.84], [-96.91999999999999, 44.84], [-96.92, 44.84], [-97.0, 44.84], [-97.0, 44.92], [-97.08000000000001, 44.92], [-97.08000000000001, 45.0], [-97.08000000000001, 45.08], [-97.0, 45.08]]], [[[-96.84, 45.08], [-96.91999999999999, 45.08], [-96.92, 45.08], [-97.0, 45.08], [-97.0, 45.16], [-96.92, 45.16], [-96.91999999999999, 45.16], [-96.84, 45.16], [-96.83999999999999, 45.16], [-96.76, 45.16], [-96.75999999999999, 45.16], [-96.68, 45.16], [-96.67999999999999, 45.16], [-96.60000000000001, 45.16], [-96.6, 45.16], [-96.52000000000001, 45.16], [-96.52, 45.16], [-96.44000000000001, 45.16], [-96.44, 45.16], [-96.36, 45.16], [-96.28, 45.16], [-96.27999999999999, 45.16], [-96.2, 45.16], [-96.19999999999999, 45.16], [-96.12, 45.16], [-96.11999999999999, 45.16], [-96.04, 45.16], [-96.03999999999999, 45.16], [-95.96000000000001, 45.16], [-95.96, 45.16], [-95.88000000000001, 45.16], [-95.88, 45.16], [-95.80000000000001, 45.16], [-95.8, 45.16], [-95.72000000000001, 45.16], [-95.72, 45.16], [-95.64, 45.16], [-95.56, 45.16], [-95.55999999999999, 45.16], [-95.48, 45.16], [-95.47999999999999, 45.16], [-95.4, 45.16], [-95.39999999999999, 45.16], [-95.32000000000001, 45.16], [-95.32, 45.16], [-95.24000000000001, 45.16], [-95.24, 45.16], [-95.16000000000001, 45.16], [-95.16, 45.16], [-95.08000000000001, 45.16], [-95.08, 45.16], [-95.0, 45.16], [-94.92, 45.16], [-94.91999999999999, 45.16], [-94.84, 45.16], [-94.83999999999999, 45.16], [-94.76, 45.16], [-94.75999999999999, 45.16], [-94.68, 45.16], [-94.67999999999999, 45.16], [-94.60000000000001, 45.16], [-94.6, 45.16], [-94.52000000000001, 45.16], [-94.52, 45.16], [-94.44000000000001, 45.16], [-94.44, 45.16], [-94.36, 45.16], [-94.36, 45.08], [-94.28, 45.08], [-94.27999999999999, 45.08], [-94.2, 45.08], [-94.19999999999999, 45.08], [-94.11999999999999, 45.08], [-94.11999999999999, 45.0], [-94.04, 45.0], [-94.04, 45.08], [-93.96000000000001, 45.08], [-93.96000000000001, 45.16], [-93.88000000000001, 45.16], [-93.88, 45.16], [-93.80000000000001, 45.16], [-93.8, 45.16], [-93.72000000000001, 45.16], [-93.72, 45.16], [-93.64, 45.16], [-93.56, 45.16], [-93.55999999999999, 45.16], [-93.48, 45.16], [-93.47999999999999, 45.16], [-93.4, 45.16], [-93.39999999999999, 45.16], [-93.32000000000001, 45.16], [-93.32, 45.16], [-93.24000000000001, 45.16], [-93.24, 45.16], [-93.16000000000001, 45.16], [-93.16, 45.16], [-93.08, 45.16], [-93.0, 45.16], [-92.99999999999999, 45.16], [-92.92, 45.16], [-92.91999999999999, 45.16], [-92.84, 45.16], [-92.83999999999999, 45.16], [-92.76, 45.16], [-92.75999999999999, 45.16], [-92.68, 45.16], [-92.67999999999999, 45.16], [-92.60000000000001, 45.16], [-92.6, 45.16], [-92.52000000000001, 45.16], [-92.52, 45.16], [-92.44000000000001, 45.16], [-92.44, 45.16], [-92.36, 45.16], [-92.28, 45.16], [-92.27999999999999, 45.16], [-92.2, 45.16], [-92.19999999999999, 45.16], [-92.12, 45.16], [-92.11999999999999, 45.16], [-92.04, 45.16], [-92.03999999999999, 45.16], [-91.96000000000001, 45.16], [-91.96, 45.16], [-91.88000000000001, 45.16], [-91.88, 45.16], [-91.80000000000001, 45.16], [-91.8, 45.16], [-91.72000000000001, 45.16], [-91.72, 45.16], [-91.64, 45.16], [-91.56, 45.16], [-91.55999999999999, 45.16], [-91.48, 45.16], [-91.47999999999999, 45.16], [-91.4, 45.16], [-91.39999999999999, 45.16], [-91.32000000000001, 45.16], [-91.32, 45.16], [-91.24000000000001, 45.16], [-91.24, 45.16], [-91.16000000000001, 45.16], [-91.16, 45.16], [-91.08, 45.16], [-91.0, 45.16], [-90.99999999999999, 45.16], [-90.92, 45.16], [-90.91999999999999, 45.16], [-90.84, 45.16], [-90.83999999999999, 45.16], [-90.76, 45.16], [-90.75999999999999, 45.16], [-90.68, 45.16], [-90.67999999999999, 45.16], [-90.60000000000001, 45.16], [-90.6, 45.16], [-90.52000000000001, 45.16], [-90.52, 45.16], [-90.44000000000001, 45.16], [-90.44, 45.16], [-90.36, 45.16], [-90.27999999999999, 45.16], [-90.27999999999999, 45.08], [-90.27999999999999, 45.0], [-90.27999999999999, 44.92], [-90.36, 44.92], [-90.36, 44.84], [-90.44, 44.84], [-90.44000000000001, 44.84], [-90.52, 44.84], [-90.52000000000001, 44.84], [-90.6, 44.84], [-90.60000000000001, 44.84], [-90.67999999999999, 44.84], [-90.68, 44.84], [-90.75999999999999, 44.84], [-90.76, 44.84], [-90.83999999999999, 44.84], [-90.84, 44.84], [-90.91999999999999, 44.84], [-90.92, 44.84], [-90.99999999999999, 44.84], [-91.0, 44.84], [-91.08, 44.84], [-91.16, 44.84], [-91.16000000000001, 44.84], [-91.24, 44.84], [-91.24000000000001, 44.84], [-91.32, 44.84], [-91.32000000000001, 44.84], [-91.39999999999999, 44.84], [-91.4, 44.84], [-91.47999999999999, 44.84], [-91.48, 44.84], [-91.55999999999999, 44.84], [-91.56, 44.84], [-91.64, 44.84], [-91.72, 44.84], [-91.72000000000001, 44.84], [-91.8, 44.84], [-91.80000000000001, 44.84], [-91.88, 44.84], [-91.88000000000001, 44.84], [-91.96, 44.84], [-91.96000000000001, 44.84], [-92.03999999999999, 44.84], [-92.04, 44.84], [-92.11999999999999, 44.84], [-92.12, 44.84], [-92.19999999999999, 44.84], [-92.2, 44.84], [-92.27999999999999, 44.84], [-92.28, 44.84], [-92.36, 44.84], [-92.44, 44.84], [-92.44000000000001, 44.84], [-92.52, 44.84], [-92.52000000000001, 44.84], [-92.6, 44.84], [-92.60000000000001, 44.84], [-92.67999999999999, 44.84], [-92.68, 44.84], [-92.75999999999999, 44.84], [-92.76, 44.84], [-92.83999999999999, 44.84], [-92.84, 44.84], [-92.91999999999999, 44.84], [-92.92, 44.84], [-92.99999999999999, 44.84], [-93.0, 44.84], [-93.08, 44.84], [-93.16, 44.84], [-93.16000000000001, 44.84], [-93.24, 44.84], [-93.24000000000001, 44.84], [-93.32, 44.84], [-93.32000000000001, 44.84], [-93.39999999999999, 44.84], [-93.4, 44.84], [-93.47999999999999, 44.84], [-93.48, 44.84], [-93.55999999999999, 44.84], [-93.56, 44.84], [-93.64, 44.84], [-93.72, 44.84], [-93.72000000000001, 44.84], [-93.8, 44.84], [-93.80000000000001, 44.84], [-93.88, 44.84], [-93.88000000000001, 44.84], [-93.96, 44.84], [-93.96000000000001, 44.84], [-94.03999999999999, 44.84], [-94.04, 44.84], [-94.12, 44.84], [-94.12, 44.92], [-94.12, 45.0], [-94.19999999999999, 45.0], [-94.2, 45.0], [-94.27999999999999, 45.0], [-94.27999999999999, 44.92], [-94.27999999999999, 44.84], [-94.36, 44.84], [-94.44, 44.84], [-94.44000000000001, 44.84], [-94.52, 44.84], [-94.52000000000001, 44.84], [-94.6, 44.84], [-94.60000000000001, 44.84], [-94.67999999999999, 44.84], [-94.68, 44.84], [-94.75999999999999, 44.84], [-94.76, 44.84], [-94.83999999999999, 44.84], [-94.84, 44.84], [-94.91999999999999, 44.84], [-94.92, 44.84], [-95.0, 44.84], [-95.08, 44.84], [-95.08000000000001, 44.84], [-95.16, 44.84], [-95.16000000000001, 44.84], [-95.24, 44.84], [-95.24000000000001, 44.84], [-95.32, 44.84], [-95.32000000000001, 44.84], [-95.39999999999999, 44.84], [-95.4, 44.84], [-95.47999999999999, 44.84], [-95.48, 44.84], [-95.55999999999999, 44.84], [-95.56, 44.84], [-95.64, 44.84], [-95.72, 44.84], [-95.72000000000001, 44.84], [-95.8, 44.84], [-95.80000000000001, 44.84], [-95.88, 44.84], [-95.88000000000001, 44.84], [-95.96, 44.84], [-95.96000000000001, 44.84], [-96.03999999999999, 44.84], [-96.04, 44.84], [-96.11999999999999, 44.84], [-96.12, 44.84], [-96.19999999999999, 44.84], [-96.2, 44.84], [-96.27999999999999, 44.84], [-96.28, 44.84], [-96.36, 44.84], [-96.36, 44.92], [-96.44000000000001, 44.92], [-96.44000000000001, 45.0], [-96.52, 45.0], [-96.52000000000001, 45.0], [-96.6, 45.0], [-96.60000000000001, 45.0], [-96.68, 45.0], [-96.68, 45.08], [-96.75999999999999, 45.08], [-96.76, 45.08], [-96.83999999999999, 45.08], [-96.84, 45.08]]], [[[-96.44000000000001, 44.04], [-96.36, 44.04], [-96.28, 44.04], [-96.28, 44.12], [-96.36, 44.12], [-96.36, 44.199999999999996], [-96.28, 44.199999999999996], [-96.27999999999999, 44.199999999999996], [-96.2, 44.199999999999996], [-96.19999999999999, 44.199999999999996], [-96.11999999999999, 44.199999999999996], [-96.11999999999999, 44.12], [-96.03999999999999, 44.12], [-96.03999999999999, 44.04], [-96.03999999999999, 43.96], [-96.11999999999999, 43.96], [-96.12, 43.96], [-96.19999999999999, 43.96], [-96.19999999999999, 43.88], [-96.11999999999999, 43.88], [-96.11999999999999, 43.800000000000004], [-96.19999999999999, 43.800000000000004], [-96.2, 43.800000000000004], [-96.27999999999999, 43.800000000000004], [-96.28, 43.800000000000004], [-96.36, 43.800000000000004], [-96.44, 43.800000000000004], [-96.44000000000001, 43.800000000000004], [-96.52, 43.800000000000004], [-96.52000000000001, 43.800000000000004], [-96.60000000000001, 43.800000000000004], [-96.60000000000001, 43.88], [-96.60000000000001, 43.96], [-96.52000000000001, 43.96], [-96.52, 43.96], [-96.44000000000001, 43.96], [-96.44000000000001, 44.04]]], [[[-96.19999999999999, 44.68], [-96.19999999999999, 44.6], [-96.28, 44.6], [-96.28, 44.68], [-96.36, 44.68], [-96.44000000000001, 44.68], [-96.44000000000001, 44.76], [-96.44000000000001, 44.839999999999996], [-96.36, 44.839999999999996], [-96.28, 44.839999999999996], [-96.27999999999999, 44.839999999999996], [-96.19999999999999, 44.839999999999996], [-96.19999999999999, 44.76], [-96.19999999999999, 44.68]]], [[[-96.52000000000001, 46.44], [-96.60000000000001, 46.44], [-96.60000000000001, 46.519999999999996], [-96.52000000000001, 46.519999999999996], [-96.52, 46.519999999999996], [-96.44000000000001, 46.519999999999996], [-96.44, 46.519999999999996], [-96.36, 46.519999999999996], [-96.28, 46.519999999999996], [-96.27999999999999, 46.519999999999996], [-96.2, 46.519999999999996], [-96.19999999999999, 46.519999999999996], [-96.12, 46.519999999999996], [-96.11999999999999, 46.519999999999996], [-96.04, 46.519999999999996], [-96.03999999999999, 46.519999999999996], [-95.96000000000001, 46.519999999999996], [-95.96, 46.519999999999996], [-95.88000000000001, 46.519999999999996], [-95.88, 46.519999999999996], [-95.80000000000001, 46.519999999999996], [-95.8, 46.519999999999996], [-95.72000000000001, 46.519999999999996], [-95.72, 46.519999999999996], [-95.64, 46.519999999999996], [-95.56, 46.519999999999996], [-95.55999999999999, 46.519999999999996], [-95.48, 46.519999999999996], [-95.47999999999999, 46.519999999999996], [-95.4, 46.519999999999996], [-95.39999999999999, 46.519999999999996], [-95.32000000000001, 46.519999999999996], [-95.32, 46.519999999999996], [-95.24000000000001, 46.519999999999996], [-95.24, 46.519999999999996], [-95.16000000000001, 46.519999999999996], [-95.16, 46.519999999999996], [-95.08000000000001, 46.519999999999996], [-95.08, 46.519999999999996], [-95.0, 46.519999999999996], [-94.92, 46.519999999999996], [-94.91999999999999, 46.519999999999996], [-94.84, 46.519999999999996], [-94.83999999999999, 46.519999999999996], [-94.76, 46.519999999999996], [-94.75999999999999, 46.519999999999996], [-94.68, 46.519999999999996], [-94.67999999999999, 46.519999999999996], [-94.60000000000001, 46.519999999999996], [-94.6, 46.519999999999996], [-94.52000000000001, 46.519999999999996], [-94.52, 46.519999999999996], [-94.44000000000001, 46.519999999999996], [-94.44, 46.519999999999996], [-94.36, 46.519999999999996], [-94.28, 46.519999999999996], [-94.27999999999999, 46.519999999999996], [-94.2, 46.519999999999996], [-94.19999999999999, 46.519999999999996], [-94.12, 46.519999999999996], [-94.11999999999999, 46.519999999999996], [-94.04, 46.519999999999996], [-94.03999999999999, 46.519999999999996], [-93.96000000000001, 46.519999999999996], [-93.96, 46.519999999999996], [-93.88000000000001, 46.519999999999996], [-93.88, 46.519999999999996], [-93.80000000000001, 46.519999999999996], [-93.8, 46.519999999999996], [-93.72000000000001, 46.519999999999996], [-93.72, 46.519999999999996], [-93.64, 46.519999999999996], [-93.56, 46.519999999999996], [-93.55999999999999, 46.519999999999996], [-93.48, 46.519999999999996], [-93.47999999999999, 46.519999999999996], [-93.4, 46.519999999999996], [-93.39999999999999, 46.519999999999996], [-93.32000000000001, 46.519999999999996], [-93.32, 46.519999999999996], [-93.24000000000001, 46.519999999999996], [-93.24, 46.519999999999996], [-93.16000000000001, 46.519999999999996], [-93.16, 46.519999999999996], [-93.08, 46.519999999999996], [-93.0, 46.519999999999996], [-92.99999999999999, 46.519999999999996], [-92.92, 46.519999999999996], [-92.91999999999999, 46.519999999999996], [-92.84, 46.519999999999996], [-92.83999999999999, 46.519999999999996], [-92.76, 46.519999999999996], [-92.75999999999999, 46.519999999999996], [-92.68, 46.519999999999996], [-92.67999999999999, 46.519999999999996], [-92.60000000000001, 46.519999999999996], [-92.6, 46.519999999999996], [-92.52000000000001, 46.519999999999996], [-92.52, 46.519999999999996], [-92.44000000000001, 46.519999999999996], [-92.44, 46.519999999999996], [-92.36, 46.519999999999996], [-92.28, 46.519999999999996], [-92.27999999999999, 46.519999999999996], [-92.2, 46.519999999999996], [-92.19999999999999, 46.519999999999996], [-92.12, 46.519999999999996], [-92.11999999999999, 46.519999999999996], [-92.04, 46.519999999999996], [-92.03999999999999, 46.519999999999996], [-91.96000000000001, 46.519999999999996], [-91.96, 46.519999999999996], [-91.88000000000001, 46.519999999999996], [-91.88, 46.519999999999996], [-91.80000000000001, 46.519999999999996], [-91.8, 46.519999999999996], [-91.72000000000001, 46.519999999999996], [-91.72, 46.519999999999996], [-91.64, 46.519999999999996], [-91.56, 46.519999999999996], [-91.55999999999999, 46.519999999999996], [-91.48, 46.519999999999996], [-91.47999999999999, 46.519999999999996], [-91.4, 46.519999999999996], [-91.39999999999999, 46.519999999999996], [-91.32000000000001, 46.519999999999996], [-91.32, 46.519999999999996], [-91.24000000000001, 46.519999999999996], [-91.24, 46.519999999999996], [-91.16000000000001, 46.519999999999996], [-91.16, 46.519999999999996], [-91.08, 46.519999999999996], [-91.0, 46.519999999999996], [-90.99999999999999, 46.519999999999996], [-90.92, 46.519999999999996], [-90.91999999999999, 46.519999999999996], [-90.84, 46.519999999999996], [-90.83999999999999, 46.519999999999996], [-90.76, 46.519999999999996], [-90.75999999999999, 46.519999999999996], [-90.68, 46.519999999999996], [-90.67999999999999, 46.519999999999996], [-90.60000000000001, 46.519999999999996], [-90.6, 46.519999999999996], [-90.52000000000001, 46.519999999999996], [-90.52, 46.519999999999996], [-90.44000000000001, 46.519999999999996], [-90.44, 46.519999999999996], [-90.36, 46.519999999999996], [-90.28, 46.519999999999996], [-90.27999999999999, 46.519999999999996], [-90.2, 46.519999999999996], [-90.19999999999999, 46.519999999999996], [-90.12, 46.519999999999996], [-90.11999999999999, 46.519999999999996], [-90.03999999999999, 46.519999999999996], [-90.03999999999999, 46.44], [-90.11999999999999, 46.44], [-90.11999999999999, 46.36], [-90.11999999999999, 46.28], [-90.11999999999999, 46.2], [-90.19999999999999, 46.2], [-90.2, 46.2], [-90.27999999999999, 46.2], [-90.28, 46.2], [-90.36, 46.2], [-90.44, 46.2], [-90.44000000000001, 46.2], [-90.52, 46.2], [-90.52000000000001, 46.2], [-90.6, 46.2], [-90.60000000000001, 46.2], [-90.67999999999999, 46.2], [-90.68, 46.2], [-90.75999999999999, 46.2], [-90.76, 46.2], [-90.83999999999999, 46.2], [-90.84, 46.2], [-90.91999999999999, 46.2], [-90.92, 46.2], [-90.99999999999999, 46.2], [-91.0, 46.2], [-91.08, 46.2], [-91.16, 46.2], [-91.16000000000001, 46.2], [-91.24, 46.2], [-91.24000000000001, 46.2], [-91.32, 46.2], [-91.32000000000001, 46.2], [-91.39999999999999, 46.2], [-91.4, 46.2], [-91.47999999999999, 46.2], [-91.48, 46.2], [-91.55999999999999, 46.2], [-91.56, 46.2], [-91.64, 46.2], [-91.72, 46.2], [-91.72000000000001, 46.2], [-91.8, 46.2], [-91.80000000000001, 46.2], [-91.88, 46.2], [-91.88000000000001, 46.2], [-91.96, 46.2], [-91.96000000000001, 46.2], [-92.03999999999999, 46.2], [-92.04, 46.2], [-92.11999999999999, 46.2], [-92.12, 46.2], [-92.19999999999999, 46.2], [-92.2, 46.2], [-92.27999999999999, 46.2], [-92.28, 46.2], [-92.36, 46.2], [-92.44, 46.2], [-92.44000000000001, 46.2], [-92.52, 46.2], [-92.52000000000001, 46.2], [-92.6, 46.2], [-92.60000000000001, 46.2], [-92.67999999999999, 46.2], [-92.68, 46.2], [-92.75999999999999, 46.2], [-92.76, 46.2], [-92.83999999999999, 46.2], [-92.84, 46.2], [-92.91999999999999, 46.2], [-92.92, 46.2], [-92.99999999999999, 46.2], [-93.0, 46.2], [-93.08, 46.2], [-93.16, 46.2], [-93.16000000000001, 46.2], [-93.24, 46.2], [-93.24000000000001, 46.2], [-93.32, 46.2], [-93.32000000000001, 46.2], [-93.39999999999999, 46.2], [-93.4, 46.2], [-93.47999999999999, 46.2], [-93.48, 46.2], [-93.55999999999999, 46.2], [-93.56, 46.2], [-93.64, 46.2], [-93.72, 46.2], [-93.72000000000001, 46.2], [-93.8, 46.2], [-93.80000000000001, 46.2], [-93.88, 46.2], [-93.88000000000001, 46.2], [-93.96, 46.2], [-93.96000000000001, 46.2], [-94.03999999999999, 46.2], [-94.04, 46.2], [-94.11999999999999, 46.2], [-94.12, 46.2], [-94.19999999999999, 46.2], [-94.2, 46.2], [-94.27999999999999, 46.2], [-94.28, 46.2], [-94.36, 46.2], [-94.44, 46.2], [-94.44000000000001, 46.2], [-94.52, 46.2], [-94.52000000000001, 46.2], [-94.6, 46.2], [-94.60000000000001, 46.2], [-94.67999999999999, 46.2], [-94.68, 46.2], [-94.75999999999999, 46.2], [-94.76, 46.2], [-94.83999999999999, 46.2], [-94.84, 46.2], [-94.91999999999999, 46.2], [-94.92, 46.2], [-95.0, 46.2], [-95.08, 46.2], [-95.08000000000001, 46.2], [-95.16, 46.2], [-95.16000000000001, 46.2], [-95.24, 46.2], [-95.24000000000001, 46.2], [-95.32, 46.2], [-95.32000000000001, 46.2], [-95.39999999999999, 46.2], [-95.4, 46.2], [-95.47999999999999, 46.2], [-95.48, 46.2], [-95.55999999999999, 46.2], [-95.56, 46.2], [-95.64, 46.2], [-95.72, 46.2], [-95.72000000000001, 46.2], [-95.8, 46.2], [-95.80000000000001, 46.2], [-95.88, 46.2], [-95.88000000000001, 46.2], [-95.96, 46.2], [-95.96000000000001, 46.2], [-96.03999999999999, 46.2], [-96.04, 46.2], [-96.11999999999999, 46.2], [-96.12, 46.2], [-96.19999999999999, 46.2], [-96.2, 46.2], [-96.27999999999999, 46.2], [-96.28, 46.2], [-96.36, 46.2], [-96.44, 46.2], [-96.44000000000001, 46.2], [-96.52, 46.2], [-96.52000000000001, 46.2], [-96.60000000000001, 46.2], [-96.60000000000001, 46.28], [-96.52000000000001, 46.28], [-96.52000000000001, 46.36], [-96.52000000000001, 46.44]]], [[[-96.68, 46.76], [-96.68, 46.839999999999996], [-96.60000000000001, 46.839999999999996], [-96.6, 46.839999999999996], [-96.52000000000001, 46.839999999999996], [-96.52, 46.839999999999996], [-96.44, 46.839999999999996], [-96.44, 46.76], [-96.36, 46.76], [-96.28, 46.76], [-96.27999999999999, 46.76], [-96.2, 46.76], [-96.19999999999999, 46.76], [-96.12, 46.76], [-96.11999999999999, 46.76], [-96.04, 46.76], [-96.03999999999999, 46.76], [-95.96, 46.76], [-95.96, 46.68], [-95.88000000000001, 46.68], [-95.88, 46.68], [-95.80000000000001, 46.68], [-95.8, 46.68], [-95.72000000000001, 46.68], [-95.72000000000001, 46.76], [-95.72000000000001, 46.839999999999996], [-95.64, 46.839999999999996], [-95.56, 46.839999999999996], [-95.55999999999999, 46.839999999999996], [-95.48, 46.839999999999996], [-95.47999999999999, 46.839999999999996], [-95.4, 46.839999999999996], [-95.39999999999999, 46.839999999999996], [-95.32000000000001, 46.839999999999996], [-95.32, 46.839999999999996], [-95.24000000000001, 46.839999999999996], [-95.24, 46.839999999999996], [-95.16000000000001, 46.839999999999996], [-95.16, 46.839999999999996], [-95.08000000000001, 46.839999999999996], [-95.08, 46.839999999999996], [-95.0, 46.839999999999996], [-94.92, 46.839999999999996], [-94.91999999999999, 46.839999999999996], [-94.84, 46.839999999999996], [-94.83999999999999, 46.839999999999996], [-94.76, 46.839999999999996], [-94.75999999999999, 46.839999999999996], [-94.68, 46.839999999999996], [-94.67999999999999, 46.839999999999996], [-94.60000000000001, 46.839999999999996], [-94.6, 46.839999999999996], [-94.52000000000001, 46.839999999999996], [-94.52, 46.839999999999996], [-94.44000000000001, 46.839999999999996], [-94.44, 46.839999999999996], [-94.36, 46.839999999999996], [-94.28, 46.839999999999996], [-94.27999999999999, 46.839999999999996], [-94.2, 46.839999999999996], [-94.19999999999999, 46.839999999999996], [-94.12, 46.839999999999996], [-94.11999999999999, 46.839999999999996], [-94.04, 46.839999999999996], [-94.03999999999999, 46.839999999999996], [-93.96000000000001, 46.839999999999996], [-93.96, 46.839999999999996], [-93.88000000000001, 46.839999999999996], [-93.88, 46.839999999999996], [-93.80000000000001, 46.839999999999996], [-93.8, 46.839999999999996], [-93.72000000000001, 46.839999999999996], [-93.72, 46.839999999999996], [-93.64, 46.839999999999996], [-93.56, 46.839999999999996], [-93.55999999999999, 46.839999999999996], [-93.48, 46.839999999999996], [-93.47999999999999, 46.839999999999996], [-93.4, 46.839999999999996], [-93.39999999999999, 46.839999999999996], [-93.32000000000001, 46.839999999999996], [-93.32, 46.839999999999996], [-93.24000000000001, 46.839999999999996], [-93.24, 46.839999999999996], [-93.16000000000001, 46.839999999999996], [-93.16, 46.839999999999996], [-93.08, 46.839999999999996], [-93.0, 46.839999999999996], [-92.99999999999999, 46.839999999999996], [-92.92, 46.839999999999996], [-92.91999999999999, 46.839999999999996], [-92.84, 46.839999999999996], [-92.83999999999999, 46.839999999999996], [-92.76, 46.839999999999996], [-92.75999999999999, 46.839999999999996], [-92.68, 46.839999999999996], [-92.67999999999999, 46.839999999999996], [-92.60000000000001, 46.839999999999996], [-92.6, 46.839999999999996], [-92.52000000000001, 46.839999999999996], [-92.52, 46.839999999999996], [-92.44000000000001, 46.839999999999996], [-92.44, 46.839999999999996], [-92.36, 46.839999999999996], [-92.28, 46.839999999999996], [-92.27999999999999, 46.839999999999996], [-92.2, 46.839999999999996], [-92.19999999999999, 46.839999999999996], [-92.12, 46.839999999999996], [-92.11999999999999, 46.839999999999996], [-92.04, 46.839999999999996], [-92.03999999999999, 46.839999999999996], [-91.96000000000001, 46.839999999999996], [-91.96, 46.839999999999996], [-91.88000000000001, 46.839999999999996], [-91.88, 46.839999999999996], [-91.80000000000001, 46.839999999999996], [-91.8, 46.839999999999996], [-91.72000000000001, 46.839999999999996], [-91.72, 46.839999999999996], [-91.64, 46.839999999999996], [-91.56, 46.839999999999996], [-91.55999999999999, 46.839999999999996], [-91.48, 46.839999999999996], [-91.47999999999999, 46.839999999999996], [-91.4, 46.839999999999996], [-91.39999999999999, 46.839999999999996], [-91.32000000000001, 46.839999999999996], [-91.32, 46.839999999999996], [-91.24000000000001, 46.839999999999996], [-91.24, 46.839999999999996], [-91.16000000000001, 46.839999999999996], [-91.16, 46.839999999999996], [-91.08, 46.839999999999996], [-91.0, 46.839999999999996], [-90.99999999999999, 46.839999999999996], [-90.92, 46.839999999999996], [-90.91999999999999, 46.839999999999996], [-90.84, 46.839999999999996], [-90.83999999999999, 46.839999999999996], [-90.76, 46.839999999999996], [-90.75999999999999, 46.839999999999996], [-90.68, 46.839999999999996], [-90.67999999999999, 46.839999999999996], [-90.60000000000001, 46.839999999999996], [-90.6, 46.839999999999996], [-90.52000000000001, 46.839999999999996], [-90.52, 46.839999999999996], [-90.44000000000001, 46.839999999999996], [-90.44, 46.839999999999996], [-90.36, 46.839999999999996], [-90.28, 46.839999999999996], [-90.27999999999999, 46.839999999999996], [-90.2, 46.839999999999996], [-90.19999999999999, 46.839999999999996], [-90.12, 46.839999999999996], [-90.11999999999999, 46.839999999999996], [-90.04, 46.839999999999996], [-90.03999999999999, 46.839999999999996], [-89.96000000000001, 46.839999999999996], [-89.96, 46.839999999999996], [-89.88000000000001, 46.839999999999996], [-89.88, 46.839999999999996], [-89.80000000000001, 46.839999999999996], [-89.8, 46.839999999999996], [-89.72000000000001, 46.839999999999996], [-89.72, 46.839999999999996], [-89.64, 46.839999999999996], [-89.56, 46.839999999999996], [-89.55999999999999, 46.839999999999996], [-89.48, 46.839999999999996], [-89.47999999999999, 46.839999999999996], [-89.4, 46.839999999999996], [-89.39999999999999, 46.839999999999996], [-89.32000000000001, 46.839999999999996], [-89.32, 46.839999999999996], [-89.24000000000001, 46.839999999999996], [-89.24, 46.839999999999996], [-89.16000000000001, 46.839999999999996], [-89.16, 46.839999999999996], [-89.08, 46.839999999999996], [-88.99999999999999, 46.839999999999996], [-88.99999999999999, 46.76], [-89.08, 46.76], [-89.08, 46.68], [-89.16, 46.68], [-89.16, 46.6], [-89.08, 46.6], [-89.08, 46.52], [-89.16, 46.52], [-89.16000000000001, 46.52], [-89.24, 46.52], [-89.24000000000001, 46.52], [-89.32, 46.52], [-89.32000000000001, 46.52], [-89.39999999999999, 46.52], [-89.4, 46.52], [-89.47999999999999, 46.52], [-89.48, 46.52], [-89.55999999999999, 46.52], [-89.56, 46.52], [-89.64, 46.52], [-89.72, 46.52], [-89.72000000000001, 46.52], [-89.8, 46.52], [-89.80000000000001, 46.52], [-89.88, 46.52], [-89.88000000000001, 46.52], [-89.96, 46.52], [-89.96000000000001, 46.52], [-90.03999999999999, 46.52], [-90.04, 46.52], [-90.11999999999999, 46.52], [-90.12, 46.52], [-90.19999999999999, 46.52], [-90.2, 46.52], [-90.27999999999999, 46.52], [-90.28, 46.52], [-90.36, 46.52], [-90.44, 46.52], [-90.44000000000001, 46.52], [-90.52, 46.52], [-90.52000000000001, 46.52], [-90.6, 46.52], [-90.60000000000001, 46.52], [-90.67999999999999, 46.52], [-90.68, 46.52], [-90.75999999999999, 46.52], [-90.76, 46.52], [-90.83999999999999, 46.52], [-90.84, 46.52], [-90.91999999999999, 46.52], [-90.92, 46.52], [-90.99999999999999, 46.52], [-91.0, 46.52], [-91.08, 46.52], [-91.16, 46.52], [-91.16000000000001, 46.52], [-91.24, 46.52], [-91.24000000000001, 46.52], [-91.32, 46.52], [-91.32000000000001, 46.52], [-91.39999999999999, 46.52], [-91.4, 46.52], [-91.47999999999999, 46.52], [-91.48, 46.52], [-91.55999999999999, 46.52], [-91.56, 46.52], [-91.64, 46.52], [-91.72, 46.52], [-91.72000000000001, 46.52], [-91.8, 46.52], [-91.80000000000001, 46.52], [-91.88, 46.52], [-91.88000000000001, 46.52], [-91.96, 46.52], [-91.96000000000001, 46.52], [-92.03999999999999, 46.52], [-92.04, 46.52], [-92.11999999999999, 46.52], [-92.12, 46.52], [-92.19999999999999, 46.52], [-92.2, 46.52], [-92.27999999999999, 46.52], [-92.28, 46.52], [-92.36, 46.52], [-92.44, 46.52], [-92.44000000000001, 46.52], [-92.52, 46.52], [-92.52000000000001, 46.52], [-92.6, 46.52], [-92.60000000000001, 46.52], [-92.67999999999999, 46.52], [-92.68, 46.52], [-92.75999999999999, 46.52], [-92.76, 46.52], [-92.83999999999999, 46.52], [-92.84, 46.52], [-92.91999999999999, 46.52], [-92.92, 46.52], [-92.99999999999999, 46.52], [-93.0, 46.52], [-93.08, 46.52], [-93.16, 46.52], [-93.16000000000001, 46.52], [-93.24, 46.52], [-93.24000000000001, 46.52], [-93.32, 46.52], [-93.32000000000001, 46.52], [-93.39999999999999, 46.52], [-93.4, 46.52], [-93.47999999999999, 46.52], [-93.48, 46.52], [-93.55999999999999, 46.52], [-93.56, 46.52], [-93.64, 46.52], [-93.72, 46.52], [-93.72000000000001, 46.52], [-93.8, 46.52], [-93.80000000000001, 46.52], [-93.88, 46.52], [-93.88000000000001, 46.52], [-93.96, 46.52], [-93.96000000000001, 46.52], [-94.03999999999999, 46.52], [-94.04, 46.52], [-94.11999999999999, 46.52], [-94.12, 46.52], [-94.19999999999999, 46.52], [-94.2, 46.52], [-94.27999999999999, 46.52], [-94.28, 46.52], [-94.36, 46.52], [-94.44, 46.52], [-94.44000000000001, 46.52], [-94.52, 46.52], [-94.52000000000001, 46.52], [-94.6, 46.52], [-94.60000000000001, 46.52], [-94.67999999999999, 46.52], [-94.68, 46.52], [-94.75999999999999, 46.52], [-94.76, 46.52], [-94.83999999999999, 46.52], [-94.84, 46.52], [-94.91999999999999, 46.52], [-94.92, 46.52], [-95.0, 46.52], [-95.08, 46.52], [-95.08000000000001, 46.52], [-95.16, 46.52], [-95.16000000000001, 46.52], [-95.24, 46.52], [-95.24000000000001, 46.52], [-95.32, 46.52], [-95.32000000000001, 46.52], [-95.39999999999999, 46.52], [-95.4, 46.52], [-95.47999999999999, 46.52], [-95.48, 46.52], [-95.55999999999999, 46.52], [-95.56, 46.52], [-95.64, 46.52], [-95.72, 46.52], [-95.72000000000001, 46.52], [-95.8, 46.52], [-95.80000000000001, 46.52], [-95.88000000000001, 46.52], [-95.88000000000001, 46.6], [-95.96, 46.6], [-95.96, 46.52], [-96.03999999999999, 46.52], [-96.04, 46.52], [-96.11999999999999, 46.52], [-96.12, 46.52], [-96.19999999999999, 46.52], [-96.2, 46.52], [-96.27999999999999, 46.52], [-96.28, 46.52], [-96.36, 46.52], [-96.44, 46.52], [-96.44000000000001, 46.52], [-96.52, 46.52], [-96.52000000000001, 46.52], [-96.60000000000001, 46.52], [-96.60000000000001, 46.6], [-96.60000000000001, 46.68], [-96.60000000000001, 46.76], [-96.68, 46.76]]], [[[-95.88000000000001, 43.800000000000004], [-95.96000000000001, 43.800000000000004], [-95.96000000000001, 43.88], [-95.88000000000001, 43.88], [-95.88, 43.88], [-95.80000000000001, 43.88], [-95.8, 43.88], [-95.72000000000001, 43.88], [-95.72, 43.88], [-95.64, 43.88], [-95.64, 43.800000000000004], [-95.72, 43.800000000000004], [-95.72000000000001, 43.800000000000004], [-95.8, 43.800000000000004], [-95.80000000000001, 43.800000000000004], [-95.88, 43.800000000000004], [-95.88000000000001, 43.800000000000004]]], [[[-95.96000000000001, 44.839999999999996], [-95.88000000000001, 44.839999999999996], [-95.88, 44.839999999999996], [-95.80000000000001, 44.839999999999996], [-95.8, 44.839999999999996], [-95.72000000000001, 44.839999999999996], [-95.72, 44.839999999999996], [-95.64, 44.839999999999996], [-95.56, 44.839999999999996], [-95.55999999999999, 44.839999999999996], [-95.48, 44.839999999999996], [-95.47999999999999, 44.839999999999996], [-95.4, 44.839999999999996], [-95.39999999999999, 44.839999999999996], [-95.32000000000001, 44.839999999999996], [-95.32, 44.839999999999996], [-95.24000000000001, 44.839999999999996], [-95.24, 44.839999999999996], [-95.16000000000001, 44.839999999999996], [-95.16, 44.839999999999996], [-95.08000000000001, 44.839999999999996], [-95.08, 44.839999999999996], [-95.0, 44.839999999999996], [-94.92, 44.839999999999996], [-94.91999999999999, 44.839999999999996], [-94.84, 44.839999999999996], [-94.83999999999999, 44.839999999999996], [-94.76, 44.839999999999996], [-94.75999999999999, 44.839999999999996], [-94.68, 44.839999999999996], [-94.67999999999999, 44.839999999999996], [-94.60000000000001, 44.839999999999996], [-94.6, 44.839999999999996], [-94.52000000000001, 44.839999999999996], [-94.52, 44.839999999999996], [-94.44000000000001, 44.839999999999996], [-94.44, 44.839999999999996], [-94.36, 44.839999999999996], [-94.28, 44.839999999999996], [-94.27999999999999, 44.839999999999996], [-94.2, 44.839999999999996], [-94.19999999999999, 44.839999999999996], [-94.12, 44.839999999999996], [-94.11999999999999, 44.839999999999996], [-94.04, 44.839999999999996], [-94.03999999999999, 44.839999999999996], [-93.96000000000001, 44.839999999999996], [-93.96, 44.839999999999996], [-93.88000000000001, 44.839999999999996], [-93.88, 44.839999999999996], [-93.80000000000001, 44.839999999999996], [-93.8, 44.839999999999996], [-93.72000000000001, 44.839999999999996], [-93.72, 44.839999999999996], [-93.64, 44.839999999999996], [-93.56, 44.839999999999996], [-93.55999999999999, 44.839999999999996], [-93.48, 44.839999999999996], [-93.47999999999999, 44.839999999999996], [-93.4, 44.839999999999996], [-93.39999999999999, 44.839999999999996], [-93.32000000000001, 44.839999999999996], [-93.32, 44.839999999999996], [-93.24000000000001, 44.839999999999996], [-93.24, 44.839999999999996], [-93.16000000000001, 44.839999999999996], [-93.16, 44.839999999999996], [-93.08, 44.839999999999996], [-93.0, 44.839999999999996], [-92.99999999999999, 44.839999999999996], [-92.92, 44.839999999999996], [-92.91999999999999, 44.839999999999996], [-92.84, 44.839999999999996], [-92.83999999999999, 44.839999999999996], [-92.76, 44.839999999999996], [-92.75999999999999, 44.839999999999996], [-92.68, 44.839999999999996], [-92.67999999999999, 44.839999999999996], [-92.60000000000001, 44.839999999999996], [-92.6, 44.839999999999996], [-92.52000000000001, 44.839999999999996], [-92.52, 44.839999999999996], [-92.44000000000001, 44.839999999999996], [-92.44, 44.839999999999996], [-92.36, 44.839999999999996], [-92.28, 44.839999999999996], [-92.27999999999999, 44.839999999999996], [-92.2, 44.839999999999996], [-92.19999999999999, 44.839999999999996], [-92.12, 44.839999999999996], [-92.11999999999999, 44.839999999999996], [-92.04, 44.839999999999996], [-92.03999999999999, 44.839999999999996], [-91.96000000000001, 44.839999999999996], [-91.96, 44.839999999999996], [-91.88000000000001, 44.839999999999996], [-91.88, 44.839999999999996], [-91.80000000000001, 44.839999999999996], [-91.8, 44.839999999999996], [-91.72000000000001, 44.839999999999996], [-91.72, 44.839999999999996], [-91.64, 44.839999999999996], [-91.56, 44.839999999999996], [-91.55999999999999, 44.839999999999996], [-91.48, 44.839999999999996], [-91.47999999999999, 44.839999999999996], [-91.4, 44.839999999999996], [-91.39999999999999, 44.839999999999996], [-91.32000000000001, 44.839999999999996], [-91.32, 44.839999999999996], [-91.24000000000001, 44.839999999999996], [-91.24, 44.839999999999996], [-91.16000000000001, 44.839999999999996], [-91.16, 44.839999999999996], [-91.08, 44.839999999999996], [-91.0, 44.839999999999996], [-90.99999999999999, 44.839999999999996], [-90.92, 44.839999999999996], [-90.91999999999999, 44.839999999999996], [-90.84, 44.839999999999996], [-90.83999999999999, 44.839999999999996], [-90.76, 44.839999999999996], [-90.75999999999999, 44.839999999999996], [-90.68, 44.839999999999996], [-90.67999999999999, 44.839999999999996], [-90.60000000000001, 44.839999999999996], [-90.6, 44.839999999999996], [-90.52000000000001, 44.839999999999996], [-90.52, 44.839999999999996], [-90.44000000000001, 44.839999999999996], [-90.44, 44.839999999999996], [-90.36, 44.839999999999996], [-90.36, 44.76], [-90.27999999999999, 44.76], [-90.27999999999999, 44.68], [-90.36, 44.68], [-90.36, 44.6], [-90.36, 44.52], [-90.44, 44.52], [-90.44000000000001, 44.52], [-90.52, 44.52], [-90.52000000000001, 44.52], [-90.6, 44.52], [-90.60000000000001, 44.52], [-90.67999999999999, 44.52], [-90.68, 44.52], [-90.75999999999999, 44.52], [-90.76, 44.52], [-90.83999999999999, 44.52], [-90.84, 44.52], [-90.91999999999999, 44.52], [-90.92, 44.52], [-90.99999999999999, 44.52], [-91.0, 44.52], [-91.08, 44.52], [-91.16, 44.52], [-91.16000000000001, 44.52], [-91.24, 44.52], [-91.24000000000001, 44.52], [-91.32, 44.52], [-91.32000000000001, 44.52], [-91.39999999999999, 44.52], [-91.4, 44.52], [-91.47999999999999, 44.52], [-91.48, 44.52], [-91.55999999999999, 44.52], [-91.56, 44.52], [-91.64, 44.52], [-91.72, 44.52], [-91.72000000000001, 44.52], [-91.8, 44.52], [-91.80000000000001, 44.52], [-91.88, 44.52], [-91.88000000000001, 44.52], [-91.96, 44.52], [-91.96000000000001, 44.52], [-92.03999999999999, 44.52], [-92.04, 44.52], [-92.11999999999999, 44.52], [-92.12, 44.52], [-92.19999999999999, 44.52], [-92.2, 44.52], [-92.27999999999999, 44.52], [-92.28, 44.52], [-92.36, 44.52], [-92.44, 44.52], [-92.44000000000001, 44.52], [-92.52, 44.52], [-92.52000000000001, 44.52], [-92.6, 44.52], [-92.60000000000001, 44.52], [-92.67999999999999, 44.52], [-92.68, 44.52], [-92.75999999999999, 44.52], [-92.76, 44.52], [-92.83999999999999, 44.52], [-92.84, 44.52], [-92.91999999999999, 44.52], [-92.92, 44.52], [-92.99999999999999, 44.52], [-93.0, 44.52], [-93.08, 44.52], [-93.16, 44.52], [-93.16000000000001, 44.52], [-93.24, 44.52], [-93.24000000000001, 44.52], [-93.32, 44.52], [-93.32000000000001, 44.52], [-93.39999999999999, 44.52], [-93.4, 44.52], [-93.47999999999999, 44.52], [-93.48, 44.52], [-93.55999999999999, 44.52], [-93.56, 44.52], [-93.64, 44.52], [-93.72, 44.52], [-93.72000000000001, 44.52], [-93.8, 44.52], [-93.80000000000001, 44.52], [-93.88, 44.52], [-93.88000000000001, 44.52], [-93.96, 44.52], [-93.96000000000001, 44.52], [-94.03999999999999, 44.52], [-94.04, 44.52], [-94.11999999999999, 44.52], [-94.12, 44.52], [-94.19999999999999, 44.52], [-94.2, 44.52], [-94.27999999999999, 44.52], [-94.28, 44.52], [-94.36, 44.52], [-94.44, 44.52], [-94.44000000000001, 44.52], [-94.52, 44.52], [-94.52000000000001, 44.52], [-94.6, 44.52], [-94.60000000000001, 44.52], [-94.67999999999999, 44.52], [-94.68, 44.52], [-94.75999999999999, 44.52], [-94.76, 44.52], [-94.83999999999999, 44.52], [-94.84, 44.52], [-94.91999999999999, 44.52], [-94.92, 44.52], [-95.0, 44.52], [-95.08, 44.52], [-95.08000000000001, 44.52], [-95.16, 44.52], [-95.16000000000001, 44.52], [-95.24, 44.52], [-95.24000000000001, 44.52], [-95.32, 44.52], [-95.32000000000001, 44.52], [-95.39999999999999, 44.52], [-95.4, 44.52], [-95.48, 44.52], [-95.48, 44.6], [-95.48, 44.68], [-95.48, 44.76], [-95.55999999999999, 44.76], [-95.56, 44.76], [-95.64, 44.76], [-95.72, 44.76], [-95.72000000000001, 44.76], [-95.8, 44.76], [-95.80000000000001, 44.76], [-95.88, 44.76], [-95.88000000000001, 44.76], [-95.96000000000001, 44.76], [-95.96000000000001, 44.839999999999996]]], [[[-95.56, 44.519999999999996], [-95.55999999999999, 44.519999999999996], [-95.48, 44.519999999999996], [-95.47999999999999, 44.519999999999996], [-95.4, 44.519999999999996], [-95.39999999999999, 44.519999999999996], [-95.32000000000001, 44.519999999999996], [-95.32, 44.519999999999996], [-95.24000000000001, 44.519999999999996], [-95.24, 44.519999999999996], [-95.16000000000001, 44.519999999999996], [-95.16, 44.519999999999996], [-95.08000000000001, 44.519999999999996], [-95.08, 44.519999999999996], [-95.0, 44.519999999999996], [-94.92, 44.519999999999996], [-94.91999999999999, 44.519999999999996], [-94.84, 44.519999999999996], [-94.83999999999999, 44.519999999999996], [-94.76, 44.519999999999996], [-94.75999999999999, 44.519999999999996], [-94.68, 44.519999999999996], [-94.67999999999999, 44.519999999999996], [-94.60000000000001, 44.519999999999996], [-94.6, 44.519999999999996], [-94.52000000000001, 44.519999999999996], [-94.52, 44.519999999999996], [-94.44000000000001, 44.519999999999996], [-94.44, 44.519999999999996], [-94.36, 44.519999999999996], [-94.28, 44.519999999999996], [-94.27999999999999, 44.519999999999996], [-94.2, 44.519999999999996], [-94.19999999999999, 44.519999999999996], [-94.12, 44.519999999999996], [-94.11999999999999, 44.519999999999996], [-94.04, 44.519999999999996], [-94.03999999999999, 44.519999999999996], [-93.96000000000001, 44.519999999999996], [-93.96, 44.519999999999996], [-93.88000000000001, 44.519999999999996], [-93.88, 44.519999999999996], [-93.80000000000001, 44.519999999999996], [-93.8, 44.519999999999996], [-93.72000000000001, 44.519999999999996], [-93.72, 44.519999999999996], [-93.64, 44.519999999999996], [-93.56, 44.519999999999996], [-93.55999999999999, 44.519999999999996], [-93.48, 44.519999999999996], [-93.47999999999999, 44.519999999999996], [-93.4, 44.519999999999996], [-93.39999999999999, 44.519999999999996], [-93.32000000000001, 44.519999999999996], [-93.32, 44.519999999999996], [-93.24000000000001, 44.519999999999996], [-93.24, 44.519999999999996], [-93.16000000000001, 44.519999999999996], [-93.16, 44.519999999999996], [-93.08, 44.519999999999996], [-93.0, 44.519999999999996], [-92.99999999999999, 44.519999999999996], [-92.92, 44.519999999999996], [-92.91999999999999, 44.519999999999996], [-92.84, 44.519999999999996], [-92.83999999999999, 44.519999999999996], [-92.76, 44.519999999999996], [-92.75999999999999, 44.519999999999996], [-92.68, 44.519999999999996], [-92.67999999999999, 44.519999999999996], [-92.60000000000001, 44.519999999999996], [-92.6, 44.519999999999996], [-92.52000000000001, 44.519999999999996], [-92.52, 44.519999999999996], [-92.44000000000001, 44.519999999999996], [-92.44, 44.519999999999996], [-92.36, 44.519999999999996], [-92.28, 44.519999999999996], [-92.27999999999999, 44.519999999999996], [-92.2, 44.519999999999996], [-92.19999999999999, 44.519999999999996], [-92.12, 44.519999999999996], [-92.11999999999999, 44.519999999999996], [-92.04, 44.519999999999996], [-92.03999999999999, 44.519999999999996], [-91.96000000000001, 44.519999999999996], [-91.96, 44.519999999999996], [-91.88000000000001, 44.519999999999996], [-91.88, 44.519999999999996], [-91.80000000000001, 44.519999999999996], [-91.8, 44.519999999999996], [-91.72000000000001, 44.519999999999996], [-91.72, 44.519999999999996], [-91.64, 44.519999999999996], [-91.56, 44.519999999999996], [-91.55999999999999, 44.519999999999996], [-91.48, 44.519999999999996], [-91.47999999999999, 44.519999999999996], [-91.4, 44.519999999999996], [-91.39999999999999, 44.519999999999996], [-91.32000000000001, 44.519999999999996], [-91.32, 44.519999999999996], [-91.24000000000001, 44.519999999999996], [-91.24, 44.519999999999996], [-91.16000000000001, 44.519999999999996], [-91.16, 44.519999999999996], [-91.08, 44.519999999999996], [-91.0, 44.519999999999996], [-90.99999999999999, 44.519999999999996], [-90.92, 44.519999999999996], [-90.91999999999999, 44.519999999999996], [-90.84, 44.519999999999996], [-90.83999999999999, 44.519999999999996], [-90.76, 44.519999999999996], [-90.75999999999999, 44.519999999999996], [-90.68, 44.519999999999996], [-90.67999999999999, 44.519999999999996], [-90.60000000000001, 44.519999999999996], [-90.6, 44.519999999999996], [-90.52000000000001, 44.519999999999996], [-90.52, 44.519999999999996], [-90.44, 44.519999999999996], [-90.44, 44.44], [-90.52, 44.44], [-90.52, 44.36], [-90.6, 44.36], [-90.6, 44.28], [-90.52, 44.28], [-90.52, 44.2], [-90.6, 44.2], [-90.60000000000001, 44.2], [-90.67999999999999, 44.2], [-90.68, 44.2], [-90.75999999999999, 44.2], [-90.76, 44.2], [-90.83999999999999, 44.2], [-90.84, 44.2], [-90.91999999999999, 44.2], [-90.92, 44.2], [-90.99999999999999, 44.2], [-91.0, 44.2], [-91.08, 44.2], [-91.16, 44.2], [-91.16000000000001, 44.2], [-91.24, 44.2], [-91.24000000000001, 44.2], [-91.32, 44.2], [-91.32000000000001, 44.2], [-91.39999999999999, 44.2], [-91.4, 44.2], [-91.47999999999999, 44.2], [-91.48, 44.2], [-91.55999999999999, 44.2], [-91.56, 44.2], [-91.64, 44.2], [-91.72, 44.2], [-91.72000000000001, 44.2], [-91.8, 44.2], [-91.80000000000001, 44.2], [-91.88, 44.2], [-91.88000000000001, 44.2], [-91.96, 44.2], [-91.96000000000001, 44.2], [-92.03999999999999, 44.2], [-92.04, 44.2], [-92.11999999999999, 44.2], [-92.12, 44.2], [-92.19999999999999, 44.2], [-92.2, 44.2], [-92.27999999999999, 44.2], [-92.28, 44.2], [-92.36, 44.2], [-92.44, 44.2], [-92.44000000000001, 44.2], [-92.52, 44.2], [-92.52000000000001, 44.2], [-92.6, 44.2], [-92.60000000000001, 44.2], [-92.67999999999999, 44.2], [-92.68, 44.2], [-92.75999999999999, 44.2], [-92.76, 44.2], [-92.83999999999999, 44.2], [-92.84, 44.2], [-92.91999999999999, 44.2], [-92.92, 44.2], [-92.99999999999999, 44.2], [-93.0, 44.2], [-93.08, 44.2], [-93.16, 44.2], [-93.16000000000001, 44.2], [-93.24, 44.2], [-93.24000000000001, 44.2], [-93.32, 44.2], [-93.32000000000001, 44.2], [-93.39999999999999, 44.2], [-93.4, 44.2], [-93.47999999999999, 44.2], [-93.48, 44.2], [-93.55999999999999, 44.2], [-93.56, 44.2], [-93.64, 44.2], [-93.72000000000001, 44.2], [-93.72000000000001, 44.28], [-93.8, 44.28], [-93.8, 44.2], [-93.88, 44.2], [-93.88000000000001, 44.2], [-93.96, 44.2], [-93.96000000000001, 44.2], [-94.03999999999999, 44.2], [-94.04, 44.2], [-94.11999999999999, 44.2], [-94.12, 44.2], [-94.19999999999999, 44.2], [-94.2, 44.2], [-94.27999999999999, 44.2], [-94.28, 44.2], [-94.36, 44.2], [-94.44, 44.2], [-94.44000000000001, 44.2], [-94.52, 44.2], [-94.52000000000001, 44.2], [-94.6, 44.2], [-94.60000000000001, 44.2], [-94.67999999999999, 44.2], [-94.68, 44.2], [-94.75999999999999, 44.2], [-94.76, 44.2], [-94.83999999999999, 44.2], [-94.84, 44.2], [-94.91999999999999, 44.2], [-94.92, 44.2], [-95.0, 44.2], [-95.08, 44.2], [-95.08000000000001, 44.2], [-95.16, 44.2], [-95.16000000000001, 44.2], [-95.24, 44.2], [-95.24000000000001, 44.2], [-95.32, 44.2], [-95.32000000000001, 44.2], [-95.39999999999999, 44.2], [-95.4, 44.2], [-95.48, 44.2], [-95.48, 44.28], [-95.55999999999999, 44.28], [-95.56, 44.28], [-95.64, 44.28], [-95.64, 44.36], [-95.64, 44.44], [-95.64, 44.519999999999996], [-95.56, 44.519999999999996]]], [[[-95.47999999999999, 47.0], [-95.4, 47.0], [-95.39999999999999, 47.0], [-95.32000000000001, 47.0], [-95.32, 47.0], [-95.24000000000001, 47.0], [-95.24, 47.0], [-95.16000000000001, 47.0], [-95.16, 47.0], [-95.08000000000001, 47.0], [-95.08, 47.0], [-95.0, 47.0], [-94.92, 47.0], [-94.91999999999999, 47.0], [-94.84, 47.0], [-94.83999999999999, 47.0], [-94.76, 47.0], [-94.75999999999999, 47.0], [-94.68, 47.0], [-94.67999999999999, 47.0], [-94.60000000000001, 47.0], [-94.6, 47.0], [-94.52000000000001, 47.0], [-94.52, 47.0], [-94.44000000000001, 47.0], [-94.44, 47.0], [-94.36, 47.0], [-94.28, 47.0], [-94.27999999999999, 47.0], [-94.2, 47.0], [-94.19999999999999, 47.0], [-94.12, 47.0], [-94.11999999999999, 47.0], [-94.04, 47.0], [-94.03999999999999, 47.0], [-93.96000000000001, 47.0], [-93.96, 47.0], [-93.88000000000001, 47.0], [-93.88, 47.0], [-93.80000000000001, 47.0], [-93.8, 47.0], [-93.72000000000001, 47.0], [-93.72, 47.0], [-93.64, 47.0], [-93.56, 47.0], [-93.55999999999999, 47.0], [-93.48, 47.0], [-93.47999999999999, 47.0], [-93.4, 47.0], [-93.39999999999999, 47.0], [-93.32000000000001, 47.0], [-93.32, 47.0], [-93.24000000000001, 47.0], [-93.24, 47.0], [-93.16000000000001, 47.0], [-93.16, 47.0], [-93.08, 47.0], [-93.0, 47.0], [-92.99999999999999, 47.0], [-92.92, 47.0], [-92.91999999999999, 47.0], [-92.84, 47.0], [-92.83999999999999, 47.0], [-92.76, 47.0], [-92.75999999999999, 47.0], [-92.68, 47.0], [-92.67999999999999, 47.0], [-92.60000000000001, 47.0], [-92.6, 47.0], [-92.52000000000001, 47.0], [-92.52, 47.0], [-92.44000000000001, 47.0], [-92.44, 47.0], [-92.36, 47.0], [-92.28, 47.0], [-92.27999999999999, 47.0], [-92.2, 47.0], [-92.19999999999999, 47.0], [-92.12, 47.0], [-92.11999999999999, 47.0], [-92.04, 47.0], [-92.03999999999999, 47.0], [-91.96000000000001, 47.0], [-91.96, 47.0], [-91.88000000000001, 47.0], [-91.88, 47.0], [-91.80000000000001, 47.0], [-91.8, 47.0], [-91.72000000000001, 47.0], [-91.72, 47.0], [-91.64, 47.0], [-91.56, 47.0], [-91.55999999999999, 47.0], [-91.48, 47.0], [-91.47999999999999, 47.0], [-91.4, 47.0], [-91.39999999999999, 47.0], [-91.32000000000001, 47.0], [-91.32, 47.0], [-91.24000000000001, 47.0], [-91.24, 47.0], [-91.16000000000001, 47.0], [-91.16, 47.0], [-91.08, 47.0], [-91.0, 47.0], [-90.99999999999999, 47.0], [-90.92, 47.0], [-90.91999999999999, 47.0], [-90.84, 47.0], [-90.83999999999999, 47.0], [-90.76, 47.0], [-90.75999999999999, 47.0], [-90.68, 47.0], [-90.67999999999999, 47.0], [-90.60000000000001, 47.0], [-90.6, 47.0], [-90.52000000000001, 47.0], [-90.52, 47.0], [-90.44000000000001, 47.0], [-90.44, 47.0], [-90.36, 47.0], [-90.28, 47.0], [-90.27999999999999, 47.0], [-90.2, 47.0], [-90.19999999999999, 47.0], [-90.12, 47.0], [-90.11999999999999, 47.0], [-90.04, 47.0], [-90.03999999999999, 47.0], [-89.96000000000001, 47.0], [-89.96, 47.0], [-89.88000000000001, 47.0], [-89.88, 47.0], [-89.80000000000001, 47.0], [-89.8, 47.0], [-89.72000000000001, 47.0], [-89.72, 47.0], [-89.64, 47.0], [-89.56, 47.0], [-89.55999999999999, 47.0], [-89.48, 47.0], [-89.47999999999999, 47.0], [-89.4, 47.0], [-89.39999999999999, 47.0], [-89.32000000000001, 47.0], [-89.32, 47.0], [-89.24000000000001, 47.0], [-89.24, 47.0], [-89.16000000000001, 47.0], [-89.16, 47.0], [-89.08, 47.0], [-89.08, 46.92], [-89.08, 46.84], [-89.16, 46.84], [-89.16000000000001, 46.84], [-89.24, 46.84], [-89.24000000000001, 46.84], [-89.32, 46.84], [-89.32000000000001, 46.84], [-89.39999999999999, 46.84], [-89.4, 46.84], [-89.47999999999999, 46.84], [-89.48, 46.84], [-89.55999999999999, 46.84], [-89.56, 46.84], [-89.64, 46.84], [-89.72, 46.84], [-89.72000000000001, 46.84], [-89.8, 46.84], [-89.80000000000001, 46.84], [-89.88, 46.84], [-89.88000000000001, 46.84], [-89.96, 46.84], [-89.96000000000001, 46.84], [-90.03999999999999, 46.84], [-90.04, 46.84], [-90.11999999999999, 46.84], [-90.12, 46.84], [-90.19999999999999, 46.84], [-90.2, 46.84], [-90.27999999999999, 46.84], [-90.28, 46.84], [-90.36, 46.84], [-90.44, 46.84], [-90.44000000000001, 46.84], [-90.52, 46.84], [-90.52000000000001, 46.84], [-90.6, 46.84], [-90.60000000000001, 46.84], [-90.67999999999999, 46.84], [-90.68, 46.84], [-90.75999999999999, 46.84], [-90.76, 46.84], [-90.83999999999999, 46.84], [-90.84, 46.84], [-90.91999999999999, 46.84], [-90.92, 46.84], [-90.99999999999999, 46.84], [-91.0, 46.84], [-91.08, 46.84], [-91.16, 46.84], [-91.16000000000001, 46.84], [-91.24, 46.84], [-91.24000000000001, 46.84], [-91.32, 46.84], [-91.32000000000001, 46.84], [-91.39999999999999, 46.84], [-91.4, 46.84], [-91.47999999999999, 46.84], [-91.48, 46.84], [-91.55999999999999, 46.84], [-91.56, 46.84], [-91.64, 46.84], [-91.72, 46.84], [-91.72000000000001, 46.84], [-91.8, 46.84], [-91.80000000000001, 46.84], [-91.88, 46.84], [-91.88000000000001, 46.84], [-91.96, 46.84], [-91.96000000000001, 46.84], [-92.03999999999999, 46.84], [-92.04, 46.84], [-92.11999999999999, 46.84], [-92.12, 46.84], [-92.19999999999999, 46.84], [-92.2, 46.84], [-92.27999999999999, 46.84], [-92.28, 46.84], [-92.36, 46.84], [-92.44, 46.84], [-92.44000000000001, 46.84], [-92.52, 46.84], [-92.52000000000001, 46.84], [-92.6, 46.84], [-92.60000000000001, 46.84], [-92.67999999999999, 46.84], [-92.68, 46.84], [-92.75999999999999, 46.84], [-92.76, 46.84], [-92.83999999999999, 46.84], [-92.84, 46.84], [-92.91999999999999, 46.84], [-92.92, 46.84], [-92.99999999999999, 46.84], [-93.0, 46.84], [-93.08, 46.84], [-93.16, 46.84], [-93.16000000000001, 46.84], [-93.24, 46.84], [-93.24000000000001, 46.84], [-93.32, 46.84], [-93.32000000000001, 46.84], [-93.39999999999999, 46.84], [-93.4, 46.84], [-93.47999999999999, 46.84], [-93.48, 46.84], [-93.55999999999999, 46.84], [-93.56, 46.84], [-93.64, 46.84], [-93.72, 46.84], [-93.72000000000001, 46.84], [-93.8, 46.84], [-93.80000000000001, 46.84], [-93.88, 46.84], [-93.88000000000001, 46.84], [-93.96, 46.84], [-93.96000000000001, 46.84], [-94.03999999999999, 46.84], [-94.04, 46.84], [-94.11999999999999, 46.84], [-94.12, 46.84], [-94.19999999999999, 46.84], [-94.2, 46.84], [-94.27999999999999, 46.84], [-94.28, 46.84], [-94.36, 46.84], [-94.44, 46.84], [-94.44000000000001, 46.84], [-94.52, 46.84], [-94.52000000000001, 46.84], [-94.6, 46.84], [-94.60000000000001, 46.84], [-94.67999999999999, 46.84], [-94.68, 46.84], [-94.75999999999999, 46.84], [-94.76, 46.84], [-94.83999999999999, 46.84], [-94.84, 46.84], [-94.91999999999999, 46.84], [-94.92, 46.84], [-95.0, 46.84], [-95.08, 46.84], [-95.08000000000001, 46.84], [-95.16, 46.84], [-95.16000000000001, 46.84], [-95.24, 46.84], [-95.24000000000001, 46.84], [-95.32, 46.84], [-95.32000000000001, 46.84], [-95.39999999999999, 46.84], [-95.4, 46.84], [-95.47999999999999, 46.84], [-95.48, 46.84], [-95.55999999999999, 46.84], [-95.56, 46.84], [-95.64, 46.84], [-95.64, 46.92], [-95.72000000000001, 46.92], [-95.72000000000001, 47.0], [-95.64, 47.0], [-95.56, 47.0], [-95.55999999999999, 47.0], [-95.48, 47.0], [-95.47999999999999, 47.0]]], [[[-95.32, 43.64], [-95.24, 43.64], [-95.24, 43.56], [-95.24, 43.480000000000004], [-95.32, 43.480000000000004], [-95.32000000000001, 43.480000000000004], [-95.39999999999999, 43.480000000000004], [-95.4, 43.480000000000004], [-95.48, 43.480000000000004], [-95.48, 43.56], [-95.4, 43.56], [-95.4, 43.64], [-95.32000000000001, 43.64], [-95.32, 43.64]]], [[[-95.56, 43.72], [-95.47999999999999, 43.72], [-95.47999999999999, 43.64], [-95.56, 43.64], [-95.56, 43.72]]], [[[-95.32, 44.199999999999996], [-95.24000000000001, 44.199999999999996], [-95.24, 44.199999999999996], [-95.16000000000001, 44.199999999999996], [-95.16, 44.199999999999996], [-95.08000000000001, 44.199999999999996], [-95.08, 44.199999999999996], [-95.0, 44.199999999999996], [-94.92, 44.199999999999996], [-94.91999999999999, 44.199999999999996], [-94.84, 44.199999999999996], [-94.83999999999999, 44.199999999999996], [-94.76, 44.199999999999996], [-94.75999999999999, 44.199999999999996], [-94.68, 44.199999999999996], [-94.67999999999999, 44.199999999999996], [-94.60000000000001, 44.199999999999996], [-94.6, 44.199999999999996], [-94.52000000000001, 44.199999999999996], [-94.52, 44.199999999999996], [-94.44000000000001, 44.199999999999996], [-94.44, 44.199999999999996], [-94.36, 44.199999999999996], [-94.28, 44.199999999999996], [-94.27999999999999, 44.199999999999996], [-94.2, 44.199999999999996], [-94.19999999999999, 44.199999999999996], [-94.12, 44.199999999999996], [-94.11999999999999, 44.199999999999996], [-94.04, 44.199999999999996], [-94.03999999999999, 44.199999999999996], [-93.96000000000001, 44.199999999999996], [-93.96, 44.199999999999996], [-93.88, 44.199999999999996], [-93.88, 44.12], [-93.88, 44.04], [-93.80000000000001, 44.04], [-93.8, 44.04], [-93.72000000000001, 44.04], [-93.72, 44.04], [-93.64, 44.04], [-93.64, 43.96], [-93.72, 43.96], [-93.72, 43.88], [-93.80000000000001, 43.88], [-93.80000000000001, 43.96], [-93.88, 43.96], [-93.88, 43.88], [-93.96000000000001, 43.88], [-93.96000000000001, 43.96], [-94.03999999999999, 43.96], [-94.04, 43.96], [-94.11999999999999, 43.96], [-94.11999999999999, 43.88], [-94.19999999999999, 43.88], [-94.19999999999999, 43.800000000000004], [-94.27999999999999, 43.800000000000004], [-94.28, 43.800000000000004], [-94.36, 43.800000000000004], [-94.44, 43.800000000000004], [-94.44000000000001, 43.800000000000004], [-94.52, 43.800000000000004], [-94.52000000000001, 43.800000000000004], [-94.6, 43.800000000000004], [-94.60000000000001, 43.800000000000004], [-94.67999999999999, 43.800000000000004], [-94.68, 43.800000000000004], [-94.75999999999999, 43.800000000000004], [-94.76, 43.800000000000004], [-94.83999999999999, 43.800000000000004], [-94.84, 43.800000000000004], [-94.91999999999999, 43.800000000000004], [-94.92, 43.800000000000004], [-95.0, 43.800000000000004], [-95.08000000000001, 43.800000000000004], [-95.08000000000001, 43.88], [-95.16000000000001, 43.88], [-95.16000000000001, 43.96], [-95.16000000000001, 44.04], [-95.24000000000001, 44.04], [-95.24000000000001, 44.12], [-95.32, 44.12], [-95.32000000000001, 44.12], [-95.39999999999999, 44.12], [-95.4, 44.12], [-95.48, 44.12], [-95.48, 44.199999999999996], [-95.4, 44.199999999999996], [-95.39999999999999, 44.199999999999996], [-95.32000000000001, 44.199999999999996], [-95.32, 44.199999999999996]]], [[[-94.91999999999999, 43.8], [-94.84, 43.8], [-94.83999999999999, 43.8], [-94.76, 43.8], [-94.75999999999999, 43.8], [-94.68, 43.8], [-94.67999999999999, 43.8], [-94.60000000000001, 43.8], [-94.6, 43.8], [-94.52000000000001, 43.8], [-94.52, 43.8], [-94.44000000000001, 43.8], [-94.44, 43.8], [-94.36, 43.8], [-94.27999999999999, 43.8], [-94.27999999999999, 43.72], [-94.27999999999999, 43.64], [-94.2, 43.64], [-94.19999999999999, 43.64], [-94.12, 43.64], [-94.11999999999999, 43.64], [-94.04, 43.64], [-94.03999999999999, 43.64], [-93.96000000000001, 43.64], [-93.96000000000001, 43.72], [-93.96000000000001, 43.8], [-93.88, 43.8], [-93.88, 43.72], [-93.88, 43.64], [-93.8, 43.64], [-93.8, 43.56], [-93.72, 43.56], [-93.72, 43.480000000000004], [-93.8, 43.480000000000004], [-93.80000000000001, 43.480000000000004], [-93.88, 43.480000000000004], [-93.88000000000001, 43.480000000000004], [-93.96, 43.480000000000004], [-93.96000000000001, 43.480000000000004], [-94.03999999999999, 43.480000000000004], [-94.04, 43.480000000000004], [-94.11999999999999, 43.480000000000004], [-94.12, 43.480000000000004], [-94.19999999999999, 43.480000000000004], [-94.2, 43.480000000000004], [-94.27999999999999, 43.480000000000004], [-94.28, 43.480000000000004], [-94.36, 43.480000000000004], [-94.44, 43.480000000000004], [-94.44000000000001, 43.480000000000004], [-94.52, 43.480000000000004], [-94.52000000000001, 43.480000000000004], [-94.6, 43.480000000000004], [-94.60000000000001, 43.480000000000004], [-94.67999999999999, 43.480000000000004], [-94.68, 43.480000000000004], [-94.75999999999999, 43.480000000000004], [-94.76, 43.480000000000004], [-94.83999999999999, 43.480000000000004], [-94.84, 43.480000000000004], [-94.91999999999999, 43.480000000000004], [-94.92, 43.480000000000004], [-95.0, 43.480000000000004], [-95.08000000000001, 43.480000000000004], [-95.08000000000001, 43.56], [-95.08000000000001, 43.64], [-95.08000000000001, 43.72], [-95.08000000000001, 43.8], [-95.0, 43.8], [-94.92, 43.8], [-94.91999999999999, 43.8]]], [[[-93.55999999999999, 44.199999999999996], [-93.48, 44.199999999999996], [-93.47999999999999, 44.199999999999996], [-93.4, 44.199999999999996], [-93.39999999999999, 44.199999999999996], [-93.32000000000001, 44.199999999999996], [-93.32, 44.199999999999996], [-93.24000000000001, 44.199999999999996], [-93.24, 44.199999999999996], [-93.16000000000001, 44.199999999999996], [-93.16, 44.199999999999996], [-93.08, 44.199999999999996], [-93.0, 44.199999999999996], [-92.99999999999999, 44.199999999999996], [-92.92, 44.199999999999996], [-92.91999999999999, 44.199999999999996], [-92.84, 44.199999999999996], [-92.83999999999999, 44.199999999999996], [-92.76, 44.199999999999996], [-92.75999999999999, 44.199999999999996], [-92.68, 44.199999999999996], [-92.67999999999999, 44.199999999999996], [-92.60000000000001, 44.199999999999996], [-92.6, 44.199999999999996], [-92.52000000000001, 44.199999999999996], [-92.52, 44.199999999999996], [-92.44000000000001, 44.199999999999996], [-92.44, 44.199999999999996], [-92.36, 44.199999999999996], [-92.28, 44.199999999999996], [-92.27999999999999, 44.199999999999996], [-92.2, 44.199999999999996], [-92.19999999999999, 44.199999999999996], [-92.12, 44.199999999999996], [-92.11999999999999, 44.199999999999996], [-92.04, 44.199999999999996], [-92.03999999999999, 44.199999999999996], [-91.96000000000001, 44.199999999999996], [-91.96, 44.199999999999996], [-91.88000000000001, 44.199999999999996], [-91.88, 44.199999999999996], [-91.80000000000001, 44.199999999999996], [-91.8, 44.199999999999996], [-91.72000000000001, 44.199999999999996], [-91.72, 44.199999999999996], [-91.64, 44.199999999999996], [-91.56, 44.199999999999996], [-91.55999999999999, 44.199999999999996], [-91.48, 44.199999999999996], [-91.47999999999999, 44.199999999999996], [-91.4, 44.199999999999996], [-91.39999999999999, 44.199999999999996], [-91.32000000000001, 44.199999999999996], [-91.32, 44.199999999999996], [-91.24000000000001, 44.199999999999996], [-91.24, 44.199999999999996], [-91.16000000000001, 44.199999999999996], [-91.16, 44.199999999999996], [-91.08, 44.199999999999996], [-91.0, 44.199999999999996], [-90.99999999999999, 44.199999999999996], [-90.92, 44.199999999999996], [-90.91999999999999, 44.199999999999996], [-90.84, 44.199999999999996], [-90.83999999999999, 44.199999999999996], [-90.76, 44.199999999999996], [-90.75999999999999, 44.199999999999996], [-90.68, 44.199999999999996], [-90.67999999999999, 44.199999999999996], [-90.60000000000001, 44.199999999999996], [-90.6, 44.199999999999996], [-90.52, 44.199999999999996], [-90.52, 44.12], [-90.52, 44.04], [-90.52, 43.96], [-90.52, 43.88], [-90.6, 43.88], [-90.60000000000001, 43.88], [-90.67999999999999, 43.88], [-90.67999999999999, 43.800000000000004], [-90.75999999999999, 43.800000000000004], [-90.76, 43.800000000000004], [-90.83999999999999, 43.800000000000004], [-90.84, 43.800000000000004], [-90.91999999999999, 43.800000000000004], [-90.92, 43.800000000000004], [-90.99999999999999, 43.800000000000004], [-91.0, 43.800000000000004], [-91.08, 43.800000000000004], [-91.16, 43.800000000000004], [-91.16000000000001, 43.800000000000004], [-91.24, 43.800000000000004], [-91.24000000000001, 43.800000000000004], [-91.32, 43.800000000000004], [-91.32000000000001, 43.800000000000004], [-91.39999999999999, 43.800000000000004], [-91.4, 43.800000000000004], [-91.47999999999999, 43.800000000000004], [-91.48, 43.800000000000004], [-91.55999999999999, 43.800000000000004], [-91.56, 43.800000000000004], [-91.64, 43.800000000000004], [-91.72, 43.800000000000004], [-91.72000000000001, 43.800000000000004], [-91.8, 43.800000000000004], [-91.80000000000001, 43.800000000000004], [-91.88, 43.800000000000004], [-91.88000000000001, 43.800000000000004], [-91.96, 43.800000000000004], [-91.96000000000001, 43.800000000000004], [-92.03999999999999, 43.800000000000004], [-92.04, 43.800000000000004], [-92.11999999999999, 43.800000000000004], [-92.12, 43.800000000000004], [-92.19999999999999, 43.800000000000004], [-92.2, 43.800000000000004], [-92.27999999999999, 43.800000000000004], [-92.28, 43.800000000000004], [-92.36, 43.800000000000004], [-92.44, 43.800000000000004], [-92.44000000000001, 43.800000000000004], [-92.52, 43.800000000000004], [-92.52000000000001, 43.800000000000004], [-92.6, 43.800000000000004], [-92.60000000000001, 43.800000000000004], [-92.67999999999999, 43.800000000000004], [-92.68, 43.800000000000004], [-92.75999999999999, 43.800000000000004], [-92.76, 43.800000000000004], [-92.83999999999999, 43.800000000000004], [-92.84, 43.800000000000004], [-92.91999999999999, 43.800000000000004], [-92.92, 43.800000000000004], [-92.99999999999999, 43.800000000000004], [-93.0, 43.800000000000004], [-93.08, 43.800000000000004], [-93.16, 43.800000000000004], [-93.16000000000001, 43.800000000000004], [-93.24, 43.800000000000004], [-93.24000000000001, 43.800000000000004], [-93.32, 43.800000000000004], [-93.32000000000001, 43.800000000000004], [-93.4, 43.800000000000004], [-93.4, 43.88], [-93.48, 43.88], [-93.48, 43.96], [-93.56, 43.96], [-93.56, 44.04], [-93.64, 44.04], [-93.64, 44.12], [-93.64, 44.199999999999996], [-93.56, 44.199999999999996], [-93.55999999999999, 44.199999999999996]]], [[[-93.24000000000001, 43.8], [-93.24, 43.8], [-93.16000000000001, 43.8], [-93.16, 43.8], [-93.08, 43.8], [-93.0, 43.8], [-92.99999999999999, 43.8], [-92.92, 43.8], [-92.91999999999999, 43.8], [-92.84, 43.8], [-92.83999999999999, 43.8], [-92.76, 43.8], [-92.75999999999999, 43.8], [-92.68, 43.8], [-92.67999999999999, 43.8], [-92.60000000000001, 43.8], [-92.6, 43.8], [-92.52000000000001, 43.8], [-92.52, 43.8], [-92.44000000000001, 43.8], [-92.44, 43.8], [-92.36, 43.8], [-92.28, 43.8], [-92.27999999999999, 43.8], [-92.2, 43.8], [-92.19999999999999, 43.8], [-92.12, 43.8], [-92.11999999999999, 43.8], [-92.04, 43.8], [-92.03999999999999, 43.8], [-91.96000000000001, 43.8], [-91.96, 43.8], [-91.88000000000001, 43.8], [-91.88, 43.8], [-91.80000000000001, 43.8], [-91.8, 43.8], [-91.72000000000001, 43.8], [-91.72, 43.8], [-91.64, 43.8], [-91.56, 43.8], [-91.55999999999999, 43.8], [-91.48, 43.8], [-91.47999999999999, 43.8], [-91.4, 43.8], [-91.39999999999999, 43.8], [-91.32000000000001, 43.8], [-91.32, 43.8], [-91.24000000000001, 43.8], [-91.24, 43.8], [-91.16000000000001, 43.8], [-91.16, 43.8], [-91.08, 43.8], [-91.0, 43.8], [-90.99999999999999, 43.8], [-90.92, 43.8], [-90.91999999999999, 43.8], [-90.84, 43.8], [-90.83999999999999, 43.8], [-90.76, 43.8], [-90.75999999999999, 43.8], [-90.67999999999999, 43.8], [-90.67999999999999, 43.72], [-90.6, 43.72], [-90.6, 43.64], [-90.52, 43.64], [-90.52, 43.56], [-90.52, 43.480000000000004], [-90.6, 43.480000000000004], [-90.60000000000001, 43.480000000000004], [-90.67999999999999, 43.480000000000004], [-90.68, 43.480000000000004], [-90.75999999999999, 43.480000000000004], [-90.76, 43.480000000000004], [-90.83999999999999, 43.480000000000004], [-90.84, 43.480000000000004], [-90.91999999999999, 43.480000000000004], [-90.92, 43.480000000000004], [-90.99999999999999, 43.480000000000004], [-91.0, 43.480000000000004], [-91.08, 43.480000000000004], [-91.16, 43.480000000000004], [-91.16000000000001, 43.480000000000004], [-91.24, 43.480000000000004], [-91.24000000000001, 43.480000000000004], [-91.32, 43.480000000000004], [-91.32000000000001, 43.480000000000004], [-91.39999999999999, 43.480000000000004], [-91.4, 43.480000000000004], [-91.47999999999999, 43.480000000000004], [-91.48, 43.480000000000004], [-91.55999999999999, 43.480000000000004], [-91.56, 43.480000000000004], [-91.64, 43.480000000000004], [-91.72, 43.480000000000004], [-91.72000000000001, 43.480000000000004], [-91.8, 43.480000000000004], [-91.80000000000001, 43.480000000000004], [-91.88, 43.480000000000004], [-91.88000000000001, 43.480000000000004], [-91.96, 43.480000000000004], [-91.96000000000001, 43.480000000000004], [-92.03999999999999, 43.480000000000004], [-92.04, 43.480000000000004], [-92.11999999999999, 43.480000000000004], [-92.12, 43.480000000000004], [-92.19999999999999, 43.480000000000004], [-92.2, 43.480000000000004], [-92.27999999999999, 43.480000000000004], [-92.28, 43.480000000000004], [-92.36, 43.480000000000004], [-92.44, 43.480000000000004], [-92.44000000000001, 43.480000000000004], [-92.52, 43.480000000000004], [-92.52000000000001, 43.480000000000004], [-92.6, 43.480000000000004], [-92.60000000000001, 43.480000000000004], [-92.67999999999999, 43.480000000000004], [-92.68, 43.480000000000004], [-92.75999999999999, 43.480000000000004], [-92.76, 43.480000000000004], [-92.83999999999999, 43.480000000000004], [-92.84, 43.480000000000004], [-92.91999999999999, 43.480000000000004], [-92.92, 43.480000000000004], [-92.99999999999999, 43.480000000000004], [-93.0, 43.480000000000004], [-93.08, 43.480000000000004], [-93.16, 43.480000000000004], [-93.16000000000001, 43.480000000000004], [-93.24, 43.480000000000004], [-93.24000000000001, 43.480000000000004], [-93.32000000000001, 43.480000000000004], [-93.32000000000001, 43.56], [-93.4, 43.56], [-93.4, 43.64], [-93.4, 43.72], [-93.4, 43.8], [-93.32000000000001, 43.8], [-93.32, 43.8], [-93.24000000000001, 43.8]]], [[[-91.72, 43.48], [-91.64, 43.48], [-91.56, 43.48], [-91.55999999999999, 43.48], [-91.48, 43.48], [-91.47999999999999, 43.48], [-91.4, 43.48], [-91.39999999999999, 43.48], [-91.32000000000001, 43.48], [-91.32, 43.48], [-91.24000000000001, 43.48], [-91.24, 43.48], [-91.16000000000001, 43.48], [-91.16, 43.48], [-91.08, 43.48], [-91.0, 43.48], [-90.99999999999999, 43.48], [-90.92, 43.48], [-90.91999999999999, 43.48], [-90.84, 43.48], [-90.83999999999999, 43.48], [-90.76, 43.48], [-90.75999999999999, 43.48], [-90.68, 43.48], [-90.67999999999999, 43.48], [-90.6, 43.48], [-90.6, 43.4], [-90.67999999999999, 43.4], [-90.68, 43.4], [-90.75999999999999, 43.4], [-90.76, 43.4], [-90.83999999999999, 43.4], [-90.84, 43.4], [-90.91999999999999, 43.4], [-90.92, 43.4], [-90.99999999999999, 43.4], [-90.99999999999999, 43.32], [-91.08, 43.32], [-91.16, 43.32], [-91.16, 43.24], [-91.16, 43.160000000000004], [-91.24, 43.160000000000004], [-91.24000000000001, 43.160000000000004], [-91.32, 43.160000000000004], [-91.32000000000001, 43.160000000000004], [-91.39999999999999, 43.160000000000004], [-91.4, 43.160000000000004], [-91.47999999999999, 43.160000000000004], [-91.48, 43.160000000000004], [-91.55999999999999, 43.160000000000004], [-91.56, 43.160000000000004], [-91.64, 43.160000000000004], [-91.64, 43.24], [-91.72, 43.24], [-91.72000000000001, 43.24], [-91.80000000000001, 43.24], [-91.80000000000001, 43.32], [-91.80000000000001, 43.4], [-91.88000000000001, 43.4], [-91.88000000000001, 43.48], [-91.80000000000001, 43.48], [-91.8, 43.48], [-91.72000000000001, 43.48], [-91.72, 43.48]]], [[[-91.48, 40.44], [-91.56, 40.44], [-91.56, 40.519999999999996], [-91.48, 40.519999999999996], [-91.47999999999999, 40.519999999999996], [-91.39999999999999, 40.519999999999996], [-91.39999999999999, 40.44], [-91.47999999999999, 40.44], [-91.48, 40.44]]], [[[-91.55999999999999, 40.839999999999996], [-91.48, 40.839999999999996], [-91.47999999999999, 40.839999999999996], [-91.4, 40.839999999999996], [-91.39999999999999, 40.839999999999996], [-91.32000000000001, 40.839999999999996], [-91.32, 40.839999999999996], [-91.24000000000001, 40.839999999999996], [-91.24, 40.839999999999996], [-91.16000000000001, 40.839999999999996], [-91.16, 40.839999999999996], [-91.08, 40.839999999999996], [-91.08, 40.76], [-91.0, 40.76], [-90.99999999999999, 40.76], [-90.91999999999999, 40.76], [-90.91999999999999, 40.68], [-90.91999999999999, 40.6], [-90.91999999999999, 40.52], [-90.99999999999999, 40.52], [-91.0, 40.52], [-91.08, 40.52], [-91.16, 40.52], [-91.16000000000001, 40.52], [-91.24000000000001, 40.52], [-91.24000000000001, 40.6], [-91.24000000000001, 40.68], [-91.32, 40.68], [-91.32000000000001, 40.68], [-91.39999999999999, 40.68], [-91.4, 40.68], [-91.47999999999999, 40.68], [-91.47999999999999, 40.6], [-91.39999999999999, 40.6], [-91.39999999999999, 40.52], [-91.47999999999999, 40.52], [-91.48, 40.52], [-91.55999999999999, 40.52], [-91.56, 40.52], [-91.64, 40.52], [-91.64, 40.6], [-91.64, 40.68], [-91.72000000000001, 40.68], [-91.72000000000001, 40.76], [-91.64, 40.76], [-91.64, 40.839999999999996], [-91.56, 40.839999999999996], [-91.55999999999999, 40.839999999999996]]], [[[-91.80000000000001, 43.08], [-91.72000000000001, 43.08], [-91.72000000000001, 43.16], [-91.64, 43.16], [-91.56, 43.16], [-91.55999999999999, 43.16], [-91.48, 43.16], [-91.47999999999999, 43.16], [-91.4, 43.16], [-91.39999999999999, 43.16], [-91.32000000000001, 43.16], [-91.32, 43.16], [-91.24, 43.16], [-91.24, 43.08], [-91.32, 43.08], [-91.32, 43.0], [-91.39999999999999, 43.0], [-91.39999999999999, 42.92], [-91.47999999999999, 42.92], [-91.48, 42.92], [-91.55999999999999, 42.92], [-91.55999999999999, 42.84], [-91.64, 42.84], [-91.72, 42.84], [-91.72000000000001, 42.84], [-91.8, 42.84], [-91.80000000000001, 42.84], [-91.88000000000001, 42.84], [-91.88000000000001, 42.92], [-91.80000000000001, 42.92], [-91.80000000000001, 43.0], [-91.80000000000001, 43.08]]], [[[-91.08, 40.519999999999996], [-91.0, 40.519999999999996], [-90.99999999999999, 40.519999999999996], [-90.92, 40.519999999999996], [-90.91999999999999, 40.519999999999996], [-90.83999999999999, 40.519999999999996], [-90.83999999999999, 40.44], [-90.83999999999999, 40.36], [-90.91999999999999, 40.36], [-90.92, 40.36], [-90.99999999999999, 40.36], [-91.0, 40.36], [-91.08, 40.36], [-91.08, 40.44], [-91.16, 40.44], [-91.16, 40.36], [-91.24, 40.36], [-91.24, 40.28], [-91.32, 40.28], [-91.32, 40.2], [-91.39999999999999, 40.2], [-91.4, 40.2], [-91.48, 40.2], [-91.48, 40.28], [-91.48, 40.36], [-91.4, 40.36], [-91.39999999999999, 40.36], [-91.32000000000001, 40.36], [-91.32000000000001, 40.44], [-91.32000000000001, 40.519999999999996], [-91.24000000000001, 40.519999999999996], [-91.24, 40.519999999999996], [-91.16000000000001, 40.519999999999996], [-91.16, 40.519999999999996], [-91.08, 40.519999999999996]]], [[[-90.76, 41.08], [-90.67999999999999, 41.08], [-90.67999999999999, 41.0], [-90.76, 41.0], [-90.76, 41.08]]], [[[-90.04, 43.88], [-89.96, 43.88], [-89.96, 43.800000000000004], [-90.04, 43.800000000000004], [-90.04, 43.88]]], [[[-89.80000000000001, 44.04], [-89.80000000000001, 44.12], [-89.72, 44.12], [-89.72, 44.04], [-89.80000000000001, 44.04]]], [[[-89.96000000000001, 44.36], [-90.04, 44.36], [-90.04, 44.44], [-90.04, 44.519999999999996], [-89.96000000000001, 44.519999999999996], [-89.96, 44.519999999999996], [-89.88, 44.519999999999996], [-89.88, 44.44], [-89.88, 44.36], [-89.96, 44.36], [-89.96000000000001, 44.36]]], [[[-89.80000000000001, 44.839999999999996], [-89.8, 44.839999999999996], [-89.72, 44.839999999999996], [-89.72, 44.76], [-89.8, 44.76], [-89.8, 44.68], [-89.88, 44.68], [-89.88, 44.6], [-89.88, 44.52], [-89.96000000000001, 44.52], [-89.96000000000001, 44.6], [-89.96000000000001, 44.68], [-89.88000000000001, 44.68], [-89.88000000000001, 44.76], [-89.96000000000001, 44.76], [-89.96000000000001, 44.839999999999996], [-89.88000000000001, 44.839999999999996], [-89.88, 44.839999999999996], [-89.80000000000001, 44.839999999999996]]], [[[-89.88000000000001, 45.16], [-89.80000000000001, 45.16], [-89.8, 45.16], [-89.72000000000001, 45.16], [-89.72, 45.16], [-89.64, 45.16], [-89.56, 45.16], [-89.55999999999999, 45.16], [-89.47999999999999, 45.16], [-89.47999999999999, 45.08], [-89.47999999999999, 45.0], [-89.47999999999999, 44.92], [-89.56, 44.92], [-89.56, 45.0], [-89.64, 45.0], [-89.64, 44.92], [-89.64, 44.84], [-89.72, 44.84], [-89.72000000000001, 44.84], [-89.8, 44.84], [-89.80000000000001, 44.84], [-89.88, 44.84], [-89.88000000000001, 44.84], [-89.96000000000001, 44.84], [-89.96000000000001, 44.92], [-89.96000000000001, 45.0], [-89.96000000000001, 45.08], [-89.88000000000001, 45.08], [-89.88000000000001, 45.16]]], [[[-89.88, 45.160000000000004], [-89.88000000000001, 45.160000000000004], [-89.96000000000001, 45.160000000000004], [-89.96000000000001, 45.24], [-89.88000000000001, 45.24], [-89.88000000000001, 45.32], [-89.80000000000001, 45.32], [-89.80000000000001, 45.4], [-89.72000000000001, 45.4], [-89.72000000000001, 45.48], [-89.64, 45.48], [-89.56, 45.48], [-89.55999999999999, 45.48], [-89.47999999999999, 45.48], [-89.47999999999999, 45.4], [-89.47999999999999, 45.32], [-89.39999999999999, 45.32], [-89.39999999999999, 45.24], [-89.39999999999999, 45.160000000000004], [-89.47999999999999, 45.160000000000004], [-89.48, 45.160000000000004], [-89.55999999999999, 45.160000000000004], [-89.56, 45.160000000000004], [-89.64, 45.160000000000004], [-89.72, 45.160000000000004], [-89.72000000000001, 45.160000000000004], [-89.8, 45.160000000000004], [-89.80000000000001, 45.160000000000004], [-89.88, 45.160000000000004]]], [[[-89.64, 45.480000000000004], [-89.72000000000001, 45.480000000000004], [-89.72000000000001, 45.56], [-89.64, 45.56], [-89.64, 45.64], [-89.64, 45.72], [-89.56, 45.72], [-89.56, 45.8], [-89.48, 45.8], [-89.47999999999999, 45.8], [-89.4, 45.8], [-89.39999999999999, 45.8], [-89.32000000000001, 45.8], [-89.32, 45.8], [-89.24000000000001, 45.8], [-89.24, 45.8], [-89.16000000000001, 45.8], [-89.16, 45.8], [-89.08, 45.8], [-89.0, 45.8], [-88.99999999999999, 45.8], [-88.92, 45.8], [-88.91999999999999, 45.8], [-88.84, 45.8], [-88.83999999999999, 45.8], [-88.75999999999999, 45.8], [-88.75999999999999, 45.72], [-88.83999999999999, 45.72], [-88.83999999999999, 45.64], [-88.91999999999999, 45.64], [-88.92, 45.64], [-88.99999999999999, 45.64], [-89.0, 45.64], [-89.08, 45.64], [-89.16, 45.64], [-89.16000000000001, 45.64], [-89.24, 45.64], [-89.24, 45.56], [-89.24, 45.480000000000004], [-89.32, 45.480000000000004], [-89.32000000000001, 45.480000000000004], [-89.39999999999999, 45.480000000000004], [-89.4, 45.480000000000004], [-89.47999999999999, 45.480000000000004], [-89.48, 45.480000000000004], [-89.55999999999999, 45.480000000000004], [-89.56, 45.480000000000004], [-89.64, 45.480000000000004]]], [[[-89.48, 45.96], [-89.48, 46.04], [-89.56, 46.04], [-89.56, 46.12], [-89.48, 46.12], [-89.48, 46.199999999999996], [-89.4, 46.199999999999996], [-89.39999999999999, 46.199999999999996], [-89.32, 46.199999999999996], [-89.32, 46.12], [-89.24000000000001, 46.12], [-89.24, 46.12], [-89.16000000000001, 46.12], [-89.16000000000001, 46.199999999999996], [-89.08, 46.199999999999996], [-89.0, 46.199999999999996], [-88.99999999999999, 46.199999999999996], [-88.92, 46.199999999999996], [-88.91999999999999, 46.199999999999996], [-88.83999999999999, 46.199999999999996], [-88.83999999999999, 46.12], [-88.76, 46.12], [-88.75999999999999, 46.12], [-88.67999999999999, 46.12], [-88.67999999999999, 46.04], [-88.67999999999999, 45.96], [-88.75999999999999, 45.96], [-88.75999999999999, 45.88], [-88.83999999999999, 45.88], [-88.83999999999999, 45.800000000000004], [-88.91999999999999, 45.800000000000004], [-88.92, 45.800000000000004], [-88.99999999999999, 45.800000000000004], [-89.0, 45.800000000000004], [-89.08, 45.800000000000004], [-89.16, 45.800000000000004], [-89.16000000000001, 45.800000000000004], [-89.24, 45.800000000000004], [-89.24000000000001, 45.800000000000004], [-89.32, 45.800000000000004], [-89.32000000000001, 45.800000000000004], [-89.39999999999999, 45.800000000000004], [-89.4, 45.800000000000004], [-89.47999999999999, 45.800000000000004], [-89.48, 45.800000000000004], [-89.56, 45.800000000000004], [-89.56, 45.88], [-89.56, 45.96], [-89.48, 45.96]]], [[[-87.4, 45.96], [-87.32000000000001, 45.96], [-87.32000000000001, 46.04], [-87.24, 46.04], [-87.24, 45.96], [-87.32, 45.96], [-87.32, 45.88], [-87.4, 45.88], [-87.4, 45.96]]], [[[-89.48, 46.2], [-89.56, 46.2], [-89.56, 46.28], [-89.64, 46.28], [-89.64, 46.36], [-89.72000000000001, 46.36], [-89.72000000000001, 46.44], [-89.8, 46.44], [-89.80000000000001, 46.44], [-89.88, 46.44], [-89.88000000000001, 46.44], [-89.96000000000001, 46.44], [-89.96000000000001, 46.519999999999996], [-89.88000000000001, 46.519999999999996], [-89.88, 46.519999999999996], [-89.80000000000001, 46.519999999999996], [-89.8, 46.519999999999996], [-89.72000000000001, 46.519999999999996], [-89.72, 46.519999999999996], [-89.64, 46.519999999999996], [-89.56, 46.519999999999996], [-89.55999999999999, 46.519999999999996], [-89.48, 46.519999999999996], [-89.47999999999999, 46.519999999999996], [-89.4, 46.519999999999996], [-89.39999999999999, 46.519999999999996], [-89.32000000000001, 46.519999999999996], [-89.32, 46.519999999999996], [-89.24000000000001, 46.519999999999996], [-89.24, 46.519999999999996], [-89.16, 46.519999999999996], [-89.16, 46.44], [-89.24, 46.44], [-89.24000000000001, 46.44], [-89.32, 46.44], [-89.32000000000001, 46.44], [-89.39999999999999, 46.44], [-89.4, 46.44], [-89.47999999999999, 46.44], [-89.47999999999999, 46.36], [-89.4, 46.36], [-89.39999999999999, 46.36], [-89.32, 46.36], [-89.32, 46.28], [-89.39999999999999, 46.28], [-89.39999999999999, 46.2], [-89.47999999999999, 46.2], [-89.48, 46.2]]], [[[-87.55999999999999, 46.839999999999996], [-87.48, 46.839999999999996], [-87.47999999999999, 46.839999999999996], [-87.4, 46.839999999999996], [-87.39999999999999, 46.839999999999996], [-87.32000000000001, 46.839999999999996], [-87.32, 46.839999999999996], [-87.24000000000001, 46.839999999999996], [-87.24, 46.839999999999996], [-87.16000000000001, 46.839999999999996], [-87.16, 46.839999999999996], [-87.08, 46.839999999999996], [-87.00000000000001, 46.839999999999996], [-86.99999999999999, 46.839999999999996], [-86.92, 46.839999999999996], [-86.84, 46.839999999999996], [-86.83999999999999, 46.839999999999996], [-86.76, 46.839999999999996], [-86.75999999999999, 46.839999999999996], [-86.68, 46.839999999999996], [-86.67999999999999, 46.839999999999996], [-86.60000000000001, 46.839999999999996], [-86.6, 46.839999999999996], [-86.52000000000001, 46.839999999999996], [-86.52, 46.839999999999996], [-86.44000000000001, 46.839999999999996], [-86.44, 46.839999999999996], [-86.36, 46.839999999999996], [-86.28, 46.839999999999996], [-86.27999999999999, 46.839999999999996], [-86.2, 46.839999999999996], [-86.19999999999999, 46.839999999999996], [-86.12, 46.839999999999996], [-86.11999999999999, 46.839999999999996], [-86.04, 46.839999999999996], [-86.03999999999999, 46.839999999999996], [-85.96000000000001, 46.839999999999996], [-85.96, 46.839999999999996], [-85.88000000000001, 46.839999999999996], [-85.88, 46.839999999999996], [-85.8, 46.839999999999996], [-85.72000000000001, 46.839999999999996], [-85.71999999999998, 46.839999999999996], [-85.64, 46.839999999999996], [-85.56, 46.839999999999996], [-85.55999999999999, 46.839999999999996], [-85.48, 46.839999999999996], [-85.47999999999999, 46.839999999999996], [-85.4, 46.839999999999996], [-85.39999999999999, 46.839999999999996], [-85.32000000000001, 46.839999999999996], [-85.32, 46.839999999999996], [-85.24000000000001, 46.839999999999996], [-85.24, 46.839999999999996], [-85.16000000000001, 46.839999999999996], [-85.16, 46.839999999999996], [-85.08, 46.839999999999996], [-85.00000000000001, 46.839999999999996], [-84.99999999999999, 46.839999999999996], [-84.92, 46.839999999999996], [-84.84, 46.839999999999996], [-84.83999999999999, 46.839999999999996], [-84.76, 46.839999999999996], [-84.75999999999999, 46.839999999999996], [-84.68, 46.839999999999996], [-84.67999999999999, 46.839999999999996], [-84.60000000000001, 46.839999999999996], [-84.6, 46.839999999999996], [-84.52000000000001, 46.839999999999996], [-84.52, 46.839999999999996], [-84.44000000000001, 46.839999999999996], [-84.44, 46.839999999999996], [-84.36, 46.839999999999996], [-84.28, 46.839999999999996], [-84.27999999999999, 46.839999999999996], [-84.2, 46.839999999999996], [-84.19999999999999, 46.839999999999996], [-84.12, 46.839999999999996], [-84.11999999999999, 46.839999999999996], [-84.03999999999999, 46.839999999999996], [-84.03999999999999, 46.76], [-84.03999999999999, 46.68], [-84.03999999999999, 46.6], [-84.03999999999999, 46.52], [-84.11999999999999, 46.52], [-84.12, 46.52], [-84.19999999999999, 46.52], [-84.2, 46.52], [-84.27999999999999, 46.52], [-84.28, 46.52], [-84.36, 46.52], [-84.44, 46.52], [-84.44000000000001, 46.52], [-84.52, 46.52], [-84.52000000000001, 46.52], [-84.6, 46.52], [-84.60000000000001, 46.52], [-84.67999999999999, 46.52], [-84.68, 46.52], [-84.75999999999999, 46.52], [-84.76, 46.52], [-84.83999999999999, 46.52], [-84.84, 46.52], [-84.92, 46.52], [-84.99999999999999, 46.52], [-85.00000000000001, 46.52], [-85.08, 46.52], [-85.16, 46.52], [-85.16000000000001, 46.52], [-85.24, 46.52], [-85.24000000000001, 46.52], [-85.32, 46.52], [-85.32000000000001, 46.52], [-85.39999999999999, 46.52], [-85.4, 46.52], [-85.47999999999999, 46.52], [-85.48, 46.52], [-85.55999999999999, 46.52], [-85.56, 46.52], [-85.64, 46.52], [-85.71999999999998, 46.52], [-85.72000000000001, 46.52], [-85.8, 46.52], [-85.88, 46.52], [-85.88000000000001, 46.52], [-85.96, 46.52], [-85.96000000000001, 46.52], [-86.03999999999999, 46.52], [-86.04, 46.52], [-86.11999999999999, 46.52], [-86.12, 46.52], [-86.19999999999999, 46.52], [-86.2, 46.52], [-86.27999999999999, 46.52], [-86.28, 46.52], [-86.36, 46.52], [-86.44, 46.52], [-86.44000000000001, 46.52], [-86.52, 46.52], [-86.52000000000001, 46.52], [-86.6, 46.52], [-86.60000000000001, 46.52], [-86.67999999999999, 46.52], [-86.68, 46.52], [-86.75999999999999, 46.52], [-86.76, 46.52], [-86.83999999999999, 46.52], [-86.84, 46.52], [-86.92, 46.52], [-86.99999999999999, 46.52], [-87.00000000000001, 46.52], [-87.08, 46.52], [-87.16, 46.52], [-87.16000000000001, 46.52], [-87.24000000000001, 46.52], [-87.24000000000001, 46.6], [-87.32000000000001, 46.6], [-87.32000000000001, 46.68], [-87.39999999999999, 46.68], [-87.4, 46.68], [-87.48, 46.68], [-87.48, 46.76], [-87.55999999999999, 46.76], [-87.56, 46.76], [-87.64, 46.76], [-87.64, 46.839999999999996], [-87.56, 46.839999999999996], [-87.55999999999999, 46.839999999999996]]], [[[-87.64, 46.84], [-87.72000000000001, 46.84], [-87.72000000000001, 46.92], [-87.8, 46.92], [-87.80000000000001, 46.92], [-87.88000000000001, 46.92], [-87.88000000000001, 47.0], [-87.80000000000001, 47.0], [-87.8, 47.0], [-87.72000000000001, 47.0], [-87.72, 47.0], [-87.64, 47.0], [-87.56, 47.0], [-87.55999999999999, 47.0], [-87.48, 47.0], [-87.47999999999999, 47.0], [-87.4, 47.0], [-87.39999999999999, 47.0], [-87.32000000000001, 47.0], [-87.32, 47.0], [-87.24000000000001, 47.0], [-87.24, 47.0], [-87.16000000000001, 47.0], [-87.16, 47.0], [-87.08, 47.0], [-87.00000000000001, 47.0], [-86.99999999999999, 47.0], [-86.92, 47.0], [-86.84, 47.0], [-86.83999999999999, 47.0], [-86.76, 47.0], [-86.75999999999999, 47.0], [-86.68, 47.0], [-86.67999999999999, 47.0], [-86.60000000000001, 47.0], [-86.6, 47.0], [-86.52000000000001, 47.0], [-86.52, 47.0], [-86.44000000000001, 47.0], [-86.44, 47.0], [-86.36, 47.0], [-86.28, 47.0], [-86.27999999999999, 47.0], [-86.2, 47.0], [-86.19999999999999, 47.0], [-86.12, 47.0], [-86.11999999999999, 47.0], [-86.04, 47.0], [-86.03999999999999, 47.0], [-85.96000000000001, 47.0], [-85.96, 47.0], [-85.88000000000001, 47.0], [-85.88, 47.0], [-85.8, 47.0], [-85.72000000000001, 47.0], [-85.71999999999998, 47.0], [-85.64, 47.0], [-85.56, 47.0], [-85.55999999999999, 47.0], [-85.48, 47.0], [-85.47999999999999, 47.0], [-85.4, 47.0], [-85.39999999999999, 47.0], [-85.32000000000001, 47.0], [-85.32, 47.0], [-85.24000000000001, 47.0], [-85.24, 47.0], [-85.16000000000001, 47.0], [-85.16, 47.0], [-85.08, 47.0], [-85.00000000000001, 47.0], [-84.99999999999999, 47.0], [-84.92, 47.0], [-84.84, 47.0], [-84.83999999999999, 47.0], [-84.76, 47.0], [-84.75999999999999, 47.0], [-84.68, 47.0], [-84.67999999999999, 47.0], [-84.60000000000001, 47.0], [-84.6, 47.0], [-84.52000000000001, 47.0], [-84.52, 47.0], [-84.44000000000001, 47.0], [-84.44, 47.0], [-84.36, 47.0], [-84.28, 47.0], [-84.27999999999999, 47.0], [-84.2, 47.0], [-84.19999999999999, 47.0], [-84.12, 47.0], [-84.11999999999999, 47.0], [-84.03999999999999, 47.0], [-84.03999999999999, 46.92], [-84.03999999999999, 46.84], [-84.11999999999999, 46.84], [-84.12, 46.84], [-84.19999999999999, 46.84], [-84.2, 46.84], [-84.27999999999999, 46.84], [-84.28, 46.84], [-84.36, 46.84], [-84.44, 46.84], [-84.44000000000001, 46.84], [-84.52, 46.84], [-84.52000000000001, 46.84], [-84.6, 46.84], [-84.60000000000001, 46.84], [-84.67999999999999, 46.84], [-84.68, 46.84], [-84.75999999999999, 46.84], [-84.76, 46.84], [-84.83999999999999, 46.84], [-84.84, 46.84], [-84.92, 46.84], [-84.99999999999999, 46.84], [-85.00000000000001, 46.84], [-85.08, 46.84], [-85.16, 46.84], [-85.16000000000001, 46.84], [-85.24, 46.84], [-85.24000000000001, 46.84], [-85.32, 46.84], [-85.32000000000001, 46.84], [-85.39999999999999, 46.84], [-85.4, 46.84], [-85.47999999999999, 46.84], [-85.48, 46.84], [-85.55999999999999, 46.84], [-85.56, 46.84], [-85.64, 46.84], [-85.71999999999998, 46.84], [-85.72000000000001, 46.84], [-85.8, 46.84], [-85.88, 46.84], [-85.88000000000001, 46.84], [-85.96, 46.84], [-85.96000000000001, 46.84], [-86.03999999999999, 46.84], [-86.04, 46.84], [-86.11999999999999, 46.84], [-86.12, 46.84], [-86.19999999999999, 46.84], [-86.2, 46.84], [-86.27999999999999, 46.84], [-86.28, 46.84], [-86.36, 46.84], [-86.44, 46.84], [-86.44000000000001, 46.84], [-86.52, 46.84], [-86.52000000000001, 46.84], [-86.6, 46.84], [-86.60000000000001, 46.84], [-86.67999999999999, 46.84], [-86.68, 46.84], [-86.75999999999999, 46.84], [-86.76, 46.84], [-86.83999999999999, 46.84], [-86.84, 46.84], [-86.92, 46.84], [-86.99999999999999, 46.84], [-87.00000000000001, 46.84], [-87.08, 46.84], [-87.16, 46.84], [-87.16000000000001, 46.84], [-87.24, 46.84], [-87.24000000000001, 46.84], [-87.32, 46.84], [-87.32000000000001, 46.84], [-87.39999999999999, 46.84], [-87.4, 46.84], [-87.47999999999999, 46.84], [-87.48, 46.84], [-87.55999999999999, 46.84], [-87.56, 46.84], [-87.64, 46.84]]], [[[-85.48, 40.28], [-85.48, 40.36], [-85.48, 40.44], [-85.48, 40.519999999999996], [-85.4, 40.519999999999996], [-85.39999999999999, 40.519999999999996], [-85.32000000000001, 40.519999999999996], [-85.32, 40.519999999999996], [-85.24000000000001, 40.519999999999996], [-85.24, 40.519999999999996], [-85.16000000000001, 40.519999999999996], [-85.16, 40.519999999999996], [-85.08, 40.519999999999996], [-85.00000000000001, 40.519999999999996], [-84.99999999999999, 40.519999999999996], [-84.92, 40.519999999999996], [-84.84, 40.519999999999996], [-84.83999999999999, 40.519999999999996], [-84.76, 40.519999999999996], [-84.75999999999999, 40.519999999999996], [-84.68, 40.519999999999996], [-84.67999999999999, 40.519999999999996], [-84.60000000000001, 40.519999999999996], [-84.6, 40.519999999999996], [-84.52000000000001, 40.519999999999996], [-84.52, 40.519999999999996], [-84.44000000000001, 40.519999999999996], [-84.44, 40.519999999999996], [-84.36, 40.519999999999996], [-84.28, 40.519999999999996], [-84.27999999999999, 40.519999999999996], [-84.2, 40.519999999999996], [-84.19999999999999, 40.519999999999996], [-84.12, 40.519999999999996], [-84.11999999999999, 40.519999999999996], [-84.03999999999999, 40.519999999999996], [-84.03999999999999, 40.44], [-84.03999999999999, 40.36], [-84.11999999999999, 40.36], [-84.11999999999999, 40.28], [-84.19999999999999, 40.28], [-84.2, 40.28], [-84.27999999999999, 40.28], [-84.28, 40.28], [-84.36, 40.28], [-84.36, 40.2], [-84.44, 40.2], [-84.44000000000001, 40.2], [-84.52, 40.2], [-84.52000000000001, 40.2], [-84.6, 40.2], [-84.60000000000001, 40.2], [-84.67999999999999, 40.2], [-84.68, 40.2], [-84.75999999999999, 40.2], [-84.76, 40.2], [-84.83999999999999, 40.2], [-84.84, 40.2], [-84.92, 40.2], [-84.99999999999999, 40.2], [-85.00000000000001, 40.2], [-85.08, 40.2], [-85.16, 40.2], [-85.16000000000001, 40.2], [-85.24, 40.2], [-85.24000000000001, 40.2], [-85.32, 40.2], [-85.32000000000001, 40.2], [-85.39999999999999, 40.2], [-85.4, 40.2], [-85.47999999999999, 40.2], [-85.48, 40.2], [-85.56, 40.2], [-85.56, 40.28], [-85.48, 40.28]]], [[[-85.64, 41.08], [-85.64, 41.0], [-85.71999999999998, 41.0], [-85.72000000000001, 41.0], [-85.8, 41.0], [-85.8, 40.92], [-85.88000000000001, 40.92], [-85.88000000000001, 41.0], [-85.88000000000001, 41.08], [-85.8, 41.08], [-85.72000000000001, 41.08], [-85.72000000000001, 41.16], [-85.64, 41.16], [-85.55999999999999, 41.16], [-85.55999999999999, 41.08], [-85.64, 41.08]]], [[[-85.64, 41.24], [-85.55999999999999, 41.24], [-85.55999999999999, 41.160000000000004], [-85.64, 41.160000000000004], [-85.64, 41.24]]], [[[-85.32, 45.48], [-85.24000000000001, 45.48], [-85.24, 45.48], [-85.16000000000001, 45.48], [-85.16, 45.48], [-85.08, 45.48], [-85.00000000000001, 45.48], [-84.99999999999999, 45.48], [-84.92, 45.48], [-84.84, 45.48], [-84.83999999999999, 45.48], [-84.76, 45.48], [-84.75999999999999, 45.48], [-84.68, 45.48], [-84.67999999999999, 45.48], [-84.60000000000001, 45.48], [-84.6, 45.48], [-84.52000000000001, 45.48], [-84.52, 45.48], [-84.44000000000001, 45.48], [-84.44, 45.48], [-84.36, 45.48], [-84.28, 45.48], [-84.27999999999999, 45.48], [-84.2, 45.48], [-84.19999999999999, 45.48], [-84.12, 45.48], [-84.11999999999999, 45.48], [-84.03999999999999, 45.48], [-84.03999999999999, 45.4], [-84.03999999999999, 45.32], [-84.03999999999999, 45.24], [-84.03999999999999, 45.160000000000004], [-84.11999999999999, 45.160000000000004], [-84.12, 45.160000000000004], [-84.19999999999999, 45.160000000000004], [-84.2, 45.160000000000004], [-84.27999999999999, 45.160000000000004], [-84.28, 45.160000000000004], [-84.36, 45.160000000000004], [-84.44, 45.160000000000004], [-84.44000000000001, 45.160000000000004], [-84.52, 45.160000000000004], [-84.52000000000001, 45.160000000000004], [-84.6, 45.160000000000004], [-84.60000000000001, 45.160000000000004], [-84.67999999999999, 45.160000000000004], [-84.68, 45.160000000000004], [-84.75999999999999, 45.160000000000004], [-84.76, 45.160000000000004], [-84.83999999999999, 45.160000000000004], [-84.84, 45.160000000000004], [-84.92, 45.160000000000004], [-84.99999999999999, 45.160000000000004], [-85.00000000000001, 45.160000000000004], [-85.08, 45.160000000000004], [-85.08, 45.24], [-85.16, 45.24], [-85.16000000000001, 45.24], [-85.24000000000001, 45.24], [-85.24000000000001, 45.32], [-85.32000000000001, 45.32], [-85.32000000000001, 45.4], [-85.39999999999999, 45.4], [-85.4, 45.4], [-85.48, 45.4], [-85.48, 45.48], [-85.4, 45.48], [-85.39999999999999, 45.48], [-85.32000000000001, 45.48], [-85.32, 45.48]]], [[[-85.96000000000001, 45.72], [-85.96000000000001, 45.8], [-85.88000000000001, 45.8], [-85.88, 45.8], [-85.8, 45.8], [-85.72000000000001, 45.8], [-85.71999999999998, 45.8], [-85.64, 45.8], [-85.56, 45.8], [-85.55999999999999, 45.8], [-85.48, 45.8], [-85.47999999999999, 45.8], [-85.4, 45.8], [-85.39999999999999, 45.8], [-85.32000000000001, 45.8], [-85.32, 45.8], [-85.24000000000001, 45.8], [-85.24, 45.8], [-85.16000000000001, 45.8], [-85.16, 45.8], [-85.08, 45.8], [-85.00000000000001, 45.8], [-84.99999999999999, 45.8], [-84.92, 45.8], [-84.84, 45.8], [-84.83999999999999, 45.8], [-84.76, 45.8], [-84.75999999999999, 45.8], [-84.68, 45.8], [-84.67999999999999, 45.8], [-84.60000000000001, 45.8], [-84.6, 45.8], [-84.52000000000001, 45.8], [-84.52, 45.8], [-84.44000000000001, 45.8], [-84.44, 45.8], [-84.36, 45.8], [-84.28, 45.8], [-84.27999999999999, 45.8], [-84.2, 45.8], [-84.19999999999999, 45.8], [-84.12, 45.8], [-84.11999999999999, 45.8], [-84.03999999999999, 45.8], [-84.03999999999999, 45.72], [-84.03999999999999, 45.64], [-84.03999999999999, 45.56], [-84.03999999999999, 45.480000000000004], [-84.11999999999999, 45.480000000000004], [-84.12, 45.480000000000004], [-84.19999999999999, 45.480000000000004], [-84.2, 45.480000000000004], [-84.27999999999999, 45.480000000000004], [-84.28, 45.480000000000004], [-84.36, 45.480000000000004], [-84.44, 45.480000000000004], [-84.44000000000001, 45.480000000000004], [-84.52, 45.480000000000004], [-84.52000000000001, 45.480000000000004], [-84.6, 45.480000000000004], [-84.60000000000001, 45.480000000000004], [-84.67999999999999, 45.480000000000004], [-84.68, 45.480000000000004], [-84.75999999999999, 45.480000000000004], [-84.76, 45.480000000000004], [-84.83999999999999, 45.480000000000004], [-84.84, 45.480000000000004], [-84.92, 45.480000000000004], [-84.99999999999999, 45.480000000000004], [-85.00000000000001, 45.480000000000004], [-85.08, 45.480000000000004], [-85.16, 45.480000000000004], [-85.16000000000001, 45.480000000000004], [-85.24, 45.480000000000004], [-85.24000000000001, 45.480000000000004], [-85.32, 45.480000000000004], [-85.32000000000001, 45.480000000000004], [-85.39999999999999, 45.480000000000004], [-85.4, 45.480000000000004], [-85.47999999999999, 45.480000000000004], [-85.48, 45.480000000000004], [-85.56, 45.480000000000004], [-85.56, 45.56], [-85.64, 45.56], [-85.72000000000001, 45.56], [-85.72000000000001, 45.64], [-85.8, 45.64], [-85.88000000000001, 45.64], [-85.88000000000001, 45.72], [-85.96000000000001, 45.72]]], [[[-86.12, 45.800000000000004], [-86.12, 45.88], [-86.2, 45.88], [-86.2, 45.96], [-86.27999999999999, 45.96], [-86.28, 45.96], [-86.36, 45.96], [-86.36, 46.04], [-86.44000000000001, 46.04], [-86.44000000000001, 46.12], [-86.52, 46.12], [-86.52000000000001, 46.12], [-86.60000000000001, 46.12], [-86.60000000000001, 46.199999999999996], [-86.52000000000001, 46.199999999999996], [-86.52, 46.199999999999996], [-86.44000000000001, 46.199999999999996], [-86.44, 46.199999999999996], [-86.36, 46.199999999999996], [-86.28, 46.199999999999996], [-86.27999999999999, 46.199999999999996], [-86.2, 46.199999999999996], [-86.19999999999999, 46.199999999999996], [-86.12, 46.199999999999996], [-86.11999999999999, 46.199999999999996], [-86.04, 46.199999999999996], [-86.03999999999999, 46.199999999999996], [-85.96000000000001, 46.199999999999996], [-85.96, 46.199999999999996], [-85.88000000000001, 46.199999999999996], [-85.88, 46.199999999999996], [-85.8, 46.199999999999996], [-85.72000000000001, 46.199999999999996], [-85.71999999999998, 46.199999999999996], [-85.64, 46.199999999999996], [-85.56, 46.199999999999996], [-85.55999999999999, 46.199999999999996], [-85.48, 46.199999999999996], [-85.47999999999999, 46.199999999999996], [-85.4, 46.199999999999996], [-85.39999999999999, 46.199999999999996], [-85.32000000000001, 46.199999999999996], [-85.32, 46.199999999999996], [-85.24000000000001, 46.199999999999996], [-85.24, 46.199999999999996], [-85.16000000000001, 46.199999999999996], [-85.16, 46.199999999999996], [-85.08, 46.199999999999996], [-85.00000000000001, 46.199999999999996], [-84.99999999999999, 46.199999999999996], [-84.92, 46.199999999999996], [-84.84, 46.199999999999996], [-84.83999999999999, 46.199999999999996], [-84.76, 46.199999999999996], [-84.75999999999999, 46.199999999999996], [-84.68, 46.199999999999996], [-84.67999999999999, 46.199999999999996], [-84.60000000000001, 46.199999999999996], [-84.6, 46.199999999999996], [-84.52000000000001, 46.199999999999996], [-84.52, 46.199999999999996], [-84.44000000000001, 46.199999999999996], [-84.44, 46.199999999999996], [-84.36, 46.199999999999996], [-84.28, 46.199999999999996], [-84.27999999999999, 46.199999999999996], [-84.2, 46.199999999999996], [-84.19999999999999, 46.199999999999996], [-84.12, 46.199999999999996], [-84.11999999999999, 46.199999999999996], [-84.03999999999999, 46.199999999999996], [-84.03999999999999, 46.12], [-84.03999999999999, 46.04], [-84.03999999999999, 45.96], [-84.03999999999999, 45.88], [-84.03999999999999, 45.800000000000004], [-84.11999999999999, 45.800000000000004], [-84.12, 45.800000000000004], [-84.19999999999999, 45.800000000000004], [-84.2, 45.800000000000004], [-84.27999999999999, 45.800000000000004], [-84.28, 45.800000000000004], [-84.36, 45.800000000000004], [-84.44, 45.800000000000004], [-84.44000000000001, 45.800000000000004], [-84.52, 45.800000000000004], [-84.52000000000001, 45.800000000000004], [-84.6, 45.800000000000004], [-84.60000000000001, 45.800000000000004], [-84.67999999999999, 45.800000000000004], [-84.68, 45.800000000000004], [-84.75999999999999, 45.800000000000004], [-84.76, 45.800000000000004], [-84.83999999999999, 45.800000000000004], [-84.84, 45.800000000000004], [-84.92, 45.800000000000004], [-84.99999999999999, 45.800000000000004], [-85.00000000000001, 45.800000000000004], [-85.08, 45.800000000000004], [-85.16, 45.800000000000004], [-85.16000000000001, 45.800000000000004], [-85.24, 45.800000000000004], [-85.24000000000001, 45.800000000000004], [-85.32, 45.800000000000004], [-85.32000000000001, 45.800000000000004], [-85.39999999999999, 45.800000000000004], [-85.4, 45.800000000000004], [-85.47999999999999, 45.800000000000004], [-85.48, 45.800000000000004], [-85.55999999999999, 45.800000000000004], [-85.56, 45.800000000000004], [-85.64, 45.800000000000004], [-85.71999999999998, 45.800000000000004], [-85.72000000000001, 45.800000000000004], [-85.8, 45.800000000000004], [-85.88, 45.800000000000004], [-85.88000000000001, 45.800000000000004], [-85.96, 45.800000000000004], [-85.96000000000001, 45.800000000000004], [-86.03999999999999, 45.800000000000004], [-86.04, 45.800000000000004], [-86.12, 45.800000000000004]]], [[[-86.84, 46.28], [-86.84, 46.36], [-86.92, 46.36], [-87.00000000000001, 46.36], [-87.00000000000001, 46.44], [-87.08, 46.44], [-87.08, 46.519999999999996], [-87.00000000000001, 46.519999999999996], [-86.99999999999999, 46.519999999999996], [-86.92, 46.519999999999996], [-86.84, 46.519999999999996], [-86.83999999999999, 46.519999999999996], [-86.76, 46.519999999999996], [-86.75999999999999, 46.519999999999996], [-86.68, 46.519999999999996], [-86.67999999999999, 46.519999999999996], [-86.60000000000001, 46.519999999999996], [-86.6, 46.519999999999996], [-86.52000000000001, 46.519999999999996], [-86.52, 46.519999999999996], [-86.44000000000001, 46.519999999999996], [-86.44, 46.519999999999996], [-86.36, 46.519999999999996], [-86.28, 46.519999999999996], [-86.27999999999999, 46.519999999999996], [-86.2, 46.519999999999996], [-86.19999999999999, 46.519999999999996], [-86.12, 46.519999999999996], [-86.11999999999999, 46.519999999999996], [-86.04, 46.519999999999996], [-86.03999999999999, 46.519999999999996], [-85.96000000000001, 46.519999999999996], [-85.96, 46.519999999999996], [-85.88000000000001, 46.519999999999996], [-85.88, 46.519999999999996], [-85.8, 46.519999999999996], [-85.72000000000001, 46.519999999999996], [-85.71999999999998, 46.519999999999996], [-85.64, 46.519999999999996], [-85.56, 46.519999999999996], [-85.55999999999999, 46.519999999999996], [-85.48, 46.519999999999996], [-85.47999999999999, 46.519999999999996], [-85.4, 46.519999999999996], [-85.39999999999999, 46.519999999999996], [-85.32000000000001, 46.519999999999996], [-85.32, 46.519999999999996], [-85.24000000000001, 46.519999999999996], [-85.24, 46.519999999999996], [-85.16000000000001, 46.519999999999996], [-85.16, 46.519999999999996], [-85.08, 46.519999999999996], [-85.00000000000001, 46.519999999999996], [-84.99999999999999, 46.519999999999996], [-84.92, 46.519999999999996], [-84.84, 46.519999999999996], [-84.83999999999999, 46.519999999999996], [-84.76, 46.519999999999996], [-84.75999999999999, 46.519999999999996], [-84.68, 46.519999999999996], [-84.67999999999999, 46.519999999999996], [-84.60000000000001, 46.519999999999996], [-84.6, 46.519999999999996], [-84.52000000000001, 46.519999999999996], [-84.52, 46.519999999999996], [-84.44000000000001, 46.519999999999996], [-84.44, 46.519999999999996], [-84.36, 46.519999999999996], [-84.28, 46.519999999999996], [-84.27999999999999, 46.519999999999996], [-84.2, 46.519999999999996], [-84.19999999999999, 46.519999999999996], [-84.12, 46.519999999999996], [-84.11999999999999, 46.519999999999996], [-84.03999999999999, 46.519999999999996], [-84.03999999999999, 46.44], [-84.03999999999999, 46.36], [-84.03999999999999, 46.28], [-84.03999999999999, 46.2], [-84.11999999999999, 46.2], [-84.12, 46.2], [-84.19999999999999, 46.2], [-84.2, 46.2], [-84.27999999999999, 46.2], [-84.28, 46.2], [-84.36, 46.2], [-84.44, 46.2], [-84.44000000000001, 46.2], [-84.52, 46.2], [-84.52000000000001, 46.2], [-84.6, 46.2], [-84.60000000000001, 46.2], [-84.67999999999999, 46.2], [-84.68, 46.2], [-84.75999999999999, 46.2], [-84.76, 46.2], [-84.83999999999999, 46.2], [-84.84, 46.2], [-84.92, 46.2], [-84.99999999999999, 46.2], [-85.00000000000001, 46.2], [-85.08, 46.2], [-85.16, 46.2], [-85.16000000000001, 46.2], [-85.24, 46.2], [-85.24000000000001, 46.2], [-85.32, 46.2], [-85.32000000000001, 46.2], [-85.39999999999999, 46.2], [-85.4, 46.2], [-85.47999999999999, 46.2], [-85.48, 46.2], [-85.55999999999999, 46.2], [-85.56, 46.2], [-85.64, 46.2], [-85.71999999999998, 46.2], [-85.72000000000001, 46.2], [-85.8, 46.2], [-85.88, 46.2], [-85.88000000000001, 46.2], [-85.96, 46.2], [-85.96000000000001, 46.2], [-86.03999999999999, 46.2], [-86.04, 46.2], [-86.11999999999999, 46.2], [-86.12, 46.2], [-86.19999999999999, 46.2], [-86.2, 46.2], [-86.27999999999999, 46.2], [-86.28, 46.2], [-86.36, 46.2], [-86.44, 46.2], [-86.44000000000001, 46.2], [-86.52, 46.2], [-86.52000000000001, 46.2], [-86.6, 46.2], [-86.60000000000001, 46.2], [-86.68, 46.2], [-86.68, 46.28], [-86.75999999999999, 46.28], [-86.76, 46.28], [-86.84, 46.28]]], [[[-85.32000000000001, 40.68], [-85.24000000000001, 40.68], [-85.24, 40.68], [-85.16000000000001, 40.68], [-85.16000000000001, 40.76], [-85.08, 40.76], [-85.08, 40.839999999999996], [-85.00000000000001, 40.839999999999996], [-84.99999999999999, 40.839999999999996], [-84.92, 40.839999999999996], [-84.84, 40.839999999999996], [-84.83999999999999, 40.839999999999996], [-84.76, 40.839999999999996], [-84.75999999999999, 40.839999999999996], [-84.68, 40.839999999999996], [-84.67999999999999, 40.839999999999996], [-84.6, 40.839999999999996], [-84.6, 40.76], [-84.67999999999999, 40.76], [-84.67999999999999, 40.68], [-84.67999999999999, 40.6], [-84.60000000000001, 40.6], [-84.6, 40.6], [-84.52000000000001, 40.6], [-84.52000000000001, 40.68], [-84.44000000000001, 40.68], [-84.44000000000001, 40.76], [-84.52000000000001, 40.76], [-84.52000000000001, 40.839999999999996], [-84.44000000000001, 40.839999999999996], [-84.44, 40.839999999999996], [-84.36, 40.839999999999996], [-84.36, 40.76], [-84.36, 40.68], [-84.44, 40.68], [-84.44, 40.6], [-84.36, 40.6], [-84.28, 40.6], [-84.27999999999999, 40.6], [-84.2, 40.6], [-84.2, 40.68], [-84.12, 40.68], [-84.12, 40.76], [-84.12, 40.839999999999996], [-84.03999999999999, 40.839999999999996], [-84.03999999999999, 40.76], [-84.03999999999999, 40.68], [-84.03999999999999, 40.6], [-84.03999999999999, 40.52], [-84.11999999999999, 40.52], [-84.12, 40.52], [-84.19999999999999, 40.52], [-84.2, 40.52], [-84.27999999999999, 40.52], [-84.28, 40.52], [-84.36, 40.52], [-84.44, 40.52], [-84.44000000000001, 40.52], [-84.52, 40.52], [-84.52000000000001, 40.52], [-84.6, 40.52], [-84.60000000000001, 40.52], [-84.67999999999999, 40.52], [-84.68, 40.52], [-84.75999999999999, 40.52], [-84.76, 40.52], [-84.83999999999999, 40.52], [-84.84, 40.52], [-84.92, 40.52], [-84.99999999999999, 40.52], [-85.00000000000001, 40.52], [-85.08, 40.52], [-85.16, 40.52], [-85.16000000000001, 40.52], [-85.24, 40.52], [-85.24000000000001, 40.52], [-85.32, 40.52], [-85.32000000000001, 40.52], [-85.4, 40.52], [-85.4, 40.6], [-85.32000000000001, 40.6], [-85.32000000000001, 40.68]]], [[[-84.84, 41.0], [-84.84, 41.08], [-84.76, 41.08], [-84.76, 41.16], [-84.68, 41.16], [-84.67999999999999, 41.16], [-84.60000000000001, 41.16], [-84.6, 41.16], [-84.52000000000001, 41.16], [-84.52, 41.16], [-84.44000000000001, 41.16], [-84.44, 41.16], [-84.36, 41.16], [-84.28, 41.16], [-84.27999999999999, 41.16], [-84.2, 41.16], [-84.19999999999999, 41.16], [-84.12, 41.16], [-84.11999999999999, 41.16], [-84.03999999999999, 41.16], [-84.03999999999999, 41.08], [-84.03999999999999, 41.0], [-84.03999999999999, 40.92], [-84.03999999999999, 40.84], [-84.12, 40.84], [-84.12, 40.92], [-84.19999999999999, 40.92], [-84.19999999999999, 40.84], [-84.27999999999999, 40.84], [-84.28, 40.84], [-84.36, 40.84], [-84.44, 40.84], [-84.44000000000001, 40.84], [-84.52, 40.84], [-84.52000000000001, 40.84], [-84.6, 40.84], [-84.60000000000001, 40.84], [-84.67999999999999, 40.84], [-84.68, 40.84], [-84.75999999999999, 40.84], [-84.76, 40.84], [-84.83999999999999, 40.84], [-84.84, 40.84], [-84.92, 40.84], [-85.00000000000001, 40.84], [-85.00000000000001, 40.92], [-84.92, 40.92], [-84.92, 41.0], [-84.84, 41.0]]], [[[-84.76, 41.160000000000004], [-84.76, 41.24], [-84.67999999999999, 41.24], [-84.67999999999999, 41.160000000000004], [-84.76, 41.160000000000004]]], [[[-84.76, 45.16], [-84.75999999999999, 45.16], [-84.68, 45.16], [-84.67999999999999, 45.16], [-84.60000000000001, 45.16], [-84.6, 45.16], [-84.52000000000001, 45.16], [-84.52, 45.16], [-84.44000000000001, 45.16], [-84.44, 45.16], [-84.36, 45.16], [-84.28, 45.16], [-84.27999999999999, 45.16], [-84.2, 45.16], [-84.19999999999999, 45.16], [-84.12, 45.16], [-84.11999999999999, 45.16], [-84.03999999999999, 45.16], [-84.03999999999999, 45.08], [-84.03999999999999, 45.0], [-84.03999999999999, 44.92], [-84.03999999999999, 44.84], [-84.11999999999999, 44.84], [-84.12, 44.84], [-84.19999999999999, 44.84], [-84.2, 44.84], [-84.27999999999999, 44.84], [-84.28, 44.84], [-84.36, 44.84], [-84.44, 44.84], [-84.44000000000001, 44.84], [-84.52, 44.84], [-84.52000000000001, 44.84], [-84.6, 44.84], [-84.60000000000001, 44.84], [-84.68, 44.84], [-84.68, 44.92], [-84.76, 44.92], [-84.76, 45.0], [-84.84, 45.0], [-84.84, 45.08], [-84.92, 45.08], [-85.00000000000001, 45.08], [-85.00000000000001, 45.16], [-84.92, 45.16], [-84.84, 45.16], [-84.83999999999999, 45.16], [-84.76, 45.16]]], [[[-84.2, 41.559999999999995], [-84.12, 41.559999999999995], [-84.11999999999999, 41.559999999999995], [-84.03999999999999, 41.559999999999995], [-84.03999999999999, 41.48], [-84.03999999999999, 41.4], [-84.03999999999999, 41.32], [-84.03999999999999, 41.24], [-84.03999999999999, 41.160000000000004], [-84.11999999999999, 41.160000000000004], [-84.12, 41.160000000000004], [-84.19999999999999, 41.160000000000004], [-84.2, 41.160000000000004], [-84.27999999999999, 41.160000000000004], [-84.28, 41.160000000000004], [-84.36, 41.160000000000004], [-84.44000000000001, 41.160000000000004], [-84.44000000000001, 41.24], [-84.36, 41.24], [-84.36, 41.32], [-84.36, 41.4], [-84.28, 41.4], [-84.27999999999999, 41.4], [-84.2, 41.4], [-84.2, 41.48], [-84.2, 41.559999999999995]]], [[[-84.12, 41.64], [-84.03999999999999, 41.64], [-84.03999999999999, 41.56], [-84.12, 41.56], [-84.12, 41.64]]], [[[-84.68, 41.96], [-84.6, 41.96], [-84.6, 41.88], [-84.68, 41.88], [-84.68, 41.96]]], [[[-84.52000000000001, 44.839999999999996], [-84.44000000000001, 44.839999999999996], [-84.44, 44.839999999999996], [-84.36, 44.839999999999996], [-84.28, 44.839999999999996], [-84.27999999999999, 44.839999999999996], [-84.2, 44.839999999999996], [-84.19999999999999, 44.839999999999996], [-84.12, 44.839999999999996], [-84.11999999999999, 44.839999999999996], [-84.03999999999999, 44.839999999999996], [-84.03999999999999, 44.76], [-84.03999999999999, 44.68], [-84.03999999999999, 44.6], [-84.03999999999999, 44.52], [-84.11999999999999, 44.52], [-84.12, 44.52], [-84.2, 44.52], [-84.2, 44.6], [-84.28, 44.6], [-84.28, 44.68], [-84.36, 44.68], [-84.44000000000001, 44.68], [-84.44000000000001, 44.76], [-84.52000000000001, 44.76], [-84.52000000000001, 44.839999999999996]]]]}}]}