{"type": "FeatureCollection", "features": [{"id": "0", "type": "Feature", "properties": {}, "geometry": {"type": "Polygon", "coordinates": [[[-102.84, 46.84], [-102.84, 47.0], [-103.0, 47.0], [-103.0, 46.84], [-102.84, 46.84]]]}}, {"id": "1", "type": "Feature", "properties": {}, "geometry": {"type": "Polygon", "coordinates": [[[-102.68, 46.84], [-102.68, 47.0], [-102.84, 47.0], [-102.84, 46.84], [-102.68, 46.84]]]}}, {"id": "2", "type": "Feature", "properties": {}, "geometry": {"type": "Polygon", "coordinates": [[[-102.52, 46.84], [-102.52, 47.0], [-102.67999999999999, 47.0], [-102.67999999999999, 46.84], [-102.52, 46.84]]]}}, {"id": "3", "type": "Feature", "properties": {}, "geometry": {"type": "Polygon", "coordinates": [[[-102.36, 46.84], [-102.36, 47.0], [-102.52, 47.0], [-102.52, 46.84], [-102.36, 46.84]]]}}, {"id": "4", "type": "Feature", "properties": {}, "geometry": {"type": "Polygon", "coordinates": [[[-102.2, 46.84], [-102.2, 47.0], [-102.36, 47.0], [-102.36, 46.84], [-102.2, 46.84]]]}}, {"id": "5", "type": "Feature", "properties": {}, "geometry": {"type": "Polygon", "coordinates": [[[-102.04, 46.84], [-102.04, 47.0], [-102.2, 47.0], [-102.2, 46.84], [-102.04, 46.84]]]}}, {"id": "6", "type": "Feature", "properties": {}, "geometry": {"type": "Polygon", "coordinates": [[[-101.88, 46.84], [-101.88, 47.0], [-102.03999999999999, 47.0], [-102.03999999999999, 46.84], [-101.88, 46.84]]]}}, {"id": "7", "type": "Feature", "properties": {}, "geometry": {"type": "Polygon", "coordinates": [[[-101.72, 46.84], [-101.72, 47.0], [-101.88, 47.0], [-101.88, 46.84], [-101.72, 46.84]]]}}, {"id": "8", "type": "Feature", "properties": {}, "geometry": {"type": "Polygon", "coordinates": [[[-101.56, 46.84], [-101.56, 47.0], [-101.72, 47.0], [-101.72, 46.84], [-101.56, 46.84]]]}}, {"id": "9", "type": "Feature", "properties": {}, "geometry": {"type": "Polygon", "coordinates": [[[-101.4, 46.84], [-101.4, 47.0], [-101.56, 47.0], [-101.56, 46.84], [-101.4, 46.84]]]}}, {"id": "10", "type": "Feature", "properties": {}, "geometry": {"type": "Polygon", "coordinates": [[[-101.24, 46.84], [-101.24, 47.0], [-101.39999999999999, 47.0], [-101.39999999999999, 46.84], [-101.24, 46.84]]]}}, {"id": "11", "type": "Feature", "properties": {}, "geometry": {"type": "Polygon", "coordinates": [[[-101.08, 46.84], [-101.08, 47.0], [-101.24, 47.0], [-101.24, 46.84], [-101.08, 46.84]]]}}, {"id": "12", "type": "Feature", "properties": {}, "geometry": {"type": "Polygon", "coordinates": [[[-100.92, 46.84], [-100.92, 47.0], [-101.08, 47.0], [-101.08, 46.84], [-100.92, 46.84]]]}}, {"id": "13", "type": "Feature", "properties": {}, "geometry": {"type": "Polygon", "coordinates": [[[-100.76, 46.84], [-100.76, 47.0], [-100.92, 47.0], [-100.92, 46.84], [-100.76, 46.84]]]}}, {"id": "14", "type": "Feature", "properties": {}, "geometry": {"type": "Polygon", "coordinates": [[[-100.60000000000001, 46.84], [-100.60000000000001, 47.0], [-100.76, 47.0], [-100.76, 46.84], [-100.60000000000001, 46.84]]]}}, {"id": "15", "type": "Feature", "properties": {}, "geometry": {"type": "Polygon", "coordinates": [[[-100.44, 46.84], [-100.44, 47.0], [-100.6, 47.0], [-100.6, 46.84], [-100.44, 46.84]]]}}, {"id": "16", "type": "Feature", "properties": {}, "geometry": {"type": "Polygon", "coordinates": [[[-100.28, 46.84], [-100.28, 47.0], [-100.44, 47.0], [-100.44, 46.84], [-100.28, 46.84]]]}}, {"id": "17", "type": "Feature", "properties": {}, "geometry": {"type": "Polygon", "coordinates": [[[-100.12, 46.84], [-100.12, 47.0], [-100.28, 47.0], [-100.28, 46.84], [-100.12, 46.84]]]}}, {"id": "18", "type": "Feature", "properties": {}, "geometry": {"type": "Polygon", "coordinates": [[[-99.96000000000001, 46.84], [-99.96000000000001, 47.0], [-100.12, 47.0], [-100.12, 46.84], [-99.96000000000001, 46.84]]]}}, {"id": "19", "type": "Feature", "properties": {}, "geometry": {"type": "Polygon", "coordinates": [[[-98.36, 46.84], [-98.36, 47.0], [-98.52, 47.0], [-98.52, 46.84], [-98.36, 46.84]]]}}, {"id": "20", "type": "Feature", "properties": {}, "geometry": {"type": "Polygon", "coordinates": [[[-95.96000000000001, 46.84], [-95.96000000000001, 47.0], [-96.12, 47.0], [-96.12, 46.84], [-95.96000000000001, 46.84]]]}}, {"id": "21", "type": "Feature", "properties": {}, "geometry": {"type": "Polygon", "coordinates": [[[-95.8, 46.84], [-95.8, 47.0], [-95.96, 47.0], [-95.96, 46.84], [-95.8, 46.84]]]}}, {"id": "22", "type": "Feature", "properties": {}, "geometry": {"type": "Polygon", "coordinates": [[[-95.64, 46.84], [-95.64, 47.0], [-95.8, 47.0], [-95.8, 46.84], [-95.64, 46.84]]]}}, {"id": "23", "type": "Feature", "properties": {}, "geometry": {"type": "Polygon", "coordinates": [[[-95.48, 46.84], [-95.48, 47.0], [-95.64, 47.0], [-95.64, 46.84], [-95.48, 46.84]]]}}, {"id": "24", "type": "Feature", "properties": {}, "geometry": {"type": "Polygon", "coordinates": [[[-95.32000000000001, 46.84], [-95.32000000000001, 47.0], [-95.48, 47.0], [-95.48, 46.84], [-95.32000000000001, 46.84]]]}}, {"id": "25", "type": "Feature", "properties": {}, "geometry": {"type": "Polygon", "coordinates": [[[-95.16, 46.84], [-95.16, 47.0], [-95.32, 47.0], [-95.32, 46.84], [-95.16, 46.84]]]}}, {"id": "26", "type": "Feature", "properties": {}, "geometry": {"type": "Polygon", "coordinates": [[[-95.0, 46.84], [-95.0, 47.0], [-95.16, 47.0], [-95.16, 46.84], [-95.0, 46.84]]]}}, {"id": "27", "type": "Feature", "properties": {}, "geometry": {"type": "Polygon", "coordinates": [[[-94.84, 46.84], [-94.84, 47.0], [-95.0, 47.0], [-95.0, 46.84], [-94.84, 46.84]]]}}, {"id": "28", "type": "Feature", "properties": {}, "geometry": {"type": "Polygon", "coordinates": [[[-94.68, 46.84], [-94.68, 47.0], [-94.84, 47.0], [-94.84, 46.84], [-94.68, 46.84]]]}}, {"id": "29", "type": "Feature", "properties": {}, "geometry": {"type": "Polygon", "coordinates": [[[-94.52, 46.84], [-94.52, 47.0], [-94.67999999999999, 47.0], [-94.67999999999999, 46.84], [-94.52, 46.84]]]}}, {"id": "30", "type": "Feature", "properties": {}, "geometry": {"type": "Polygon", "coordinates": [[[-94.36, 46.84], [-94.36, 47.0], [-94.52, 47.0], [-94.52, 46.84], [-94.36, 46.84]]]}}, {"id": "31", "type": "Feature", "properties": {}, "geometry": {"type": "Polygon", "coordinates": [[[-94.2, 46.84], [-94.2, 47.0], [-94.36, 47.0], [-94.36, 46.84], [-94.2, 46.84]]]}}, {"id": "32", "type": "Feature", "properties": {}, "geometry": {"type": "Polygon", "coordinates": [[[-94.04, 46.84], [-94.04, 47.0], [-94.2, 47.0], [-94.2, 46.84], [-94.04, 46.84]]]}}, {"id": "33", "type": "Feature", "properties": {}, "geometry": {"type": "Polygon", "coordinates": [[[-93.88, 46.84], [-93.88, 47.0], [-94.03999999999999, 47.0], [-94.03999999999999, 46.84], [-93.88, 46.84]]]}}, {"id": "34", "type": "Feature", "properties": {}, "geometry": {"type": "Polygon", "coordinates": [[[-93.72, 46.84], [-93.72, 47.0], [-93.88, 47.0], [-93.88, 46.84], [-93.72, 46.84]]]}}, {"id": "35", "type": "Feature", "properties": {}, "geometry": {"type": "Polygon", "coordinates": [[[-93.56, 46.84], [-93.56, 47.0], [-93.72, 47.0], [-93.72, 46.84], [-93.56, 46.84]]]}}, {"id": "36", "type": "Feature", "properties": {}, "geometry": {"type": "Polygon", "coordinates": [[[-93.4, 46.84], [-93.4, 47.0], [-93.56, 47.0], [-93.56, 46.84], [-93.4, 46.84]]]}}, {"id": "37", "type": "Feature", "properties": {}, "geometry": {"type": "Polygon", "coordinates": [[[-93.24, 46.84], [-93.24, 47.0], [-93.39999999999999, 47.0], [-93.39999999999999, 46.84], [-93.24, 46.84]]]}}, {"id": "38", "type": "Feature", "properties": {}, "geometry": {"type": "Polygon", "coordinates": [[[-93.08, 46.84], [-93.08, 47.0], [-93.24, 47.0], [-93.24, 46.84], [-93.08, 46.84]]]}}, {"id": "39", "type": "Feature", "properties": {}, "geometry": {"type": "Polygon", "coordinates": [[[-92.92, 46.84], [-92.92, 47.0], [-93.08, 47.0], [-93.08, 46.84], [-92.92, 46.84]]]}}, {"id": "40", "type": "Feature", "properties": {}, "geometry": {"type": "Polygon", "coordinates": [[[-92.76, 46.84], [-92.76, 47.0], [-92.92, 47.0], [-92.92, 46.84], [-92.76, 46.84]]]}}, {"id": "41", "type": "Feature", "properties": {}, "geometry": {"type": "Polygon", "coordinates": [[[-92.60000000000001, 46.84], [-92.60000000000001, 47.0], [-92.76, 47.0], [-92.76, 46.84], [-92.60000000000001, 46.84]]]}}, {"id": "42", "type": "Feature", "properties": {}, "geometry": {"type": "Polygon", "coordinates": [[[-92.44, 46.84], [-92.44, 47.0], [-92.6, 47.0], [-92.6, 46.84], [-92.44, 46.84]]]}}, {"id": "43", "type": "Feature", "properties": {}, "geometry": {"type": "Polygon", "coordinates": [[[-92.28, 46.84], [-92.28, 47.0], [-92.44, 47.0], [-92.44, 46.84], [-92.28, 46.84]]]}}, {"id": "44", "type": "Feature", "properties": {}, "geometry": {"type": "Polygon", "coordinates": [[[-92.12, 46.84], [-92.12, 47.0], [-92.28, 47.0], [-92.28, 46.84], [-92.12, 46.84]]]}}, {"id": "45", "type": "Feature", "properties": {}, "geometry": {"type": "Polygon", "coordinates": [[[-91.96, 46.84], [-91.96, 47.0], [-92.11999999999999, 47.0], [-92.11999999999999, 46.84], [-91.96, 46.84]]]}}, {"id": "46", "type": "Feature", "properties": {}, "geometry": {"type": "Polygon", "coordinates": [[[-91.8, 46.84], [-91.8, 47.0], [-91.96, 47.0], [-91.96, 46.84], [-91.8, 46.84]]]}}, {"id": "47", "type": "Feature", "properties": {}, "geometry": {"type": "Polygon", "coordinates": [[[-91.64, 46.84], [-91.64, 47.0], [-91.8, 47.0], [-91.8, 46.84], [-91.64, 46.84]]]}}, {"id": "48", "type": "Feature", "properties": {}, "geometry": {"type": "Polygon", "coordinates": [[[-91.48, 46.84], [-91.48, 47.0], [-91.64, 47.0], [-91.64, 46.84], [-91.48, 46.84]]]}}, {"id": "49", "type": "Feature", "properties": {}, "geometry": {"type": "Polygon", "coordinates": [[[-91.32000000000001, 46.84], [-91.32000000000001, 47.0], [-91.48, 47.0], [-91.48, 46.84], [-91.32000000000001, 46.84]]]}}, {"id": "50", "type": "Feature", "properties": {}, "geometry": {"type": "Polygon", "coordinates": [[[-91.16, 46.84], [-91.16, 47.0], [-91.32, 47.0], [-91.32, 46.84], [-91.16, 46.84]]]}}, {"id": "51", "type": "Feature", "properties": {}, "geometry": {"type": "Polygon", "coordinates": [[[-91.0, 46.84], [-91.0, 47.0], [-91.16, 47.0], [-91.16, 46.84], [-91.0, 46.84]]]}}, {"id": "52", "type": "Feature", "properties": {}, "geometry": {"type": "Polygon", "coordinates": [[[-90.84, 46.84], [-90.84, 47.0], [-91.0, 47.0], [-91.0, 46.84], [-90.84, 46.84]]]}}, {"id": "53", "type": "Feature", "properties": {}, "geometry": {"type": "Polygon", "coordinates": [[[-90.68, 46.84], [-90.68, 47.0], [-90.84, 47.0], [-90.84, 46.84], [-90.68, 46.84]]]}}, {"id": "54", "type": "Feature", "properties": {}, "geometry": {"type": "Polygon", "coordinates": [[[-90.52, 46.84], [-90.52, 47.0], [-90.67999999999999, 47.0], [-90.67999999999999, 46.84], [-90.52, 46.84]]]}}, {"id": "55", "type": "Feature", "properties": {}, "geometry": {"type": "Polygon", "coordinates": [[[-90.36, 46.84], [-90.36, 47.0], [-90.52, 47.0], [-90.52, 46.84], [-90.36, 46.84]]]}}, {"id": "56", "type": "Feature", "properties": {}, "geometry": {"type": "Polygon", "coordinates": [[[-90.2, 46.84], [-90.2, 47.0], [-90.36, 47.0], [-90.36, 46.84], [-90.2, 46.84]]]}}, {"id": "57", "type": "Feature", "properties": {}, "geometry": {"type": "Polygon", "coordinates": [[[-90.04, 46.84], [-90.04, 47.0], [-90.2, 47.0], [-90.2, 46.84], [-90.04, 46.84]]]}}, {"id": "58", "type": "Feature", "properties": {}, "geometry": {"type": "Polygon", "coordinates": [[[-89.88, 46.84], [-89.88, 47.0], [-90.03999999999999, 47.0], [-90.03999999999999, 46.84], [-89.88, 46.84]]]}}, {"id": "59", "type": "Feature", "properties": {}, "geometry": {"type": "Polygon", "coordinates": [[[-89.72, 46.84], [-89.72, 47.0], [-89.88, 47.0], [-89.88, 46.84], [-89.72, 46.84]]]}}, {"id": "60", "type": "Feature", "properties": {}, "geometry": {"type": "Polygon", "coordinates": [[[-89.56, 46.84], [-89.56, 47.0], [-89.72, 47.0], [-89.72, 46.84], [-89.56, 46.84]]]}}, {"id": "61", "type": "Feature", "properties": {}, "geometry": {"type": "Polygon", "coordinates": [[[-89.4, 46.84], [-89.4, 47.0], [-89.56, 47.0], [-89.56, 46.84], [-89.4, 46.84]]]}}, {"id": "62", "type": "Feature", "properties": {}, "geometry": {"type": "Polygon", "coordinates": [[[-89.24, 46.84], [-89.24, 47.0], [-89.39999999999999, 47.0], [-89.39999999999999, 46.84], [-89.24, 46.84]]]}}, {"id": "63", "type": "Feature", "properties": {}, "geometry": {"type": "Polygon", "coordinates": [[[-89.08, 46.84], [-89.08, 47.0], [-89.24, 47.0], [-89.24, 46.84], [-89.08, 46.84]]]}}, {"id": "64", "type": "Feature", "properties": {}, "geometry": {"type": "Polygon", "coordinates": [[[-88.92, 46.84], [-88.92, 47.0], [-89.08, 47.0], [-89.08, 46.84], [-88.92, 46.84]]]}}, {"id": "65", "type": "Feature", "properties": {}, "geometry": {"type": "Polygon", "coordinates": [[[-88.76, 46.84], [-88.76, 47.0], [-88.92, 47.0], [-88.92, 46.84], [-88.76, 46.84]]]}}, {"id": "66", "type": "Feature", "properties": {}, "geometry": {"type": "Polygon", "coordinates": [[[-88.60000000000001, 46.84], [-88.60000000000001, 47.0], [-88.76, 47.0], [-88.76, 46.84], [-88.60000000000001, 46.84]]]}}, {"id": "67", "type": "Feature", "properties": {}, "geometry": {"type": "Polygon", "coordinates": [[[-88.44, 46.84], [-88.44, 47.0], [-88.6, 47.0], [-88.6, 46.84], [-88.44, 46.84]]]}}, {"id": "68", "type": "Feature", "properties": {}, "geometry": {"type": "Polygon", "coordinates": [[[-88.28, 46.84], [-88.28, 47.0], [-88.44, 47.0], [-88.44, 46.84], [-88.28, 46.84]]]}}, {"id": "69", "type": "Feature", "properties": {}, "geometry": {"type": "Polygon", "coordinates": [[[-88.12, 46.84], [-88.12, 47.0], [-88.28, 47.0], [-88.28, 46.84], [-88.12, 46.84]]]}}, {"id": "70", "type": "Feature", "properties": {}, "geometry": {"type": "Polygon", "coordinates": [[[-87.96, 46.84], [-87.96, 47.0], [-88.11999999999999, 47.0], [-88.11999999999999, 46.84], [-87.96, 46.84]]]}}, {"id": "71", "type": "Feature", "properties": {}, "geometry": {"type": "Polygon", "coordinates": [[[-87.8, 46.84], [-87.8, 47.0], [-87.96, 47.0], [-87.96, 46.84], [-87.8, 46.84]]]}}, {"id": "72", "type": "Feature", "properties": {}, "geometry": {"type": "Polygon", "coordinates": [[[-87.64, 46.84], [-87.64, 47.0], [-87.8, 47.0], [-87.8, 46.84], [-87.64, 46.84]]]}}, {"id": "73", "type": "Feature", "properties": {}, "geometry": {"type": "Polygon", "coordinates": [[[-87.48, 46.84], [-87.48, 47.0], [-87.64, 47.0], [-87.64, 46.84], [-87.48, 46.84]]]}}, {"id": "74", "type": "Feature", "properties": {}, "geometry": {"type": "Polygon", "coordinates": [[[-87.32000000000001, 46.84], [-87.32000000000001, 47.0], [-87.48, 47.0], [-87.48, 46.84], [-87.32000000000001, 46.84]]]}}, {"id": "75", "type": "Feature", "properties": {}, "geometry": {"type": "Polygon", "coordinates": [[[-87.16, 46.84], [-87.16, 47.0], [-87.32, 47.0], [-87.32, 46.84], [-87.16, 46.84]]]}}, {"id": "76", "type": "Feature", "properties": {}, "geometry": {"type": "Polygon", "coordinates": [[[-87.0, 46.84], [-87.0, 47.0], [-87.16, 47.0], [-87.16, 46.84], [-87.0, 46.84]]]}}, {"id": "77", "type": "Feature", "properties": {}, "geometry": {"type": "Polygon", "coordinates": [[[-86.84, 46.84], [-86.84, 47.0], [-87.0, 47.0], [-87.0, 46.84], [-86.84, 46.84]]]}}, {"id": "78", "type": "Feature", "properties": {}, "geometry": {"type": "Polygon", "coordinates": [[[-86.67999999999999, 46.84], [-86.67999999999999, 47.0], [-86.83999999999999, 47.0], [-86.83999999999999, 46.84], [-86.67999999999999, 46.84]]]}}, {"id": "79", "type": "Feature", "properties": {}, "geometry": {"type": "Polygon", "coordinates": [[[-86.52, 46.84], [-86.52, 47.0], [-86.67999999999999, 47.0], [-86.67999999999999, 46.84], [-86.52, 46.84]]]}}, {"id": "80", "type": "Feature", "properties": {}, "geometry": {"type": "Polygon", "coordinates": [[[-86.36, 46.84], [-86.36, 47.0], [-86.52, 47.0], [-86.52, 46.84], [-86.36, 46.84]]]}}, {"id": "81", "type": "Feature", "properties": {}, "geometry": {"type": "Polygon", "coordinates": [[[-86.2, 46.84], [-86.2, 47.0], [-86.36, 47.0], [-86.36, 46.84], [-86.2, 46.84]]]}}, {"id": "82", "type": "Feature", "properties": {}, "geometry": {"type": "Polygon", "coordinates": [[[-86.04, 46.84], [-86.04, 47.0], [-86.2, 47.0], [-86.2, 46.84], [-86.04, 46.84]]]}}, {"id": "83", "type": "Feature", "properties": {}, "geometry": {"type": "Polygon", "coordinates": [[[-85.88000000000001, 46.84], [-85.88000000000001, 47.0], [-86.04, 47.0], [-86.04, 46.84], [-85.88000000000001, 46.84]]]}}, {"id": "84", "type": "Feature", "properties": {}, "geometry": {"type": "Polygon", "coordinates": [[[-85.72, 46.84], [-85.72, 47.0], [-85.88, 47.0], [-85.88, 46.84], [-85.72, 46.84]]]}}, {"id": "85", "type": "Feature", "properties": {}, "geometry": {"type": "Polygon", "coordinates": [[[-85.56, 46.84], [-85.56, 47.0], [-85.72, 47.0], [-85.72, 46.84], [-85.56, 46.84]]]}}, {"id": "86", "type": "Feature", "properties": {}, "geometry": {"type": "Polygon", "coordinates": [[[-85.4, 46.84], [-85.4, 47.0], [-85.56, 47.0], [-85.56, 46.84], [-85.4, 46.84]]]}}, {"id": "87", "type": "Feature", "properties": {}, "geometry": {"type": "Polygon", "coordinates": [[[-85.24, 46.84], [-85.24, 47.0], [-85.39999999999999, 47.0], [-85.39999999999999, 46.84], [-85.24, 46.84]]]}}, {"id": "88", "type": "Feature", "properties": {}, "geometry": {"type": "Polygon", "coordinates": [[[-85.08, 46.84], [-85.08, 47.0], [-85.24, 47.0], [-85.24, 46.84], [-85.08, 46.84]]]}}, {"id": "89", "type": "Feature", "properties": {}, "geometry": {"type": "Polygon", "coordinates": [[[-84.92, 46.84], [-84.92, 47.0], [-85.08, 47.0], [-85.08, 46.84], [-84.92, 46.84]]]}}, {"id": "90", "type": "Feature", "properties": {}, "geometry": {"type": "Polygon", "coordinates": [[[-84.76, 46.84], [-84.76, 47.0], [-84.92, 47.0], [-84.92, 46.84], [-84.76, 46.84]]]}}, {"id": "91", "type": "Feature", "properties": {}, "geometry": {"type": "Polygon", "coordinates": [[[-84.60000000000001, 46.84], [-84.60000000000001, 47.0], [-84.76, 47.0], [-84.76, 46.84], [-84.60000000000001, 46.84]]]}}, {"id": "92", "type": "Feature", "properties": {}, "geometry": {"type": "Polygon", "coordinates": [[[-84.44, 46.84], [-84.44, 47.0], [-84.6, 47.0], [-84.6, 46.84], [-84.44, 46.84]]]}}, {"id": "93", "type": "Feature", "properties": {}, "geometry": {"type": "Polygon", "coordinates": [[[-84.28, 46.84], [-84.28, 47.0], [-84.44, 47.0], [-84.44, 46.84], [-84.28, 46.84]]]}}, {"id": "94", "type": "Feature", "properties": {}, "geometry": {"type": "Polygon", "coordinates": [[[-84.12, 46.84], [-84.12, 47.0], [-84.28, 47.0], [-84.28, 46.84], [-84.12, 46.84]]]}}, {"id": "95", "type": "Feature", "properties": {}, "geometry": {"type": "Polygon", "coordinates": [[[-83.96, 46.84], [-83.96, 47.0], [-84.11999999999999, 47.0], [-84.11999999999999, 46.84], [-83.96, 46.84]]]}}, {"id": "96", "type": "Feature", "properties": {}, "geometry": {"type": "Polygon", "coordinates": [[[-102.84, 46.68], [-102.84, 46.839999999999996], [-103.0, 46.839999999999996], [-103.0, 46.68], [-102.84, 46.68]]]}}, {"id": "97", "type": "Feature", "properties": {}, "geometry": {"type": "Polygon", "coordinates": [[[-102.68, 46.68], [-102.68, 46.839999999999996], [-102.84, 46.839999999999996], [-102.84, 46.68], [-102.68, 46.68]]]}}, {"id": "98", "type": "Feature", "properties": {}, "geometry": {"type": "Polygon", "coordinates": [[[-102.52, 46.68], [-102.52, 46.839999999999996], [-102.67999999999999, 46.839999999999996], [-102.67999999999999, 46.68], [-102.52, 46.68]]]}}, {"id": "99", "type": "Feature", "properties": {}, "geometry": {"type": "Polygon", "coordinates": [[[-102.36, 46.68], [-102.36, 46.839999999999996], [-102.52, 46.839999999999996], [-102.52, 46.68], [-102.36, 46.68]]]}}, {"id": "100", "type": "Feature", "properties": {}, "geometry": {"type": "Polygon", "coordinates": [[[-102.2, 46.68], [-102.2, 46.839999999999996], [-102.36, 46.839999999999996], [-102.36, 46.68], [-102.2, 46.68]]]}}, {"id": "101", "type": "Feature", "properties": {}, "geometry": {"type": "Polygon", "coordinates": [[[-101.88, 46.68], [-101.88, 46.839999999999996], [-102.03999999999999, 46.839999999999996], [-102.03999999999999, 46.68], [-101.88, 46.68]]]}}, {"id": "102", "type": "Feature", "properties": {}, "geometry": {"type": "Polygon", "coordinates": [[[-101.72, 46.68], [-101.72, 46.839999999999996], [-101.88, 46.839999999999996], [-101.88, 46.68], [-101.72, 46.68]]]}}, {"id": "103", "type": "Feature", "properties": {}, "geometry": {"type": "Polygon", "coordinates": [[[-101.56, 46.68], [-101.56, 46.839999999999996], [-101.72, 46.839999999999996], [-101.72, 46.68], [-101.56, 46.68]]]}}, {"id": "104", "type": "Feature", "properties": {}, "geometry": {"type": "Polygon", "coordinates": [[[-101.4, 46.68], [-101.4, 46.839999999999996], [-101.56, 46.839999999999996], [-101.56, 46.68], [-101.4, 46.68]]]}}, {"id": "105", "type": "Feature", "properties": {}, "geometry": {"type": "Polygon", "coordinates": [[[-101.24, 46.68], [-101.24, 46.839999999999996], [-101.39999999999999, 46.839999999999996], [-101.39999999999999, 46.68], [-101.24, 46.68]]]}}, {"id": "106", "type": "Feature", "properties": {}, "geometry": {"type": "Polygon", "coordinates": [[[-101.08, 46.68], [-101.08, 46.839999999999996], [-101.24, 46.839999999999996], [-101.24, 46.68], [-101.08, 46.68]]]}}, {"id": "107", "type": "Feature", "properties": {}, "geometry": {"type": "Polygon", "coordinates": [[[-100.92, 46.68], [-100.92, 46.839999999999996], [-101.08, 46.839999999999996], [-101.08, 46.68], [-100.92, 46.68]]]}}, {"id": "108", "type": "Feature", "properties": {}, "geometry": {"type": "Polygon", "coordinates": [[[-100.76, 46.68], [-100.76, 46.839999999999996], [-100.92, 46.839999999999996], [-100.92, 46.68], [-100.76, 46.68]]]}}, {"id": "109", "type": "Feature", "properties": {}, "geometry": {"type": "Polygon", "coordinates": [[[-100.60000000000001, 46.68], [-100.60000000000001, 46.839999999999996], [-100.76, 46.839999999999996], [-100.76, 46.68], [-100.60000000000001, 46.68]]]}}, {"id": "110", "type": "Feature", "properties": {}, "geometry": {"type": "Polygon", "coordinates": [[[-100.44, 46.68], [-100.44, 46.839999999999996], [-100.6, 46.839999999999996], [-100.6, 46.68], [-100.44, 46.68]]]}}, {"id": "111", "type": "Feature", "properties": {}, "geometry": {"type": "Polygon", "coordinates": [[[-100.28, 46.68], [-100.28, 46.839999999999996], [-100.44, 46.839999999999996], [-100.44, 46.68], [-100.28, 46.68]]]}}, {"id": "112", "type": "Feature", "properties": {}, "geometry": {"type": "Polygon", "coordinates": [[[-100.12, 46.68], [-100.12, 46.839999999999996], [-100.28, 46.839999999999996], [-100.28, 46.68], [-100.12, 46.68]]]}}, {"id": "113", "type": "Feature", "properties": {}, "geometry": {"type": "Polygon", "coordinates": [[[-99.64, 46.68], [-99.64, 46.839999999999996], [-99.8, 46.839999999999996], [-99.8, 46.68], [-99.64, 46.68]]]}}, {"id": "114", "type": "Feature", "properties": {}, "geometry": {"type": "Polygon", "coordinates": [[[-99.32000000000001, 46.68], [-99.32000000000001, 46.839999999999996], [-99.48, 46.839999999999996], [-99.48, 46.68], [-99.32000000000001, 46.68]]]}}, {"id": "115", "type": "Feature", "properties": {}, "geometry": {"type": "Polygon", "coordinates": [[[-99.16, 46.68], [-99.16, 46.839999999999996], [-99.32, 46.839999999999996], [-99.32, 46.68], [-99.16, 46.68]]]}}, {"id": "116", "type": "Feature", "properties": {}, "geometry": {"type": "Polygon", "coordinates": [[[-98.36, 46.68], [-98.36, 46.839999999999996], [-98.52, 46.839999999999996], [-98.52, 46.68], [-98.36, 46.68]]]}}, {"id": "117", "type": "Feature", "properties": {}, "geometry": {"type": "Polygon", "coordinates": [[[-95.96000000000001, 46.68], [-95.96000000000001, 46.839999999999996], [-96.12, 46.839999999999996], [-96.12, 46.68], [-95.96000000000001, 46.68]]]}}, {"id": "118", "type": "Feature", "properties": {}, "geometry": {"type": "Polygon", "coordinates": [[[-95.8, 46.68], [-95.8, 46.839999999999996], [-95.96, 46.839999999999996], [-95.96, 46.68], [-95.8, 46.68]]]}}, {"id": "119", "type": "Feature", "properties": {}, "geometry": {"type": "Polygon", "coordinates": [[[-95.64, 46.68], [-95.64, 46.839999999999996], [-95.8, 46.839999999999996], [-95.8, 46.68], [-95.64, 46.68]]]}}, {"id": "120", "type": "Feature", "properties": {}, "geometry": {"type": "Polygon", "coordinates": [[[-95.48, 46.68], [-95.48, 46.839999999999996], [-95.64, 46.839999999999996], [-95.64, 46.68], [-95.48, 46.68]]]}}, {"id": "121", "type": "Feature", "properties": {}, "geometry": {"type": "Polygon", "coordinates": [[[-95.32000000000001, 46.68], [-95.32000000000001, 46.839999999999996], [-95.48, 46.839999999999996], [-95.48, 46.68], [-95.32000000000001, 46.68]]]}}, {"id": "122", "type": "Feature", "properties": {}, "geometry": {"type": "Polygon", "coordinates": [[[-95.16, 46.68], [-95.16, 46.839999999999996], [-95.32, 46.839999999999996], [-95.32, 46.68], [-95.16, 46.68]]]}}, {"id": "123", "type": "Feature", "properties": {}, "geometry": {"type": "Polygon", "coordinates": [[[-95.0, 46.68], [-95.0, 46.839999999999996], [-95.16, 46.839999999999996], [-95.16, 46.68], [-95.0, 46.68]]]}}, {"id": "124", "type": "Feature", "properties": {}, "geometry": {"type": "Polygon", "coordinates": [[[-94.84, 46.68], [-94.84, 46.839999999999996], [-95.0, 46.839999999999996], [-95.0, 46.68], [-94.84, 46.68]]]}}, {"id": "125", "type": "Feature", "properties": {}, "geometry": {"type": "Polygon", "coordinates": [[[-94.68, 46.68], [-94.68, 46.839999999999996], [-94.84, 46.839999999999996], [-94.84, 46.68], [-94.68, 46.68]]]}}, {"id": "126", "type": "Feature", "properties": {}, "geometry": {"type": "Polygon", "coordinates": [[[-94.52, 46.68], [-94.52, 46.839999999999996], [-94.67999999999999, 46.839999999999996], [-94.67999999999999, 46.68], [-94.52, 46.68]]]}}, {"id": "127", "type": "Feature", "properties": {}, "geometry": {"type": "Polygon", "coordinates": [[[-94.36, 46.68], [-94.36, 46.839999999999996], [-94.52, 46.839999999999996], [-94.52, 46.68], [-94.36, 46.68]]]}}, {"id": "128", "type": "Feature", "properties": {}, "geometry": {"type": "Polygon", "coordinates": [[[-94.2, 46.68], [-94.2, 46.839999999999996], [-94.36, 46.839999999999996], [-94.36, 46.68], [-94.2, 46.68]]]}}, {"id": "129", "type": "Feature", "properties": {}, "geometry": {"type": "Polygon", "coordinates": [[[-94.04, 46.68], [-94.04, 46.839999999999996], [-94.2, 46.839999999999996], [-94.2, 46.68], [-94.04, 46.68]]]}}, {"id": "130", "type": "Feature", "properties": {}, "geometry": {"type": "Polygon", "coordinates": [[[-93.88, 46.68], [-93.88, 46.839999999999996], [-94.03999999999999, 46.839999999999996], [-94.03999999999999, 46.68], [-93.88, 46.68]]]}}, {"id": "131", "type": "Feature", "properties": {}, "geometry": {"type": "Polygon", "coordinates": [[[-93.72, 46.68], [-93.72, 46.839999999999996], [-93.88, 46.839999999999996], [-93.88, 46.68], [-93.72, 46.68]]]}}, {"id": "132", "type": "Feature", "properties": {}, "geometry": {"type": "Polygon", "coordinates": [[[-93.56, 46.68], [-93.56, 46.839999999999996], [-93.72, 46.839999999999996], [-93.72, 46.68], [-93.56, 46.68]]]}}, {"id": "133", "type": "Feature", "properties": {}, "geometry": {"type": "Polygon", "coordinates": [[[-93.4, 46.68], [-93.4, 46.839999999999996], [-93.56, 46.839999999999996], [-93.56, 46.68], [-93.4, 46.68]]]}}, {"id": "134", "type": "Feature", "properties": {}, "geometry": {"type": "Polygon", "coordinates": [[[-93.24, 46.68], [-93.24, 46.839999999999996], [-93.39999999999999, 46.839999999999996], [-93.39999999999999, 46.68], [-93.24, 46.68]]]}}, {"id": "135", "type": "Feature", "properties": {}, "geometry": {"type": "Polygon", "coordinates": [[[-93.08, 46.68], [-93.08, 46.839999999999996], [-93.24, 46.839999999999996], [-93.24, 46.68], [-93.08, 46.68]]]}}, {"id": "136", "type": "Feature", "properties": {}, "geometry": {"type": "Polygon", "coordinates": [[[-92.92, 46.68], [-92.92, 46.839999999999996], [-93.08, 46.839999999999996], [-93.08, 46.68], [-92.92, 46.68]]]}}, {"id": "137", "type": "Feature", "properties": {}, "geometry": {"type": "Polygon", "coordinates": [[[-92.76, 46.68], [-92.76, 46.839999999999996], [-92.92, 46.839999999999996], [-92.92, 46.68], [-92.76, 46.68]]]}}, {"id": "138", "type": "Feature", "properties": {}, "geometry": {"type": "Polygon", "coordinates": [[[-92.60000000000001, 46.68], [-92.60000000000001, 46.839999999999996], [-92.76, 46.839999999999996], [-92.76, 46.68], [-92.60000000000001, 46.68]]]}}, {"id": "139", "type": "Feature", "properties": {}, "geometry": {"type": "Polygon", "coordinates": [[[-92.44, 46.68], [-92.44, 46.839999999999996], [-92.6, 46.839999999999996], [-92.6, 46.68], [-92.44, 46.68]]]}}, {"id": "140", "type": "Feature", "properties": {}, "geometry": {"type": "Polygon", "coordinates": [[[-92.28, 46.68], [-92.28, 46.839999999999996], [-92.44, 46.839999999999996], [-92.44, 46.68], [-92.28, 46.68]]]}}, {"id": "141", "type": "Feature", "properties": {}, "geometry": {"type": "Polygon", "coordinates": [[[-92.12, 46.68], [-92.12, 46.839999999999996], [-92.28, 46.839999999999996], [-92.28, 46.68], [-92.12, 46.68]]]}}, {"id": "142", "type": "Feature", "properties": {}, "geometry": {"type": "Polygon", "coordinates": [[[-91.96, 46.68], [-91.96, 46.839999999999996], [-92.11999999999999, 46.839999999999996], [-92.11999999999999, 46.68], [-91.96, 46.68]]]}}, {"id": "143", "type": "Feature", "properties": {}, "geometry": {"type": "Polygon", "coordinates": [[[-91.8, 46.68], [-91.8, 46.839999999999996], [-91.96, 46.839999999999996], [-91.96, 46.68], [-91.8, 46.68]]]}}, {"id": "144", "type": "Feature", "properties": {}, "geometry": {"type": "Polygon", "coordinates": [[[-91.64, 46.68], [-91.64, 46.839999999999996], [-91.8, 46.839999999999996], [-91.8, 46.68], [-91.64, 46.68]]]}}, {"id": "145", "type": "Feature", "properties": {}, "geometry": {"type": "Polygon", "coordinates": [[[-91.48, 46.68], [-91.48, 46.839999999999996], [-91.64, 46.839999999999996], [-91.64, 46.68], [-91.48, 46.68]]]}}, {"id": "146", "type": "Feature", "properties": {}, "geometry": {"type": "Polygon", "coordinates": [[[-91.32000000000001, 46.68], [-91.32000000000001, 46.839999999999996], [-91.48, 46.839999999999996], [-91.48, 46.68], [-91.32000000000001, 46.68]]]}}, {"id": "147", "type": "Feature", "properties": {}, "geometry": {"type": "Polygon", "coordinates": [[[-91.16, 46.68], [-91.16, 46.839999999999996], [-91.32, 46.839999999999996], [-91.32, 46.68], [-91.16, 46.68]]]}}, {"id": "148", "type": "Feature", "properties": {}, "geometry": {"type": "Polygon", "coordinates": [[[-91.0, 46.68], [-91.0, 46.839999999999996], [-91.16, 46.839999999999996], [-91.16, 46.68], [-91.0, 46.68]]]}}, {"id": "149", "type": "Feature", "properties": {}, "geometry": {"type": "Polygon", "coordinates": [[[-90.84, 46.68], [-90.84, 46.839999999999996], [-91.0, 46.839999999999996], [-91.0, 46.68], [-90.84, 46.68]]]}}, {"id": "150", "type": "Feature", "properties": {}, "geometry": {"type": "Polygon", "coordinates": [[[-90.68, 46.68], [-90.68, 46.839999999999996], [-90.84, 46.839999999999996], [-90.84, 46.68], [-90.68, 46.68]]]}}, {"id": "151", "type": "Feature", "properties": {}, "geometry": {"type": "Polygon", "coordinates": [[[-90.52, 46.68], [-90.52, 46.839999999999996], [-90.67999999999999, 46.839999999999996], [-90.67999999999999, 46.68], [-90.52, 46.68]]]}}, {"id": "152", "type": "Feature", "properties": {}, "geometry": {"type": "Polygon", "coordinates": [[[-90.36, 46.68], [-90.36, 46.839999999999996], [-90.52, 46.839999999999996], [-90.52, 46.68], [-90.36, 46.68]]]}}, {"id": "153", "type": "Feature", "properties": {}, "geometry": {"type": "Polygon", "coordinates": [[[-90.2, 46.68], [-90.2, 46.839999999999996], [-90.36, 46.839999999999996], [-90.36, 46.68], [-90.2, 46.68]]]}}, {"id": "154", "type": "Feature", "properties": {}, "geometry": {"type": "Polygon", "coordinates": [[[-90.04, 46.68], [-90.04, 46.839999999999996], [-90.2, 46.839999999999996], [-90.2, 46.68], [-90.04, 46.68]]]}}, {"id": "155", "type": "Feature", "properties": {}, "geometry": {"type": "Polygon", "coordinates": [[[-89.88, 46.68], [-89.88, 46.839999999999996], [-90.03999999999999, 46.839999999999996], [-90.03999999999999, 46.68], [-89.88, 46.68]]]}}, {"id": "156", "type": "Feature", "properties": {}, "geometry": {"type": "Polygon", "coordinates": [[[-89.72, 46.68], [-89.72, 46.839999999999996], [-89.88, 46.839999999999996], [-89.88, 46.68], [-89.72, 46.68]]]}}, {"id": "157", "type": "Feature", "properties": {}, "geometry": {"type": "Polygon", "coordinates": [[[-89.56, 46.68], [-89.56, 46.839999999999996], [-89.72, 46.839999999999996], [-89.72, 46.68], [-89.56, 46.68]]]}}, {"id": "158", "type": "Feature", "properties": {}, "geometry": {"type": "Polygon", "coordinates": [[[-89.4, 46.68], [-89.4, 46.839999999999996], [-89.56, 46.839999999999996], [-89.56, 46.68], [-89.4, 46.68]]]}}, {"id": "159", "type": "Feature", "properties": {}, "geometry": {"type": "Polygon", "coordinates": [[[-89.24, 46.68], [-89.24, 46.839999999999996], [-89.39999999999999, 46.839999999999996], [-89.39999999999999, 46.68], [-89.24, 46.68]]]}}, {"id": "160", "type": "Feature", "properties": {}, "geometry": {"type": "Polygon", "coordinates": [[[-89.08, 46.68], [-89.08, 46.839999999999996], [-89.24, 46.839999999999996], [-89.24, 46.68], [-89.08, 46.68]]]}}, {"id": "161", "type": "Feature", "properties": {}, "geometry": {"type": "Polygon", "coordinates": [[[-88.92, 46.68], [-88.92, 46.839999999999996], [-89.08, 46.839999999999996], [-89.08, 46.68], [-88.92, 46.68]]]}}, {"id": "162", "type": "Feature", "properties": {}, "geometry": {"type": "Polygon", "coordinates": [[[-88.76, 46.68], [-88.76, 46.839999999999996], [-88.92, 46.839999999999996], [-88.92, 46.68], [-88.76, 46.68]]]}}, {"id": "163", "type": "Feature", "properties": {}, "geometry": {"type": "Polygon", "coordinates": [[[-88.60000000000001, 46.68], [-88.60000000000001, 46.839999999999996], [-88.76, 46.839999999999996], [-88.76, 46.68], [-88.60000000000001, 46.68]]]}}, {"id": "164", "type": "Feature", "properties": {}, "geometry": {"type": "Polygon", "coordinates": [[[-88.44, 46.68], [-88.44, 46.839999999999996], [-88.6, 46.839999999999996], [-88.6, 46.68], [-88.44, 46.68]]]}}, {"id": "165", "type": "Feature", "properties": {}, "geometry": {"type": "Polygon", "coordinates": [[[-88.28, 46.68], [-88.28, 46.839999999999996], [-88.44, 46.839999999999996], [-88.44, 46.68], [-88.28, 46.68]]]}}, {"id": "166", "type": "Feature", "properties": {}, "geometry": {"type": "Polygon", "coordinates": [[[-88.12, 46.68], [-88.12, 46.839999999999996], [-88.28, 46.839999999999996], [-88.28, 46.68], [-88.12, 46.68]]]}}, {"id": "167", "type": "Feature", "properties": {}, "geometry": {"type": "Polygon", "coordinates": [[[-87.96, 46.68], [-87.96, 46.839999999999996], [-88.11999999999999, 46.839999999999996], [-88.11999999999999, 46.68], [-87.96, 46.68]]]}}, {"id": "168", "type": "Feature", "properties": {}, "geometry": {"type": "Polygon", "coordinates": [[[-87.8, 46.68], [-87.8, 46.839999999999996], [-87.96, 46.839999999999996], [-87.96, 46.68], [-87.8, 46.68]]]}}, {"id": "169", "type": "Feature", "properties": {}, "geometry": {"type": "Polygon", "coordinates": [[[-87.64, 46.68], [-87.64, 46.839999999999996], [-87.8, 46.839999999999996], [-87.8, 46.68], [-87.64, 46.68]]]}}, {"id": "170", "type": "Feature", "properties": {}, "geometry": {"type": "Polygon", "coordinates": [[[-87.48, 46.68], [-87.48, 46.839999999999996], [-87.64, 46.839999999999996], [-87.64, 46.68], [-87.48, 46.68]]]}}, {"id": "171", "type": "Feature", "properties": {}, "geometry": {"type": "Polygon", "coordinates": [[[-87.32000000000001, 46.68], [-87.32000000000001, 46.839999999999996], [-87.48, 46.839999999999996], [-87.48, 46.68], [-87.32000000000001, 46.68]]]}}, {"id": "172", "type": "Feature", "properties": {}, "geometry": {"type": "Polygon", "coordinates": [[[-87.16, 46.68], [-87.16, 46.839999999999996], [-87.32, 46.839999999999996], [-87.32, 46.68], [-87.16, 46.68]]]}}, {"id": "173", "type": "Feature", "properties": {}, "geometry": {"type": "Polygon", "coordinates": [[[-87.0, 46.68], [-87.0, 46.839999999999996], [-87.16, 46.839999999999996], [-87.16, 46.68], [-87.0, 46.68]]]}}, {"id": "174", "type": "Feature", "properties": {}, "geometry": {"type": "Polygon", "coordinates": [[[-86.84, 46.68], [-86.84, 46.839999999999996], [-87.0, 46.839999999999996], [-87.0, 46.68], [-86.84, 46.68]]]}}, {"id": "175", "type": "Feature", "properties": {}, "geometry": {"type": "Polygon", "coordinates": [[[-86.67999999999999, 46.68], [-86.67999999999999, 46.839999999999996], [-86.83999999999999, 46.839999999999996], [-86.83999999999999, 46.68], [-86.67999999999999, 46.68]]]}}, {"id": "176", "type": "Feature", "properties": {}, "geometry": {"type": "Polygon", "coordinates": [[[-86.52, 46.68], [-86.52, 46.839999999999996], [-86.67999999999999, 46.839999999999996], [-86.67999999999999, 46.68], [-86.52, 46.68]]]}}, {"id": "177", "type": "Feature", "properties": {}, "geometry": {"type": "Polygon", "coordinates": [[[-86.36, 46.68], [-86.36, 46.839999999999996], [-86.52, 46.839999999999996], [-86.52, 46.68], [-86.36, 46.68]]]}}, {"id": "178", "type": "Feature", "properties": {}, "geometry": {"type": "Polygon", "coordinates": [[[-86.2, 46.68], [-86.2, 46.839999999999996], [-86.36, 46.839999999999996], [-86.36, 46.68], [-86.2, 46.68]]]}}, {"id": "179", "type": "Feature", "properties": {}, "geometry": {"type": "Polygon", "coordinates": [[[-86.04, 46.68], [-86.04, 46.839999999999996], [-86.2, 46.839999999999996], [-86.2, 46.68], [-86.04, 46.68]]]}}, {"id": "180", "type": "Feature", "properties": {}, "geometry": {"type": "Polygon", "coordinates": [[[-85.88000000000001, 46.68], [-85.88000000000001, 46.839999999999996], [-86.04, 46.839999999999996], [-86.04, 46.68], [-85.88000000000001, 46.68]]]}}, {"id": "181", "type": "Feature", "properties": {}, "geometry": {"type": "Polygon", "coordinates": [[[-85.72, 46.68], [-85.72, 46.839999999999996], [-85.88, 46.839999999999996], [-85.88, 46.68], [-85.72, 46.68]]]}}, {"id": "182", "type": "Feature", "properties": {}, "geometry": {"type": "Polygon", "coordinates": [[[-85.56, 46.68], [-85.56, 46.839999999999996], [-85.72, 46.839999999999996], [-85.72, 46.68], [-85.56, 46.68]]]}}, {"id": "183", "type": "Feature", "properties": {}, "geometry": {"type": "Polygon", "coordinates": [[[-85.4, 46.68], [-85.4, 46.839999999999996], [-85.56, 46.839999999999996], [-85.56, 46.68], [-85.4, 46.68]]]}}, {"id": "184", "type": "Feature", "properties": {}, "geometry": {"type": "Polygon", "coordinates": [[[-85.24, 46.68], [-85.24, 46.839999999999996], [-85.39999999999999, 46.839999999999996], [-85.39999999999999, 46.68], [-85.24, 46.68]]]}}, {"id": "185", "type": "Feature", "properties": {}, "geometry": {"type": "Polygon", "coordinates": [[[-85.08, 46.68], [-85.08, 46.839999999999996], [-85.24, 46.839999999999996], [-85.24, 46.68], [-85.08, 46.68]]]}}, {"id": "186", "type": "Feature", "properties": {}, "geometry": {"type": "Polygon", "coordinates": [[[-84.92, 46.68], [-84.92, 46.839999999999996], [-85.08, 46.839999999999996], [-85.08, 46.68], [-84.92, 46.68]]]}}, {"id": "187", "type": "Feature", "properties": {}, "geometry": {"type": "Polygon", "coordinates": [[[-84.76, 46.68], [-84.76, 46.839999999999996], [-84.92, 46.839999999999996], [-84.92, 46.68], [-84.76, 46.68]]]}}, {"id": "188", "type": "Feature", "properties": {}, "geometry": {"type": "Polygon", "coordinates": [[[-84.60000000000001, 46.68], [-84.60000000000001, 46.839999999999996], [-84.76, 46.839999999999996], [-84.76, 46.68], [-84.60000000000001, 46.68]]]}}, {"id": "189", "type": "Feature", "properties": {}, "geometry": {"type": "Polygon", "coordinates": [[[-84.44, 46.68], [-84.44, 46.839999999999996], [-84.6, 46.839999999999996], [-84.6, 46.68], [-84.44, 46.68]]]}}, {"id": "190", "type": "Feature", "properties": {}, "geometry": {"type": "Polygon", "coordinates": [[[-84.28, 46.68], [-84.28, 46.839999999999996], [-84.44, 46.839999999999996], [-84.44, 46.68], [-84.28, 46.68]]]}}, {"id": "191", "type": "Feature", "properties": {}, "geometry": {"type": "Polygon", "coordinates": [[[-84.12, 46.68], [-84.12, 46.839999999999996], [-84.28, 46.839999999999996], [-84.28, 46.68], [-84.12, 46.68]]]}}, {"id": "192", "type": "Feature", "properties": {}, "geometry": {"type": "Polygon", "coordinates": [[[-83.96, 46.68], [-83.96, 46.839999999999996], [-84.11999999999999, 46.839999999999996], [-84.11999999999999, 46.68], [-83.96, 46.68]]]}}, {"id": "193", "type": "Feature", "properties": {}, "geometry": {"type": "Polygon", "coordinates": [[[-102.84, 46.52], [-102.84, 46.68], [-103.0, 46.68], [-103.0, 46.52], [-102.84, 46.52]]]}}, {"id": "194", "type": "Feature", "properties": {}, "geometry": {"type": "Polygon", "coordinates": [[[-102.68, 46.52], [-102.68, 46.68], [-102.84, 46.68], [-102.84, 46.52], [-102.68, 46.52]]]}}, {"id": "195", "type": "Feature", "properties": {}, "geometry": {"type": "Polygon", "coordinates": [[[-102.52, 46.52], [-102.52, 46.68], [-102.67999999999999, 46.68], [-102.67999999999999, 46.52], [-102.52, 46.52]]]}}, {"id": "196", "type": "Feature", "properties": {}, "geometry": {"type": "Polygon", "coordinates": [[[-102.36, 46.52], [-102.36, 46.68], [-102.52, 46.68], [-102.52, 46.52], [-102.36, 46.52]]]}}, {"id": "197", "type": "Feature", "properties": {}, "geometry": {"type": "Polygon", "coordinates": [[[-102.2, 46.52], [-102.2, 46.68], [-102.36, 46.68], [-102.36, 46.52], [-102.2, 46.52]]]}}, {"id": "198", "type": "Feature", "properties": {}, "geometry": {"type": "Polygon", "coordinates": [[[-102.04, 46.52], [-102.04, 46.68], [-102.2, 46.68], [-102.2, 46.52], [-102.04, 46.52]]]}}, {"id": "199", "type": "Feature", "properties": {}, "geometry": {"type": "Polygon", "coordinates": [[[-101.88, 46.52], [-101.88, 46.68], [-102.03999999999999, 46.68], [-102.03999999999999, 46.52], [-101.88, 46.52]]]}}, {"id": "200", "type": "Feature", "properties": {}, "geometry": {"type": "Polygon", "coordinates": [[[-101.72, 46.52], [-101.72, 46.68], [-101.88, 46.68], [-101.88, 46.52], [-101.72, 46.52]]]}}, {"id": "201", "type": "Feature", "properties": {}, "geometry": {"type": "Polygon", "coordinates": [[[-101.56, 46.52], [-101.56, 46.68], [-101.72, 46.68], [-101.72, 46.52], [-101.56, 46.52]]]}}, {"id": "202", "type": "Feature", "properties": {}, "geometry": {"type": "Polygon", "coordinates": [[[-101.08, 46.52], [-101.08, 46.68], [-101.24, 46.68], [-101.24, 46.52], [-101.08, 46.52]]]}}, {"id": "203", "type": "Feature", "properties": {}, "geometry": {"type": "Polygon", "coordinates": [[[-100.92, 46.52], [-100.92, 46.68], [-101.08, 46.68], [-101.08, 46.52], [-100.92, 46.52]]]}}, {"id": "204", "type": "Feature", "properties": {}, "geometry": {"type": "Polygon", "coordinates": [[[-100.76, 46.52], [-100.76, 46.68], [-100.92, 46.68], [-100.92, 46.52], [-100.76, 46.52]]]}}, {"id": "205", "type": "Feature", "properties": {}, "geometry": {"type": "Polygon", "coordinates": [[[-100.60000000000001, 46.52], [-100.60000000000001, 46.68], [-100.76, 46.68], [-100.76, 46.52], [-100.60000000000001, 46.52]]]}}, {"id": "206", "type": "Feature", "properties": {}, "geometry": {"type": "Polygon", "coordinates": [[[-100.44, 46.52], [-100.44, 46.68], [-100.6, 46.68], [-100.6, 46.52], [-100.44, 46.52]]]}}, {"id": "207", "type": "Feature", "properties": {}, "geometry": {"type": "Polygon", "coordinates": [[[-100.28, 46.52], [-100.28, 46.68], [-100.44, 46.68], [-100.44, 46.52], [-100.28, 46.52]]]}}, {"id": "208", "type": "Feature", "properties": {}, "geometry": {"type": "Polygon", "coordinates": [[[-100.12, 46.52], [-100.12, 46.68], [-100.28, 46.68], [-100.28, 46.52], [-100.12, 46.52]]]}}, {"id": "209", "type": "Feature", "properties": {}, "geometry": {"type": "Polygon", "coordinates": [[[-99.64, 46.52], [-99.64, 46.68], [-99.8, 46.68], [-99.8, 46.52], [-99.64, 46.52]]]}}, {"id": "210", "type": "Feature", "properties": {}, "geometry": {"type": "Polygon", "coordinates": [[[-99.48, 46.52], [-99.48, 46.68], [-99.64, 46.68], [-99.64, 46.52], [-99.48, 46.52]]]}}, {"id": "211", "type": "Feature", "properties": {}, "geometry": {"type": "Polygon", "coordinates": [[[-99.32000000000001, 46.52], [-99.32000000000001, 46.68], [-99.48, 46.68], [-99.48, 46.52], [-99.32000000000001, 46.52]]]}}, {"id": "212", "type": "Feature", "properties": {}, "geometry": {"type": "Polygon", "coordinates": [[[-99.16, 46.52], [-99.16, 46.68], [-99.32, 46.68], [-99.32, 46.52], [-99.16, 46.52]]]}}, {"id": "213", "type": "Feature", "properties": {}, "geometry": {"type": "Polygon", "coordinates": [[[-98.36, 46.52], [-98.36, 46.68], [-98.52, 46.68], [-98.52, 46.52], [-98.36, 46.52]]]}}, {"id": "214", "type": "Feature", "properties": {}, "geometry": {"type": "Polygon", "coordinates": [[[-96.12, 46.52], [-96.12, 46.68], [-96.28, 46.68], [-96.28, 46.52], [-96.12, 46.52]]]}}, {"id": "215", "type": "Feature", "properties": {}, "geometry": {"type": "Polygon", "coordinates": [[[-95.8, 46.52], [-95.8, 46.68], [-95.96, 46.68], [-95.96, 46.52], [-95.8, 46.52]]]}}, {"id": "216", "type": "Feature", "properties": {}, "geometry": {"type": "Polygon", "coordinates": [[[-95.64, 46.52], [-95.64, 46.68], [-95.8, 46.68], [-95.8, 46.52], [-95.64, 46.52]]]}}, {"id": "217", "type": "Feature", "properties": {}, "geometry": {"type": "Polygon", "coordinates": [[[-95.48, 46.52], [-95.48, 46.68], [-95.64, 46.68], [-95.64, 46.52], [-95.48, 46.52]]]}}, {"id": "218", "type": "Feature", "properties": {}, "geometry": {"type": "Polygon", "coordinates": [[[-95.32000000000001, 46.52], [-95.32000000000001, 46.68], [-95.48, 46.68], [-95.48, 46.52], [-95.32000000000001, 46.52]]]}}, {"id": "219", "type": "Feature", "properties": {}, "geometry": {"type": "Polygon", "coordinates": [[[-95.16, 46.52], [-95.16, 46.68], [-95.32, 46.68], [-95.32, 46.52], [-95.16, 46.52]]]}}, {"id": "220", "type": "Feature", "properties": {}, "geometry": {"type": "Polygon", "coordinates": [[[-95.0, 46.52], [-95.0, 46.68], [-95.16, 46.68], [-95.16, 46.52], [-95.0, 46.52]]]}}, {"id": "221", "type": "Feature", "properties": {}, "geometry": {"type": "Polygon", "coordinates": [[[-94.84, 46.52], [-94.84, 46.68], [-95.0, 46.68], [-95.0, 46.52], [-94.84, 46.52]]]}}, {"id": "222", "type": "Feature", "properties": {}, "geometry": {"type": "Polygon", "coordinates": [[[-94.68, 46.52], [-94.68, 46.68], [-94.84, 46.68], [-94.84, 46.52], [-94.68, 46.52]]]}}, {"id": "223", "type": "Feature", "properties": {}, "geometry": {"type": "Polygon", "coordinates": [[[-94.52, 46.52], [-94.52, 46.68], [-94.67999999999999, 46.68], [-94.67999999999999, 46.52], [-94.52, 46.52]]]}}, {"id": "224", "type": "Feature", "properties": {}, "geometry": {"type": "Polygon", "coordinates": [[[-94.36, 46.52], [-94.36, 46.68], [-94.52, 46.68], [-94.52, 46.52], [-94.36, 46.52]]]}}, {"id": "225", "type": "Feature", "properties": {}, "geometry": {"type": "Polygon", "coordinates": [[[-94.2, 46.52], [-94.2, 46.68], [-94.36, 46.68], [-94.36, 46.52], [-94.2, 46.52]]]}}, {"id": "226", "type": "Feature", "properties": {}, "geometry": {"type": "Polygon", "coordinates": [[[-94.04, 46.52], [-94.04, 46.68], [-94.2, 46.68], [-94.2, 46.52], [-94.04, 46.52]]]}}, {"id": "227", "type": "Feature", "properties": {}, "geometry": {"type": "Polygon", "coordinates": [[[-93.88, 46.52], [-93.88, 46.68], [-94.03999999999999, 46.68], [-94.03999999999999, 46.52], [-93.88, 46.52]]]}}, {"id": "228", "type": "Feature", "properties": {}, "geometry": {"type": "Polygon", "coordinates": [[[-93.72, 46.52], [-93.72, 46.68], [-93.88, 46.68], [-93.88, 46.52], [-93.72, 46.52]]]}}, {"id": "229", "type": "Feature", "properties": {}, "geometry": {"type": "Polygon", "coordinates": [[[-93.56, 46.52], [-93.56, 46.68], [-93.72, 46.68], [-93.72, 46.52], [-93.56, 46.52]]]}}, {"id": "230", "type": "Feature", "properties": {}, "geometry": {"type": "Polygon", "coordinates": [[[-93.4, 46.52], [-93.4, 46.68], [-93.56, 46.68], [-93.56, 46.52], [-93.4, 46.52]]]}}, {"id": "231", "type": "Feature", "properties": {}, "geometry": {"type": "Polygon", "coordinates": [[[-93.24, 46.52], [-93.24, 46.68], [-93.39999999999999, 46.68], [-93.39999999999999, 46.52], [-93.24, 46.52]]]}}, {"id": "232", "type": "Feature", "properties": {}, "geometry": {"type": "Polygon", "coordinates": [[[-93.08, 46.52], [-93.08, 46.68], [-93.24, 46.68], [-93.24, 46.52], [-93.08, 46.52]]]}}, {"id": "233", "type": "Feature", "properties": {}, "geometry": {"type": "Polygon", "coordinates": [[[-92.92, 46.52], [-92.92, 46.68], [-93.08, 46.68], [-93.08, 46.52], [-92.92, 46.52]]]}}, {"id": "234", "type": "Feature", "properties": {}, "geometry": {"type": "Polygon", "coordinates": [[[-92.76, 46.52], [-92.76, 46.68], [-92.92, 46.68], [-92.92, 46.52], [-92.76, 46.52]]]}}, {"id": "235", "type": "Feature", "properties": {}, "geometry": {"type": "Polygon", "coordinates": [[[-92.60000000000001, 46.52], [-92.60000000000001, 46.68], [-92.76, 46.68], [-92.76, 46.52], [-92.60000000000001, 46.52]]]}}, {"id": "236", "type": "Feature", "properties": {}, "geometry": {"type": "Polygon", "coordinates": [[[-92.44, 46.52], [-92.44, 46.68], [-92.6, 46.68], [-92.6, 46.52], [-92.44, 46.52]]]}}, {"id": "237", "type": "Feature", "properties": {}, "geometry": {"type": "Polygon", "coordinates": [[[-92.28, 46.52], [-92.28, 46.68], [-92.44, 46.68], [-92.44, 46.52], [-92.28, 46.52]]]}}, {"id": "238", "type": "Feature", "properties": {}, "geometry": {"type": "Polygon", "coordinates": [[[-92.12, 46.52], [-92.12, 46.68], [-92.28, 46.68], [-92.28, 46.52], [-92.12, 46.52]]]}}, {"id": "239", "type": "Feature", "properties": {}, "geometry": {"type": "Polygon", "coordinates": [[[-91.96, 46.52], [-91.96, 46.68], [-92.11999999999999, 46.68], [-92.11999999999999, 46.52], [-91.96, 46.52]]]}}, {"id": "240", "type": "Feature", "properties": {}, "geometry": {"type": "Polygon", "coordinates": [[[-91.8, 46.52], [-91.8, 46.68], [-91.96, 46.68], [-91.96, 46.52], [-91.8, 46.52]]]}}, {"id": "241", "type": "Feature", "properties": {}, "geometry": {"type": "Polygon", "coordinates": [[[-91.64, 46.52], [-91.64, 46.68], [-91.8, 46.68], [-91.8, 46.52], [-91.64, 46.52]]]}}, {"id": "242", "type": "Feature", "properties": {}, "geometry": {"type": "Polygon", "coordinates": [[[-91.48, 46.52], [-91.48, 46.68], [-91.64, 46.68], [-91.64, 46.52], [-91.48, 46.52]]]}}, {"id": "243", "type": "Feature", "properties": {}, "geometry": {"type": "Polygon", "coordinates": [[[-91.32000000000001, 46.52], [-91.32000000000001, 46.68], [-91.48, 46.68], [-91.48, 46.52], [-91.32000000000001, 46.52]]]}}, {"id": "244", "type": "Feature", "properties": {}, "geometry": {"type": "Polygon", "coordinates": [[[-91.16, 46.52], [-91.16, 46.68], [-91.32, 46.68], [-91.32, 46.52], [-91.16, 46.52]]]}}, {"id": "245", "type": "Feature", "properties": {}, "geometry": {"type": "Polygon", "coordinates": [[[-91.0, 46.52], [-91.0, 46.68], [-91.16, 46.68], [-91.16, 46.52], [-91.0, 46.52]]]}}, {"id": "246", "type": "Feature", "properties": {}, "geometry": {"type": "Polygon", "coordinates": [[[-90.84, 46.52], [-90.84, 46.68], [-91.0, 46.68], [-91.0, 46.52], [-90.84, 46.52]]]}}, {"id": "247", "type": "Feature", "properties": {}, "geometry": {"type": "Polygon", "coordinates": [[[-90.68, 46.52], [-90.68, 46.68], [-90.84, 46.68], [-90.84, 46.52], [-90.68, 46.52]]]}}, {"id": "248", "type": "Feature", "properties": {}, "geometry": {"type": "Polygon", "coordinates": [[[-90.52, 46.52], [-90.52, 46.68], [-90.67999999999999, 46.68], [-90.67999999999999, 46.52], [-90.52, 46.52]]]}}, {"id": "249", "type": "Feature", "properties": {}, "geometry": {"type": "Polygon", "coordinates": [[[-90.36, 46.52], [-90.36, 46.68], [-90.52, 46.68], [-90.52, 46.52], [-90.36, 46.52]]]}}, {"id": "250", "type": "Feature", "properties": {}, "geometry": {"type": "Polygon", "coordinates": [[[-90.2, 46.52], [-90.2, 46.68], [-90.36, 46.68], [-90.36, 46.52], [-90.2, 46.52]]]}}, {"id": "251", "type": "Feature", "properties": {}, "geometry": {"type": "Polygon", "coordinates": [[[-90.04, 46.52], [-90.04, 46.68], [-90.2, 46.68], [-90.2, 46.52], [-90.04, 46.52]]]}}, {"id": "252", "type": "Feature", "properties": {}, "geometry": {"type": "Polygon", "coordinates": [[[-89.88, 46.52], [-89.88, 46.68], [-90.03999999999999, 46.68], [-90.03999999999999, 46.52], [-89.88, 46.52]]]}}, {"id": "253", "type": "Feature", "properties": {}, "geometry": {"type": "Polygon", "coordinates": [[[-89.72, 46.52], [-89.72, 46.68], [-89.88, 46.68], [-89.88, 46.52], [-89.72, 46.52]]]}}, {"id": "254", "type": "Feature", "properties": {}, "geometry": {"type": "Polygon", "coordinates": [[[-89.56, 46.52], [-89.56, 46.68], [-89.72, 46.68], [-89.72, 46.52], [-89.56, 46.52]]]}}, {"id": "255", "type": "Feature", "properties": {}, "geometry": {"type": "Polygon", "coordinates": [[[-89.4, 46.52], [-89.4, 46.68], [-89.56, 46.68], [-89.56, 46.52], [-89.4, 46.52]]]}}, {"id": "256", "type": "Feature", "properties": {}, "geometry": {"type": "Polygon", "coordinates": [[[-89.24, 46.52], [-89.24, 46.68], [-89.39999999999999, 46.68], [-89.39999999999999, 46.52], [-89.24, 46.52]]]}}, {"id": "257", "type": "Feature", "properties": {}, "geometry": {"type": "Polygon", "coordinates": [[[-89.08, 46.52], [-89.08, 46.68], [-89.24, 46.68], [-89.24, 46.52], [-89.08, 46.52]]]}}, {"id": "258", "type": "Feature", "properties": {}, "geometry": {"type": "Polygon", "coordinates": [[[-88.92, 46.52], [-88.92, 46.68], [-89.08, 46.68], [-89.08, 46.52], [-88.92, 46.52]]]}}, {"id": "259", "type": "Feature", "properties": {}, "geometry": {"type": "Polygon", "coordinates": [[[-88.76, 46.52], [-88.76, 46.68], [-88.92, 46.68], [-88.92, 46.52], [-88.76, 46.52]]]}}, {"id": "260", "type": "Feature", "properties": {}, "geometry": {"type": "Polygon", "coordinates": [[[-88.60000000000001, 46.52], [-88.60000000000001, 46.68], [-88.76, 46.68], [-88.76, 46.52], [-88.60000000000001, 46.52]]]}}, {"id": "261", "type": "Feature", "properties": {}, "geometry": {"type": "Polygon", "coordinates": [[[-88.44, 46.52], [-88.44, 46.68], [-88.6, 46.68], [-88.6, 46.52], [-88.44, 46.52]]]}}, {"id": "262", "type": "Feature", "properties": {}, "geometry": {"type": "Polygon", "coordinates": [[[-88.28, 46.52], [-88.28, 46.68], [-88.44, 46.68], [-88.44, 46.52], [-88.28, 46.52]]]}}, {"id": "263", "type": "Feature", "properties": {}, "geometry": {"type": "Polygon", "coordinates": [[[-88.12, 46.52], [-88.12, 46.68], [-88.28, 46.68], [-88.28, 46.52], [-88.12, 46.52]]]}}, {"id": "264", "type": "Feature", "properties": {}, "geometry": {"type": "Polygon", "coordinates": [[[-87.96, 46.52], [-87.96, 46.68], [-88.11999999999999, 46.68], [-88.11999999999999, 46.52], [-87.96, 46.52]]]}}, {"id": "265", "type": "Feature", "properties": {}, "geometry": {"type": "Polygon", "coordinates": [[[-87.8, 46.52], [-87.8, 46.68], [-87.96, 46.68], [-87.96, 46.52], [-87.8, 46.52]]]}}, {"id": "266", "type": "Feature", "properties": {}, "geometry": {"type": "Polygon", "coordinates": [[[-87.64, 46.52], [-87.64, 46.68], [-87.8, 46.68], [-87.8, 46.52], [-87.64, 46.52]]]}}, {"id": "267", "type": "Feature", "properties": {}, "geometry": {"type": "Polygon", "coordinates": [[[-87.48, 46.52], [-87.48, 46.68], [-87.64, 46.68], [-87.64, 46.52], [-87.48, 46.52]]]}}, {"id": "268", "type": "Feature", "properties": {}, "geometry": {"type": "Polygon", "coordinates": [[[-87.32000000000001, 46.52], [-87.32000000000001, 46.68], [-87.48, 46.68], [-87.48, 46.52], [-87.32000000000001, 46.52]]]}}, {"id": "269", "type": "Feature", "properties": {}, "geometry": {"type": "Polygon", "coordinates": [[[-87.16, 46.52], [-87.16, 46.68], [-87.32, 46.68], [-87.32, 46.52], [-87.16, 46.52]]]}}, {"id": "270", "type": "Feature", "properties": {}, "geometry": {"type": "Polygon", "coordinates": [[[-87.0, 46.52], [-87.0, 46.68], [-87.16, 46.68], [-87.16, 46.52], [-87.0, 46.52]]]}}, {"id": "271", "type": "Feature", "properties": {}, "geometry": {"type": "Polygon", "coordinates": [[[-86.84, 46.52], [-86.84, 46.68], [-87.0, 46.68], [-87.0, 46.52], [-86.84, 46.52]]]}}, {"id": "272", "type": "Feature", "properties": {}, "geometry": {"type": "Polygon", "coordinates": [[[-86.67999999999999, 46.52], [-86.67999999999999, 46.68], [-86.83999999999999, 46.68], [-86.83999999999999, 46.52], [-86.67999999999999, 46.52]]]}}, {"id": "273", "type": "Feature", "properties": {}, "geometry": {"type": "Polygon", "coordinates": [[[-86.52, 46.52], [-86.52, 46.68], [-86.67999999999999, 46.68], [-86.67999999999999, 46.52], [-86.52, 46.52]]]}}, {"id": "274", "type": "Feature", "properties": {}, "geometry": {"type": "Polygon", "coordinates": [[[-86.36, 46.52], [-86.36, 46.68], [-86.52, 46.68], [-86.52, 46.52], [-86.36, 46.52]]]}}, {"id": "275", "type": "Feature", "properties": {}, "geometry": {"type": "Polygon", "coordinates": [[[-86.2, 46.52], [-86.2, 46.68], [-86.36, 46.68], [-86.36, 46.52], [-86.2, 46.52]]]}}, {"id": "276", "type": "Feature", "properties": {}, "geometry": {"type": "Polygon", "coordinates": [[[-86.04, 46.52], [-86.04, 46.68], [-86.2, 46.68], [-86.2, 46.52], [-86.04, 46.52]]]}}, {"id": "277", "type": "Feature", "properties": {}, "geometry": {"type": "Polygon", "coordinates": [[[-85.88000000000001, 46.52], [-85.88000000000001, 46.68], [-86.04, 46.68], [-86.04, 46.52], [-85.88000000000001, 46.52]]]}}, {"id": "278", "type": "Feature", "properties": {}, "geometry": {"type": "Polygon", "coordinates": [[[-85.72, 46.52], [-85.72, 46.68], [-85.88, 46.68], [-85.88, 46.52], [-85.72, 46.52]]]}}, {"id": "279", "type": "Feature", "properties": {}, "geometry": {"type": "Polygon", "coordinates": [[[-85.56, 46.52], [-85.56, 46.68], [-85.72, 46.68], [-85.72, 46.52], [-85.56, 46.52]]]}}, {"id": "280", "type": "Feature", "properties": {}, "geometry": {"type": "Polygon", "coordinates": [[[-85.4, 46.52], [-85.4, 46.68], [-85.56, 46.68], [-85.56, 46.52], [-85.4, 46.52]]]}}, {"id": "281", "type": "Feature", "properties": {}, "geometry": {"type": "Polygon", "coordinates": [[[-85.24, 46.52], [-85.24, 46.68], [-85.39999999999999, 46.68], [-85.39999999999999, 46.52], [-85.24, 46.52]]]}}, {"id": "282", "type": "Feature", "properties": {}, "geometry": {"type": "Polygon", "coordinates": [[[-85.08, 46.52], [-85.08, 46.68], [-85.24, 46.68], [-85.24, 46.52], [-85.08, 46.52]]]}}, {"id": "283", "type": "Feature", "properties": {}, "geometry": {"type": "Polygon", "coordinates": [[[-84.92, 46.52], [-84.92, 46.68], [-85.08, 46.68], [-85.08, 46.52], [-84.92, 46.52]]]}}, {"id": "284", "type": "Feature", "properties": {}, "geometry": {"type": "Polygon", "coordinates": [[[-84.76, 46.52], [-84.76, 46.68], [-84.92, 46.68], [-84.92, 46.52], [-84.76, 46.52]]]}}, {"id": "285", "type": "Feature", "properties": {}, "geometry": {"type": "Polygon", "coordinates": [[[-84.60000000000001, 46.52], [-84.60000000000001, 46.68], [-84.76, 46.68], [-84.76, 46.52], [-84.60000000000001, 46.52]]]}}, {"id": "286", "type": "Feature", "properties": {}, "geometry": {"type": "Polygon", "coordinates": [[[-84.44, 46.52], [-84.44, 46.68], [-84.6, 46.68], [-84.6, 46.52], [-84.44, 46.52]]]}}, {"id": "287", "type": "Feature", "properties": {}, "geometry": {"type": "Polygon", "coordinates": [[[-84.28, 46.52], [-84.28, 46.68], [-84.44, 46.68], [-84.44, 46.52], [-84.28, 46.52]]]}}, {"id": "288", "type": "Feature", "properties": {}, "geometry": {"type": "Polygon", "coordinates": [[[-84.12, 46.52], [-84.12, 46.68], [-84.28, 46.68], [-84.28, 46.52], [-84.12, 46.52]]]}}, {"id": "289", "type": "Feature", "properties": {}, "geometry": {"type": "Polygon", "coordinates": [[[-83.96, 46.52], [-83.96, 46.68], [-84.11999999999999, 46.68], [-84.11999999999999, 46.52], [-83.96, 46.52]]]}}, {"id": "290", "type": "Feature", "properties": {}, "geometry": {"type": "Polygon", "coordinates": [[[-102.84, 46.36], [-102.84, 46.519999999999996], [-103.0, 46.519999999999996], [-103.0, 46.36], [-102.84, 46.36]]]}}, {"id": "291", "type": "Feature", "properties": {}, "geometry": {"type": "Polygon", "coordinates": [[[-102.68, 46.36], [-102.68, 46.519999999999996], [-102.84, 46.519999999999996], [-102.84, 46.36], [-102.68, 46.36]]]}}, {"id": "292", "type": "Feature", "properties": {}, "geometry": {"type": "Polygon", "coordinates": [[[-102.52, 46.36], [-102.52, 46.519999999999996], [-102.67999999999999, 46.519999999999996], [-102.67999999999999, 46.36], [-102.52, 46.36]]]}}, {"id": "293", "type": "Feature", "properties": {}, "geometry": {"type": "Polygon", "coordinates": [[[-102.36, 46.36], [-102.36, 46.519999999999996], [-102.52, 46.519999999999996], [-102.52, 46.36], [-102.36, 46.36]]]}}, {"id": "294", "type": "Feature", "properties": {}, "geometry": {"type": "Polygon", "coordinates": [[[-102.2, 46.36], [-102.2, 46.519999999999996], [-102.36, 46.519999999999996], [-102.36, 46.36], [-102.2, 46.36]]]}}, {"id": "295", "type": "Feature", "properties": {}, "geometry": {"type": "Polygon", "coordinates": [[[-102.04, 46.36], [-102.04, 46.519999999999996], [-102.2, 46.519999999999996], [-102.2, 46.36], [-102.04, 46.36]]]}}, {"id": "296", "type": "Feature", "properties": {}, "geometry": {"type": "Polygon", "coordinates": [[[-101.88, 46.36], [-101.88, 46.519999999999996], [-102.03999999999999, 46.519999999999996], [-102.03999999999999, 46.36], [-101.88, 46.36]]]}}, {"id": "297", "type": "Feature", "properties": {}, "geometry": {"type": "Polygon", "coordinates": [[[-101.72, 46.36], [-101.72, 46.519999999999996], [-101.88, 46.519999999999996], [-101.88, 46.36], [-101.72, 46.36]]]}}, {"id": "298", "type": "Feature", "properties": {}, "geometry": {"type": "Polygon", "coordinates": [[[-101.56, 46.36], [-101.56, 46.519999999999996], [-101.72, 46.519999999999996], [-101.72, 46.36], [-101.56, 46.36]]]}}, {"id": "299", "type": "Feature", "properties": {}, "geometry": {"type": "Polygon", "coordinates": [[[-101.08, 46.36], [-101.08, 46.519999999999996], [-101.24, 46.519999999999996], [-101.24, 46.36], [-101.08, 46.36]]]}}, {"id": "300", "type": "Feature", "properties": {}, "geometry": {"type": "Polygon", "coordinates": [[[-100.92, 46.36], [-100.92, 46.519999999999996], [-101.08, 46.519999999999996], [-101.08, 46.36], [-100.92, 46.36]]]}}, {"id": "301", "type": "Feature", "properties": {}, "geometry": {"type": "Polygon", "coordinates": [[[-100.76, 46.36], [-100.76, 46.519999999999996], [-100.92, 46.519999999999996], [-100.92, 46.36], [-100.76, 46.36]]]}}, {"id": "302", "type": "Feature", "properties": {}, "geometry": {"type": "Polygon", "coordinates": [[[-100.60000000000001, 46.36], [-100.60000000000001, 46.519999999999996], [-100.76, 46.519999999999996], [-100.76, 46.36], [-100.60000000000001, 46.36]]]}}, {"id": "303", "type": "Feature", "properties": {}, "geometry": {"type": "Polygon", "coordinates": [[[-100.44, 46.36], [-100.44, 46.519999999999996], [-100.6, 46.519999999999996], [-100.6, 46.36], [-100.44, 46.36]]]}}, {"id": "304", "type": "Feature", "properties": {}, "geometry": {"type": "Polygon", "coordinates": [[[-100.28, 46.36], [-100.28, 46.519999999999996], [-100.44, 46.519999999999996], [-100.44, 46.36], [-100.28, 46.36]]]}}, {"id": "305", "type": "Feature", "properties": {}, "geometry": {"type": "Polygon", "coordinates": [[[-100.12, 46.36], [-100.12, 46.519999999999996], [-100.28, 46.519999999999996], [-100.28, 46.36], [-100.12, 46.36]]]}}, {"id": "306", "type": "Feature", "properties": {}, "geometry": {"type": "Polygon", "coordinates": [[[-99.96000000000001, 46.36], [-99.96000000000001, 46.519999999999996], [-100.12, 46.519999999999996], [-100.12, 46.36], [-99.96000000000001, 46.36]]]}}, {"id": "307", "type": "Feature", "properties": {}, "geometry": {"type": "Polygon", "coordinates": [[[-99.8, 46.36], [-99.8, 46.519999999999996], [-99.96, 46.519999999999996], [-99.96, 46.36], [-99.8, 46.36]]]}}, {"id": "308", "type": "Feature", "properties": {}, "geometry": {"type": "Polygon", "coordinates": [[[-99.64, 46.36], [-99.64, 46.519999999999996], [-99.8, 46.519999999999996], [-99.8, 46.36], [-99.64, 46.36]]]}}, {"id": "309", "type": "Feature", "properties": {}, "geometry": {"type": "Polygon", "coordinates": [[[-99.32000000000001, 46.36], [-99.32000000000001, 46.519999999999996], [-99.48, 46.519999999999996], [-99.48, 46.36], [-99.32000000000001, 46.36]]]}}, {"id": "310", "type": "Feature", "properties": {}, "geometry": {"type": "Polygon", "coordinates": [[[-99.16, 46.36], [-99.16, 46.519999999999996], [-99.32, 46.519999999999996], [-99.32, 46.36], [-99.16, 46.36]]]}}, {"id": "311", "type": "Feature", "properties": {}, "geometry": {"type": "Polygon", "coordinates": [[[-98.36, 46.36], [-98.36, 46.519999999999996], [-98.52, 46.519999999999996], [-98.52, 46.36], [-98.36, 46.36]]]}}, {"id": "312", "type": "Feature", "properties": {}, "geometry": {"type": "Polygon", "coordinates": [[[-96.92, 46.36], [-96.92, 46.519999999999996], [-97.08, 46.519999999999996], [-97.08, 46.36], [-96.92, 46.36]]]}}, {"id": "313", "type": "Feature", "properties": {}, "geometry": {"type": "Polygon", "coordinates": [[[-96.76, 46.36], [-96.76, 46.519999999999996], [-96.92, 46.519999999999996], [-96.92, 46.36], [-96.76, 46.36]]]}}, {"id": "314", "type": "Feature", "properties": {}, "geometry": {"type": "Polygon", "coordinates": [[[-96.44, 46.36], [-96.44, 46.519999999999996], [-96.6, 46.519999999999996], [-96.6, 46.36], [-96.44, 46.36]]]}}, {"id": "315", "type": "Feature", "properties": {}, "geometry": {"type": "Polygon", "coordinates": [[[-95.96000000000001, 46.36], [-95.96000000000001, 46.519999999999996], [-96.12, 46.519999999999996], [-96.12, 46.36], [-95.96000000000001, 46.36]]]}}, {"id": "316", "type": "Feature", "properties": {}, "geometry": {"type": "Polygon", "coordinates": [[[-95.8, 46.36], [-95.8, 46.519999999999996], [-95.96, 46.519999999999996], [-95.96, 46.36], [-95.8, 46.36]]]}}, {"id": "317", "type": "Feature", "properties": {}, "geometry": {"type": "Polygon", "coordinates": [[[-95.64, 46.36], [-95.64, 46.519999999999996], [-95.8, 46.519999999999996], [-95.8, 46.36], [-95.64, 46.36]]]}}, {"id": "318", "type": "Feature", "properties": {}, "geometry": {"type": "Polygon", "coordinates": [[[-95.48, 46.36], [-95.48, 46.519999999999996], [-95.64, 46.519999999999996], [-95.64, 46.36], [-95.48, 46.36]]]}}, {"id": "319", "type": "Feature", "properties": {}, "geometry": {"type": "Polygon", "coordinates": [[[-95.32000000000001, 46.36], [-95.32000000000001, 46.519999999999996], [-95.48, 46.519999999999996], [-95.48, 46.36], [-95.32000000000001, 46.36]]]}}, {"id": "320", "type": "Feature", "properties": {}, "geometry": {"type": "Polygon", "coordinates": [[[-95.16, 46.36], [-95.16, 46.519999999999996], [-95.32, 46.519999999999996], [-95.32, 46.36], [-95.16, 46.36]]]}}, {"id": "321", "type": "Feature", "properties": {}, "geometry": {"type": "Polygon", "coordinates": [[[-94.68, 46.36], [-94.68, 46.519999999999996], [-94.84, 46.519999999999996], [-94.84, 46.36], [-94.68, 46.36]]]}}, {"id": "322", "type": "Feature", "properties": {}, "geometry": {"type": "Polygon", "coordinates": [[[-94.52, 46.36], [-94.52, 46.519999999999996], [-94.67999999999999, 46.519999999999996], [-94.67999999999999, 46.36], [-94.52, 46.36]]]}}, {"id": "323", "type": "Feature", "properties": {}, "geometry": {"type": "Polygon", "coordinates": [[[-94.36, 46.36], [-94.36, 46.519999999999996], [-94.52, 46.519999999999996], [-94.52, 46.36], [-94.36, 46.36]]]}}, {"id": "324", "type": "Feature", "properties": {}, "geometry": {"type": "Polygon", "coordinates": [[[-94.04, 46.36], [-94.04, 46.519999999999996], [-94.2, 46.519999999999996], [-94.2, 46.36], [-94.04, 46.36]]]}}, {"id": "325", "type": "Feature", "properties": {}, "geometry": {"type": "Polygon", "coordinates": [[[-93.88, 46.36], [-93.88, 46.519999999999996], [-94.03999999999999, 46.519999999999996], [-94.03999999999999, 46.36], [-93.88, 46.36]]]}}, {"id": "326", "type": "Feature", "properties": {}, "geometry": {"type": "Polygon", "coordinates": [[[-93.72, 46.36], [-93.72, 46.519999999999996], [-93.88, 46.519999999999996], [-93.88, 46.36], [-93.72, 46.36]]]}}, {"id": "327", "type": "Feature", "properties": {}, "geometry": {"type": "Polygon", "coordinates": [[[-93.56, 46.36], [-93.56, 46.519999999999996], [-93.72, 46.519999999999996], [-93.72, 46.36], [-93.56, 46.36]]]}}, {"id": "328", "type": "Feature", "properties": {}, "geometry": {"type": "Polygon", "coordinates": [[[-93.4, 46.36], [-93.4, 46.519999999999996], [-93.56, 46.519999999999996], [-93.56, 46.36], [-93.4, 46.36]]]}}, {"id": "329", "type": "Feature", "properties": {}, "geometry": {"type": "Polygon", "coordinates": [[[-93.24, 46.36], [-93.24, 46.519999999999996], [-93.39999999999999, 46.519999999999996], [-93.39999999999999, 46.36], [-93.24, 46.36]]]}}, {"id": "330", "type": "Feature", "properties": {}, "geometry": {"type": "Polygon", "coordinates": [[[-93.08, 46.36], [-93.08, 46.519999999999996], [-93.24, 46.519999999999996], [-93.24, 46.36], [-93.08, 46.36]]]}}, {"id": "331", "type": "Feature", "properties": {}, "geometry": {"type": "Polygon", "coordinates": [[[-92.92, 46.36], [-92.92, 46.519999999999996], [-93.08, 46.519999999999996], [-93.08, 46.36], [-92.92, 46.36]]]}}, {"id": "332", "type": "Feature", "properties": {}, "geometry": {"type": "Polygon", "coordinates": [[[-92.76, 46.36], [-92.76, 46.519999999999996], [-92.92, 46.519999999999996], [-92.92, 46.36], [-92.76, 46.36]]]}}, {"id": "333", "type": "Feature", "properties": {}, "geometry": {"type": "Polygon", "coordinates": [[[-92.60000000000001, 46.36], [-92.60000000000001, 46.519999999999996], [-92.76, 46.519999999999996], [-92.76, 46.36], [-92.60000000000001, 46.36]]]}}, {"id": "334", "type": "Feature", "properties": {}, "geometry": {"type": "Polygon", "coordinates": [[[-92.44, 46.36], [-92.44, 46.519999999999996], [-92.6, 46.519999999999996], [-92.6, 46.36], [-92.44, 46.36]]]}}, {"id": "335", "type": "Feature", "properties": {}, "geometry": {"type": "Polygon", "coordinates": [[[-92.28, 46.36], [-92.28, 46.519999999999996], [-92.44, 46.519999999999996], [-92.44, 46.36], [-92.28, 46.36]]]}}, {"id": "336", "type": "Feature", "properties": {}, "geometry": {"type": "Polygon", "coordinates": [[[-92.12, 46.36], [-92.12, 46.519999999999996], [-92.28, 46.519999999999996], [-92.28, 46.36], [-92.12, 46.36]]]}}, {"id": "337", "type": "Feature", "properties": {}, "geometry": {"type": "Polygon", "coordinates": [[[-91.96, 46.36], [-91.96, 46.519999999999996], [-92.11999999999999, 46.519999999999996], [-92.11999999999999, 46.36], [-91.96, 46.36]]]}}, {"id": "338", "type": "Feature", "properties": {}, "geometry": {"type": "Polygon", "coordinates": [[[-91.8, 46.36], [-91.8, 46.519999999999996], [-91.96, 46.519999999999996], [-91.96, 46.36], [-91.8, 46.36]]]}}, {"id": "339", "type": "Feature", "properties": {}, "geometry": {"type": "Polygon", "coordinates": [[[-91.64, 46.36], [-91.64, 46.519999999999996], [-91.8, 46.519999999999996], [-91.8, 46.36], [-91.64, 46.36]]]}}, {"id": "340", "type": "Feature", "properties": {}, "geometry": {"type": "Polygon", "coordinates": [[[-91.48, 46.36], [-91.48, 46.519999999999996], [-91.64, 46.519999999999996], [-91.64, 46.36], [-91.48, 46.36]]]}}, {"id": "341", "type": "Feature", "properties": {}, "geometry": {"type": "Polygon", "coordinates": [[[-91.32000000000001, 46.36], [-91.32000000000001, 46.519999999999996], [-91.48, 46.519999999999996], [-91.48, 46.36], [-91.32000000000001, 46.36]]]}}, {"id": "342", "type": "Feature", "properties": {}, "geometry": {"type": "Polygon", "coordinates": [[[-91.16, 46.36], [-91.16, 46.519999999999996], [-91.32, 46.519999999999996], [-91.32, 46.36], [-91.16, 46.36]]]}}, {"id": "343", "type": "Feature", "properties": {}, "geometry": {"type": "Polygon", "coordinates": [[[-91.0, 46.36], [-91.0, 46.519999999999996], [-91.16, 46.519999999999996], [-91.16, 46.36], [-91.0, 46.36]]]}}, {"id": "344", "type": "Feature", "properties": {}, "geometry": {"type": "Polygon", "coordinates": [[[-90.84, 46.36], [-90.84, 46.519999999999996], [-91.0, 46.519999999999996], [-91.0, 46.36], [-90.84, 46.36]]]}}, {"id": "345", "type": "Feature", "properties": {}, "geometry": {"type": "Polygon", "coordinates": [[[-90.68, 46.36], [-90.68, 46.519999999999996], [-90.84, 46.519999999999996], [-90.84, 46.36], [-90.68, 46.36]]]}}, {"id": "346", "type": "Feature", "properties": {}, "geometry": {"type": "Polygon", "coordinates": [[[-90.52, 46.36], [-90.52, 46.519999999999996], [-90.67999999999999, 46.519999999999996], [-90.67999999999999, 46.36], [-90.52, 46.36]]]}}, {"id": "347", "type": "Feature", "properties": {}, "geometry": {"type": "Polygon", "coordinates": [[[-90.36, 46.36], [-90.36, 46.519999999999996], [-90.52, 46.519999999999996], [-90.52, 46.36], [-90.36, 46.36]]]}}, {"id": "348", "type": "Feature", "properties": {}, "geometry": {"type": "Polygon", "coordinates": [[[-90.2, 46.36], [-90.2, 46.519999999999996], [-90.36, 46.519999999999996], [-90.36, 46.36], [-90.2, 46.36]]]}}, {"id": "349", "type": "Feature", "properties": {}, "geometry": {"type": "Polygon", "coordinates": [[[-90.04, 46.36], [-90.04, 46.519999999999996], [-90.2, 46.519999999999996], [-90.2, 46.36], [-90.04, 46.36]]]}}, {"id": "350", "type": "Feature", "properties": {}, "geometry": {"type": "Polygon", "coordinates": [[[-89.88, 46.36], [-89.88, 46.519999999999996], [-90.03999999999999, 46.519999999999996], [-90.03999999999999, 46.36], [-89.88, 46.36]]]}}, {"id": "351", "type": "Feature", "properties": {}, "geometry": {"type": "Polygon", "coordinates": [[[-89.72, 46.36], [-89.72, 46.519999999999996], [-89.88, 46.519999999999996], [-89.88, 46.36], [-89.72, 46.36]]]}}, {"id": "352", "type": "Feature", "properties": {}, "geometry": {"type": "Polygon", "coordinates": [[[-89.56, 46.36], [-89.56, 46.519999999999996], [-89.72, 46.519999999999996], [-89.72, 46.36], [-89.56, 46.36]]]}}, {"id": "353", "type": "Feature", "properties": {}, "geometry": {"type": "Polygon", "coordinates": [[[-89.4, 46.36], [-89.4, 46.519999999999996], [-89.56, 46.519999999999996], [-89.56, 46.36], [-89.4, 46.36]]]}}, {"id": "354", "type": "Feature", "properties": {}, "geometry": {"type": "Polygon", "coordinates": [[[-89.24, 46.36], [-89.24, 46.519999999999996], [-89.39999999999999, 46.519999999999996], [-89.39999999999999, 46.36], [-89.24, 46.36]]]}}, {"id": "355", "type": "Feature", "properties": {}, "geometry": {"type": "Polygon", "coordinates": [[[-89.08, 46.36], [-89.08, 46.519999999999996], [-89.24, 46.519999999999996], [-89.24, 46.36], [-89.08, 46.36]]]}}, {"id": "356", "type": "Feature", "properties": {}, "geometry": {"type": "Polygon", "coordinates": [[[-88.92, 46.36], [-88.92, 46.519999999999996], [-89.08, 46.519999999999996], [-89.08, 46.36], [-88.92, 46.36]]]}}, {"id": "357", "type": "Feature", "properties": {}, "geometry": {"type": "Polygon", "coordinates": [[[-88.76, 46.36], [-88.76, 46.519999999999996], [-88.92, 46.519999999999996], [-88.92, 46.36], [-88.76, 46.36]]]}}, {"id": "358", "type": "Feature", "properties": {}, "geometry": {"type": "Polygon", "coordinates": [[[-88.60000000000001, 46.36], [-88.60000000000001, 46.519999999999996], [-88.76, 46.519999999999996], [-88.76, 46.36], [-88.60000000000001, 46.36]]]}}, {"id": "359", "type": "Feature", "properties": {}, "geometry": {"type": "Polygon", "coordinates": [[[-88.44, 46.36], [-88.44, 46.519999999999996], [-88.6, 46.519999999999996], [-88.6, 46.36], [-88.44, 46.36]]]}}, {"id": "360", "type": "Feature", "properties": {}, "geometry": {"type": "Polygon", "coordinates": [[[-88.28, 46.36], [-88.28, 46.519999999999996], [-88.44, 46.519999999999996], [-88.44, 46.36], [-88.28, 46.36]]]}}, {"id": "361", "type": "Feature", "properties": {}, "geometry": {"type": "Polygon", "coordinates": [[[-88.12, 46.36], [-88.12, 46.519999999999996], [-88.28, 46.519999999999996], [-88.28, 46.36], [-88.12, 46.36]]]}}, {"id": "362", "type": "Feature", "properties": {}, "geometry": {"type": "Polygon", "coordinates": [[[-87.96, 46.36], [-87.96, 46.519999999999996], [-88.11999999999999, 46.519999999999996], [-88.11999999999999, 46.36], [-87.96, 46.36]]]}}, {"id": "363", "type": "Feature", "properties": {}, "geometry": {"type": "Polygon", "coordinates": [[[-87.8, 46.36], [-87.8, 46.519999999999996], [-87.96, 46.519999999999996], [-87.96, 46.36], [-87.8, 46.36]]]}}, {"id": "364", "type": "Feature", "properties": {}, "geometry": {"type": "Polygon", "coordinates": [[[-87.64, 46.36], [-87.64, 46.519999999999996], [-87.8, 46.519999999999996], [-87.8, 46.36], [-87.64, 46.36]]]}}, {"id": "365", "type": "Feature", "properties": {}, "geometry": {"type": "Polygon", "coordinates": [[[-87.48, 46.36], [-87.48, 46.519999999999996], [-87.64, 46.519999999999996], [-87.64, 46.36], [-87.48, 46.36]]]}}, {"id": "366", "type": "Feature", "properties": {}, "geometry": {"type": "Polygon", "coordinates": [[[-87.32000000000001, 46.36], [-87.32000000000001, 46.519999999999996], [-87.48, 46.519999999999996], [-87.48, 46.36], [-87.32000000000001, 46.36]]]}}, {"id": "367", "type": "Feature", "properties": {}, "geometry": {"type": "Polygon", "coordinates": [[[-87.16, 46.36], [-87.16, 46.519999999999996], [-87.32, 46.519999999999996], [-87.32, 46.36], [-87.16, 46.36]]]}}, {"id": "368", "type": "Feature", "properties": {}, "geometry": {"type": "Polygon", "coordinates": [[[-87.0, 46.36], [-87.0, 46.519999999999996], [-87.16, 46.519999999999996], [-87.16, 46.36], [-87.0, 46.36]]]}}, {"id": "369", "type": "Feature", "properties": {}, "geometry": {"type": "Polygon", "coordinates": [[[-86.84, 46.36], [-86.84, 46.519999999999996], [-87.0, 46.519999999999996], [-87.0, 46.36], [-86.84, 46.36]]]}}, {"id": "370", "type": "Feature", "properties": {}, "geometry": {"type": "Polygon", "coordinates": [[[-86.67999999999999, 46.36], [-86.67999999999999, 46.519999999999996], [-86.83999999999999, 46.519999999999996], [-86.83999999999999, 46.36], [-86.67999999999999, 46.36]]]}}, {"id": "371", "type": "Feature", "properties": {}, "geometry": {"type": "Polygon", "coordinates": [[[-86.52, 46.36], [-86.52, 46.519999999999996], [-86.67999999999999, 46.519999999999996], [-86.67999999999999, 46.36], [-86.52, 46.36]]]}}, {"id": "372", "type": "Feature", "properties": {}, "geometry": {"type": "Polygon", "coordinates": [[[-86.36, 46.36], [-86.36, 46.519999999999996], [-86.52, 46.519999999999996], [-86.52, 46.36], [-86.36, 46.36]]]}}, {"id": "373", "type": "Feature", "properties": {}, "geometry": {"type": "Polygon", "coordinates": [[[-86.2, 46.36], [-86.2, 46.519999999999996], [-86.36, 46.519999999999996], [-86.36, 46.36], [-86.2, 46.36]]]}}, {"id": "374", "type": "Feature", "properties": {}, "geometry": {"type": "Polygon", "coordinates": [[[-86.04, 46.36], [-86.04, 46.519999999999996], [-86.2, 46.519999999999996], [-86.2, 46.36], [-86.04, 46.36]]]}}, {"id": "375", "type": "Feature", "properties": {}, "geometry": {"type": "Polygon", "coordinates": [[[-85.88000000000001, 46.36], [-85.88000000000001, 46.519999999999996], [-86.04, 46.519999999999996], [-86.04, 46.36], [-85.88000000000001, 46.36]]]}}, {"id": "376", "type": "Feature", "properties": {}, "geometry": {"type": "Polygon", "coordinates": [[[-85.72, 46.36], [-85.72, 46.519999999999996], [-85.88, 46.519999999999996], [-85.88, 46.36], [-85.72, 46.36]]]}}, {"id": "377", "type": "Feature", "properties": {}, "geometry": {"type": "Polygon", "coordinates": [[[-85.56, 46.36], [-85.56, 46.519999999999996], [-85.72, 46.519999999999996], [-85.72, 46.36], [-85.56, 46.36]]]}}, {"id": "378", "type": "Feature", "properties": {}, "geometry": {"type": "Polygon", "coordinates": [[[-85.4, 46.36], [-85.4, 46.519999999999996], [-85.56, 46.519999999999996], [-85.56, 46.36], [-85.4, 46.36]]]}}, {"id": "379", "type": "Feature", "properties": {}, "geometry": {"type": "Polygon", "coordinates": [[[-85.24, 46.36], [-85.24, 46.519999999999996], [-85.39999999999999, 46.519999999999996], [-85.39999999999999, 46.36], [-85.24, 46.36]]]}}, {"id": "380", "type": "Feature", "properties": {}, "geometry": {"type": "Polygon", "coordinates": [[[-85.08, 46.36], [-85.08, 46.519999999999996], [-85.24, 46.519999999999996], [-85.24, 46.36], [-85.08, 46.36]]]}}, {"id": "381", "type": "Feature", "properties": {}, "geometry": {"type": "Polygon", "coordinates": [[[-84.92, 46.36], [-84.92, 46.519999999999996], [-85.08, 46.519999999999996], [-85.08, 46.36], [-84.92, 46.36]]]}}, {"id": "382", "type": "Feature", "properties": {}, "geometry": {"type": "Polygon", "coordinates": [[[-84.76, 46.36], [-84.76, 46.519999999999996], [-84.92, 46.519999999999996], [-84.92, 46.36], [-84.76, 46.36]]]}}, {"id": "383", "type": "Feature", "properties": {}, "geometry": {"type": "Polygon", "coordinates": [[[-84.60000000000001, 46.36], [-84.60000000000001, 46.519999999999996], [-84.76, 46.519999999999996], [-84.76, 46.36], [-84.60000000000001, 46.36]]]}}, {"id": "384", "type": "Feature", "properties": {}, "geometry": {"type": "Polygon", "coordinates": [[[-84.44, 46.36], [-84.44, 46.519999999999996], [-84.6, 46.519999999999996], [-84.6, 46.36], [-84.44, 46.36]]]}}, {"id": "385", "type": "Feature", "properties": {}, "geometry": {"type": "Polygon", "coordinates": [[[-84.28, 46.36], [-84.28, 46.519999999999996], [-84.44, 46.519999999999996], [-84.44, 46.36], [-84.28, 46.36]]]}}, {"id": "386", "type": "Feature", "properties": {}, "geometry": {"type": "Polygon", "coordinates": [[[-84.12, 46.36], [-84.12, 46.519999999999996], [-84.28, 46.519999999999996], [-84.28, 46.36], [-84.12, 46.36]]]}}, {"id": "387", "type": "Feature", "properties": {}, "geometry": {"type": "Polygon", "coordinates": [[[-83.96, 46.36], [-83.96, 46.519999999999996], [-84.11999999999999, 46.519999999999996], [-84.11999999999999, 46.36], [-83.96, 46.36]]]}}, {"id": "388", "type": "Feature", "properties": {}, "geometry": {"type": "Polygon", "coordinates": [[[-102.84, 46.2], [-102.84, 46.36], [-103.0, 46.36], [-103.0, 46.2], [-102.84, 46.2]]]}}, {"id": "389", "type": "Feature", "properties": {}, "geometry": {"type": "Polygon", "coordinates": [[[-102.68, 46.2], [-102.68, 46.36], [-102.84, 46.36], [-102.84, 46.2], [-102.68, 46.2]]]}}, {"id": "390", "type": "Feature", "properties": {}, "geometry": {"type": "Polygon", "coordinates": [[[-102.52, 46.2], [-102.52, 46.36], [-102.67999999999999, 46.36], [-102.67999999999999, 46.2], [-102.52, 46.2]]]}}, {"id": "391", "type": "Feature", "properties": {}, "geometry": {"type": "Polygon", "coordinates": [[[-102.36, 46.2], [-102.36, 46.36], [-102.52, 46.36], [-102.52, 46.2], [-102.36, 46.2]]]}}, {"id": "392", "type": "Feature", "properties": {}, "geometry": {"type": "Polygon", "coordinates": [[[-102.2, 46.2], [-102.2, 46.36], [-102.36, 46.36], [-102.36, 46.2], [-102.2, 46.2]]]}}, {"id": "393", "type": "Feature", "properties": {}, "geometry": {"type": "Polygon", "coordinates": [[[-102.04, 46.2], [-102.04, 46.36], [-102.2, 46.36], [-102.2, 46.2], [-102.04, 46.2]]]}}, {"id": "394", "type": "Feature", "properties": {}, "geometry": {"type": "Polygon", "coordinates": [[[-101.88, 46.2], [-101.88, 46.36], [-102.03999999999999, 46.36], [-102.03999999999999, 46.2], [-101.88, 46.2]]]}}, {"id": "395", "type": "Feature", "properties": {}, "geometry": {"type": "Polygon", "coordinates": [[[-101.72, 46.2], [-101.72, 46.36], [-101.88, 46.36], [-101.88, 46.2], [-101.72, 46.2]]]}}, {"id": "396", "type": "Feature", "properties": {}, "geometry": {"type": "Polygon", "coordinates": [[[-101.56, 46.2], [-101.56, 46.36], [-101.72, 46.36], [-101.72, 46.2], [-101.56, 46.2]]]}}, {"id": "397", "type": "Feature", "properties": {}, "geometry": {"type": "Polygon", "coordinates": [[[-101.4, 46.2], [-101.4, 46.36], [-101.56, 46.36], [-101.56, 46.2], [-101.4, 46.2]]]}}, {"id": "398", "type": "Feature", "properties": {}, "geometry": {"type": "Polygon", "coordinates": [[[-101.24, 46.2], [-101.24, 46.36], [-101.39999999999999, 46.36], [-101.39999999999999, 46.2], [-101.24, 46.2]]]}}, {"id": "399", "type": "Feature", "properties": {}, "geometry": {"type": "Polygon", "coordinates": [[[-101.08, 46.2], [-101.08, 46.36], [-101.24, 46.36], [-101.24, 46.2], [-101.08, 46.2]]]}}, {"id": "400", "type": "Feature", "properties": {}, "geometry": {"type": "Polygon", "coordinates": [[[-100.92, 46.2], [-100.92, 46.36], [-101.08, 46.36], [-101.08, 46.2], [-100.92, 46.2]]]}}, {"id": "401", "type": "Feature", "properties": {}, "geometry": {"type": "Polygon", "coordinates": [[[-100.76, 46.2], [-100.76, 46.36], [-100.92, 46.36], [-100.92, 46.2], [-100.76, 46.2]]]}}, {"id": "402", "type": "Feature", "properties": {}, "geometry": {"type": "Polygon", "coordinates": [[[-100.60000000000001, 46.2], [-100.60000000000001, 46.36], [-100.76, 46.36], [-100.76, 46.2], [-100.60000000000001, 46.2]]]}}, {"id": "403", "type": "Feature", "properties": {}, "geometry": {"type": "Polygon", "coordinates": [[[-100.44, 46.2], [-100.44, 46.36], [-100.6, 46.36], [-100.6, 46.2], [-100.44, 46.2]]]}}, {"id": "404", "type": "Feature", "properties": {}, "geometry": {"type": "Polygon", "coordinates": [[[-100.28, 46.2], [-100.28, 46.36], [-100.44, 46.36], [-100.44, 46.2], [-100.28, 46.2]]]}}, {"id": "405", "type": "Feature", "properties": {}, "geometry": {"type": "Polygon", "coordinates": [[[-99.96000000000001, 46.2], [-99.96000000000001, 46.36], [-100.12, 46.36], [-100.12, 46.2], [-99.96000000000001, 46.2]]]}}, {"id": "406", "type": "Feature", "properties": {}, "geometry": {"type": "Polygon", "coordinates": [[[-99.48, 46.2], [-99.48, 46.36], [-99.64, 46.36], [-99.64, 46.2], [-99.48, 46.2]]]}}, {"id": "407", "type": "Feature", "properties": {}, "geometry": {"type": "Polygon", "coordinates": [[[-99.0, 46.2], [-99.0, 46.36], [-99.16, 46.36], [-99.16, 46.2], [-99.0, 46.2]]]}}, {"id": "408", "type": "Feature", "properties": {}, "geometry": {"type": "Polygon", "coordinates": [[[-98.84, 46.2], [-98.84, 46.36], [-99.0, 46.36], [-99.0, 46.2], [-98.84, 46.2]]]}}, {"id": "409", "type": "Feature", "properties": {}, "geometry": {"type": "Polygon", "coordinates": [[[-98.68, 46.2], [-98.68, 46.36], [-98.84, 46.36], [-98.84, 46.2], [-98.68, 46.2]]]}}, {"id": "410", "type": "Feature", "properties": {}, "geometry": {"type": "Polygon", "coordinates": [[[-98.52, 46.2], [-98.52, 46.36], [-98.67999999999999, 46.36], [-98.67999999999999, 46.2], [-98.52, 46.2]]]}}, {"id": "411", "type": "Feature", "properties": {}, "geometry": {"type": "Polygon", "coordinates": [[[-98.36, 46.2], [-98.36, 46.36], [-98.52, 46.36], [-98.52, 46.2], [-98.36, 46.2]]]}}, {"id": "412", "type": "Feature", "properties": {}, "geometry": {"type": "Polygon", "coordinates": [[[-96.76, 46.2], [-96.76, 46.36], [-96.92, 46.36], [-96.92, 46.2], [-96.76, 46.2]]]}}, {"id": "413", "type": "Feature", "properties": {}, "geometry": {"type": "Polygon", "coordinates": [[[-96.60000000000001, 46.2], [-96.60000000000001, 46.36], [-96.76, 46.36], [-96.76, 46.2], [-96.60000000000001, 46.2]]]}}, {"id": "414", "type": "Feature", "properties": {}, "geometry": {"type": "Polygon", "coordinates": [[[-96.44, 46.2], [-96.44, 46.36], [-96.6, 46.36], [-96.6, 46.2], [-96.44, 46.2]]]}}, {"id": "415", "type": "Feature", "properties": {}, "geometry": {"type": "Polygon", "coordinates": [[[-96.12, 46.2], [-96.12, 46.36], [-96.28, 46.36], [-96.28, 46.2], [-96.12, 46.2]]]}}, {"id": "416", "type": "Feature", "properties": {}, "geometry": {"type": "Polygon", "coordinates": [[[-95.96000000000001, 46.2], [-95.96000000000001, 46.36], [-96.12, 46.36], [-96.12, 46.2], [-95.96000000000001, 46.2]]]}}, {"id": "417", "type": "Feature", "properties": {}, "geometry": {"type": "Polygon", "coordinates": [[[-95.8, 46.2], [-95.8, 46.36], [-95.96, 46.36], [-95.96, 46.2], [-95.8, 46.2]]]}}, {"id": "418", "type": "Feature", "properties": {}, "geometry": {"type": "Polygon", "coordinates": [[[-95.64, 46.2], [-95.64, 46.36], [-95.8, 46.36], [-95.8, 46.2], [-95.64, 46.2]]]}}, {"id": "419", "type": "Feature", "properties": {}, "geometry": {"type": "Polygon", "coordinates": [[[-95.48, 46.2], [-95.48, 46.36], [-95.64, 46.36], [-95.64, 46.2], [-95.48, 46.2]]]}}, {"id": "420", "type": "Feature", "properties": {}, "geometry": {"type": "Polygon", "coordinates": [[[-95.32000000000001, 46.2], [-95.32000000000001, 46.36], [-95.48, 46.36], [-95.48, 46.2], [-95.32000000000001, 46.2]]]}}, {"id": "421", "type": "Feature", "properties": {}, "geometry": {"type": "Polygon", "coordinates": [[[-95.16, 46.2], [-95.16, 46.36], [-95.32, 46.36], [-95.32, 46.2], [-95.16, 46.2]]]}}, {"id": "422", "type": "Feature", "properties": {}, "geometry": {"type": "Polygon", "coordinates": [[[-94.68, 46.2], [-94.68, 46.36], [-94.84, 46.36], [-94.84, 46.2], [-94.68, 46.2]]]}}, {"id": "423", "type": "Feature", "properties": {}, "geometry": {"type": "Polygon", "coordinates": [[[-94.52, 46.2], [-94.52, 46.36], [-94.67999999999999, 46.36], [-94.67999999999999, 46.2], [-94.52, 46.2]]]}}, {"id": "424", "type": "Feature", "properties": {}, "geometry": {"type": "Polygon", "coordinates": [[[-94.36, 46.2], [-94.36, 46.36], [-94.52, 46.36], [-94.52, 46.2], [-94.36, 46.2]]]}}, {"id": "425", "type": "Feature", "properties": {}, "geometry": {"type": "Polygon", "coordinates": [[[-94.2, 46.2], [-94.2, 46.36], [-94.36, 46.36], [-94.36, 46.2], [-94.2, 46.2]]]}}, {"id": "426", "type": "Feature", "properties": {}, "geometry": {"type": "Polygon", "coordinates": [[[-93.88, 46.2], [-93.88, 46.36], [-94.03999999999999, 46.36], [-94.03999999999999, 46.2], [-93.88, 46.2]]]}}, {"id": "427", "type": "Feature", "properties": {}, "geometry": {"type": "Polygon", "coordinates": [[[-93.72, 46.2], [-93.72, 46.36], [-93.88, 46.36], [-93.88, 46.2], [-93.72, 46.2]]]}}, {"id": "428", "type": "Feature", "properties": {}, "geometry": {"type": "Polygon", "coordinates": [[[-93.56, 46.2], [-93.56, 46.36], [-93.72, 46.36], [-93.72, 46.2], [-93.56, 46.2]]]}}, {"id": "429", "type": "Feature", "properties": {}, "geometry": {"type": "Polygon", "coordinates": [[[-93.4, 46.2], [-93.4, 46.36], [-93.56, 46.36], [-93.56, 46.2], [-93.4, 46.2]]]}}, {"id": "430", "type": "Feature", "properties": {}, "geometry": {"type": "Polygon", "coordinates": [[[-93.24, 46.2], [-93.24, 46.36], [-93.39999999999999, 46.36], [-93.39999999999999, 46.2], [-93.24, 46.2]]]}}, {"id": "431", "type": "Feature", "properties": {}, "geometry": {"type": "Polygon", "coordinates": [[[-93.08, 46.2], [-93.08, 46.36], [-93.24, 46.36], [-93.24, 46.2], [-93.08, 46.2]]]}}, {"id": "432", "type": "Feature", "properties": {}, "geometry": {"type": "Polygon", "coordinates": [[[-92.92, 46.2], [-92.92, 46.36], [-93.08, 46.36], [-93.08, 46.2], [-92.92, 46.2]]]}}, {"id": "433", "type": "Feature", "properties": {}, "geometry": {"type": "Polygon", "coordinates": [[[-92.76, 46.2], [-92.76, 46.36], [-92.92, 46.36], [-92.92, 46.2], [-92.76, 46.2]]]}}, {"id": "434", "type": "Feature", "properties": {}, "geometry": {"type": "Polygon", "coordinates": [[[-92.60000000000001, 46.2], [-92.60000000000001, 46.36], [-92.76, 46.36], [-92.76, 46.2], [-92.60000000000001, 46.2]]]}}, {"id": "435", "type": "Feature", "properties": {}, "geometry": {"type": "Polygon", "coordinates": [[[-92.44, 46.2], [-92.44, 46.36], [-92.6, 46.36], [-92.6, 46.2], [-92.44, 46.2]]]}}, {"id": "436", "type": "Feature", "properties": {}, "geometry": {"type": "Polygon", "coordinates": [[[-92.28, 46.2], [-92.28, 46.36], [-92.44, 46.36], [-92.44, 46.2], [-92.28, 46.2]]]}}, {"id": "437", "type": "Feature", "properties": {}, "geometry": {"type": "Polygon", "coordinates": [[[-92.12, 46.2], [-92.12, 46.36], [-92.28, 46.36], [-92.28, 46.2], [-92.12, 46.2]]]}}, {"id": "438", "type": "Feature", "properties": {}, "geometry": {"type": "Polygon", "coordinates": [[[-91.96, 46.2], [-91.96, 46.36], [-92.11999999999999, 46.36], [-92.11999999999999, 46.2], [-91.96, 46.2]]]}}, {"id": "439", "type": "Feature", "properties": {}, "geometry": {"type": "Polygon", "coordinates": [[[-91.8, 46.2], [-91.8, 46.36], [-91.96, 46.36], [-91.96, 46.2], [-91.8, 46.2]]]}}, {"id": "440", "type": "Feature", "properties": {}, "geometry": {"type": "Polygon", "coordinates": [[[-91.64, 46.2], [-91.64, 46.36], [-91.8, 46.36], [-91.8, 46.2], [-91.64, 46.2]]]}}, {"id": "441", "type": "Feature", "properties": {}, "geometry": {"type": "Polygon", "coordinates": [[[-91.48, 46.2], [-91.48, 46.36], [-91.64, 46.36], [-91.64, 46.2], [-91.48, 46.2]]]}}, {"id": "442", "type": "Feature", "properties": {}, "geometry": {"type": "Polygon", "coordinates": [[[-91.32000000000001, 46.2], [-91.32000000000001, 46.36], [-91.48, 46.36], [-91.48, 46.2], [-91.32000000000001, 46.2]]]}}, {"id": "443", "type": "Feature", "properties": {}, "geometry": {"type": "Polygon", "coordinates": [[[-91.16, 46.2], [-91.16, 46.36], [-91.32, 46.36], [-91.32, 46.2], [-91.16, 46.2]]]}}, {"id": "444", "type": "Feature", "properties": {}, "geometry": {"type": "Polygon", "coordinates": [[[-91.0, 46.2], [-91.0, 46.36], [-91.16, 46.36], [-91.16, 46.2], [-91.0, 46.2]]]}}, {"id": "445", "type": "Feature", "properties": {}, "geometry": {"type": "Polygon", "coordinates": [[[-90.84, 46.2], [-90.84, 46.36], [-91.0, 46.36], [-91.0, 46.2], [-90.84, 46.2]]]}}, {"id": "446", "type": "Feature", "properties": {}, "geometry": {"type": "Polygon", "coordinates": [[[-90.68, 46.2], [-90.68, 46.36], [-90.84, 46.36], [-90.84, 46.2], [-90.68, 46.2]]]}}, {"id": "447", "type": "Feature", "properties": {}, "geometry": {"type": "Polygon", "coordinates": [[[-90.52, 46.2], [-90.52, 46.36], [-90.67999999999999, 46.36], [-90.67999999999999, 46.2], [-90.52, 46.2]]]}}, {"id": "448", "type": "Feature", "properties": {}, "geometry": {"type": "Polygon", "coordinates": [[[-90.36, 46.2], [-90.36, 46.36], [-90.52, 46.36], [-90.52, 46.2], [-90.36, 46.2]]]}}, {"id": "449", "type": "Feature", "properties": {}, "geometry": {"type": "Polygon", "coordinates": [[[-90.2, 46.2], [-90.2, 46.36], [-90.36, 46.36], [-90.36, 46.2], [-90.2, 46.2]]]}}, {"id": "450", "type": "Feature", "properties": {}, "geometry": {"type": "Polygon", "coordinates": [[[-90.04, 46.2], [-90.04, 46.36], [-90.2, 46.36], [-90.2, 46.2], [-90.04, 46.2]]]}}, {"id": "451", "type": "Feature", "properties": {}, "geometry": {"type": "Polygon", "coordinates": [[[-89.88, 46.2], [-89.88, 46.36], [-90.03999999999999, 46.36], [-90.03999999999999, 46.2], [-89.88, 46.2]]]}}, {"id": "452", "type": "Feature", "properties": {}, "geometry": {"type": "Polygon", "coordinates": [[[-89.72, 46.2], [-89.72, 46.36], [-89.88, 46.36], [-89.88, 46.2], [-89.72, 46.2]]]}}, {"id": "453", "type": "Feature", "properties": {}, "geometry": {"type": "Polygon", "coordinates": [[[-89.56, 46.2], [-89.56, 46.36], [-89.72, 46.36], [-89.72, 46.2], [-89.56, 46.2]]]}}, {"id": "454", "type": "Feature", "properties": {}, "geometry": {"type": "Polygon", "coordinates": [[[-89.4, 46.2], [-89.4, 46.36], [-89.56, 46.36], [-89.56, 46.2], [-89.4, 46.2]]]}}, {"id": "455", "type": "Feature", "properties": {}, "geometry": {"type": "Polygon", "coordinates": [[[-89.24, 46.2], [-89.24, 46.36], [-89.39999999999999, 46.36], [-89.39999999999999, 46.2], [-89.24, 46.2]]]}}, {"id": "456", "type": "Feature", "properties": {}, "geometry": {"type": "Polygon", "coordinates": [[[-89.08, 46.2], [-89.08, 46.36], [-89.24, 46.36], [-89.24, 46.2], [-89.08, 46.2]]]}}, {"id": "457", "type": "Feature", "properties": {}, "geometry": {"type": "Polygon", "coordinates": [[[-88.92, 46.2], [-88.92, 46.36], [-89.08, 46.36], [-89.08, 46.2], [-88.92, 46.2]]]}}, {"id": "458", "type": "Feature", "properties": {}, "geometry": {"type": "Polygon", "coordinates": [[[-88.76, 46.2], [-88.76, 46.36], [-88.92, 46.36], [-88.92, 46.2], [-88.76, 46.2]]]}}, {"id": "459", "type": "Feature", "properties": {}, "geometry": {"type": "Polygon", "coordinates": [[[-88.60000000000001, 46.2], [-88.60000000000001, 46.36], [-88.76, 46.36], [-88.76, 46.2], [-88.60000000000001, 46.2]]]}}, {"id": "460", "type": "Feature", "properties": {}, "geometry": {"type": "Polygon", "coordinates": [[[-88.44, 46.2], [-88.44, 46.36], [-88.6, 46.36], [-88.6, 46.2], [-88.44, 46.2]]]}}, {"id": "461", "type": "Feature", "properties": {}, "geometry": {"type": "Polygon", "coordinates": [[[-88.28, 46.2], [-88.28, 46.36], [-88.44, 46.36], [-88.44, 46.2], [-88.28, 46.2]]]}}, {"id": "462", "type": "Feature", "properties": {}, "geometry": {"type": "Polygon", "coordinates": [[[-88.12, 46.2], [-88.12, 46.36], [-88.28, 46.36], [-88.28, 46.2], [-88.12, 46.2]]]}}, {"id": "463", "type": "Feature", "properties": {}, "geometry": {"type": "Polygon", "coordinates": [[[-87.96, 46.2], [-87.96, 46.36], [-88.11999999999999, 46.36], [-88.11999999999999, 46.2], [-87.96, 46.2]]]}}, {"id": "464", "type": "Feature", "properties": {}, "geometry": {"type": "Polygon", "coordinates": [[[-87.8, 46.2], [-87.8, 46.36], [-87.96, 46.36], [-87.96, 46.2], [-87.8, 46.2]]]}}, {"id": "465", "type": "Feature", "properties": {}, "geometry": {"type": "Polygon", "coordinates": [[[-87.64, 46.2], [-87.64, 46.36], [-87.8, 46.36], [-87.8, 46.2], [-87.64, 46.2]]]}}, {"id": "466", "type": "Feature", "properties": {}, "geometry": {"type": "Polygon", "coordinates": [[[-87.48, 46.2], [-87.48, 46.36], [-87.64, 46.36], [-87.64, 46.2], [-87.48, 46.2]]]}}, {"id": "467", "type": "Feature", "properties": {}, "geometry": {"type": "Polygon", "coordinates": [[[-87.32000000000001, 46.2], [-87.32000000000001, 46.36], [-87.48, 46.36], [-87.48, 46.2], [-87.32000000000001, 46.2]]]}}, {"id": "468", "type": "Feature", "properties": {}, "geometry": {"type": "Polygon", "coordinates": [[[-87.16, 46.2], [-87.16, 46.36], [-87.32, 46.36], [-87.32, 46.2], [-87.16, 46.2]]]}}, {"id": "469", "type": "Feature", "properties": {}, "geometry": {"type": "Polygon", "coordinates": [[[-87.0, 46.2], [-87.0, 46.36], [-87.16, 46.36], [-87.16, 46.2], [-87.0, 46.2]]]}}, {"id": "470", "type": "Feature", "properties": {}, "geometry": {"type": "Polygon", "coordinates": [[[-86.84, 46.2], [-86.84, 46.36], [-87.0, 46.36], [-87.0, 46.2], [-86.84, 46.2]]]}}, {"id": "471", "type": "Feature", "properties": {}, "geometry": {"type": "Polygon", "coordinates": [[[-86.67999999999999, 46.2], [-86.67999999999999, 46.36], [-86.83999999999999, 46.36], [-86.83999999999999, 46.2], [-86.67999999999999, 46.2]]]}}, {"id": "472", "type": "Feature", "properties": {}, "geometry": {"type": "Polygon", "coordinates": [[[-86.52, 46.2], [-86.52, 46.36], [-86.67999999999999, 46.36], [-86.67999999999999, 46.2], [-86.52, 46.2]]]}}, {"id": "473", "type": "Feature", "properties": {}, "geometry": {"type": "Polygon", "coordinates": [[[-86.36, 46.2], [-86.36, 46.36], [-86.52, 46.36], [-86.52, 46.2], [-86.36, 46.2]]]}}, {"id": "474", "type": "Feature", "properties": {}, "geometry": {"type": "Polygon", "coordinates": [[[-86.2, 46.2], [-86.2, 46.36], [-86.36, 46.36], [-86.36, 46.2], [-86.2, 46.2]]]}}, {"id": "475", "type": "Feature", "properties": {}, "geometry": {"type": "Polygon", "coordinates": [[[-86.04, 46.2], [-86.04, 46.36], [-86.2, 46.36], [-86.2, 46.2], [-86.04, 46.2]]]}}, {"id": "476", "type": "Feature", "properties": {}, "geometry": {"type": "Polygon", "coordinates": [[[-85.88000000000001, 46.2], [-85.88000000000001, 46.36], [-86.04, 46.36], [-86.04, 46.2], [-85.88000000000001, 46.2]]]}}, {"id": "477", "type": "Feature", "properties": {}, "geometry": {"type": "Polygon", "coordinates": [[[-85.72, 46.2], [-85.72, 46.36], [-85.88, 46.36], [-85.88, 46.2], [-85.72, 46.2]]]}}, {"id": "478", "type": "Feature", "properties": {}, "geometry": {"type": "Polygon", "coordinates": [[[-85.56, 46.2], [-85.56, 46.36], [-85.72, 46.36], [-85.72, 46.2], [-85.56, 46.2]]]}}, {"id": "479", "type": "Feature", "properties": {}, "geometry": {"type": "Polygon", "coordinates": [[[-85.4, 46.2], [-85.4, 46.36], [-85.56, 46.36], [-85.56, 46.2], [-85.4, 46.2]]]}}, {"id": "480", "type": "Feature", "properties": {}, "geometry": {"type": "Polygon", "coordinates": [[[-85.24, 46.2], [-85.24, 46.36], [-85.39999999999999, 46.36], [-85.39999999999999, 46.2], [-85.24, 46.2]]]}}, {"id": "481", "type": "Feature", "properties": {}, "geometry": {"type": "Polygon", "coordinates": [[[-85.08, 46.2], [-85.08, 46.36], [-85.24, 46.36], [-85.24, 46.2], [-85.08, 46.2]]]}}, {"id": "482", "type": "Feature", "properties": {}, "geometry": {"type": "Polygon", "coordinates": [[[-84.92, 46.2], [-84.92, 46.36], [-85.08, 46.36], [-85.08, 46.2], [-84.92, 46.2]]]}}, {"id": "483", "type": "Feature", "properties": {}, "geometry": {"type": "Polygon", "coordinates": [[[-84.76, 46.2], [-84.76, 46.36], [-84.92, 46.36], [-84.92, 46.2], [-84.76, 46.2]]]}}, {"id": "484", "type": "Feature", "properties": {}, "geometry": {"type": "Polygon", "coordinates": [[[-84.60000000000001, 46.2], [-84.60000000000001, 46.36], [-84.76, 46.36], [-84.76, 46.2], [-84.60000000000001, 46.2]]]}}, {"id": "485", "type": "Feature", "properties": {}, "geometry": {"type": "Polygon", "coordinates": [[[-84.44, 46.2], [-84.44, 46.36], [-84.6, 46.36], [-84.6, 46.2], [-84.44, 46.2]]]}}, {"id": "486", "type": "Feature", "properties": {}, "geometry": {"type": "Polygon", "coordinates": [[[-84.28, 46.2], [-84.28, 46.36], [-84.44, 46.36], [-84.44, 46.2], [-84.28, 46.2]]]}}, {"id": "487", "type": "Feature", "properties": {}, "geometry": {"type": "Polygon", "coordinates": [[[-84.12, 46.2], [-84.12, 46.36], [-84.28, 46.36], [-84.28, 46.2], [-84.12, 46.2]]]}}, {"id": "488", "type": "Feature", "properties": {}, "geometry": {"type": "Polygon", "coordinates": [[[-83.96, 46.2], [-83.96, 46.36], [-84.11999999999999, 46.36], [-84.11999999999999, 46.2], [-83.96, 46.2]]]}}, {"id": "489", "type": "Feature", "properties": {}, "geometry": {"type": "Polygon", "coordinates": [[[-102.84, 46.04], [-102.84, 46.199999999999996], [-103.0, 46.199999999999996], [-103.0, 46.04], [-102.84, 46.04]]]}}, {"id": "490", "type": "Feature", "properties": {}, "geometry": {"type": "Polygon", "coordinates": [[[-102.68, 46.04], [-102.68, 46.199999999999996], [-102.84, 46.199999999999996], [-102.84, 46.04], [-102.68, 46.04]]]}}, {"id": "491", "type": "Feature", "properties": {}, "geometry": {"type": "Polygon", "coordinates": [[[-102.52, 46.04], [-102.52, 46.199999999999996], [-102.67999999999999, 46.199999999999996], [-102.67999999999999, 46.04], [-102.52, 46.04]]]}}, {"id": "492", "type": "Feature", "properties": {}, "geometry": {"type": "Polygon", "coordinates": [[[-102.36, 46.04], [-102.36, 46.199999999999996], [-102.52, 46.199999999999996], [-102.52, 46.04], [-102.36, 46.04]]]}}, {"id": "493", "type": "Feature", "properties": {}, "geometry": {"type": "Polygon", "coordinates": [[[-102.2, 46.04], [-102.2, 46.199999999999996], [-102.36, 46.199999999999996], [-102.36, 46.04], [-102.2, 46.04]]]}}, {"id": "494", "type": "Feature", "properties": {}, "geometry": {"type": "Polygon", "coordinates": [[[-102.04, 46.04], [-102.04, 46.199999999999996], [-102.2, 46.199999999999996], [-102.2, 46.04], [-102.04, 46.04]]]}}, {"id": "495", "type": "Feature", "properties": {}, "geometry": {"type": "Polygon", "coordinates": [[[-101.88, 46.04], [-101.88, 46.199999999999996], [-102.03999999999999, 46.199999999999996], [-102.03999999999999, 46.04], [-101.88, 46.04]]]}}, {"id": "496", "type": "Feature", "properties": {}, "geometry": {"type": "Polygon", "coordinates": [[[-101.72, 46.04], [-101.72, 46.199999999999996], [-101.88, 46.199999999999996], [-101.88, 46.04], [-101.72, 46.04]]]}}, {"id": "497", "type": "Feature", "properties": {}, "geometry": {"type": "Polygon", "coordinates": [[[-101.56, 46.04], [-101.56, 46.199999999999996], [-101.72, 46.199999999999996], [-101.72, 46.04], [-101.56, 46.04]]]}}, {"id": "498", "type": "Feature", "properties": {}, "geometry": {"type": "Polygon", "coordinates": [[[-101.4, 46.04], [-101.4, 46.199999999999996], [-101.56, 46.199999999999996], [-101.56, 46.04], [-101.4, 46.04]]]}}, {"id": "499", "type": "Feature", "properties": {}, "geometry": {"type": "Polygon", "coordinates": [[[-101.24, 46.04], [-101.24, 46.199999999999996], [-101.39999999999999, 46.199999999999996], [-101.39999999999999, 46.04], [-101.24, 46.04]]]}}, {"id": "500", "type": "Feature", "properties": {}, "geometry": {"type": "Polygon", "coordinates": [[[-101.08, 46.04], [-101.08, 46.199999999999996], [-101.24, 46.199999999999996], [-101.24, 46.04], [-101.08, 46.04]]]}}, {"id": "501", "type": "Feature", "properties": {}, "geometry": {"type": "Polygon", "coordinates": [[[-100.92, 46.04], [-100.92, 46.199999999999996], [-101.08, 46.199999999999996], [-101.08, 46.04], [-100.92, 46.04]]]}}, {"id": "502", "type": "Feature", "properties": {}, "geometry": {"type": "Polygon", "coordinates": [[[-100.60000000000001, 46.04], [-100.60000000000001, 46.199999999999996], [-100.76, 46.199999999999996], [-100.76, 46.04], [-100.60000000000001, 46.04]]]}}, {"id": "503", "type": "Feature", "properties": {}, "geometry": {"type": "Polygon", "coordinates": [[[-100.44, 46.04], [-100.44, 46.199999999999996], [-100.6, 46.199999999999996], [-100.6, 46.04], [-100.44, 46.04]]]}}, {"id": "504", "type": "Feature", "properties": {}, "geometry": {"type": "Polygon", "coordinates": [[[-99.48, 46.04], [-99.48, 46.199999999999996], [-99.64, 46.199999999999996], [-99.64, 46.04], [-99.48, 46.04]]]}}, {"id": "505", "type": "Feature", "properties": {}, "geometry": {"type": "Polygon", "coordinates": [[[-99.32000000000001, 46.04], [-99.32000000000001, 46.199999999999996], [-99.48, 46.199999999999996], [-99.48, 46.04], [-99.32000000000001, 46.04]]]}}, {"id": "506", "type": "Feature", "properties": {}, "geometry": {"type": "Polygon", "coordinates": [[[-99.16, 46.04], [-99.16, 46.199999999999996], [-99.32, 46.199999999999996], [-99.32, 46.04], [-99.16, 46.04]]]}}, {"id": "507", "type": "Feature", "properties": {}, "geometry": {"type": "Polygon", "coordinates": [[[-99.0, 46.04], [-99.0, 46.199999999999996], [-99.16, 46.199999999999996], [-99.16, 46.04], [-99.0, 46.04]]]}}, {"id": "508", "type": "Feature", "properties": {}, "geometry": {"type": "Polygon", "coordinates": [[[-98.68, 46.04], [-98.68, 46.199999999999996], [-98.84, 46.199999999999996], [-98.84, 46.04], [-98.68, 46.04]]]}}, {"id": "509", "type": "Feature", "properties": {}, "geometry": {"type": "Polygon", "coordinates": [[[-98.52, 46.04], [-98.52, 46.199999999999996], [-98.67999999999999, 46.199999999999996], [-98.67999999999999, 46.04], [-98.52, 46.04]]]}}, {"id": "510", "type": "Feature", "properties": {}, "geometry": {"type": "Polygon", "coordinates": [[[-98.36, 46.04], [-98.36, 46.199999999999996], [-98.52, 46.199999999999996], [-98.52, 46.04], [-98.36, 46.04]]]}}, {"id": "511", "type": "Feature", "properties": {}, "geometry": {"type": "Polygon", "coordinates": [[[-96.92, 46.04], [-96.92, 46.199999999999996], [-97.08, 46.199999999999996], [-97.08, 46.04], [-96.92, 46.04]]]}}, {"id": "512", "type": "Feature", "properties": {}, "geometry": {"type": "Polygon", "coordinates": [[[-96.76, 46.04], [-96.76, 46.199999999999996], [-96.92, 46.199999999999996], [-96.92, 46.04], [-96.76, 46.04]]]}}, {"id": "513", "type": "Feature", "properties": {}, "geometry": {"type": "Polygon", "coordinates": [[[-96.60000000000001, 46.04], [-96.60000000000001, 46.199999999999996], [-96.76, 46.199999999999996], [-96.76, 46.04], [-96.60000000000001, 46.04]]]}}, {"id": "514", "type": "Feature", "properties": {}, "geometry": {"type": "Polygon", "coordinates": [[[-96.44, 46.04], [-96.44, 46.199999999999996], [-96.6, 46.199999999999996], [-96.6, 46.04], [-96.44, 46.04]]]}}, {"id": "515", "type": "Feature", "properties": {}, "geometry": {"type": "Polygon", "coordinates": [[[-96.28, 46.04], [-96.28, 46.199999999999996], [-96.44, 46.199999999999996], [-96.44, 46.04], [-96.28, 46.04]]]}}, {"id": "516", "type": "Feature", "properties": {}, "geometry": {"type": "Polygon", "coordinates": [[[-96.12, 46.04], [-96.12, 46.199999999999996], [-96.28, 46.199999999999996], [-96.28, 46.04], [-96.12, 46.04]]]}}, {"id": "517", "type": "Feature", "properties": {}, "geometry": {"type": "Polygon", "coordinates": [[[-95.96000000000001, 46.04], [-95.96000000000001, 46.199999999999996], [-96.12, 46.199999999999996], [-96.12, 46.04], [-95.96000000000001, 46.04]]]}}, {"id": "518", "type": "Feature", "properties": {}, "geometry": {"type": "Polygon", "coordinates": [[[-95.64, 46.04], [-95.64, 46.199999999999996], [-95.8, 46.199999999999996], [-95.8, 46.04], [-95.64, 46.04]]]}}, {"id": "519", "type": "Feature", "properties": {}, "geometry": {"type": "Polygon", "coordinates": [[[-95.32000000000001, 46.04], [-95.32000000000001, 46.199999999999996], [-95.48, 46.199999999999996], [-95.48, 46.04], [-95.32000000000001, 46.04]]]}}, {"id": "520", "type": "Feature", "properties": {}, "geometry": {"type": "Polygon", "coordinates": [[[-95.0, 46.04], [-95.0, 46.199999999999996], [-95.16, 46.199999999999996], [-95.16, 46.04], [-95.0, 46.04]]]}}, {"id": "521", "type": "Feature", "properties": {}, "geometry": {"type": "Polygon", "coordinates": [[[-94.68, 46.04], [-94.68, 46.199999999999996], [-94.84, 46.199999999999996], [-94.84, 46.04], [-94.68, 46.04]]]}}, {"id": "522", "type": "Feature", "properties": {}, "geometry": {"type": "Polygon", "coordinates": [[[-94.52, 46.04], [-94.52, 46.199999999999996], [-94.67999999999999, 46.199999999999996], [-94.67999999999999, 46.04], [-94.52, 46.04]]]}}, {"id": "523", "type": "Feature", "properties": {}, "geometry": {"type": "Polygon", "coordinates": [[[-94.36, 46.04], [-94.36, 46.199999999999996], [-94.52, 46.199999999999996], [-94.52, 46.04], [-94.36, 46.04]]]}}, {"id": "524", "type": "Feature", "properties": {}, "geometry": {"type": "Polygon", "coordinates": [[[-94.04, 46.04], [-94.04, 46.199999999999996], [-94.2, 46.199999999999996], [-94.2, 46.04], [-94.04, 46.04]]]}}, {"id": "525", "type": "Feature", "properties": {}, "geometry": {"type": "Polygon", "coordinates": [[[-93.56, 46.04], [-93.56, 46.199999999999996], [-93.72, 46.199999999999996], [-93.72, 46.04], [-93.56, 46.04]]]}}, {"id": "526", "type": "Feature", "properties": {}, "geometry": {"type": "Polygon", "coordinates": [[[-93.4, 46.04], [-93.4, 46.199999999999996], [-93.56, 46.199999999999996], [-93.56, 46.04], [-93.4, 46.04]]]}}, {"id": "527", "type": "Feature", "properties": {}, "geometry": {"type": "Polygon", "coordinates": [[[-93.24, 46.04], [-93.24, 46.199999999999996], [-93.39999999999999, 46.199999999999996], [-93.39999999999999, 46.04], [-93.24, 46.04]]]}}, {"id": "528", "type": "Feature", "properties": {}, "geometry": {"type": "Polygon", "coordinates": [[[-93.08, 46.04], [-93.08, 46.199999999999996], [-93.24, 46.199999999999996], [-93.24, 46.04], [-93.08, 46.04]]]}}, {"id": "529", "type": "Feature", "properties": {}, "geometry": {"type": "Polygon", "coordinates": [[[-92.92, 46.04], [-92.92, 46.199999999999996], [-93.08, 46.199999999999996], [-93.08, 46.04], [-92.92, 46.04]]]}}, {"id": "530", "type": "Feature", "properties": {}, "geometry": {"type": "Polygon", "coordinates": [[[-92.76, 46.04], [-92.76, 46.199999999999996], [-92.92, 46.199999999999996], [-92.92, 46.04], [-92.76, 46.04]]]}}, {"id": "531", "type": "Feature", "properties": {}, "geometry": {"type": "Polygon", "coordinates": [[[-92.60000000000001, 46.04], [-92.60000000000001, 46.199999999999996], [-92.76, 46.199999999999996], [-92.76, 46.04], [-92.60000000000001, 46.04]]]}}, {"id": "532", "type": "Feature", "properties": {}, "geometry": {"type": "Polygon", "coordinates": [[[-92.44, 46.04], [-92.44, 46.199999999999996], [-92.6, 46.199999999999996], [-92.6, 46.04], [-92.44, 46.04]]]}}, {"id": "533", "type": "Feature", "properties": {}, "geometry": {"type": "Polygon", "coordinates": [[[-92.28, 46.04], [-92.28, 46.199999999999996], [-92.44, 46.199999999999996], [-92.44, 46.04], [-92.28, 46.04]]]}}, {"id": "534", "type": "Feature", "properties": {}, "geometry": {"type": "Polygon", "coordinates": [[[-92.12, 46.04], [-92.12, 46.199999999999996], [-92.28, 46.199999999999996], [-92.28, 46.04], [-92.12, 46.04]]]}}, {"id": "535", "type": "Feature", "properties": {}, "geometry": {"type": "Polygon", "coordinates": [[[-91.96, 46.04], [-91.96, 46.199999999999996], [-92.11999999999999, 46.199999999999996], [-92.11999999999999, 46.04], [-91.96, 46.04]]]}}, {"id": "536", "type": "Feature", "properties": {}, "geometry": {"type": "Polygon", "coordinates": [[[-91.8, 46.04], [-91.8, 46.199999999999996], [-91.96, 46.199999999999996], [-91.96, 46.04], [-91.8, 46.04]]]}}, {"id": "537", "type": "Feature", "properties": {}, "geometry": {"type": "Polygon", "coordinates": [[[-91.64, 46.04], [-91.64, 46.199999999999996], [-91.8, 46.199999999999996], [-91.8, 46.04], [-91.64, 46.04]]]}}, {"id": "538", "type": "Feature", "properties": {}, "geometry": {"type": "Polygon", "coordinates": [[[-91.48, 46.04], [-91.48, 46.199999999999996], [-91.64, 46.199999999999996], [-91.64, 46.04], [-91.48, 46.04]]]}}, {"id": "539", "type": "Feature", "properties": {}, "geometry": {"type": "Polygon", "coordinates": [[[-91.32000000000001, 46.04], [-91.32000000000001, 46.199999999999996], [-91.48, 46.199999999999996], [-91.48, 46.04], [-91.32000000000001, 46.04]]]}}, {"id": "540", "type": "Feature", "properties": {}, "geometry": {"type": "Polygon", "coordinates": [[[-91.16, 46.04], [-91.16, 46.199999999999996], [-91.32, 46.199999999999996], [-91.32, 46.04], [-91.16, 46.04]]]}}, {"id": "541", "type": "Feature", "properties": {}, "geometry": {"type": "Polygon", "coordinates": [[[-91.0, 46.04], [-91.0, 46.199999999999996], [-91.16, 46.199999999999996], [-91.16, 46.04], [-91.0, 46.04]]]}}, {"id": "542", "type": "Feature", "properties": {}, "geometry": {"type": "Polygon", "coordinates": [[[-90.84, 46.04], [-90.84, 46.199999999999996], [-91.0, 46.199999999999996], [-91.0, 46.04], [-90.84, 46.04]]]}}, {"id": "543", "type": "Feature", "properties": {}, "geometry": {"type": "Polygon", "coordinates": [[[-90.68, 46.04], [-90.68, 46.199999999999996], [-90.84, 46.199999999999996], [-90.84, 46.04], [-90.68, 46.04]]]}}, {"id": "544", "type": "Feature", "properties": {}, "geometry": {"type": "Polygon", "coordinates": [[[-90.52, 46.04], [-90.52, 46.199999999999996], [-90.67999999999999, 46.199999999999996], [-90.67999999999999, 46.04], [-90.52, 46.04]]]}}, {"id": "545", "type": "Feature", "properties": {}, "geometry": {"type": "Polygon", "coordinates": [[[-90.36, 46.04], [-90.36, 46.199999999999996], [-90.52, 46.199999999999996], [-90.52, 46.04], [-90.36, 46.04]]]}}, {"id": "546", "type": "Feature", "properties": {}, "geometry": {"type": "Polygon", "coordinates": [[[-90.2, 46.04], [-90.2, 46.199999999999996], [-90.36, 46.199999999999996], [-90.36, 46.04], [-90.2, 46.04]]]}}, {"id": "547", "type": "Feature", "properties": {}, "geometry": {"type": "Polygon", "coordinates": [[[-90.04, 46.04], [-90.04, 46.199999999999996], [-90.2, 46.199999999999996], [-90.2, 46.04], [-90.04, 46.04]]]}}, {"id": "548", "type": "Feature", "properties": {}, "geometry": {"type": "Polygon", "coordinates": [[[-89.88, 46.04], [-89.88, 46.199999999999996], [-90.03999999999999, 46.199999999999996], [-90.03999999999999, 46.04], [-89.88, 46.04]]]}}, {"id": "549", "type": "Feature", "properties": {}, "geometry": {"type": "Polygon", "coordinates": [[[-89.72, 46.04], [-89.72, 46.199999999999996], [-89.88, 46.199999999999996], [-89.88, 46.04], [-89.72, 46.04]]]}}, {"id": "550", "type": "Feature", "properties": {}, "geometry": {"type": "Polygon", "coordinates": [[[-89.56, 46.04], [-89.56, 46.199999999999996], [-89.72, 46.199999999999996], [-89.72, 46.04], [-89.56, 46.04]]]}}, {"id": "551", "type": "Feature", "properties": {}, "geometry": {"type": "Polygon", "coordinates": [[[-89.4, 46.04], [-89.4, 46.199999999999996], [-89.56, 46.199999999999996], [-89.56, 46.04], [-89.4, 46.04]]]}}, {"id": "552", "type": "Feature", "properties": {}, "geometry": {"type": "Polygon", "coordinates": [[[-89.24, 46.04], [-89.24, 46.199999999999996], [-89.39999999999999, 46.199999999999996], [-89.39999999999999, 46.04], [-89.24, 46.04]]]}}, {"id": "553", "type": "Feature", "properties": {}, "geometry": {"type": "Polygon", "coordinates": [[[-89.08, 46.04], [-89.08, 46.199999999999996], [-89.24, 46.199999999999996], [-89.24, 46.04], [-89.08, 46.04]]]}}, {"id": "554", "type": "Feature", "properties": {}, "geometry": {"type": "Polygon", "coordinates": [[[-88.92, 46.04], [-88.92, 46.199999999999996], [-89.08, 46.199999999999996], [-89.08, 46.04], [-88.92, 46.04]]]}}, {"id": "555", "type": "Feature", "properties": {}, "geometry": {"type": "Polygon", "coordinates": [[[-88.76, 46.04], [-88.76, 46.199999999999996], [-88.92, 46.199999999999996], [-88.92, 46.04], [-88.76, 46.04]]]}}, {"id": "556", "type": "Feature", "properties": {}, "geometry": {"type": "Polygon", "coordinates": [[[-88.60000000000001, 46.04], [-88.60000000000001, 46.199999999999996], [-88.76, 46.199999999999996], [-88.76, 46.04], [-88.60000000000001, 46.04]]]}}, {"id": "557", "type": "Feature", "properties": {}, "geometry": {"type": "Polygon", "coordinates": [[[-88.44, 46.04], [-88.44, 46.199999999999996], [-88.6, 46.199999999999996], [-88.6, 46.04], [-88.44, 46.04]]]}}, {"id": "558", "type": "Feature", "properties": {}, "geometry": {"type": "Polygon", "coordinates": [[[-88.28, 46.04], [-88.28, 46.199999999999996], [-88.44, 46.199999999999996], [-88.44, 46.04], [-88.28, 46.04]]]}}, {"id": "559", "type": "Feature", "properties": {}, "geometry": {"type": "Polygon", "coordinates": [[[-88.12, 46.04], [-88.12, 46.199999999999996], [-88.28, 46.199999999999996], [-88.28, 46.04], [-88.12, 46.04]]]}}, {"id": "560", "type": "Feature", "properties": {}, "geometry": {"type": "Polygon", "coordinates": [[[-87.96, 46.04], [-87.96, 46.199999999999996], [-88.11999999999999, 46.199999999999996], [-88.11999999999999, 46.04], [-87.96, 46.04]]]}}, {"id": "561", "type": "Feature", "properties": {}, "geometry": {"type": "Polygon", "coordinates": [[[-87.8, 46.04], [-87.8, 46.199999999999996], [-87.96, 46.199999999999996], [-87.96, 46.04], [-87.8, 46.04]]]}}, {"id": "562", "type": "Feature", "properties": {}, "geometry": {"type": "Polygon", "coordinates": [[[-87.64, 46.04], [-87.64, 46.199999999999996], [-87.8, 46.199999999999996], [-87.8, 46.04], [-87.64, 46.04]]]}}, {"id": "563", "type": "Feature", "properties": {}, "geometry": {"type": "Polygon", "coordinates": [[[-87.48, 46.04], [-87.48, 46.199999999999996], [-87.64, 46.199999999999996], [-87.64, 46.04], [-87.48, 46.04]]]}}, {"id": "564", "type": "Feature", "properties": {}, "geometry": {"type": "Polygon", "coordinates": [[[-87.32000000000001, 46.04], [-87.32000000000001, 46.199999999999996], [-87.48, 46.199999999999996], [-87.48, 46.04], [-87.32000000000001, 46.04]]]}}, {"id": "565", "type": "Feature", "properties": {}, "geometry": {"type": "Polygon", "coordinates": [[[-87.16, 46.04], [-87.16, 46.199999999999996], [-87.32, 46.199999999999996], [-87.32, 46.04], [-87.16, 46.04]]]}}, {"id": "566", "type": "Feature", "properties": {}, "geometry": {"type": "Polygon", "coordinates": [[[-87.0, 46.04], [-87.0, 46.199999999999996], [-87.16, 46.199999999999996], [-87.16, 46.04], [-87.0, 46.04]]]}}, {"id": "567", "type": "Feature", "properties": {}, "geometry": {"type": "Polygon", "coordinates": [[[-86.84, 46.04], [-86.84, 46.199999999999996], [-87.0, 46.199999999999996], [-87.0, 46.04], [-86.84, 46.04]]]}}, {"id": "568", "type": "Feature", "properties": {}, "geometry": {"type": "Polygon", "coordinates": [[[-86.67999999999999, 46.04], [-86.67999999999999, 46.199999999999996], [-86.83999999999999, 46.199999999999996], [-86.83999999999999, 46.04], [-86.67999999999999, 46.04]]]}}, {"id": "569", "type": "Feature", "properties": {}, "geometry": {"type": "Polygon", "coordinates": [[[-86.52, 46.04], [-86.52, 46.199999999999996], [-86.67999999999999, 46.199999999999996], [-86.67999999999999, 46.04], [-86.52, 46.04]]]}}, {"id": "570", "type": "Feature", "properties": {}, "geometry": {"type": "Polygon", "coordinates": [[[-86.36, 46.04], [-86.36, 46.199999999999996], [-86.52, 46.199999999999996], [-86.52, 46.04], [-86.36, 46.04]]]}}, {"id": "571", "type": "Feature", "properties": {}, "geometry": {"type": "Polygon", "coordinates": [[[-86.2, 46.04], [-86.2, 46.199999999999996], [-86.36, 46.199999999999996], [-86.36, 46.04], [-86.2, 46.04]]]}}, {"id": "572", "type": "Feature", "properties": {}, "geometry": {"type": "Polygon", "coordinates": [[[-86.04, 46.04], [-86.04, 46.199999999999996], [-86.2, 46.199999999999996], [-86.2, 46.04], [-86.04, 46.04]]]}}, {"id": "573", "type": "Feature", "properties": {}, "geometry": {"type": "Polygon", "coordinates": [[[-85.88000000000001, 46.04], [-85.88000000000001, 46.199999999999996], [-86.04, 46.199999999999996], [-86.04, 46.04], [-85.88000000000001, 46.04]]]}}, {"id": "574", "type": "Feature", "properties": {}, "geometry": {"type": "Polygon", "coordinates": [[[-85.72, 46.04], [-85.72, 46.199999999999996], [-85.88, 46.199999999999996], [-85.88, 46.04], [-85.72, 46.04]]]}}, {"id": "575", "type": "Feature", "properties": {}, "geometry": {"type": "Polygon", "coordinates": [[[-85.56, 46.04], [-85.56, 46.199999999999996], [-85.72, 46.199999999999996], [-85.72, 46.04], [-85.56, 46.04]]]}}, {"id": "576", "type": "Feature", "properties": {}, "geometry": {"type": "Polygon", "coordinates": [[[-85.4, 46.04], [-85.4, 46.199999999999996], [-85.56, 46.199999999999996], [-85.56, 46.04], [-85.4, 46.04]]]}}, {"id": "577", "type": "Feature", "properties": {}, "geometry": {"type": "Polygon", "coordinates": [[[-85.24, 46.04], [-85.24, 46.199999999999996], [-85.39999999999999, 46.199999999999996], [-85.39999999999999, 46.04], [-85.24, 46.04]]]}}, {"id": "578", "type": "Feature", "properties": {}, "geometry": {"type": "Polygon", "coordinates": [[[-85.08, 46.04], [-85.08, 46.199999999999996], [-85.24, 46.199999999999996], [-85.24, 46.04], [-85.08, 46.04]]]}}, {"id": "579", "type": "Feature", "properties": {}, "geometry": {"type": "Polygon", "coordinates": [[[-84.92, 46.04], [-84.92, 46.199999999999996], [-85.08, 46.199999999999996], [-85.08, 46.04], [-84.92, 46.04]]]}}, {"id": "580", "type": "Feature", "properties": {}, "geometry": {"type": "Polygon", "coordinates": [[[-84.76, 46.04], [-84.76, 46.199999999999996], [-84.92, 46.199999999999996], [-84.92, 46.04], [-84.76, 46.04]]]}}, {"id": "581", "type": "Feature", "properties": {}, "geometry": {"type": "Polygon", "coordinates": [[[-84.60000000000001, 46.04], [-84.60000000000001, 46.199999999999996], [-84.76, 46.199999999999996], [-84.76, 46.04], [-84.60000000000001, 46.04]]]}}, {"id": "582", "type": "Feature", "properties": {}, "geometry": {"type": "Polygon", "coordinates": [[[-84.44, 46.04], [-84.44, 46.199999999999996], [-84.6, 46.199999999999996], [-84.6, 46.04], [-84.44, 46.04]]]}}, {"id": "583", "type": "Feature", "properties": {}, "geometry": {"type": "Polygon", "coordinates": [[[-84.28, 46.04], [-84.28, 46.199999999999996], [-84.44, 46.199999999999996], [-84.44, 46.04], [-84.28, 46.04]]]}}, {"id": "584", "type": "Feature", "properties": {}, "geometry": {"type": "Polygon", "coordinates": [[[-84.12, 46.04], [-84.12, 46.199999999999996], [-84.28, 46.199999999999996], [-84.28, 46.04], [-84.12, 46.04]]]}}, {"id": "585", "type": "Feature", "properties": {}, "geometry": {"type": "Polygon", "coordinates": [[[-83.96, 46.04], [-83.96, 46.199999999999996], [-84.11999999999999, 46.199999999999996], [-84.11999999999999, 46.04], [-83.96, 46.04]]]}}, {"id": "586", "type": "Feature", "properties": {}, "geometry": {"type": "Polygon", "coordinates": [[[-102.84, 45.88], [-102.84, 46.04], [-103.0, 46.04], [-103.0, 45.88], [-102.84, 45.88]]]}}, {"id": "587", "type": "Feature", "properties": {}, "geometry": {"type": "Polygon", "coordinates": [[[-102.68, 45.88], [-102.68, 46.04], [-102.84, 46.04], [-102.84, 45.88], [-102.68, 45.88]]]}}, {"id": "588", "type": "Feature", "properties": {}, "geometry": {"type": "Polygon", "coordinates": [[[-102.52, 45.88], [-102.52, 46.04], [-102.67999999999999, 46.04], [-102.67999999999999, 45.88], [-102.52, 45.88]]]}}, {"id": "589", "type": "Feature", "properties": {}, "geometry": {"type": "Polygon", "coordinates": [[[-102.36, 45.88], [-102.36, 46.04], [-102.52, 46.04], [-102.52, 45.88], [-102.36, 45.88]]]}}, {"id": "590", "type": "Feature", "properties": {}, "geometry": {"type": "Polygon", "coordinates": [[[-102.2, 45.88], [-102.2, 46.04], [-102.36, 46.04], [-102.36, 45.88], [-102.2, 45.88]]]}}, {"id": "591", "type": "Feature", "properties": {}, "geometry": {"type": "Polygon", "coordinates": [[[-102.04, 45.88], [-102.04, 46.04], [-102.2, 46.04], [-102.2, 45.88], [-102.04, 45.88]]]}}, {"id": "592", "type": "Feature", "properties": {}, "geometry": {"type": "Polygon", "coordinates": [[[-101.88, 45.88], [-101.88, 46.04], [-102.03999999999999, 46.04], [-102.03999999999999, 45.88], [-101.88, 45.88]]]}}, {"id": "593", "type": "Feature", "properties": {}, "geometry": {"type": "Polygon", "coordinates": [[[-101.72, 45.88], [-101.72, 46.04], [-101.88, 46.04], [-101.88, 45.88], [-101.72, 45.88]]]}}, {"id": "594", "type": "Feature", "properties": {}, "geometry": {"type": "Polygon", "coordinates": [[[-101.56, 45.88], [-101.56, 46.04], [-101.72, 46.04], [-101.72, 45.88], [-101.56, 45.88]]]}}, {"id": "595", "type": "Feature", "properties": {}, "geometry": {"type": "Polygon", "coordinates": [[[-101.4, 45.88], [-101.4, 46.04], [-101.56, 46.04], [-101.56, 45.88], [-101.4, 45.88]]]}}, {"id": "596", "type": "Feature", "properties": {}, "geometry": {"type": "Polygon", "coordinates": [[[-101.24, 45.88], [-101.24, 46.04], [-101.39999999999999, 46.04], [-101.39999999999999, 45.88], [-101.24, 45.88]]]}}, {"id": "597", "type": "Feature", "properties": {}, "geometry": {"type": "Polygon", "coordinates": [[[-101.08, 45.88], [-101.08, 46.04], [-101.24, 46.04], [-101.24, 45.88], [-101.08, 45.88]]]}}, {"id": "598", "type": "Feature", "properties": {}, "geometry": {"type": "Polygon", "coordinates": [[[-100.92, 45.88], [-100.92, 46.04], [-101.08, 46.04], [-101.08, 45.88], [-100.92, 45.88]]]}}, {"id": "599", "type": "Feature", "properties": {}, "geometry": {"type": "Polygon", "coordinates": [[[-100.76, 45.88], [-100.76, 46.04], [-100.92, 46.04], [-100.92, 45.88], [-100.76, 45.88]]]}}, {"id": "600", "type": "Feature", "properties": {}, "geometry": {"type": "Polygon", "coordinates": [[[-100.60000000000001, 45.88], [-100.60000000000001, 46.04], [-100.76, 46.04], [-100.76, 45.88], [-100.60000000000001, 45.88]]]}}, {"id": "601", "type": "Feature", "properties": {}, "geometry": {"type": "Polygon", "coordinates": [[[-100.44, 45.88], [-100.44, 46.04], [-100.6, 46.04], [-100.6, 45.88], [-100.44, 45.88]]]}}, {"id": "602", "type": "Feature", "properties": {}, "geometry": {"type": "Polygon", "coordinates": [[[-100.28, 45.88], [-100.28, 46.04], [-100.44, 46.04], [-100.44, 45.88], [-100.28, 45.88]]]}}, {"id": "603", "type": "Feature", "properties": {}, "geometry": {"type": "Polygon", "coordinates": [[[-100.12, 45.88], [-100.12, 46.04], [-100.28, 46.04], [-100.28, 45.88], [-100.12, 45.88]]]}}, {"id": "604", "type": "Feature", "properties": {}, "geometry": {"type": "Polygon", "coordinates": [[[-99.96000000000001, 45.88], [-99.96000000000001, 46.04], [-100.12, 46.04], [-100.12, 45.88], [-99.96000000000001, 45.88]]]}}, {"id": "605", "type": "Feature", "properties": {}, "geometry": {"type": "Polygon", "coordinates": [[[-99.8, 45.88], [-99.8, 46.04], [-99.96, 46.04], [-99.96, 45.88], [-99.8, 45.88]]]}}, {"id": "606", "type": "Feature", "properties": {}, "geometry": {"type": "Polygon", "coordinates": [[[-99.32000000000001, 45.88], [-99.32000000000001, 46.04], [-99.48, 46.04], [-99.48, 45.88], [-99.32000000000001, 45.88]]]}}, {"id": "607", "type": "Feature", "properties": {}, "geometry": {"type": "Polygon", "coordinates": [[[-98.68, 45.88], [-98.68, 46.04], [-98.84, 46.04], [-98.84, 45.88], [-98.68, 45.88]]]}}, {"id": "608", "type": "Feature", "properties": {}, "geometry": {"type": "Polygon", "coordinates": [[[-98.52, 45.88], [-98.52, 46.04], [-98.67999999999999, 46.04], [-98.67999999999999, 45.88], [-98.52, 45.88]]]}}, {"id": "609", "type": "Feature", "properties": {}, "geometry": {"type": "Polygon", "coordinates": [[[-98.36, 45.88], [-98.36, 46.04], [-98.52, 46.04], [-98.52, 45.88], [-98.36, 45.88]]]}}, {"id": "610", "type": "Feature", "properties": {}, "geometry": {"type": "Polygon", "coordinates": [[[-97.08, 45.88], [-97.08, 46.04], [-97.24, 46.04], [-97.24, 45.88], [-97.08, 45.88]]]}}, {"id": "611", "type": "Feature", "properties": {}, "geometry": {"type": "Polygon", "coordinates": [[[-96.92, 45.88], [-96.92, 46.04], [-97.08, 46.04], [-97.08, 45.88], [-96.92, 45.88]]]}}, {"id": "612", "type": "Feature", "properties": {}, "geometry": {"type": "Polygon", "coordinates": [[[-96.76, 45.88], [-96.76, 46.04], [-96.92, 46.04], [-96.92, 45.88], [-96.76, 45.88]]]}}, {"id": "613", "type": "Feature", "properties": {}, "geometry": {"type": "Polygon", "coordinates": [[[-96.60000000000001, 45.88], [-96.60000000000001, 46.04], [-96.76, 46.04], [-96.76, 45.88], [-96.60000000000001, 45.88]]]}}, {"id": "614", "type": "Feature", "properties": {}, "geometry": {"type": "Polygon", "coordinates": [[[-96.44, 45.88], [-96.44, 46.04], [-96.6, 46.04], [-96.6, 45.88], [-96.44, 45.88]]]}}, {"id": "615", "type": "Feature", "properties": {}, "geometry": {"type": "Polygon", "coordinates": [[[-96.28, 45.88], [-96.28, 46.04], [-96.44, 46.04], [-96.44, 45.88], [-96.28, 45.88]]]}}, {"id": "616", "type": "Feature", "properties": {}, "geometry": {"type": "Polygon", "coordinates": [[[-96.12, 45.88], [-96.12, 46.04], [-96.28, 46.04], [-96.28, 45.88], [-96.12, 45.88]]]}}, {"id": "617", "type": "Feature", "properties": {}, "geometry": {"type": "Polygon", "coordinates": [[[-94.68, 45.88], [-94.68, 46.04], [-94.84, 46.04], [-94.84, 45.88], [-94.68, 45.88]]]}}, {"id": "618", "type": "Feature", "properties": {}, "geometry": {"type": "Polygon", "coordinates": [[[-93.88, 45.88], [-93.88, 46.04], [-94.03999999999999, 46.04], [-94.03999999999999, 45.88], [-93.88, 45.88]]]}}, {"id": "619", "type": "Feature", "properties": {}, "geometry": {"type": "Polygon", "coordinates": [[[-93.72, 45.88], [-93.72, 46.04], [-93.88, 46.04], [-93.88, 45.88], [-93.72, 45.88]]]}}, {"id": "620", "type": "Feature", "properties": {}, "geometry": {"type": "Polygon", "coordinates": [[[-93.56, 45.88], [-93.56, 46.04], [-93.72, 46.04], [-93.72, 45.88], [-93.56, 45.88]]]}}, {"id": "621", "type": "Feature", "properties": {}, "geometry": {"type": "Polygon", "coordinates": [[[-93.4, 45.88], [-93.4, 46.04], [-93.56, 46.04], [-93.56, 45.88], [-93.4, 45.88]]]}}, {"id": "622", "type": "Feature", "properties": {}, "geometry": {"type": "Polygon", "coordinates": [[[-93.24, 45.88], [-93.24, 46.04], [-93.39999999999999, 46.04], [-93.39999999999999, 45.88], [-93.24, 45.88]]]}}, {"id": "623", "type": "Feature", "properties": {}, "geometry": {"type": "Polygon", "coordinates": [[[-93.08, 45.88], [-93.08, 46.04], [-93.24, 46.04], [-93.24, 45.88], [-93.08, 45.88]]]}}, {"id": "624", "type": "Feature", "properties": {}, "geometry": {"type": "Polygon", "coordinates": [[[-92.92, 45.88], [-92.92, 46.04], [-93.08, 46.04], [-93.08, 45.88], [-92.92, 45.88]]]}}, {"id": "625", "type": "Feature", "properties": {}, "geometry": {"type": "Polygon", "coordinates": [[[-92.76, 45.88], [-92.76, 46.04], [-92.92, 46.04], [-92.92, 45.88], [-92.76, 45.88]]]}}, {"id": "626", "type": "Feature", "properties": {}, "geometry": {"type": "Polygon", "coordinates": [[[-92.60000000000001, 45.88], [-92.60000000000001, 46.04], [-92.76, 46.04], [-92.76, 45.88], [-92.60000000000001, 45.88]]]}}, {"id": "627", "type": "Feature", "properties": {}, "geometry": {"type": "Polygon", "coordinates": [[[-92.44, 45.88], [-92.44, 46.04], [-92.6, 46.04], [-92.6, 45.88], [-92.44, 45.88]]]}}, {"id": "628", "type": "Feature", "properties": {}, "geometry": {"type": "Polygon", "coordinates": [[[-92.28, 45.88], [-92.28, 46.04], [-92.44, 46.04], [-92.44, 45.88], [-92.28, 45.88]]]}}, {"id": "629", "type": "Feature", "properties": {}, "geometry": {"type": "Polygon", "coordinates": [[[-92.12, 45.88], [-92.12, 46.04], [-92.28, 46.04], [-92.28, 45.88], [-92.12, 45.88]]]}}, {"id": "630", "type": "Feature", "properties": {}, "geometry": {"type": "Polygon", "coordinates": [[[-91.96, 45.88], [-91.96, 46.04], [-92.11999999999999, 46.04], [-92.11999999999999, 45.88], [-91.96, 45.88]]]}}, {"id": "631", "type": "Feature", "properties": {}, "geometry": {"type": "Polygon", "coordinates": [[[-91.8, 45.88], [-91.8, 46.04], [-91.96, 46.04], [-91.96, 45.88], [-91.8, 45.88]]]}}, {"id": "632", "type": "Feature", "properties": {}, "geometry": {"type": "Polygon", "coordinates": [[[-91.64, 45.88], [-91.64, 46.04], [-91.8, 46.04], [-91.8, 45.88], [-91.64, 45.88]]]}}, {"id": "633", "type": "Feature", "properties": {}, "geometry": {"type": "Polygon", "coordinates": [[[-91.48, 45.88], [-91.48, 46.04], [-91.64, 46.04], [-91.64, 45.88], [-91.48, 45.88]]]}}, {"id": "634", "type": "Feature", "properties": {}, "geometry": {"type": "Polygon", "coordinates": [[[-91.32000000000001, 45.88], [-91.32000000000001, 46.04], [-91.48, 46.04], [-91.48, 45.88], [-91.32000000000001, 45.88]]]}}, {"id": "635", "type": "Feature", "properties": {}, "geometry": {"type": "Polygon", "coordinates": [[[-91.16, 45.88], [-91.16, 46.04], [-91.32, 46.04], [-91.32, 45.88], [-91.16, 45.88]]]}}, {"id": "636", "type": "Feature", "properties": {}, "geometry": {"type": "Polygon", "coordinates": [[[-91.0, 45.88], [-91.0, 46.04], [-91.16, 46.04], [-91.16, 45.88], [-91.0, 45.88]]]}}, {"id": "637", "type": "Feature", "properties": {}, "geometry": {"type": "Polygon", "coordinates": [[[-90.84, 45.88], [-90.84, 46.04], [-91.0, 46.04], [-91.0, 45.88], [-90.84, 45.88]]]}}, {"id": "638", "type": "Feature", "properties": {}, "geometry": {"type": "Polygon", "coordinates": [[[-90.68, 45.88], [-90.68, 46.04], [-90.84, 46.04], [-90.84, 45.88], [-90.68, 45.88]]]}}, {"id": "639", "type": "Feature", "properties": {}, "geometry": {"type": "Polygon", "coordinates": [[[-90.52, 45.88], [-90.52, 46.04], [-90.67999999999999, 46.04], [-90.67999999999999, 45.88], [-90.52, 45.88]]]}}, {"id": "640", "type": "Feature", "properties": {}, "geometry": {"type": "Polygon", "coordinates": [[[-90.36, 45.88], [-90.36, 46.04], [-90.52, 46.04], [-90.52, 45.88], [-90.36, 45.88]]]}}, {"id": "641", "type": "Feature", "properties": {}, "geometry": {"type": "Polygon", "coordinates": [[[-90.2, 45.88], [-90.2, 46.04], [-90.36, 46.04], [-90.36, 45.88], [-90.2, 45.88]]]}}, {"id": "642", "type": "Feature", "properties": {}, "geometry": {"type": "Polygon", "coordinates": [[[-90.04, 45.88], [-90.04, 46.04], [-90.2, 46.04], [-90.2, 45.88], [-90.04, 45.88]]]}}, {"id": "643", "type": "Feature", "properties": {}, "geometry": {"type": "Polygon", "coordinates": [[[-89.88, 45.88], [-89.88, 46.04], [-90.03999999999999, 46.04], [-90.03999999999999, 45.88], [-89.88, 45.88]]]}}, {"id": "644", "type": "Feature", "properties": {}, "geometry": {"type": "Polygon", "coordinates": [[[-89.72, 45.88], [-89.72, 46.04], [-89.88, 46.04], [-89.88, 45.88], [-89.72, 45.88]]]}}, {"id": "645", "type": "Feature", "properties": {}, "geometry": {"type": "Polygon", "coordinates": [[[-89.56, 45.88], [-89.56, 46.04], [-89.72, 46.04], [-89.72, 45.88], [-89.56, 45.88]]]}}, {"id": "646", "type": "Feature", "properties": {}, "geometry": {"type": "Polygon", "coordinates": [[[-89.4, 45.88], [-89.4, 46.04], [-89.56, 46.04], [-89.56, 45.88], [-89.4, 45.88]]]}}, {"id": "647", "type": "Feature", "properties": {}, "geometry": {"type": "Polygon", "coordinates": [[[-89.24, 45.88], [-89.24, 46.04], [-89.39999999999999, 46.04], [-89.39999999999999, 45.88], [-89.24, 45.88]]]}}, {"id": "648", "type": "Feature", "properties": {}, "geometry": {"type": "Polygon", "coordinates": [[[-89.08, 45.88], [-89.08, 46.04], [-89.24, 46.04], [-89.24, 45.88], [-89.08, 45.88]]]}}, {"id": "649", "type": "Feature", "properties": {}, "geometry": {"type": "Polygon", "coordinates": [[[-88.92, 45.88], [-88.92, 46.04], [-89.08, 46.04], [-89.08, 45.88], [-88.92, 45.88]]]}}, {"id": "650", "type": "Feature", "properties": {}, "geometry": {"type": "Polygon", "coordinates": [[[-88.76, 45.88], [-88.76, 46.04], [-88.92, 46.04], [-88.92, 45.88], [-88.76, 45.88]]]}}, {"id": "651", "type": "Feature", "properties": {}, "geometry": {"type": "Polygon", "coordinates": [[[-88.60000000000001, 45.88], [-88.60000000000001, 46.04], [-88.76, 46.04], [-88.76, 45.88], [-88.60000000000001, 45.88]]]}}, {"id": "652", "type": "Feature", "properties": {}, "geometry": {"type": "Polygon", "coordinates": [[[-88.44, 45.88], [-88.44, 46.04], [-88.6, 46.04], [-88.6, 45.88], [-88.44, 45.88]]]}}, {"id": "653", "type": "Feature", "properties": {}, "geometry": {"type": "Polygon", "coordinates": [[[-88.28, 45.88], [-88.28, 46.04], [-88.44, 46.04], [-88.44, 45.88], [-88.28, 45.88]]]}}, {"id": "654", "type": "Feature", "properties": {}, "geometry": {"type": "Polygon", "coordinates": [[[-88.12, 45.88], [-88.12, 46.04], [-88.28, 46.04], [-88.28, 45.88], [-88.12, 45.88]]]}}, {"id": "655", "type": "Feature", "properties": {}, "geometry": {"type": "Polygon", "coordinates": [[[-87.96, 45.88], [-87.96, 46.04], [-88.11999999999999, 46.04], [-88.11999999999999, 45.88], [-87.96, 45.88]]]}}, {"id": "656", "type": "Feature", "properties": {}, "geometry": {"type": "Polygon", "coordinates": [[[-87.8, 45.88], [-87.8, 46.04], [-87.96, 46.04], [-87.96, 45.88], [-87.8, 45.88]]]}}, {"id": "657", "type": "Feature", "properties": {}, "geometry": {"type": "Polygon", "coordinates": [[[-87.64, 45.88], [-87.64, 46.04], [-87.8, 46.04], [-87.8, 45.88], [-87.64, 45.88]]]}}, {"id": "658", "type": "Feature", "properties": {}, "geometry": {"type": "Polygon", "coordinates": [[[-87.48, 45.88], [-87.48, 46.04], [-87.64, 46.04], [-87.64, 45.88], [-87.48, 45.88]]]}}, {"id": "659", "type": "Feature", "properties": {}, "geometry": {"type": "Polygon", "coordinates": [[[-87.32000000000001, 45.88], [-87.32000000000001, 46.04], [-87.48, 46.04], [-87.48, 45.88], [-87.32000000000001, 45.88]]]}}, {"id": "660", "type": "Feature", "properties": {}, "geometry": {"type": "Polygon", "coordinates": [[[-87.16, 45.88], [-87.16, 46.04], [-87.32, 46.04], [-87.32, 45.88], [-87.16, 45.88]]]}}, {"id": "661", "type": "Feature", "properties": {}, "geometry": {"type": "Polygon", "coordinates": [[[-87.0, 45.88], [-87.0, 46.04], [-87.16, 46.04], [-87.16, 45.88], [-87.0, 45.88]]]}}, {"id": "662", "type": "Feature", "properties": {}, "geometry": {"type": "Polygon", "coordinates": [[[-86.84, 45.88], [-86.84, 46.04], [-87.0, 46.04], [-87.0, 45.88], [-86.84, 45.88]]]}}, {"id": "663", "type": "Feature", "properties": {}, "geometry": {"type": "Polygon", "coordinates": [[[-86.67999999999999, 45.88], [-86.67999999999999, 46.04], [-86.83999999999999, 46.04], [-86.83999999999999, 45.88], [-86.67999999999999, 45.88]]]}}, {"id": "664", "type": "Feature", "properties": {}, "geometry": {"type": "Polygon", "coordinates": [[[-86.52, 45.88], [-86.52, 46.04], [-86.67999999999999, 46.04], [-86.67999999999999, 45.88], [-86.52, 45.88]]]}}, {"id": "665", "type": "Feature", "properties": {}, "geometry": {"type": "Polygon", "coordinates": [[[-86.36, 45.88], [-86.36, 46.04], [-86.52, 46.04], [-86.52, 45.88], [-86.36, 45.88]]]}}, {"id": "666", "type": "Feature", "properties": {}, "geometry": {"type": "Polygon", "coordinates": [[[-86.2, 45.88], [-86.2, 46.04], [-86.36, 46.04], [-86.36, 45.88], [-86.2, 45.88]]]}}, {"id": "667", "type": "Feature", "properties": {}, "geometry": {"type": "Polygon", "coordinates": [[[-86.04, 45.88], [-86.04, 46.04], [-86.2, 46.04], [-86.2, 45.88], [-86.04, 45.88]]]}}, {"id": "668", "type": "Feature", "properties": {}, "geometry": {"type": "Polygon", "coordinates": [[[-85.88000000000001, 45.88], [-85.88000000000001, 46.04], [-86.04, 46.04], [-86.04, 45.88], [-85.88000000000001, 45.88]]]}}, {"id": "669", "type": "Feature", "properties": {}, "geometry": {"type": "Polygon", "coordinates": [[[-85.72, 45.88], [-85.72, 46.04], [-85.88, 46.04], [-85.88, 45.88], [-85.72, 45.88]]]}}, {"id": "670", "type": "Feature", "properties": {}, "geometry": {"type": "Polygon", "coordinates": [[[-85.56, 45.88], [-85.56, 46.04], [-85.72, 46.04], [-85.72, 45.88], [-85.56, 45.88]]]}}, {"id": "671", "type": "Feature", "properties": {}, "geometry": {"type": "Polygon", "coordinates": [[[-85.4, 45.88], [-85.4, 46.04], [-85.56, 46.04], [-85.56, 45.88], [-85.4, 45.88]]]}}, {"id": "672", "type": "Feature", "properties": {}, "geometry": {"type": "Polygon", "coordinates": [[[-85.24, 45.88], [-85.24, 46.04], [-85.39999999999999, 46.04], [-85.39999999999999, 45.88], [-85.24, 45.88]]]}}, {"id": "673", "type": "Feature", "properties": {}, "geometry": {"type": "Polygon", "coordinates": [[[-85.08, 45.88], [-85.08, 46.04], [-85.24, 46.04], [-85.24, 45.88], [-85.08, 45.88]]]}}, {"id": "674", "type": "Feature", "properties": {}, "geometry": {"type": "Polygon", "coordinates": [[[-84.92, 45.88], [-84.92, 46.04], [-85.08, 46.04], [-85.08, 45.88], [-84.92, 45.88]]]}}, {"id": "675", "type": "Feature", "properties": {}, "geometry": {"type": "Polygon", "coordinates": [[[-84.76, 45.88], [-84.76, 46.04], [-84.92, 46.04], [-84.92, 45.88], [-84.76, 45.88]]]}}, {"id": "676", "type": "Feature", "properties": {}, "geometry": {"type": "Polygon", "coordinates": [[[-84.60000000000001, 45.88], [-84.60000000000001, 46.04], [-84.76, 46.04], [-84.76, 45.88], [-84.60000000000001, 45.88]]]}}, {"id": "677", "type": "Feature", "properties": {}, "geometry": {"type": "Polygon", "coordinates": [[[-84.44, 45.88], [-84.44, 46.04], [-84.6, 46.04], [-84.6, 45.88], [-84.44, 45.88]]]}}, {"id": "678", "type": "Feature", "properties": {}, "geometry": {"type": "Polygon", "coordinates": [[[-84.28, 45.88], [-84.28, 46.04], [-84.44, 46.04], [-84.44, 45.88], [-84.28, 45.88]]]}}, {"id": "679", "type": "Feature", "properties": {}, "geometry": {"type": "Polygon", "coordinates": [[[-84.12, 45.88], [-84.12, 46.04], [-84.28, 46.04], [-84.28, 45.88], [-84.12, 45.88]]]}}, {"id": "680", "type": "Feature", "properties": {}, "geometry": {"type": "Polygon", "coordinates": [[[-83.96, 45.88], [-83.96, 46.04], [-84.11999999999999, 46.04], [-84.11999999999999, 45.88], [-83.96, 45.88]]]}}, {"id": "681", "type": "Feature", "properties": {}, "geometry": {"type": "Polygon", "coordinates": [[[-102.84, 45.72], [-102.84, 45.879999999999995], [-103.0, 45.879999999999995], [-103.0, 45.72], [-102.84, 45.72]]]}}, {"id": "682", "type": "Feature", "properties": {}, "geometry": {"type": "Polygon", "coordinates": [[[-102.68, 45.72], [-102.68, 45.879999999999995], [-102.84, 45.879999999999995], [-102.84, 45.72], [-102.68, 45.72]]]}}, {"id": "683", "type": "Feature", "properties": {}, "geometry": {"type": "Polygon", "coordinates": [[[-102.52, 45.72], [-102.52, 45.879999999999995], [-102.67999999999999, 45.879999999999995], [-102.67999999999999, 45.72], [-102.52, 45.72]]]}}, {"id": "684", "type": "Feature", "properties": {}, "geometry": {"type": "Polygon", "coordinates": [[[-102.36, 45.72], [-102.36, 45.879999999999995], [-102.52, 45.879999999999995], [-102.52, 45.72], [-102.36, 45.72]]]}}, {"id": "685", "type": "Feature", "properties": {}, "geometry": {"type": "Polygon", "coordinates": [[[-102.2, 45.72], [-102.2, 45.879999999999995], [-102.36, 45.879999999999995], [-102.36, 45.72], [-102.2, 45.72]]]}}, {"id": "686", "type": "Feature", "properties": {}, "geometry": {"type": "Polygon", "coordinates": [[[-102.04, 45.72], [-102.04, 45.879999999999995], [-102.2, 45.879999999999995], [-102.2, 45.72], [-102.04, 45.72]]]}}, {"id": "687", "type": "Feature", "properties": {}, "geometry": {"type": "Polygon", "coordinates": [[[-101.88, 45.72], [-101.88, 45.879999999999995], [-102.03999999999999, 45.879999999999995], [-102.03999999999999, 45.72], [-101.88, 45.72]]]}}, {"id": "688", "type": "Feature", "properties": {}, "geometry": {"type": "Polygon", "coordinates": [[[-101.72, 45.72], [-101.72, 45.879999999999995], [-101.88, 45.879999999999995], [-101.88, 45.72], [-101.72, 45.72]]]}}, {"id": "689", "type": "Feature", "properties": {}, "geometry": {"type": "Polygon", "coordinates": [[[-101.56, 45.72], [-101.56, 45.879999999999995], [-101.72, 45.879999999999995], [-101.72, 45.72], [-101.56, 45.72]]]}}, {"id": "690", "type": "Feature", "properties": {}, "geometry": {"type": "Polygon", "coordinates": [[[-101.4, 45.72], [-101.4, 45.879999999999995], [-101.56, 45.879999999999995], [-101.56, 45.72], [-101.4, 45.72]]]}}, {"id": "691", "type": "Feature", "properties": {}, "geometry": {"type": "Polygon", "coordinates": [[[-101.24, 45.72], [-101.24, 45.879999999999995], [-101.39999999999999, 45.879999999999995], [-101.39999999999999, 45.72], [-101.24, 45.72]]]}}, {"id": "692", "type": "Feature", "properties": {}, "geometry": {"type": "Polygon", "coordinates": [[[-101.08, 45.72], [-101.08, 45.879999999999995], [-101.24, 45.879999999999995], [-101.24, 45.72], [-101.08, 45.72]]]}}, {"id": "693", "type": "Feature", "properties": {}, "geometry": {"type": "Polygon", "coordinates": [[[-100.92, 45.72], [-100.92, 45.879999999999995], [-101.08, 45.879999999999995], [-101.08, 45.72], [-100.92, 45.72]]]}}, {"id": "694", "type": "Feature", "properties": {}, "geometry": {"type": "Polygon", "coordinates": [[[-100.76, 45.72], [-100.76, 45.879999999999995], [-100.92, 45.879999999999995], [-100.92, 45.72], [-100.76, 45.72]]]}}, {"id": "695", "type": "Feature", "properties": {}, "geometry": {"type": "Polygon", "coordinates": [[[-100.60000000000001, 45.72], [-100.60000000000001, 45.879999999999995], [-100.76, 45.879999999999995], [-100.76, 45.72], [-100.60000000000001, 45.72]]]}}, {"id": "696", "type": "Feature", "properties": {}, "geometry": {"type": "Polygon", "coordinates": [[[-100.44, 45.72], [-100.44, 45.879999999999995], [-100.6, 45.879999999999995], [-100.6, 45.72], [-100.44, 45.72]]]}}, {"id": "697", "type": "Feature", "properties": {}, "geometry": {"type": "Polygon", "coordinates": [[[-99.96000000000001, 45.72], [-99.96000000000001, 45.879999999999995], [-100.12, 45.879999999999995], [-100.12, 45.72], [-99.96000000000001, 45.72]]]}}, {"id": "698", "type": "Feature", "properties": {}, "geometry": {"type": "Polygon", "coordinates": [[[-99.48, 45.72], [-99.48, 45.879999999999995], [-99.64, 45.879999999999995], [-99.64, 45.72], [-99.48, 45.72]]]}}, {"id": "699", "type": "Feature", "properties": {}, "geometry": {"type": "Polygon", "coordinates": [[[-99.32000000000001, 45.72], [-99.32000000000001, 45.879999999999995], [-99.48, 45.879999999999995], [-99.48, 45.72], [-99.32000000000001, 45.72]]]}}, {"id": "700", "type": "Feature", "properties": {}, "geometry": {"type": "Polygon", "coordinates": [[[-99.16, 45.72], [-99.16, 45.879999999999995], [-99.32, 45.879999999999995], [-99.32, 45.72], [-99.16, 45.72]]]}}, {"id": "701", "type": "Feature", "properties": {}, "geometry": {"type": "Polygon", "coordinates": [[[-98.84, 45.72], [-98.84, 45.879999999999995], [-99.0, 45.879999999999995], [-99.0, 45.72], [-98.84, 45.72]]]}}, {"id": "702", "type": "Feature", "properties": {}, "geometry": {"type": "Polygon", "coordinates": [[[-98.68, 45.72], [-98.68, 45.879999999999995], [-98.84, 45.879999999999995], [-98.84, 45.72], [-98.68, 45.72]]]}}, {"id": "703", "type": "Feature", "properties": {}, "geometry": {"type": "Polygon", "coordinates": [[[-98.52, 45.72], [-98.52, 45.879999999999995], [-98.67999999999999, 45.879999999999995], [-98.67999999999999, 45.72], [-98.52, 45.72]]]}}, {"id": "704", "type": "Feature", "properties": {}, "geometry": {"type": "Polygon", "coordinates": [[[-96.76, 45.72], [-96.76, 45.879999999999995], [-96.92, 45.879999999999995], [-96.92, 45.72], [-96.76, 45.72]]]}}, {"id": "705", "type": "Feature", "properties": {}, "geometry": {"type": "Polygon", "coordinates": [[[-96.60000000000001, 45.72], [-96.60000000000001, 45.879999999999995], [-96.76, 45.879999999999995], [-96.76, 45.72], [-96.60000000000001, 45.72]]]}}, {"id": "706", "type": "Feature", "properties": {}, "geometry": {"type": "Polygon", "coordinates": [[[-96.44, 45.72], [-96.44, 45.879999999999995], [-96.6, 45.879999999999995], [-96.6, 45.72], [-96.44, 45.72]]]}}, {"id": "707", "type": "Feature", "properties": {}, "geometry": {"type": "Polygon", "coordinates": [[[-96.28, 45.72], [-96.28, 45.879999999999995], [-96.44, 45.879999999999995], [-96.44, 45.72], [-96.28, 45.72]]]}}, {"id": "708", "type": "Feature", "properties": {}, "geometry": {"type": "Polygon", "coordinates": [[[-96.12, 45.72], [-96.12, 45.879999999999995], [-96.28, 45.879999999999995], [-96.28, 45.72], [-96.12, 45.72]]]}}, {"id": "709", "type": "Feature", "properties": {}, "geometry": {"type": "Polygon", "coordinates": [[[-94.52, 45.72], [-94.52, 45.879999999999995], [-94.67999999999999, 45.879999999999995], [-94.67999999999999, 45.72], [-94.52, 45.72]]]}}, {"id": "710", "type": "Feature", "properties": {}, "geometry": {"type": "Polygon", "coordinates": [[[-93.72, 45.72], [-93.72, 45.879999999999995], [-93.88, 45.879999999999995], [-93.88, 45.72], [-93.72, 45.72]]]}}, {"id": "711", "type": "Feature", "properties": {}, "geometry": {"type": "Polygon", "coordinates": [[[-93.4, 45.72], [-93.4, 45.879999999999995], [-93.56, 45.879999999999995], [-93.56, 45.72], [-93.4, 45.72]]]}}, {"id": "712", "type": "Feature", "properties": {}, "geometry": {"type": "Polygon", "coordinates": [[[-93.24, 45.72], [-93.24, 45.879999999999995], [-93.39999999999999, 45.879999999999995], [-93.39999999999999, 45.72], [-93.24, 45.72]]]}}, {"id": "713", "type": "Feature", "properties": {}, "geometry": {"type": "Polygon", "coordinates": [[[-93.08, 45.72], [-93.08, 45.879999999999995], [-93.24, 45.879999999999995], [-93.24, 45.72], [-93.08, 45.72]]]}}, {"id": "714", "type": "Feature", "properties": {}, "geometry": {"type": "Polygon", "coordinates": [[[-92.92, 45.72], [-92.92, 45.879999999999995], [-93.08, 45.879999999999995], [-93.08, 45.72], [-92.92, 45.72]]]}}, {"id": "715", "type": "Feature", "properties": {}, "geometry": {"type": "Polygon", "coordinates": [[[-92.76, 45.72], [-92.76, 45.879999999999995], [-92.92, 45.879999999999995], [-92.92, 45.72], [-92.76, 45.72]]]}}, {"id": "716", "type": "Feature", "properties": {}, "geometry": {"type": "Polygon", "coordinates": [[[-92.60000000000001, 45.72], [-92.60000000000001, 45.879999999999995], [-92.76, 45.879999999999995], [-92.76, 45.72], [-92.60000000000001, 45.72]]]}}, {"id": "717", "type": "Feature", "properties": {}, "geometry": {"type": "Polygon", "coordinates": [[[-92.44, 45.72], [-92.44, 45.879999999999995], [-92.6, 45.879999999999995], [-92.6, 45.72], [-92.44, 45.72]]]}}, {"id": "718", "type": "Feature", "properties": {}, "geometry": {"type": "Polygon", "coordinates": [[[-92.28, 45.72], [-92.28, 45.879999999999995], [-92.44, 45.879999999999995], [-92.44, 45.72], [-92.28, 45.72]]]}}, {"id": "719", "type": "Feature", "properties": {}, "geometry": {"type": "Polygon", "coordinates": [[[-92.12, 45.72], [-92.12, 45.879999999999995], [-92.28, 45.879999999999995], [-92.28, 45.72], [-92.12, 45.72]]]}}, {"id": "720", "type": "Feature", "properties": {}, "geometry": {"type": "Polygon", "coordinates": [[[-91.96, 45.72], [-91.96, 45.879999999999995], [-92.11999999999999, 45.879999999999995], [-92.11999999999999, 45.72], [-91.96, 45.72]]]}}, {"id": "721", "type": "Feature", "properties": {}, "geometry": {"type": "Polygon", "coordinates": [[[-91.8, 45.72], [-91.8, 45.879999999999995], [-91.96, 45.879999999999995], [-91.96, 45.72], [-91.8, 45.72]]]}}, {"id": "722", "type": "Feature", "properties": {}, "geometry": {"type": "Polygon", "coordinates": [[[-91.64, 45.72], [-91.64, 45.879999999999995], [-91.8, 45.879999999999995], [-91.8, 45.72], [-91.64, 45.72]]]}}, {"id": "723", "type": "Feature", "properties": {}, "geometry": {"type": "Polygon", "coordinates": [[[-91.48, 45.72], [-91.48, 45.879999999999995], [-91.64, 45.879999999999995], [-91.64, 45.72], [-91.48, 45.72]]]}}, {"id": "724", "type": "Feature", "properties": {}, "geometry": {"type": "Polygon", "coordinates": [[[-91.32000000000001, 45.72], [-91.32000000000001, 45.879999999999995], [-91.48, 45.879999999999995], [-91.48, 45.72], [-91.32000000000001, 45.72]]]}}, {"id": "725", "type": "Feature", "properties": {}, "geometry": {"type": "Polygon", "coordinates": [[[-91.16, 45.72], [-91.16, 45.879999999999995], [-91.32, 45.879999999999995], [-91.32, 45.72], [-91.16, 45.72]]]}}, {"id": "726", "type": "Feature", "properties": {}, "geometry": {"type": "Polygon", "coordinates": [[[-91.0, 45.72], [-91.0, 45.879999999999995], [-91.16, 45.879999999999995], [-91.16, 45.72], [-91.0, 45.72]]]}}, {"id": "727", "type": "Feature", "properties": {}, "geometry": {"type": "Polygon", "coordinates": [[[-90.84, 45.72], [-90.84, 45.879999999999995], [-91.0, 45.879999999999995], [-91.0, 45.72], [-90.84, 45.72]]]}}, {"id": "728", "type": "Feature", "properties": {}, "geometry": {"type": "Polygon", "coordinates": [[[-90.68, 45.72], [-90.68, 45.879999999999995], [-90.84, 45.879999999999995], [-90.84, 45.72], [-90.68, 45.72]]]}}, {"id": "729", "type": "Feature", "properties": {}, "geometry": {"type": "Polygon", "coordinates": [[[-90.52, 45.72], [-90.52, 45.879999999999995], [-90.67999999999999, 45.879999999999995], [-90.67999999999999, 45.72], [-90.52, 45.72]]]}}, {"id": "730", "type": "Feature", "properties": {}, "geometry": {"type": "Polygon", "coordinates": [[[-90.36, 45.72], [-90.36, 45.879999999999995], [-90.52, 45.879999999999995], [-90.52, 45.72], [-90.36, 45.72]]]}}, {"id": "731", "type": "Feature", "properties": {}, "geometry": {"type": "Polygon", "coordinates": [[[-90.2, 45.72], [-90.2, 45.879999999999995], [-90.36, 45.879999999999995], [-90.36, 45.72], [-90.2, 45.72]]]}}, {"id": "732", "type": "Feature", "properties": {}, "geometry": {"type": "Polygon", "coordinates": [[[-90.04, 45.72], [-90.04, 45.879999999999995], [-90.2, 45.879999999999995], [-90.2, 45.72], [-90.04, 45.72]]]}}, {"id": "733", "type": "Feature", "properties": {}, "geometry": {"type": "Polygon", "coordinates": [[[-89.88, 45.72], [-89.88, 45.879999999999995], [-90.03999999999999, 45.879999999999995], [-90.03999999999999, 45.72], [-89.88, 45.72]]]}}, {"id": "734", "type": "Feature", "properties": {}, "geometry": {"type": "Polygon", "coordinates": [[[-89.72, 45.72], [-89.72, 45.879999999999995], [-89.88, 45.879999999999995], [-89.88, 45.72], [-89.72, 45.72]]]}}, {"id": "735", "type": "Feature", "properties": {}, "geometry": {"type": "Polygon", "coordinates": [[[-89.56, 45.72], [-89.56, 45.879999999999995], [-89.72, 45.879999999999995], [-89.72, 45.72], [-89.56, 45.72]]]}}, {"id": "736", "type": "Feature", "properties": {}, "geometry": {"type": "Polygon", "coordinates": [[[-89.4, 45.72], [-89.4, 45.879999999999995], [-89.56, 45.879999999999995], [-89.56, 45.72], [-89.4, 45.72]]]}}, {"id": "737", "type": "Feature", "properties": {}, "geometry": {"type": "Polygon", "coordinates": [[[-89.24, 45.72], [-89.24, 45.879999999999995], [-89.39999999999999, 45.879999999999995], [-89.39999999999999, 45.72], [-89.24, 45.72]]]}}, {"id": "738", "type": "Feature", "properties": {}, "geometry": {"type": "Polygon", "coordinates": [[[-89.08, 45.72], [-89.08, 45.879999999999995], [-89.24, 45.879999999999995], [-89.24, 45.72], [-89.08, 45.72]]]}}, {"id": "739", "type": "Feature", "properties": {}, "geometry": {"type": "Polygon", "coordinates": [[[-88.92, 45.72], [-88.92, 45.879999999999995], [-89.08, 45.879999999999995], [-89.08, 45.72], [-88.92, 45.72]]]}}, {"id": "740", "type": "Feature", "properties": {}, "geometry": {"type": "Polygon", "coordinates": [[[-88.76, 45.72], [-88.76, 45.879999999999995], [-88.92, 45.879999999999995], [-88.92, 45.72], [-88.76, 45.72]]]}}, {"id": "741", "type": "Feature", "properties": {}, "geometry": {"type": "Polygon", "coordinates": [[[-88.60000000000001, 45.72], [-88.60000000000001, 45.879999999999995], [-88.76, 45.879999999999995], [-88.76, 45.72], [-88.60000000000001, 45.72]]]}}, {"id": "742", "type": "Feature", "properties": {}, "geometry": {"type": "Polygon", "coordinates": [[[-88.44, 45.72], [-88.44, 45.879999999999995], [-88.6, 45.879999999999995], [-88.6, 45.72], [-88.44, 45.72]]]}}, {"id": "743", "type": "Feature", "properties": {}, "geometry": {"type": "Polygon", "coordinates": [[[-88.28, 45.72], [-88.28, 45.879999999999995], [-88.44, 45.879999999999995], [-88.44, 45.72], [-88.28, 45.72]]]}}, {"id": "744", "type": "Feature", "properties": {}, "geometry": {"type": "Polygon", "coordinates": [[[-88.12, 45.72], [-88.12, 45.879999999999995], [-88.28, 45.879999999999995], [-88.28, 45.72], [-88.12, 45.72]]]}}, {"id": "745", "type": "Feature", "properties": {}, "geometry": {"type": "Polygon", "coordinates": [[[-87.96, 45.72], [-87.96, 45.879999999999995], [-88.11999999999999, 45.879999999999995], [-88.11999999999999, 45.72], [-87.96, 45.72]]]}}, {"id": "746", "type": "Feature", "properties": {}, "geometry": {"type": "Polygon", "coordinates": [[[-87.8, 45.72], [-87.8, 45.879999999999995], [-87.96, 45.879999999999995], [-87.96, 45.72], [-87.8, 45.72]]]}}, {"id": "747", "type": "Feature", "properties": {}, "geometry": {"type": "Polygon", "coordinates": [[[-87.64, 45.72], [-87.64, 45.879999999999995], [-87.8, 45.879999999999995], [-87.8, 45.72], [-87.64, 45.72]]]}}, {"id": "748", "type": "Feature", "properties": {}, "geometry": {"type": "Polygon", "coordinates": [[[-87.48, 45.72], [-87.48, 45.879999999999995], [-87.64, 45.879999999999995], [-87.64, 45.72], [-87.48, 45.72]]]}}, {"id": "749", "type": "Feature", "properties": {}, "geometry": {"type": "Polygon", "coordinates": [[[-87.32000000000001, 45.72], [-87.32000000000001, 45.879999999999995], [-87.48, 45.879999999999995], [-87.48, 45.72], [-87.32000000000001, 45.72]]]}}, {"id": "750", "type": "Feature", "properties": {}, "geometry": {"type": "Polygon", "coordinates": [[[-87.16, 45.72], [-87.16, 45.879999999999995], [-87.32, 45.879999999999995], [-87.32, 45.72], [-87.16, 45.72]]]}}, {"id": "751", "type": "Feature", "properties": {}, "geometry": {"type": "Polygon", "coordinates": [[[-87.0, 45.72], [-87.0, 45.879999999999995], [-87.16, 45.879999999999995], [-87.16, 45.72], [-87.0, 45.72]]]}}, {"id": "752", "type": "Feature", "properties": {}, "geometry": {"type": "Polygon", "coordinates": [[[-86.84, 45.72], [-86.84, 45.879999999999995], [-87.0, 45.879999999999995], [-87.0, 45.72], [-86.84, 45.72]]]}}, {"id": "753", "type": "Feature", "properties": {}, "geometry": {"type": "Polygon", "coordinates": [[[-86.67999999999999, 45.72], [-86.67999999999999, 45.879999999999995], [-86.83999999999999, 45.879999999999995], [-86.83999999999999, 45.72], [-86.67999999999999, 45.72]]]}}, {"id": "754", "type": "Feature", "properties": {}, "geometry": {"type": "Polygon", "coordinates": [[[-86.52, 45.72], [-86.52, 45.879999999999995], [-86.67999999999999, 45.879999999999995], [-86.67999999999999, 45.72], [-86.52, 45.72]]]}}, {"id": "755", "type": "Feature", "properties": {}, "geometry": {"type": "Polygon", "coordinates": [[[-86.36, 45.72], [-86.36, 45.879999999999995], [-86.52, 45.879999999999995], [-86.52, 45.72], [-86.36, 45.72]]]}}, {"id": "756", "type": "Feature", "properties": {}, "geometry": {"type": "Polygon", "coordinates": [[[-86.2, 45.72], [-86.2, 45.879999999999995], [-86.36, 45.879999999999995], [-86.36, 45.72], [-86.2, 45.72]]]}}, {"id": "757", "type": "Feature", "properties": {}, "geometry": {"type": "Polygon", "coordinates": [[[-86.04, 45.72], [-86.04, 45.879999999999995], [-86.2, 45.879999999999995], [-86.2, 45.72], [-86.04, 45.72]]]}}, {"id": "758", "type": "Feature", "properties": {}, "geometry": {"type": "Polygon", "coordinates": [[[-85.88000000000001, 45.72], [-85.88000000000001, 45.879999999999995], [-86.04, 45.879999999999995], [-86.04, 45.72], [-85.88000000000001, 45.72]]]}}, {"id": "759", "type": "Feature", "properties": {}, "geometry": {"type": "Polygon", "coordinates": [[[-85.72, 45.72], [-85.72, 45.879999999999995], [-85.88, 45.879999999999995], [-85.88, 45.72], [-85.72, 45.72]]]}}, {"id": "760", "type": "Feature", "properties": {}, "geometry": {"type": "Polygon", "coordinates": [[[-85.56, 45.72], [-85.56, 45.879999999999995], [-85.72, 45.879999999999995], [-85.72, 45.72], [-85.56, 45.72]]]}}, {"id": "761", "type": "Feature", "properties": {}, "geometry": {"type": "Polygon", "coordinates": [[[-85.4, 45.72], [-85.4, 45.879999999999995], [-85.56, 45.879999999999995], [-85.56, 45.72], [-85.4, 45.72]]]}}, {"id": "762", "type": "Feature", "properties": {}, "geometry": {"type": "Polygon", "coordinates": [[[-85.24, 45.72], [-85.24, 45.879999999999995], [-85.39999999999999, 45.879999999999995], [-85.39999999999999, 45.72], [-85.24, 45.72]]]}}, {"id": "763", "type": "Feature", "properties": {}, "geometry": {"type": "Polygon", "coordinates": [[[-85.08, 45.72], [-85.08, 45.879999999999995], [-85.24, 45.879999999999995], [-85.24, 45.72], [-85.08, 45.72]]]}}, {"id": "764", "type": "Feature", "properties": {}, "geometry": {"type": "Polygon", "coordinates": [[[-84.92, 45.72], [-84.92, 45.879999999999995], [-85.08, 45.879999999999995], [-85.08, 45.72], [-84.92, 45.72]]]}}, {"id": "765", "type": "Feature", "properties": {}, "geometry": {"type": "Polygon", "coordinates": [[[-84.76, 45.72], [-84.76, 45.879999999999995], [-84.92, 45.879999999999995], [-84.92, 45.72], [-84.76, 45.72]]]}}, {"id": "766", "type": "Feature", "properties": {}, "geometry": {"type": "Polygon", "coordinates": [[[-84.60000000000001, 45.72], [-84.60000000000001, 45.879999999999995], [-84.76, 45.879999999999995], [-84.76, 45.72], [-84.60000000000001, 45.72]]]}}, {"id": "767", "type": "Feature", "properties": {}, "geometry": {"type": "Polygon", "coordinates": [[[-84.44, 45.72], [-84.44, 45.879999999999995], [-84.6, 45.879999999999995], [-84.6, 45.72], [-84.44, 45.72]]]}}, {"id": "768", "type": "Feature", "properties": {}, "geometry": {"type": "Polygon", "coordinates": [[[-84.28, 45.72], [-84.28, 45.879999999999995], [-84.44, 45.879999999999995], [-84.44, 45.72], [-84.28, 45.72]]]}}, {"id": "769", "type": "Feature", "properties": {}, "geometry": {"type": "Polygon", "coordinates": [[[-84.12, 45.72], [-84.12, 45.879999999999995], [-84.28, 45.879999999999995], [-84.28, 45.72], [-84.12, 45.72]]]}}, {"id": "770", "type": "Feature", "properties": {}, "geometry": {"type": "Polygon", "coordinates": [[[-83.96, 45.72], [-83.96, 45.879999999999995], [-84.11999999999999, 45.879999999999995], [-84.11999999999999, 45.72], [-83.96, 45.72]]]}}, {"id": "771", "type": "Feature", "properties": {}, "geometry": {"type": "Polygon", "coordinates": [[[-102.84, 45.56], [-102.84, 45.72], [-103.0, 45.72], [-103.0, 45.56], [-102.84, 45.56]]]}}, {"id": "772", "type": "Feature", "properties": {}, "geometry": {"type": "Polygon", "coordinates": [[[-102.68, 45.56], [-102.68, 45.72], [-102.84, 45.72], [-102.84, 45.56], [-102.68, 45.56]]]}}, {"id": "773", "type": "Feature", "properties": {}, "geometry": {"type": "Polygon", "coordinates": [[[-102.52, 45.56], [-102.52, 45.72], [-102.67999999999999, 45.72], [-102.67999999999999, 45.56], [-102.52, 45.56]]]}}, {"id": "774", "type": "Feature", "properties": {}, "geometry": {"type": "Polygon", "coordinates": [[[-102.36, 45.56], [-102.36, 45.72], [-102.52, 45.72], [-102.52, 45.56], [-102.36, 45.56]]]}}, {"id": "775", "type": "Feature", "properties": {}, "geometry": {"type": "Polygon", "coordinates": [[[-102.2, 45.56], [-102.2, 45.72], [-102.36, 45.72], [-102.36, 45.56], [-102.2, 45.56]]]}}, {"id": "776", "type": "Feature", "properties": {}, "geometry": {"type": "Polygon", "coordinates": [[[-102.04, 45.56], [-102.04, 45.72], [-102.2, 45.72], [-102.2, 45.56], [-102.04, 45.56]]]}}, {"id": "777", "type": "Feature", "properties": {}, "geometry": {"type": "Polygon", "coordinates": [[[-101.88, 45.56], [-101.88, 45.72], [-102.03999999999999, 45.72], [-102.03999999999999, 45.56], [-101.88, 45.56]]]}}, {"id": "778", "type": "Feature", "properties": {}, "geometry": {"type": "Polygon", "coordinates": [[[-101.72, 45.56], [-101.72, 45.72], [-101.88, 45.72], [-101.88, 45.56], [-101.72, 45.56]]]}}, {"id": "779", "type": "Feature", "properties": {}, "geometry": {"type": "Polygon", "coordinates": [[[-101.56, 45.56], [-101.56, 45.72], [-101.72, 45.72], [-101.72, 45.56], [-101.56, 45.56]]]}}, {"id": "780", "type": "Feature", "properties": {}, "geometry": {"type": "Polygon", "coordinates": [[[-101.4, 45.56], [-101.4, 45.72], [-101.56, 45.72], [-101.56, 45.56], [-101.4, 45.56]]]}}, {"id": "781", "type": "Feature", "properties": {}, "geometry": {"type": "Polygon", "coordinates": [[[-101.24, 45.56], [-101.24, 45.72], [-101.39999999999999, 45.72], [-101.39999999999999, 45.56], [-101.24, 45.56]]]}}, {"id": "782", "type": "Feature", "properties": {}, "geometry": {"type": "Polygon", "coordinates": [[[-101.08, 45.56], [-101.08, 45.72], [-101.24, 45.72], [-101.24, 45.56], [-101.08, 45.56]]]}}, {"id": "783", "type": "Feature", "properties": {}, "geometry": {"type": "Polygon", "coordinates": [[[-100.92, 45.56], [-100.92, 45.72], [-101.08, 45.72], [-101.08, 45.56], [-100.92, 45.56]]]}}, {"id": "784", "type": "Feature", "properties": {}, "geometry": {"type": "Polygon", "coordinates": [[[-100.76, 45.56], [-100.76, 45.72], [-100.92, 45.72], [-100.92, 45.56], [-100.76, 45.56]]]}}, {"id": "785", "type": "Feature", "properties": {}, "geometry": {"type": "Polygon", "coordinates": [[[-100.60000000000001, 45.56], [-100.60000000000001, 45.72], [-100.76, 45.72], [-100.76, 45.56], [-100.60000000000001, 45.56]]]}}, {"id": "786", "type": "Feature", "properties": {}, "geometry": {"type": "Polygon", "coordinates": [[[-100.44, 45.56], [-100.44, 45.72], [-100.6, 45.72], [-100.6, 45.56], [-100.44, 45.56]]]}}, {"id": "787", "type": "Feature", "properties": {}, "geometry": {"type": "Polygon", "coordinates": [[[-100.28, 45.56], [-100.28, 45.72], [-100.44, 45.72], [-100.44, 45.56], [-100.28, 45.56]]]}}, {"id": "788", "type": "Feature", "properties": {}, "geometry": {"type": "Polygon", "coordinates": [[[-100.12, 45.56], [-100.12, 45.72], [-100.28, 45.72], [-100.28, 45.56], [-100.12, 45.56]]]}}, {"id": "789", "type": "Feature", "properties": {}, "geometry": {"type": "Polygon", "coordinates": [[[-99.32000000000001, 45.56], [-99.32000000000001, 45.72], [-99.48, 45.72], [-99.48, 45.56], [-99.32000000000001, 45.56]]]}}, {"id": "790", "type": "Feature", "properties": {}, "geometry": {"type": "Polygon", "coordinates": [[[-99.16, 45.56], [-99.16, 45.72], [-99.32, 45.72], [-99.32, 45.56], [-99.16, 45.56]]]}}, {"id": "791", "type": "Feature", "properties": {}, "geometry": {"type": "Polygon", "coordinates": [[[-99.0, 45.56], [-99.0, 45.72], [-99.16, 45.72], [-99.16, 45.56], [-99.0, 45.56]]]}}, {"id": "792", "type": "Feature", "properties": {}, "geometry": {"type": "Polygon", "coordinates": [[[-98.84, 45.56], [-98.84, 45.72], [-99.0, 45.72], [-99.0, 45.56], [-98.84, 45.56]]]}}, {"id": "793", "type": "Feature", "properties": {}, "geometry": {"type": "Polygon", "coordinates": [[[-98.68, 45.56], [-98.68, 45.72], [-98.84, 45.72], [-98.84, 45.56], [-98.68, 45.56]]]}}, {"id": "794", "type": "Feature", "properties": {}, "geometry": {"type": "Polygon", "coordinates": [[[-98.52, 45.56], [-98.52, 45.72], [-98.67999999999999, 45.72], [-98.67999999999999, 45.56], [-98.52, 45.56]]]}}, {"id": "795", "type": "Feature", "properties": {}, "geometry": {"type": "Polygon", "coordinates": [[[-97.4, 45.56], [-97.4, 45.72], [-97.56, 45.72], [-97.56, 45.56], [-97.4, 45.56]]]}}, {"id": "796", "type": "Feature", "properties": {}, "geometry": {"type": "Polygon", "coordinates": [[[-97.24, 45.56], [-97.24, 45.72], [-97.39999999999999, 45.72], [-97.39999999999999, 45.56], [-97.24, 45.56]]]}}, {"id": "797", "type": "Feature", "properties": {}, "geometry": {"type": "Polygon", "coordinates": [[[-96.76, 45.56], [-96.76, 45.72], [-96.92, 45.72], [-96.92, 45.56], [-96.76, 45.56]]]}}, {"id": "798", "type": "Feature", "properties": {}, "geometry": {"type": "Polygon", "coordinates": [[[-96.60000000000001, 45.56], [-96.60000000000001, 45.72], [-96.76, 45.72], [-96.76, 45.56], [-96.60000000000001, 45.56]]]}}, {"id": "799", "type": "Feature", "properties": {}, "geometry": {"type": "Polygon", "coordinates": [[[-96.44, 45.56], [-96.44, 45.72], [-96.6, 45.72], [-96.6, 45.56], [-96.44, 45.56]]]}}, {"id": "800", "type": "Feature", "properties": {}, "geometry": {"type": "Polygon", "coordinates": [[[-96.28, 45.56], [-96.28, 45.72], [-96.44, 45.72], [-96.44, 45.56], [-96.28, 45.56]]]}}, {"id": "801", "type": "Feature", "properties": {}, "geometry": {"type": "Polygon", "coordinates": [[[-94.36, 45.56], [-94.36, 45.72], [-94.52, 45.72], [-94.52, 45.56], [-94.36, 45.56]]]}}, {"id": "802", "type": "Feature", "properties": {}, "geometry": {"type": "Polygon", "coordinates": [[[-94.2, 45.56], [-94.2, 45.72], [-94.36, 45.72], [-94.36, 45.56], [-94.2, 45.56]]]}}, {"id": "803", "type": "Feature", "properties": {}, "geometry": {"type": "Polygon", "coordinates": [[[-94.04, 45.56], [-94.04, 45.72], [-94.2, 45.72], [-94.2, 45.56], [-94.04, 45.56]]]}}, {"id": "804", "type": "Feature", "properties": {}, "geometry": {"type": "Polygon", "coordinates": [[[-93.72, 45.56], [-93.72, 45.72], [-93.88, 45.72], [-93.88, 45.56], [-93.72, 45.56]]]}}, {"id": "805", "type": "Feature", "properties": {}, "geometry": {"type": "Polygon", "coordinates": [[[-93.56, 45.56], [-93.56, 45.72], [-93.72, 45.72], [-93.72, 45.56], [-93.56, 45.56]]]}}, {"id": "806", "type": "Feature", "properties": {}, "geometry": {"type": "Polygon", "coordinates": [[[-93.4, 45.56], [-93.4, 45.72], [-93.56, 45.72], [-93.56, 45.56], [-93.4, 45.56]]]}}, {"id": "807", "type": "Feature", "properties": {}, "geometry": {"type": "Polygon", "coordinates": [[[-93.24, 45.56], [-93.24, 45.72], [-93.39999999999999, 45.72], [-93.39999999999999, 45.56], [-93.24, 45.56]]]}}, {"id": "808", "type": "Feature", "properties": {}, "geometry": {"type": "Polygon", "coordinates": [[[-93.08, 45.56], [-93.08, 45.72], [-93.24, 45.72], [-93.24, 45.56], [-93.08, 45.56]]]}}, {"id": "809", "type": "Feature", "properties": {}, "geometry": {"type": "Polygon", "coordinates": [[[-92.92, 45.56], [-92.92, 45.72], [-93.08, 45.72], [-93.08, 45.56], [-92.92, 45.56]]]}}, {"id": "810", "type": "Feature", "properties": {}, "geometry": {"type": "Polygon", "coordinates": [[[-92.76, 45.56], [-92.76, 45.72], [-92.92, 45.72], [-92.92, 45.56], [-92.76, 45.56]]]}}, {"id": "811", "type": "Feature", "properties": {}, "geometry": {"type": "Polygon", "coordinates": [[[-92.60000000000001, 45.56], [-92.60000000000001, 45.72], [-92.76, 45.72], [-92.76, 45.56], [-92.60000000000001, 45.56]]]}}, {"id": "812", "type": "Feature", "properties": {}, "geometry": {"type": "Polygon", "coordinates": [[[-92.44, 45.56], [-92.44, 45.72], [-92.6, 45.72], [-92.6, 45.56], [-92.44, 45.56]]]}}, {"id": "813", "type": "Feature", "properties": {}, "geometry": {"type": "Polygon", "coordinates": [[[-92.28, 45.56], [-92.28, 45.72], [-92.44, 45.72], [-92.44, 45.56], [-92.28, 45.56]]]}}, {"id": "814", "type": "Feature", "properties": {}, "geometry": {"type": "Polygon", "coordinates": [[[-92.12, 45.56], [-92.12, 45.72], [-92.28, 45.72], [-92.28, 45.56], [-92.12, 45.56]]]}}, {"id": "815", "type": "Feature", "properties": {}, "geometry": {"type": "Polygon", "coordinates": [[[-91.96, 45.56], [-91.96, 45.72], [-92.11999999999999, 45.72], [-92.11999999999999, 45.56], [-91.96, 45.56]]]}}, {"id": "816", "type": "Feature", "properties": {}, "geometry": {"type": "Polygon", "coordinates": [[[-91.8, 45.56], [-91.8, 45.72], [-91.96, 45.72], [-91.96, 45.56], [-91.8, 45.56]]]}}, {"id": "817", "type": "Feature", "properties": {}, "geometry": {"type": "Polygon", "coordinates": [[[-91.64, 45.56], [-91.64, 45.72], [-91.8, 45.72], [-91.8, 45.56], [-91.64, 45.56]]]}}, {"id": "818", "type": "Feature", "properties": {}, "geometry": {"type": "Polygon", "coordinates": [[[-91.48, 45.56], [-91.48, 45.72], [-91.64, 45.72], [-91.64, 45.56], [-91.48, 45.56]]]}}, {"id": "819", "type": "Feature", "properties": {}, "geometry": {"type": "Polygon", "coordinates": [[[-91.32000000000001, 45.56], [-91.32000000000001, 45.72], [-91.48, 45.72], [-91.48, 45.56], [-91.32000000000001, 45.56]]]}}, {"id": "820", "type": "Feature", "properties": {}, "geometry": {"type": "Polygon", "coordinates": [[[-91.16, 45.56], [-91.16, 45.72], [-91.32, 45.72], [-91.32, 45.56], [-91.16, 45.56]]]}}, {"id": "821", "type": "Feature", "properties": {}, "geometry": {"type": "Polygon", "coordinates": [[[-91.0, 45.56], [-91.0, 45.72], [-91.16, 45.72], [-91.16, 45.56], [-91.0, 45.56]]]}}, {"id": "822", "type": "Feature", "properties": {}, "geometry": {"type": "Polygon", "coordinates": [[[-90.84, 45.56], [-90.84, 45.72], [-91.0, 45.72], [-91.0, 45.56], [-90.84, 45.56]]]}}, {"id": "823", "type": "Feature", "properties": {}, "geometry": {"type": "Polygon", "coordinates": [[[-90.68, 45.56], [-90.68, 45.72], [-90.84, 45.72], [-90.84, 45.56], [-90.68, 45.56]]]}}, {"id": "824", "type": "Feature", "properties": {}, "geometry": {"type": "Polygon", "coordinates": [[[-90.52, 45.56], [-90.52, 45.72], [-90.67999999999999, 45.72], [-90.67999999999999, 45.56], [-90.52, 45.56]]]}}, {"id": "825", "type": "Feature", "properties": {}, "geometry": {"type": "Polygon", "coordinates": [[[-90.36, 45.56], [-90.36, 45.72], [-90.52, 45.72], [-90.52, 45.56], [-90.36, 45.56]]]}}, {"id": "826", "type": "Feature", "properties": {}, "geometry": {"type": "Polygon", "coordinates": [[[-90.2, 45.56], [-90.2, 45.72], [-90.36, 45.72], [-90.36, 45.56], [-90.2, 45.56]]]}}, {"id": "827", "type": "Feature", "properties": {}, "geometry": {"type": "Polygon", "coordinates": [[[-90.04, 45.56], [-90.04, 45.72], [-90.2, 45.72], [-90.2, 45.56], [-90.04, 45.56]]]}}, {"id": "828", "type": "Feature", "properties": {}, "geometry": {"type": "Polygon", "coordinates": [[[-89.88, 45.56], [-89.88, 45.72], [-90.03999999999999, 45.72], [-90.03999999999999, 45.56], [-89.88, 45.56]]]}}, {"id": "829", "type": "Feature", "properties": {}, "geometry": {"type": "Polygon", "coordinates": [[[-89.72, 45.56], [-89.72, 45.72], [-89.88, 45.72], [-89.88, 45.56], [-89.72, 45.56]]]}}, {"id": "830", "type": "Feature", "properties": {}, "geometry": {"type": "Polygon", "coordinates": [[[-89.56, 45.56], [-89.56, 45.72], [-89.72, 45.72], [-89.72, 45.56], [-89.56, 45.56]]]}}, {"id": "831", "type": "Feature", "properties": {}, "geometry": {"type": "Polygon", "coordinates": [[[-89.4, 45.56], [-89.4, 45.72], [-89.56, 45.72], [-89.56, 45.56], [-89.4, 45.56]]]}}, {"id": "832", "type": "Feature", "properties": {}, "geometry": {"type": "Polygon", "coordinates": [[[-89.24, 45.56], [-89.24, 45.72], [-89.39999999999999, 45.72], [-89.39999999999999, 45.56], [-89.24, 45.56]]]}}, {"id": "833", "type": "Feature", "properties": {}, "geometry": {"type": "Polygon", "coordinates": [[[-89.08, 45.56], [-89.08, 45.72], [-89.24, 45.72], [-89.24, 45.56], [-89.08, 45.56]]]}}, {"id": "834", "type": "Feature", "properties": {}, "geometry": {"type": "Polygon", "coordinates": [[[-88.92, 45.56], [-88.92, 45.72], [-89.08, 45.72], [-89.08, 45.56], [-88.92, 45.56]]]}}, {"id": "835", "type": "Feature", "properties": {}, "geometry": {"type": "Polygon", "coordinates": [[[-88.76, 45.56], [-88.76, 45.72], [-88.92, 45.72], [-88.92, 45.56], [-88.76, 45.56]]]}}, {"id": "836", "type": "Feature", "properties": {}, "geometry": {"type": "Polygon", "coordinates": [[[-88.60000000000001, 45.56], [-88.60000000000001, 45.72], [-88.76, 45.72], [-88.76, 45.56], [-88.60000000000001, 45.56]]]}}, {"id": "837", "type": "Feature", "properties": {}, "geometry": {"type": "Polygon", "coordinates": [[[-88.44, 45.56], [-88.44, 45.72], [-88.6, 45.72], [-88.6, 45.56], [-88.44, 45.56]]]}}, {"id": "838", "type": "Feature", "properties": {}, "geometry": {"type": "Polygon", "coordinates": [[[-88.28, 45.56], [-88.28, 45.72], [-88.44, 45.72], [-88.44, 45.56], [-88.28, 45.56]]]}}, {"id": "839", "type": "Feature", "properties": {}, "geometry": {"type": "Polygon", "coordinates": [[[-88.12, 45.56], [-88.12, 45.72], [-88.28, 45.72], [-88.28, 45.56], [-88.12, 45.56]]]}}, {"id": "840", "type": "Feature", "properties": {}, "geometry": {"type": "Polygon", "coordinates": [[[-87.96, 45.56], [-87.96, 45.72], [-88.11999999999999, 45.72], [-88.11999999999999, 45.56], [-87.96, 45.56]]]}}, {"id": "841", "type": "Feature", "properties": {}, "geometry": {"type": "Polygon", "coordinates": [[[-87.8, 45.56], [-87.8, 45.72], [-87.96, 45.72], [-87.96, 45.56], [-87.8, 45.56]]]}}, {"id": "842", "type": "Feature", "properties": {}, "geometry": {"type": "Polygon", "coordinates": [[[-87.64, 45.56], [-87.64, 45.72], [-87.8, 45.72], [-87.8, 45.56], [-87.64, 45.56]]]}}, {"id": "843", "type": "Feature", "properties": {}, "geometry": {"type": "Polygon", "coordinates": [[[-87.48, 45.56], [-87.48, 45.72], [-87.64, 45.72], [-87.64, 45.56], [-87.48, 45.56]]]}}, {"id": "844", "type": "Feature", "properties": {}, "geometry": {"type": "Polygon", "coordinates": [[[-87.32000000000001, 45.56], [-87.32000000000001, 45.72], [-87.48, 45.72], [-87.48, 45.56], [-87.32000000000001, 45.56]]]}}, {"id": "845", "type": "Feature", "properties": {}, "geometry": {"type": "Polygon", "coordinates": [[[-87.16, 45.56], [-87.16, 45.72], [-87.32, 45.72], [-87.32, 45.56], [-87.16, 45.56]]]}}, {"id": "846", "type": "Feature", "properties": {}, "geometry": {"type": "Polygon", "coordinates": [[[-87.0, 45.56], [-87.0, 45.72], [-87.16, 45.72], [-87.16, 45.56], [-87.0, 45.56]]]}}, {"id": "847", "type": "Feature", "properties": {}, "geometry": {"type": "Polygon", "coordinates": [[[-86.84, 45.56], [-86.84, 45.72], [-87.0, 45.72], [-87.0, 45.56], [-86.84, 45.56]]]}}, {"id": "848", "type": "Feature", "properties": {}, "geometry": {"type": "Polygon", "coordinates": [[[-86.67999999999999, 45.56], [-86.67999999999999, 45.72], [-86.83999999999999, 45.72], [-86.83999999999999, 45.56], [-86.67999999999999, 45.56]]]}}, {"id": "849", "type": "Feature", "properties": {}, "geometry": {"type": "Polygon", "coordinates": [[[-86.52, 45.56], [-86.52, 45.72], [-86.67999999999999, 45.72], [-86.67999999999999, 45.56], [-86.52, 45.56]]]}}, {"id": "850", "type": "Feature", "properties": {}, "geometry": {"type": "Polygon", "coordinates": [[[-86.36, 45.56], [-86.36, 45.72], [-86.52, 45.72], [-86.52, 45.56], [-86.36, 45.56]]]}}, {"id": "851", "type": "Feature", "properties": {}, "geometry": {"type": "Polygon", "coordinates": [[[-86.2, 45.56], [-86.2, 45.72], [-86.36, 45.72], [-86.36, 45.56], [-86.2, 45.56]]]}}, {"id": "852", "type": "Feature", "properties": {}, "geometry": {"type": "Polygon", "coordinates": [[[-86.04, 45.56], [-86.04, 45.72], [-86.2, 45.72], [-86.2, 45.56], [-86.04, 45.56]]]}}, {"id": "853", "type": "Feature", "properties": {}, "geometry": {"type": "Polygon", "coordinates": [[[-85.88000000000001, 45.56], [-85.88000000000001, 45.72], [-86.04, 45.72], [-86.04, 45.56], [-85.88000000000001, 45.56]]]}}, {"id": "854", "type": "Feature", "properties": {}, "geometry": {"type": "Polygon", "coordinates": [[[-85.72, 45.56], [-85.72, 45.72], [-85.88, 45.72], [-85.88, 45.56], [-85.72, 45.56]]]}}, {"id": "855", "type": "Feature", "properties": {}, "geometry": {"type": "Polygon", "coordinates": [[[-85.56, 45.56], [-85.56, 45.72], [-85.72, 45.72], [-85.72, 45.56], [-85.56, 45.56]]]}}, {"id": "856", "type": "Feature", "properties": {}, "geometry": {"type": "Polygon", "coordinates": [[[-85.4, 45.56], [-85.4, 45.72], [-85.56, 45.72], [-85.56, 45.56], [-85.4, 45.56]]]}}, {"id": "857", "type": "Feature", "properties": {}, "geometry": {"type": "Polygon", "coordinates": [[[-85.24, 45.56], [-85.24, 45.72], [-85.39999999999999, 45.72], [-85.39999999999999, 45.56], [-85.24, 45.56]]]}}, {"id": "858", "type": "Feature", "properties": {}, "geometry": {"type": "Polygon", "coordinates": [[[-85.08, 45.56], [-85.08, 45.72], [-85.24, 45.72], [-85.24, 45.56], [-85.08, 45.56]]]}}, {"id": "859", "type": "Feature", "properties": {}, "geometry": {"type": "Polygon", "coordinates": [[[-84.92, 45.56], [-84.92, 45.72], [-85.08, 45.72], [-85.08, 45.56], [-84.92, 45.56]]]}}, {"id": "860", "type": "Feature", "properties": {}, "geometry": {"type": "Polygon", "coordinates": [[[-84.76, 45.56], [-84.76, 45.72], [-84.92, 45.72], [-84.92, 45.56], [-84.76, 45.56]]]}}, {"id": "861", "type": "Feature", "properties": {}, "geometry": {"type": "Polygon", "coordinates": [[[-84.60000000000001, 45.56], [-84.60000000000001, 45.72], [-84.76, 45.72], [-84.76, 45.56], [-84.60000000000001, 45.56]]]}}, {"id": "862", "type": "Feature", "properties": {}, "geometry": {"type": "Polygon", "coordinates": [[[-84.44, 45.56], [-84.44, 45.72], [-84.6, 45.72], [-84.6, 45.56], [-84.44, 45.56]]]}}, {"id": "863", "type": "Feature", "properties": {}, "geometry": {"type": "Polygon", "coordinates": [[[-84.28, 45.56], [-84.28, 45.72], [-84.44, 45.72], [-84.44, 45.56], [-84.28, 45.56]]]}}, {"id": "864", "type": "Feature", "properties": {}, "geometry": {"type": "Polygon", "coordinates": [[[-84.12, 45.56], [-84.12, 45.72], [-84.28, 45.72], [-84.28, 45.56], [-84.12, 45.56]]]}}, {"id": "865", "type": "Feature", "properties": {}, "geometry": {"type": "Polygon", "coordinates": [[[-83.96, 45.56], [-83.96, 45.72], [-84.11999999999999, 45.72], [-84.11999999999999, 45.56], [-83.96, 45.56]]]}}, {"id": "866", "type": "Feature", "properties": {}, "geometry": {"type": "Polygon", "coordinates": [[[-102.84, 45.4], [-102.84, 45.559999999999995], [-103.0, 45.559999999999995], [-103.0, 45.4], [-102.84, 45.4]]]}}, {"id": "867", "type": "Feature", "properties": {}, "geometry": {"type": "Polygon", "coordinates": [[[-102.68, 45.4], [-102.68, 45.559999999999995], [-102.84, 45.559999999999995], [-102.84, 45.4], [-102.68, 45.4]]]}}, {"id": "868", "type": "Feature", "properties": {}, "geometry": {"type": "Polygon", "coordinates": [[[-102.52, 45.4], [-102.52, 45.559999999999995], [-102.67999999999999, 45.559999999999995], [-102.67999999999999, 45.4], [-102.52, 45.4]]]}}, {"id": "869", "type": "Feature", "properties": {}, "geometry": {"type": "Polygon", "coordinates": [[[-102.36, 45.4], [-102.36, 45.559999999999995], [-102.52, 45.559999999999995], [-102.52, 45.4], [-102.36, 45.4]]]}}, {"id": "870", "type": "Feature", "properties": {}, "geometry": {"type": "Polygon", "coordinates": [[[-102.2, 45.4], [-102.2, 45.559999999999995], [-102.36, 45.559999999999995], [-102.36, 45.4], [-102.2, 45.4]]]}}, {"id": "871", "type": "Feature", "properties": {}, "geometry": {"type": "Polygon", "coordinates": [[[-102.04, 45.4], [-102.04, 45.559999999999995], [-102.2, 45.559999999999995], [-102.2, 45.4], [-102.04, 45.4]]]}}, {"id": "872", "type": "Feature", "properties": {}, "geometry": {"type": "Polygon", "coordinates": [[[-101.88, 45.4], [-101.88, 45.559999999999995], [-102.03999999999999, 45.559999999999995], [-102.03999999999999, 45.4], [-101.88, 45.4]]]}}, {"id": "873", "type": "Feature", "properties": {}, "geometry": {"type": "Polygon", "coordinates": [[[-101.72, 45.4], [-101.72, 45.559999999999995], [-101.88, 45.559999999999995], [-101.88, 45.4], [-101.72, 45.4]]]}}, {"id": "874", "type": "Feature", "properties": {}, "geometry": {"type": "Polygon", "coordinates": [[[-101.56, 45.4], [-101.56, 45.559999999999995], [-101.72, 45.559999999999995], [-101.72, 45.4], [-101.56, 45.4]]]}}, {"id": "875", "type": "Feature", "properties": {}, "geometry": {"type": "Polygon", "coordinates": [[[-101.4, 45.4], [-101.4, 45.559999999999995], [-101.56, 45.559999999999995], [-101.56, 45.4], [-101.4, 45.4]]]}}, {"id": "876", "type": "Feature", "properties": {}, "geometry": {"type": "Polygon", "coordinates": [[[-101.24, 45.4], [-101.24, 45.559999999999995], [-101.39999999999999, 45.559999999999995], [-101.39999999999999, 45.4], [-101.24, 45.4]]]}}, {"id": "877", "type": "Feature", "properties": {}, "geometry": {"type": "Polygon", "coordinates": [[[-101.08, 45.4], [-101.08, 45.559999999999995], [-101.24, 45.559999999999995], [-101.24, 45.4], [-101.08, 45.4]]]}}, {"id": "878", "type": "Feature", "properties": {}, "geometry": {"type": "Polygon", "coordinates": [[[-100.92, 45.4], [-100.92, 45.559999999999995], [-101.08, 45.559999999999995], [-101.08, 45.4], [-100.92, 45.4]]]}}, {"id": "879", "type": "Feature", "properties": {}, "geometry": {"type": "Polygon", "coordinates": [[[-100.76, 45.4], [-100.76, 45.559999999999995], [-100.92, 45.559999999999995], [-100.92, 45.4], [-100.76, 45.4]]]}}, {"id": "880", "type": "Feature", "properties": {}, "geometry": {"type": "Polygon", "coordinates": [[[-100.60000000000001, 45.4], [-100.60000000000001, 45.559999999999995], [-100.76, 45.559999999999995], [-100.76, 45.4], [-100.60000000000001, 45.4]]]}}, {"id": "881", "type": "Feature", "properties": {}, "geometry": {"type": "Polygon", "coordinates": [[[-100.44, 45.4], [-100.44, 45.559999999999995], [-100.6, 45.559999999999995], [-100.6, 45.4], [-100.44, 45.4]]]}}, {"id": "882", "type": "Feature", "properties": {}, "geometry": {"type": "Polygon", "coordinates": [[[-100.28, 45.4], [-100.28, 45.559999999999995], [-100.44, 45.559999999999995], [-100.44, 45.4], [-100.28, 45.4]]]}}, {"id": "883", "type": "Feature", "properties": {}, "geometry": {"type": "Polygon", "coordinates": [[[-100.12, 45.4], [-100.12, 45.559999999999995], [-100.28, 45.559999999999995], [-100.28, 45.4], [-100.12, 45.4]]]}}, {"id": "884", "type": "Feature", "properties": {}, "geometry": {"type": "Polygon", "coordinates": [[[-99.96000000000001, 45.4], [-99.96000000000001, 45.559999999999995], [-100.12, 45.559999999999995], [-100.12, 45.4], [-99.96000000000001, 45.4]]]}}, {"id": "885", "type": "Feature", "properties": {}, "geometry": {"type": "Polygon", "coordinates": [[[-99.8, 45.4], [-99.8, 45.559999999999995], [-99.96, 45.559999999999995], [-99.96, 45.4], [-99.8, 45.4]]]}}, {"id": "886", "type": "Feature", "properties": {}, "geometry": {"type": "Polygon", "coordinates": [[[-99.64, 45.4], [-99.64, 45.559999999999995], [-99.8, 45.559999999999995], [-99.8, 45.4], [-99.64, 45.4]]]}}, {"id": "887", "type": "Feature", "properties": {}, "geometry": {"type": "Polygon", "coordinates": [[[-99.48, 45.4], [-99.48, 45.559999999999995], [-99.64, 45.559999999999995], [-99.64, 45.4], [-99.48, 45.4]]]}}, {"id": "888", "type": "Feature", "properties": {}, "geometry": {"type": "Polygon", "coordinates": [[[-99.32000000000001, 45.4], [-99.32000000000001, 45.559999999999995], [-99.48, 45.559999999999995], [-99.48, 45.4], [-99.32000000000001, 45.4]]]}}, {"id": "889", "type": "Feature", "properties": {}, "geometry": {"type": "Polygon", "coordinates": [[[-99.16, 45.4], [-99.16, 45.559999999999995], [-99.32, 45.559999999999995], [-99.32, 45.4], [-99.16, 45.4]]]}}, {"id": "890", "type": "Feature", "properties": {}, "geometry": {"type": "Polygon", "coordinates": [[[-99.0, 45.4], [-99.0, 45.559999999999995], [-99.16, 45.559999999999995], [-99.16, 45.4], [-99.0, 45.4]]]}}, {"id": "891", "type": "Feature", "properties": {}, "geometry": {"type": "Polygon", "coordinates": [[[-98.84, 45.4], [-98.84, 45.559999999999995], [-99.0, 45.559999999999995], [-99.0, 45.4], [-98.84, 45.4]]]}}, {"id": "892", "type": "Feature", "properties": {}, "geometry": {"type": "Polygon", "coordinates": [[[-98.68, 45.4], [-98.68, 45.559999999999995], [-98.84, 45.559999999999995], [-98.84, 45.4], [-98.68, 45.4]]]}}, {"id": "893", "type": "Feature", "properties": {}, "geometry": {"type": "Polygon", "coordinates": [[[-98.52, 45.4], [-98.52, 45.559999999999995], [-98.67999999999999, 45.559999999999995], [-98.67999999999999, 45.4], [-98.52, 45.4]]]}}, {"id": "894", "type": "Feature", "properties": {}, "geometry": {"type": "Polygon", "coordinates": [[[-98.36, 45.4], [-98.36, 45.559999999999995], [-98.52, 45.559999999999995], [-98.52, 45.4], [-98.36, 45.4]]]}}, {"id": "895", "type": "Feature", "properties": {}, "geometry": {"type": "Polygon", "coordinates": [[[-98.04, 45.4], [-98.04, 45.559999999999995], [-98.2, 45.559999999999995], [-98.2, 45.4], [-98.04, 45.4]]]}}, {"id": "896", "type": "Feature", "properties": {}, "geometry": {"type": "Polygon", "coordinates": [[[-97.56, 45.4], [-97.56, 45.559999999999995], [-97.72, 45.559999999999995], [-97.72, 45.4], [-97.56, 45.4]]]}}, {"id": "897", "type": "Feature", "properties": {}, "geometry": {"type": "Polygon", "coordinates": [[[-97.4, 45.4], [-97.4, 45.559999999999995], [-97.56, 45.559999999999995], [-97.56, 45.4], [-97.4, 45.4]]]}}, {"id": "898", "type": "Feature", "properties": {}, "geometry": {"type": "Polygon", "coordinates": [[[-97.24, 45.4], [-97.24, 45.559999999999995], [-97.39999999999999, 45.559999999999995], [-97.39999999999999, 45.4], [-97.24, 45.4]]]}}, {"id": "899", "type": "Feature", "properties": {}, "geometry": {"type": "Polygon", "coordinates": [[[-97.08, 45.4], [-97.08, 45.559999999999995], [-97.24, 45.559999999999995], [-97.24, 45.4], [-97.08, 45.4]]]}}, {"id": "900", "type": "Feature", "properties": {}, "geometry": {"type": "Polygon", "coordinates": [[[-96.76, 45.4], [-96.76, 45.559999999999995], [-96.92, 45.559999999999995], [-96.92, 45.4], [-96.76, 45.4]]]}}, {"id": "901", "type": "Feature", "properties": {}, "geometry": {"type": "Polygon", "coordinates": [[[-96.60000000000001, 45.4], [-96.60000000000001, 45.559999999999995], [-96.76, 45.559999999999995], [-96.76, 45.4], [-96.60000000000001, 45.4]]]}}, {"id": "902", "type": "Feature", "properties": {}, "geometry": {"type": "Polygon", "coordinates": [[[-96.44, 45.4], [-96.44, 45.559999999999995], [-96.6, 45.559999999999995], [-96.6, 45.4], [-96.44, 45.4]]]}}, {"id": "903", "type": "Feature", "properties": {}, "geometry": {"type": "Polygon", "coordinates": [[[-96.28, 45.4], [-96.28, 45.559999999999995], [-96.44, 45.559999999999995], [-96.44, 45.4], [-96.28, 45.4]]]}}, {"id": "904", "type": "Feature", "properties": {}, "geometry": {"type": "Polygon", "coordinates": [[[-94.2, 45.4], [-94.2, 45.559999999999995], [-94.36, 45.559999999999995], [-94.36, 45.4], [-94.2, 45.4]]]}}, {"id": "905", "type": "Feature", "properties": {}, "geometry": {"type": "Polygon", "coordinates": [[[-94.04, 45.4], [-94.04, 45.559999999999995], [-94.2, 45.559999999999995], [-94.2, 45.4], [-94.04, 45.4]]]}}, {"id": "906", "type": "Feature", "properties": {}, "geometry": {"type": "Polygon", "coordinates": [[[-93.88, 45.4], [-93.88, 45.559999999999995], [-94.03999999999999, 45.559999999999995], [-94.03999999999999, 45.4], [-93.88, 45.4]]]}}, {"id": "907", "type": "Feature", "properties": {}, "geometry": {"type": "Polygon", "coordinates": [[[-93.72, 45.4], [-93.72, 45.559999999999995], [-93.88, 45.559999999999995], [-93.88, 45.4], [-93.72, 45.4]]]}}, {"id": "908", "type": "Feature", "properties": {}, "geometry": {"type": "Polygon", "coordinates": [[[-93.56, 45.4], [-93.56, 45.559999999999995], [-93.72, 45.559999999999995], [-93.72, 45.4], [-93.56, 45.4]]]}}, {"id": "909", "type": "Feature", "properties": {}, "geometry": {"type": "Polygon", "coordinates": [[[-93.4, 45.4], [-93.4, 45.559999999999995], [-93.56, 45.559999999999995], [-93.56, 45.4], [-93.4, 45.4]]]}}, {"id": "910", "type": "Feature", "properties": {}, "geometry": {"type": "Polygon", "coordinates": [[[-93.24, 45.4], [-93.24, 45.559999999999995], [-93.39999999999999, 45.559999999999995], [-93.39999999999999, 45.4], [-93.24, 45.4]]]}}, {"id": "911", "type": "Feature", "properties": {}, "geometry": {"type": "Polygon", "coordinates": [[[-93.08, 45.4], [-93.08, 45.559999999999995], [-93.24, 45.559999999999995], [-93.24, 45.4], [-93.08, 45.4]]]}}, {"id": "912", "type": "Feature", "properties": {}, "geometry": {"type": "Polygon", "coordinates": [[[-92.92, 45.4], [-92.92, 45.559999999999995], [-93.08, 45.559999999999995], [-93.08, 45.4], [-92.92, 45.4]]]}}, {"id": "913", "type": "Feature", "properties": {}, "geometry": {"type": "Polygon", "coordinates": [[[-92.76, 45.4], [-92.76, 45.559999999999995], [-92.92, 45.559999999999995], [-92.92, 45.4], [-92.76, 45.4]]]}}, {"id": "914", "type": "Feature", "properties": {}, "geometry": {"type": "Polygon", "coordinates": [[[-92.60000000000001, 45.4], [-92.60000000000001, 45.559999999999995], [-92.76, 45.559999999999995], [-92.76, 45.4], [-92.60000000000001, 45.4]]]}}, {"id": "915", "type": "Feature", "properties": {}, "geometry": {"type": "Polygon", "coordinates": [[[-92.44, 45.4], [-92.44, 45.559999999999995], [-92.6, 45.559999999999995], [-92.6, 45.4], [-92.44, 45.4]]]}}, {"id": "916", "type": "Feature", "properties": {}, "geometry": {"type": "Polygon", "coordinates": [[[-92.28, 45.4], [-92.28, 45.559999999999995], [-92.44, 45.559999999999995], [-92.44, 45.4], [-92.28, 45.4]]]}}, {"id": "917", "type": "Feature", "properties": {}, "geometry": {"type": "Polygon", "coordinates": [[[-92.12, 45.4], [-92.12, 45.559999999999995], [-92.28, 45.559999999999995], [-92.28, 45.4], [-92.12, 45.4]]]}}, {"id": "918", "type": "Feature", "properties": {}, "geometry": {"type": "Polygon", "coordinates": [[[-91.96, 45.4], [-91.96, 45.559999999999995], [-92.11999999999999, 45.559999999999995], [-92.11999999999999, 45.4], [-91.96, 45.4]]]}}, {"id": "919", "type": "Feature", "properties": {}, "geometry": {"type": "Polygon", "coordinates": [[[-91.8, 45.4], [-91.8, 45.559999999999995], [-91.96, 45.559999999999995], [-91.96, 45.4], [-91.8, 45.4]]]}}, {"id": "920", "type": "Feature", "properties": {}, "geometry": {"type": "Polygon", "coordinates": [[[-91.64, 45.4], [-91.64, 45.559999999999995], [-91.8, 45.559999999999995], [-91.8, 45.4], [-91.64, 45.4]]]}}, {"id": "921", "type": "Feature", "properties": {}, "geometry": {"type": "Polygon", "coordinates": [[[-91.48, 45.4], [-91.48, 45.559999999999995], [-91.64, 45.559999999999995], [-91.64, 45.4], [-91.48, 45.4]]]}}, {"id": "922", "type": "Feature", "properties": {}, "geometry": {"type": "Polygon", "coordinates": [[[-91.32000000000001, 45.4], [-91.32000000000001, 45.559999999999995], [-91.48, 45.559999999999995], [-91.48, 45.4], [-91.32000000000001, 45.4]]]}}, {"id": "923", "type": "Feature", "properties": {}, "geometry": {"type": "Polygon", "coordinates": [[[-91.16, 45.4], [-91.16, 45.559999999999995], [-91.32, 45.559999999999995], [-91.32, 45.4], [-91.16, 45.4]]]}}, {"id": "924", "type": "Feature", "properties": {}, "geometry": {"type": "Polygon", "coordinates": [[[-91.0, 45.4], [-91.0, 45.559999999999995], [-91.16, 45.559999999999995], [-91.16, 45.4], [-91.0, 45.4]]]}}, {"id": "925", "type": "Feature", "properties": {}, "geometry": {"type": "Polygon", "coordinates": [[[-90.84, 45.4], [-90.84, 45.559999999999995], [-91.0, 45.559999999999995], [-91.0, 45.4], [-90.84, 45.4]]]}}, {"id": "926", "type": "Feature", "properties": {}, "geometry": {"type": "Polygon", "coordinates": [[[-90.68, 45.4], [-90.68, 45.559999999999995], [-90.84, 45.559999999999995], [-90.84, 45.4], [-90.68, 45.4]]]}}, {"id": "927", "type": "Feature", "properties": {}, "geometry": {"type": "Polygon", "coordinates": [[[-90.52, 45.4], [-90.52, 45.559999999999995], [-90.67999999999999, 45.559999999999995], [-90.67999999999999, 45.4], [-90.52, 45.4]]]}}, {"id": "928", "type": "Feature", "properties": {}, "geometry": {"type": "Polygon", "coordinates": [[[-90.36, 45.4], [-90.36, 45.559999999999995], [-90.52, 45.559999999999995], [-90.52, 45.4], [-90.36, 45.4]]]}}, {"id": "929", "type": "Feature", "properties": {}, "geometry": {"type": "Polygon", "coordinates": [[[-90.2, 45.4], [-90.2, 45.559999999999995], [-90.36, 45.559999999999995], [-90.36, 45.4], [-90.2, 45.4]]]}}, {"id": "930", "type": "Feature", "properties": {}, "geometry": {"type": "Polygon", "coordinates": [[[-90.04, 45.4], [-90.04, 45.559999999999995], [-90.2, 45.559999999999995], [-90.2, 45.4], [-90.04, 45.4]]]}}, {"id": "931", "type": "Feature", "properties": {}, "geometry": {"type": "Polygon", "coordinates": [[[-89.88, 45.4], [-89.88, 45.559999999999995], [-90.03999999999999, 45.559999999999995], [-90.03999999999999, 45.4], [-89.88, 45.4]]]}}, {"id": "932", "type": "Feature", "properties": {}, "geometry": {"type": "Polygon", "coordinates": [[[-89.72, 45.4], [-89.72, 45.559999999999995], [-89.88, 45.559999999999995], [-89.88, 45.4], [-89.72, 45.4]]]}}, {"id": "933", "type": "Feature", "properties": {}, "geometry": {"type": "Polygon", "coordinates": [[[-89.56, 45.4], [-89.56, 45.559999999999995], [-89.72, 45.559999999999995], [-89.72, 45.4], [-89.56, 45.4]]]}}, {"id": "934", "type": "Feature", "properties": {}, "geometry": {"type": "Polygon", "coordinates": [[[-89.4, 45.4], [-89.4, 45.559999999999995], [-89.56, 45.559999999999995], [-89.56, 45.4], [-89.4, 45.4]]]}}, {"id": "935", "type": "Feature", "properties": {}, "geometry": {"type": "Polygon", "coordinates": [[[-89.24, 45.4], [-89.24, 45.559999999999995], [-89.39999999999999, 45.559999999999995], [-89.39999999999999, 45.4], [-89.24, 45.4]]]}}, {"id": "936", "type": "Feature", "properties": {}, "geometry": {"type": "Polygon", "coordinates": [[[-89.08, 45.4], [-89.08, 45.559999999999995], [-89.24, 45.559999999999995], [-89.24, 45.4], [-89.08, 45.4]]]}}, {"id": "937", "type": "Feature", "properties": {}, "geometry": {"type": "Polygon", "coordinates": [[[-88.92, 45.4], [-88.92, 45.559999999999995], [-89.08, 45.559999999999995], [-89.08, 45.4], [-88.92, 45.4]]]}}, {"id": "938", "type": "Feature", "properties": {}, "geometry": {"type": "Polygon", "coordinates": [[[-88.76, 45.4], [-88.76, 45.559999999999995], [-88.92, 45.559999999999995], [-88.92, 45.4], [-88.76, 45.4]]]}}, {"id": "939", "type": "Feature", "properties": {}, "geometry": {"type": "Polygon", "coordinates": [[[-88.60000000000001, 45.4], [-88.60000000000001, 45.559999999999995], [-88.76, 45.559999999999995], [-88.76, 45.4], [-88.60000000000001, 45.4]]]}}, {"id": "940", "type": "Feature", "properties": {}, "geometry": {"type": "Polygon", "coordinates": [[[-88.44, 45.4], [-88.44, 45.559999999999995], [-88.6, 45.559999999999995], [-88.6, 45.4], [-88.44, 45.4]]]}}, {"id": "941", "type": "Feature", "properties": {}, "geometry": {"type": "Polygon", "coordinates": [[[-88.28, 45.4], [-88.28, 45.559999999999995], [-88.44, 45.559999999999995], [-88.44, 45.4], [-88.28, 45.4]]]}}, {"id": "942", "type": "Feature", "properties": {}, "geometry": {"type": "Polygon", "coordinates": [[[-88.12, 45.4], [-88.12, 45.559999999999995], [-88.28, 45.559999999999995], [-88.28, 45.4], [-88.12, 45.4]]]}}, {"id": "943", "type": "Feature", "properties": {}, "geometry": {"type": "Polygon", "coordinates": [[[-87.96, 45.4], [-87.96, 45.559999999999995], [-88.11999999999999, 45.559999999999995], [-88.11999999999999, 45.4], [-87.96, 45.4]]]}}, {"id": "944", "type": "Feature", "properties": {}, "geometry": {"type": "Polygon", "coordinates": [[[-87.8, 45.4], [-87.8, 45.559999999999995], [-87.96, 45.559999999999995], [-87.96, 45.4], [-87.8, 45.4]]]}}, {"id": "945", "type": "Feature", "properties": {}, "geometry": {"type": "Polygon", "coordinates": [[[-87.64, 45.4], [-87.64, 45.559999999999995], [-87.8, 45.559999999999995], [-87.8, 45.4], [-87.64, 45.4]]]}}, {"id": "946", "type": "Feature", "properties": {}, "geometry": {"type": "Polygon", "coordinates": [[[-87.48, 45.4], [-87.48, 45.559999999999995], [-87.64, 45.559999999999995], [-87.64, 45.4], [-87.48, 45.4]]]}}, {"id": "947", "type": "Feature", "properties": {}, "geometry": {"type": "Polygon", "coordinates": [[[-87.32000000000001, 45.4], [-87.32000000000001, 45.559999999999995], [-87.48, 45.559999999999995], [-87.48, 45.4], [-87.32000000000001, 45.4]]]}}, {"id": "948", "type": "Feature", "properties": {}, "geometry": {"type": "Polygon", "coordinates": [[[-87.16, 45.4], [-87.16, 45.559999999999995], [-87.32, 45.559999999999995], [-87.32, 45.4], [-87.16, 45.4]]]}}, {"id": "949", "type": "Feature", "properties": {}, "geometry": {"type": "Polygon", "coordinates": [[[-87.0, 45.4], [-87.0, 45.559999999999995], [-87.16, 45.559999999999995], [-87.16, 45.4], [-87.0, 45.4]]]}}, {"id": "950", "type": "Feature", "properties": {}, "geometry": {"type": "Polygon", "coordinates": [[[-86.84, 45.4], [-86.84, 45.559999999999995], [-87.0, 45.559999999999995], [-87.0, 45.4], [-86.84, 45.4]]]}}, {"id": "951", "type": "Feature", "properties": {}, "geometry": {"type": "Polygon", "coordinates": [[[-86.67999999999999, 45.4], [-86.67999999999999, 45.559999999999995], [-86.83999999999999, 45.559999999999995], [-86.83999999999999, 45.4], [-86.67999999999999, 45.4]]]}}, {"id": "952", "type": "Feature", "properties": {}, "geometry": {"type": "Polygon", "coordinates": [[[-86.52, 45.4], [-86.52, 45.559999999999995], [-86.67999999999999, 45.559999999999995], [-86.67999999999999, 45.4], [-86.52, 45.4]]]}}, {"id": "953", "type": "Feature", "properties": {}, "geometry": {"type": "Polygon", "coordinates": [[[-86.36, 45.4], [-86.36, 45.559999999999995], [-86.52, 45.559999999999995], [-86.52, 45.4], [-86.36, 45.4]]]}}, {"id": "954", "type": "Feature", "properties": {}, "geometry": {"type": "Polygon", "coordinates": [[[-86.2, 45.4], [-86.2, 45.559999999999995], [-86.36, 45.559999999999995], [-86.36, 45.4], [-86.2, 45.4]]]}}, {"id": "955", "type": "Feature", "properties": {}, "geometry": {"type": "Polygon", "coordinates": [[[-86.04, 45.4], [-86.04, 45.559999999999995], [-86.2, 45.559999999999995], [-86.2, 45.4], [-86.04, 45.4]]]}}, {"id": "956", "type": "Feature", "properties": {}, "geometry": {"type": "Polygon", "coordinates": [[[-85.88000000000001, 45.4], [-85.88000000000001, 45.559999999999995], [-86.04, 45.559999999999995], [-86.04, 45.4], [-85.88000000000001, 45.4]]]}}, {"id": "957", "type": "Feature", "properties": {}, "geometry": {"type": "Polygon", "coordinates": [[[-85.72, 45.4], [-85.72, 45.559999999999995], [-85.88, 45.559999999999995], [-85.88, 45.4], [-85.72, 45.4]]]}}, {"id": "958", "type": "Feature", "properties": {}, "geometry": {"type": "Polygon", "coordinates": [[[-85.56, 45.4], [-85.56, 45.559999999999995], [-85.72, 45.559999999999995], [-85.72, 45.4], [-85.56, 45.4]]]}}, {"id": "959", "type": "Feature", "properties": {}, "geometry": {"type": "Polygon", "coordinates": [[[-85.4, 45.4], [-85.4, 45.559999999999995], [-85.56, 45.559999999999995], [-85.56, 45.4], [-85.4, 45.4]]]}}, {"id": "960", "type": "Feature", "properties": {}, "geometry": {"type": "Polygon", "coordinates": [[[-85.24, 45.4], [-85.24, 45.559999999999995], [-85.39999999999999, 45.559999999999995], [-85.39999999999999, 45.4], [-85.24, 45.4]]]}}, {"id": "961", "type": "Feature", "properties": {}, "geometry": {"type": "Polygon", "coordinates": [[[-85.08, 45.4], [-85.08, 45.559999999999995], [-85.24, 45.559999999999995], [-85.24, 45.4], [-85.08, 45.4]]]}}, {"id": "962", "type": "Feature", "properties": {}, "geometry": {"type": "Polygon", "coordinates": [[[-84.92, 45.4], [-84.92, 45.559999999999995], [-85.08, 45.559999999999995], [-85.08, 45.4], [-84.92, 45.4]]]}}, {"id": "963", "type": "Feature", "properties": {}, "geometry": {"type": "Polygon", "coordinates": [[[-84.76, 45.4], [-84.76, 45.559999999999995], [-84.92, 45.559999999999995], [-84.92, 45.4], [-84.76, 45.4]]]}}, {"id": "964", "type": "Feature", "properties": {}, "geometry": {"type": "Polygon", "coordinates": [[[-84.60000000000001, 45.4], [-84.60000000000001, 45.559999999999995], [-84.76, 45.559999999999995], [-84.76, 45.4], [-84.60000000000001, 45.4]]]}}, {"id": "965", "type": "Feature", "properties": {}, "geometry": {"type": "Polygon", "coordinates": [[[-84.44, 45.4], [-84.44, 45.559999999999995], [-84.6, 45.559999999999995], [-84.6, 45.4], [-84.44, 45.4]]]}}, {"id": "966", "type": "Feature", "properties": {}, "geometry": {"type": "Polygon", "coordinates": [[[-84.28, 45.4], [-84.28, 45.559999999999995], [-84.44, 45.559999999999995], [-84.44, 45.4], [-84.28, 45.4]]]}}, {"id": "967", "type": "Feature", "properties": {}, "geometry": {"type": "Polygon", "coordinates": [[[-84.12, 45.4], [-84.12, 45.559999999999995], [-84.28, 45.559999999999995], [-84.28, 45.4], [-84.12, 45.4]]]}}, {"id": "968", "type": "Feature", "properties": {}, "geometry": {"type": "Polygon", "coordinates": [[[-83.96, 45.4], [-83.96, 45.559999999999995], [-84.11999999999999, 45.559999999999995], [-84.11999999999999, 45.4], [-83.96, 45.4]]]}}, {"id": "969", "type": "Feature", "properties": {}, "geometry": {"type": "Polygon", "coordinates": [[[-102.84, 45.24], [-102.84, 45.4], [-103.0, 45.4], [-103.0, 45.24], [-102.84, 45.24]]]}}, {"id": "970", "type": "Feature", "properties": {}, "geometry": {"type": "Polygon", "coordinates": [[[-102.68, 45.24], [-102.68, 45.4], [-102.84, 45.4], [-102.84, 45.24], [-102.68, 45.24]]]}}, {"id": "971", "type": "Feature", "properties": {}, "geometry": {"type": "Polygon", "coordinates": [[[-102.52, 45.24], [-102.52, 45.4], [-102.67999999999999, 45.4], [-102.67999999999999, 45.24], [-102.52, 45.24]]]}}, {"id": "972", "type": "Feature", "properties": {}, "geometry": {"type": "Polygon", "coordinates": [[[-102.36, 45.24], [-102.36, 45.4], [-102.52, 45.4], [-102.52, 45.24], [-102.36, 45.24]]]}}, {"id": "973", "type": "Feature", "properties": {}, "geometry": {"type": "Polygon", "coordinates": [[[-102.2, 45.24], [-102.2, 45.4], [-102.36, 45.4], [-102.36, 45.24], [-102.2, 45.24]]]}}, {"id": "974", "type": "Feature", "properties": {}, "geometry": {"type": "Polygon", "coordinates": [[[-102.04, 45.24], [-102.04, 45.4], [-102.2, 45.4], [-102.2, 45.24], [-102.04, 45.24]]]}}, {"id": "975", "type": "Feature", "properties": {}, "geometry": {"type": "Polygon", "coordinates": [[[-101.88, 45.24], [-101.88, 45.4], [-102.03999999999999, 45.4], [-102.03999999999999, 45.24], [-101.88, 45.24]]]}}, {"id": "976", "type": "Feature", "properties": {}, "geometry": {"type": "Polygon", "coordinates": [[[-101.72, 45.24], [-101.72, 45.4], [-101.88, 45.4], [-101.88, 45.24], [-101.72, 45.24]]]}}, {"id": "977", "type": "Feature", "properties": {}, "geometry": {"type": "Polygon", "coordinates": [[[-101.56, 45.24], [-101.56, 45.4], [-101.72, 45.4], [-101.72, 45.24], [-101.56, 45.24]]]}}, {"id": "978", "type": "Feature", "properties": {}, "geometry": {"type": "Polygon", "coordinates": [[[-101.4, 45.24], [-101.4, 45.4], [-101.56, 45.4], [-101.56, 45.24], [-101.4, 45.24]]]}}, {"id": "979", "type": "Feature", "properties": {}, "geometry": {"type": "Polygon", "coordinates": [[[-101.24, 45.24], [-101.24, 45.4], [-101.39999999999999, 45.4], [-101.39999999999999, 45.24], [-101.24, 45.24]]]}}, {"id": "980", "type": "Feature", "properties": {}, "geometry": {"type": "Polygon", "coordinates": [[[-101.08, 45.24], [-101.08, 45.4], [-101.24, 45.4], [-101.24, 45.24], [-101.08, 45.24]]]}}, {"id": "981", "type": "Feature", "properties": {}, "geometry": {"type": "Polygon", "coordinates": [[[-100.92, 45.24], [-100.92, 45.4], [-101.08, 45.4], [-101.08, 45.24], [-100.92, 45.24]]]}}, {"id": "982", "type": "Feature", "properties": {}, "geometry": {"type": "Polygon", "coordinates": [[[-100.76, 45.24], [-100.76, 45.4], [-100.92, 45.4], [-100.92, 45.24], [-100.76, 45.24]]]}}, {"id": "983", "type": "Feature", "properties": {}, "geometry": {"type": "Polygon", "coordinates": [[[-100.60000000000001, 45.24], [-100.60000000000001, 45.4], [-100.76, 45.4], [-100.76, 45.24], [-100.60000000000001, 45.24]]]}}, {"id": "984", "type": "Feature", "properties": {}, "geometry": {"type": "Polygon", "coordinates": [[[-100.44, 45.24], [-100.44, 45.4], [-100.6, 45.4], [-100.6, 45.24], [-100.44, 45.24]]]}}, {"id": "985", "type": "Feature", "properties": {}, "geometry": {"type": "Polygon", "coordinates": [[[-100.28, 45.24], [-100.28, 45.4], [-100.44, 45.4], [-100.44, 45.24], [-100.28, 45.24]]]}}, {"id": "986", "type": "Feature", "properties": {}, "geometry": {"type": "Polygon", "coordinates": [[[-100.12, 45.24], [-100.12, 45.4], [-100.28, 45.4], [-100.28, 45.24], [-100.12, 45.24]]]}}, {"id": "987", "type": "Feature", "properties": {}, "geometry": {"type": "Polygon", "coordinates": [[[-99.96000000000001, 45.24], [-99.96000000000001, 45.4], [-100.12, 45.4], [-100.12, 45.24], [-99.96000000000001, 45.24]]]}}, {"id": "988", "type": "Feature", "properties": {}, "geometry": {"type": "Polygon", "coordinates": [[[-99.8, 45.24], [-99.8, 45.4], [-99.96, 45.4], [-99.96, 45.24], [-99.8, 45.24]]]}}, {"id": "989", "type": "Feature", "properties": {}, "geometry": {"type": "Polygon", "coordinates": [[[-99.64, 45.24], [-99.64, 45.4], [-99.8, 45.4], [-99.8, 45.24], [-99.64, 45.24]]]}}, {"id": "990", "type": "Feature", "properties": {}, "geometry": {"type": "Polygon", "coordinates": [[[-99.48, 45.24], [-99.48, 45.4], [-99.64, 45.4], [-99.64, 45.24], [-99.48, 45.24]]]}}, {"id": "991", "type": "Feature", "properties": {}, "geometry": {"type": "Polygon", "coordinates": [[[-99.16, 45.24], [-99.16, 45.4], [-99.32, 45.4], [-99.32, 45.24], [-99.16, 45.24]]]}}, {"id": "992", "type": "Feature", "properties": {}, "geometry": {"type": "Polygon", "coordinates": [[[-99.0, 45.24], [-99.0, 45.4], [-99.16, 45.4], [-99.16, 45.24], [-99.0, 45.24]]]}}, {"id": "993", "type": "Feature", "properties": {}, "geometry": {"type": "Polygon", "coordinates": [[[-98.84, 45.24], [-98.84, 45.4], [-99.0, 45.4], [-99.0, 45.24], [-98.84, 45.24]]]}}, {"id": "994", "type": "Feature", "properties": {}, "geometry": {"type": "Polygon", "coordinates": [[[-98.68, 45.24], [-98.68, 45.4], [-98.84, 45.4], [-98.84, 45.24], [-98.68, 45.24]]]}}, {"id": "995", "type": "Feature", "properties": {}, "geometry": {"type": "Polygon", "coordinates": [[[-98.52, 45.24], [-98.52, 45.4], [-98.67999999999999, 45.4], [-98.67999999999999, 45.24], [-98.52, 45.24]]]}}, {"id": "996", "type": "Feature", "properties": {}, "geometry": {"type": "Polygon", "coordinates": [[[-98.04, 45.24], [-98.04, 45.4], [-98.2, 45.4], [-98.2, 45.24], [-98.04, 45.24]]]}}, {"id": "997", "type": "Feature", "properties": {}, "geometry": {"type": "Polygon", "coordinates": [[[-97.88, 45.24], [-97.88, 45.4], [-98.03999999999999, 45.4], [-98.03999999999999, 45.24], [-97.88, 45.24]]]}}, {"id": "998", "type": "Feature", "properties": {}, "geometry": {"type": "Polygon", "coordinates": [[[-97.72, 45.24], [-97.72, 45.4], [-97.88, 45.4], [-97.88, 45.24], [-97.72, 45.24]]]}}, {"id": "999", "type": "Feature", "properties": {}, "geometry": {"type": "Polygon", "coordinates": [[[-97.4, 45.24], [-97.4, 45.4], [-97.56, 45.4], [-97.56, 45.24], [-97.4, 45.24]]]}}, {"id": "1000", "type": "Feature", "properties": {}, "geometry": {"type": "Polygon", "coordinates": [[[-97.24, 45.24], [-97.24, 45.4], [-97.39999999999999, 45.4], [-97.39999999999999, 45.24], [-97.24, 45.24]]]}}, {"id": "1001", "type": "Feature", "properties": {}, "geometry": {"type": "Polygon", "coordinates": [[[-97.08, 45.24], [-97.08, 45.4], [-97.24, 45.4], [-97.24, 45.24], [-97.08, 45.24]]]}}, {"id": "1002", "type": "Feature", "properties": {}, "geometry": {"type": "Polygon", "coordinates": [[[-96.92, 45.24], [-96.92, 45.4], [-97.08, 45.4], [-97.08, 45.24], [-96.92, 45.24]]]}}, {"id": "1003", "type": "Feature", "properties": {}, "geometry": {"type": "Polygon", "coordinates": [[[-96.76, 45.24], [-96.76, 45.4], [-96.92, 45.4], [-96.92, 45.24], [-96.76, 45.24]]]}}, {"id": "1004", "type": "Feature", "properties": {}, "geometry": {"type": "Polygon", "coordinates": [[[-96.60000000000001, 45.24], [-96.60000000000001, 45.4], [-96.76, 45.4], [-96.76, 45.24], [-96.60000000000001, 45.24]]]}}, {"id": "1005", "type": "Feature", "properties": {}, "geometry": {"type": "Polygon", "coordinates": [[[-96.44, 45.24], [-96.44, 45.4], [-96.6, 45.4], [-96.6, 45.24], [-96.44, 45.24]]]}}, {"id": "1006", "type": "Feature", "properties": {}, "geometry": {"type": "Polygon", "coordinates": [[[-96.28, 45.24], [-96.28, 45.4], [-96.44, 45.4], [-96.44, 45.24], [-96.28, 45.24]]]}}, {"id": "1007", "type": "Feature", "properties": {}, "geometry": {"type": "Polygon", "coordinates": [[[-96.12, 45.24], [-96.12, 45.4], [-96.28, 45.4], [-96.28, 45.24], [-96.12, 45.24]]]}}, {"id": "1008", "type": "Feature", "properties": {}, "geometry": {"type": "Polygon", "coordinates": [[[-94.36, 45.24], [-94.36, 45.4], [-94.52, 45.4], [-94.52, 45.24], [-94.36, 45.24]]]}}, {"id": "1009", "type": "Feature", "properties": {}, "geometry": {"type": "Polygon", "coordinates": [[[-94.2, 45.24], [-94.2, 45.4], [-94.36, 45.4], [-94.36, 45.24], [-94.2, 45.24]]]}}, {"id": "1010", "type": "Feature", "properties": {}, "geometry": {"type": "Polygon", "coordinates": [[[-94.04, 45.24], [-94.04, 45.4], [-94.2, 45.4], [-94.2, 45.24], [-94.04, 45.24]]]}}, {"id": "1011", "type": "Feature", "properties": {}, "geometry": {"type": "Polygon", "coordinates": [[[-93.88, 45.24], [-93.88, 45.4], [-94.03999999999999, 45.4], [-94.03999999999999, 45.24], [-93.88, 45.24]]]}}, {"id": "1012", "type": "Feature", "properties": {}, "geometry": {"type": "Polygon", "coordinates": [[[-93.72, 45.24], [-93.72, 45.4], [-93.88, 45.4], [-93.88, 45.24], [-93.72, 45.24]]]}}, {"id": "1013", "type": "Feature", "properties": {}, "geometry": {"type": "Polygon", "coordinates": [[[-93.56, 45.24], [-93.56, 45.4], [-93.72, 45.4], [-93.72, 45.24], [-93.56, 45.24]]]}}, {"id": "1014", "type": "Feature", "properties": {}, "geometry": {"type": "Polygon", "coordinates": [[[-93.4, 45.24], [-93.4, 45.4], [-93.56, 45.4], [-93.56, 45.24], [-93.4, 45.24]]]}}, {"id": "1015", "type": "Feature", "properties": {}, "geometry": {"type": "Polygon", "coordinates": [[[-93.24, 45.24], [-93.24, 45.4], [-93.39999999999999, 45.4], [-93.39999999999999, 45.24], [-93.24, 45.24]]]}}, {"id": "1016", "type": "Feature", "properties": {}, "geometry": {"type": "Polygon", "coordinates": [[[-93.08, 45.24], [-93.08, 45.4], [-93.24, 45.4], [-93.24, 45.24], [-93.08, 45.24]]]}}, {"id": "1017", "type": "Feature", "properties": {}, "geometry": {"type": "Polygon", "coordinates": [[[-92.92, 45.24], [-92.92, 45.4], [-93.08, 45.4], [-93.08, 45.24], [-92.92, 45.24]]]}}, {"id": "1018", "type": "Feature", "properties": {}, "geometry": {"type": "Polygon", "coordinates": [[[-92.76, 45.24], [-92.76, 45.4], [-92.92, 45.4], [-92.92, 45.24], [-92.76, 45.24]]]}}, {"id": "1019", "type": "Feature", "properties": {}, "geometry": {"type": "Polygon", "coordinates": [[[-92.60000000000001, 45.24], [-92.60000000000001, 45.4], [-92.76, 45.4], [-92.76, 45.24], [-92.60000000000001, 45.24]]]}}, {"id": "1020", "type": "Feature", "properties": {}, "geometry": {"type": "Polygon", "coordinates": [[[-92.44, 45.24], [-92.44, 45.4], [-92.6, 45.4], [-92.6, 45.24], [-92.44, 45.24]]]}}, {"id": "1021", "type": "Feature", "properties": {}, "geometry": {"type": "Polygon", "coordinates": [[[-92.28, 45.24], [-92.28, 45.4], [-92.44, 45.4], [-92.44, 45.24], [-92.28, 45.24]]]}}, {"id": "1022", "type": "Feature", "properties": {}, "geometry": {"type": "Polygon", "coordinates": [[[-92.12, 45.24], [-92.12, 45.4], [-92.28, 45.4], [-92.28, 45.24], [-92.12, 45.24]]]}}, {"id": "1023", "type": "Feature", "properties": {}, "geometry": {"type": "Polygon", "coordinates": [[[-91.96, 45.24], [-91.96, 45.4], [-92.11999999999999, 45.4], [-92.11999999999999, 45.24], [-91.96, 45.24]]]}}, {"id": "1024", "type": "Feature", "properties": {}, "geometry": {"type": "Polygon", "coordinates": [[[-91.8, 45.24], [-91.8, 45.4], [-91.96, 45.4], [-91.96, 45.24], [-91.8, 45.24]]]}}, {"id": "1025", "type": "Feature", "properties": {}, "geometry": {"type": "Polygon", "coordinates": [[[-91.64, 45.24], [-91.64, 45.4], [-91.8, 45.4], [-91.8, 45.24], [-91.64, 45.24]]]}}, {"id": "1026", "type": "Feature", "properties": {}, "geometry": {"type": "Polygon", "coordinates": [[[-91.48, 45.24], [-91.48, 45.4], [-91.64, 45.4], [-91.64, 45.24], [-91.48, 45.24]]]}}, {"id": "1027", "type": "Feature", "properties": {}, "geometry": {"type": "Polygon", "coordinates": [[[-91.32000000000001, 45.24], [-91.32000000000001, 45.4], [-91.48, 45.4], [-91.48, 45.24], [-91.32000000000001, 45.24]]]}}, {"id": "1028", "type": "Feature", "properties": {}, "geometry": {"type": "Polygon", "coordinates": [[[-91.16, 45.24], [-91.16, 45.4], [-91.32, 45.4], [-91.32, 45.24], [-91.16, 45.24]]]}}, {"id": "1029", "type": "Feature", "properties": {}, "geometry": {"type": "Polygon", "coordinates": [[[-91.0, 45.24], [-91.0, 45.4], [-91.16, 45.4], [-91.16, 45.24], [-91.0, 45.24]]]}}, {"id": "1030", "type": "Feature", "properties": {}, "geometry": {"type": "Polygon", "coordinates": [[[-90.84, 45.24], [-90.84, 45.4], [-91.0, 45.4], [-91.0, 45.24], [-90.84, 45.24]]]}}, {"id": "1031", "type": "Feature", "properties": {}, "geometry": {"type": "Polygon", "coordinates": [[[-90.68, 45.24], [-90.68, 45.4], [-90.84, 45.4], [-90.84, 45.24], [-90.68, 45.24]]]}}, {"id": "1032", "type": "Feature", "properties": {}, "geometry": {"type": "Polygon", "coordinates": [[[-90.52, 45.24], [-90.52, 45.4], [-90.67999999999999, 45.4], [-90.67999999999999, 45.24], [-90.52, 45.24]]]}}, {"id": "1033", "type": "Feature", "properties": {}, "geometry": {"type": "Polygon", "coordinates": [[[-90.36, 45.24], [-90.36, 45.4], [-90.52, 45.4], [-90.52, 45.24], [-90.36, 45.24]]]}}, {"id": "1034", "type": "Feature", "properties": {}, "geometry": {"type": "Polygon", "coordinates": [[[-90.2, 45.24], [-90.2, 45.4], [-90.36, 45.4], [-90.36, 45.24], [-90.2, 45.24]]]}}, {"id": "1035", "type": "Feature", "properties": {}, "geometry": {"type": "Polygon", "coordinates": [[[-90.04, 45.24], [-90.04, 45.4], [-90.2, 45.4], [-90.2, 45.24], [-90.04, 45.24]]]}}, {"id": "1036", "type": "Feature", "properties": {}, "geometry": {"type": "Polygon", "coordinates": [[[-89.88, 45.24], [-89.88, 45.4], [-90.03999999999999, 45.4], [-90.03999999999999, 45.24], [-89.88, 45.24]]]}}, {"id": "1037", "type": "Feature", "properties": {}, "geometry": {"type": "Polygon", "coordinates": [[[-89.72, 45.24], [-89.72, 45.4], [-89.88, 45.4], [-89.88, 45.24], [-89.72, 45.24]]]}}, {"id": "1038", "type": "Feature", "properties": {}, "geometry": {"type": "Polygon", "coordinates": [[[-89.56, 45.24], [-89.56, 45.4], [-89.72, 45.4], [-89.72, 45.24], [-89.56, 45.24]]]}}, {"id": "1039", "type": "Feature", "properties": {}, "geometry": {"type": "Polygon", "coordinates": [[[-89.4, 45.24], [-89.4, 45.4], [-89.56, 45.4], [-89.56, 45.24], [-89.4, 45.24]]]}}, {"id": "1040", "type": "Feature", "properties": {}, "geometry": {"type": "Polygon", "coordinates": [[[-89.24, 45.24], [-89.24, 45.4], [-89.39999999999999, 45.4], [-89.39999999999999, 45.24], [-89.24, 45.24]]]}}, {"id": "1041", "type": "Feature", "properties": {}, "geometry": {"type": "Polygon", "coordinates": [[[-89.08, 45.24], [-89.08, 45.4], [-89.24, 45.4], [-89.24, 45.24], [-89.08, 45.24]]]}}, {"id": "1042", "type": "Feature", "properties": {}, "geometry": {"type": "Polygon", "coordinates": [[[-88.92, 45.24], [-88.92, 45.4], [-89.08, 45.4], [-89.08, 45.24], [-88.92, 45.24]]]}}, {"id": "1043", "type": "Feature", "properties": {}, "geometry": {"type": "Polygon", "coordinates": [[[-88.76, 45.24], [-88.76, 45.4], [-88.92, 45.4], [-88.92, 45.24], [-88.76, 45.24]]]}}, {"id": "1044", "type": "Feature", "properties": {}, "geometry": {"type": "Polygon", "coordinates": [[[-88.60000000000001, 45.24], [-88.60000000000001, 45.4], [-88.76, 45.4], [-88.76, 45.24], [-88.60000000000001, 45.24]]]}}, {"id": "1045", "type": "Feature", "properties": {}, "geometry": {"type": "Polygon", "coordinates": [[[-88.44, 45.24], [-88.44, 45.4], [-88.6, 45.4], [-88.6, 45.24], [-88.44, 45.24]]]}}, {"id": "1046", "type": "Feature", "properties": {}, "geometry": {"type": "Polygon", "coordinates": [[[-88.28, 45.24], [-88.28, 45.4], [-88.44, 45.4], [-88.44, 45.24], [-88.28, 45.24]]]}}, {"id": "1047", "type": "Feature", "properties": {}, "geometry": {"type": "Polygon", "coordinates": [[[-88.12, 45.24], [-88.12, 45.4], [-88.28, 45.4], [-88.28, 45.24], [-88.12, 45.24]]]}}, {"id": "1048", "type": "Feature", "properties": {}, "geometry": {"type": "Polygon", "coordinates": [[[-87.8, 45.24], [-87.8, 45.4], [-87.96, 45.4], [-87.96, 45.24], [-87.8, 45.24]]]}}, {"id": "1049", "type": "Feature", "properties": {}, "geometry": {"type": "Polygon", "coordinates": [[[-87.64, 45.24], [-87.64, 45.4], [-87.8, 45.4], [-87.8, 45.24], [-87.64, 45.24]]]}}, {"id": "1050", "type": "Feature", "properties": {}, "geometry": {"type": "Polygon", "coordinates": [[[-87.48, 45.24], [-87.48, 45.4], [-87.64, 45.4], [-87.64, 45.24], [-87.48, 45.24]]]}}, {"id": "1051", "type": "Feature", "properties": {}, "geometry": {"type": "Polygon", "coordinates": [[[-87.32000000000001, 45.24], [-87.32000000000001, 45.4], [-87.48, 45.4], [-87.48, 45.24], [-87.32000000000001, 45.24]]]}}, {"id": "1052", "type": "Feature", "properties": {}, "geometry": {"type": "Polygon", "coordinates": [[[-87.16, 45.24], [-87.16, 45.4], [-87.32, 45.4], [-87.32, 45.24], [-87.16, 45.24]]]}}, {"id": "1053", "type": "Feature", "properties": {}, "geometry": {"type": "Polygon", "coordinates": [[[-87.0, 45.24], [-87.0, 45.4], [-87.16, 45.4], [-87.16, 45.24], [-87.0, 45.24]]]}}, {"id": "1054", "type": "Feature", "properties": {}, "geometry": {"type": "Polygon", "coordinates": [[[-86.84, 45.24], [-86.84, 45.4], [-87.0, 45.4], [-87.0, 45.24], [-86.84, 45.24]]]}}, {"id": "1055", "type": "Feature", "properties": {}, "geometry": {"type": "Polygon", "coordinates": [[[-86.67999999999999, 45.24], [-86.67999999999999, 45.4], [-86.83999999999999, 45.4], [-86.83999999999999, 45.24], [-86.67999999999999, 45.24]]]}}, {"id": "1056", "type": "Feature", "properties": {}, "geometry": {"type": "Polygon", "coordinates": [[[-86.52, 45.24], [-86.52, 45.4], [-86.67999999999999, 45.4], [-86.67999999999999, 45.24], [-86.52, 45.24]]]}}, {"id": "1057", "type": "Feature", "properties": {}, "geometry": {"type": "Polygon", "coordinates": [[[-86.36, 45.24], [-86.36, 45.4], [-86.52, 45.4], [-86.52, 45.24], [-86.36, 45.24]]]}}, {"id": "1058", "type": "Feature", "properties": {}, "geometry": {"type": "Polygon", "coordinates": [[[-86.2, 45.24], [-86.2, 45.4], [-86.36, 45.4], [-86.36, 45.24], [-86.2, 45.24]]]}}, {"id": "1059", "type": "Feature", "properties": {}, "geometry": {"type": "Polygon", "coordinates": [[[-86.04, 45.24], [-86.04, 45.4], [-86.2, 45.4], [-86.2, 45.24], [-86.04, 45.24]]]}}, {"id": "1060", "type": "Feature", "properties": {}, "geometry": {"type": "Polygon", "coordinates": [[[-85.88000000000001, 45.24], [-85.88000000000001, 45.4], [-86.04, 45.4], [-86.04, 45.24], [-85.88000000000001, 45.24]]]}}, {"id": "1061", "type": "Feature", "properties": {}, "geometry": {"type": "Polygon", "coordinates": [[[-85.72, 45.24], [-85.72, 45.4], [-85.88, 45.4], [-85.88, 45.24], [-85.72, 45.24]]]}}, {"id": "1062", "type": "Feature", "properties": {}, "geometry": {"type": "Polygon", "coordinates": [[[-85.56, 45.24], [-85.56, 45.4], [-85.72, 45.4], [-85.72, 45.24], [-85.56, 45.24]]]}}, {"id": "1063", "type": "Feature", "properties": {}, "geometry": {"type": "Polygon", "coordinates": [[[-85.4, 45.24], [-85.4, 45.4], [-85.56, 45.4], [-85.56, 45.24], [-85.4, 45.24]]]}}, {"id": "1064", "type": "Feature", "properties": {}, "geometry": {"type": "Polygon", "coordinates": [[[-85.24, 45.24], [-85.24, 45.4], [-85.39999999999999, 45.4], [-85.39999999999999, 45.24], [-85.24, 45.24]]]}}, {"id": "1065", "type": "Feature", "properties": {}, "geometry": {"type": "Polygon", "coordinates": [[[-85.08, 45.24], [-85.08, 45.4], [-85.24, 45.4], [-85.24, 45.24], [-85.08, 45.24]]]}}, {"id": "1066", "type": "Feature", "properties": {}, "geometry": {"type": "Polygon", "coordinates": [[[-84.92, 45.24], [-84.92, 45.4], [-85.08, 45.4], [-85.08, 45.24], [-84.92, 45.24]]]}}, {"id": "1067", "type": "Feature", "properties": {}, "geometry": {"type": "Polygon", "coordinates": [[[-84.76, 45.24], [-84.76, 45.4], [-84.92, 45.4], [-84.92, 45.24], [-84.76, 45.24]]]}}, {"id": "1068", "type": "Feature", "properties": {}, "geometry": {"type": "Polygon", "coordinates": [[[-84.60000000000001, 45.24], [-84.60000000000001, 45.4], [-84.76, 45.4], [-84.76, 45.24], [-84.60000000000001, 45.24]]]}}, {"id": "1069", "type": "Feature", "properties": {}, "geometry": {"type": "Polygon", "coordinates": [[[-84.44, 45.24], [-84.44, 45.4], [-84.6, 45.4], [-84.6, 45.24], [-84.44, 45.24]]]}}, {"id": "1070", "type": "Feature", "properties": {}, "geometry": {"type": "Polygon", "coordinates": [[[-84.28, 45.24], [-84.28, 45.4], [-84.44, 45.4], [-84.44, 45.24], [-84.28, 45.24]]]}}, {"id": "1071", "type": "Feature", "properties": {}, "geometry": {"type": "Polygon", "coordinates": [[[-84.12, 45.24], [-84.12, 45.4], [-84.28, 45.4], [-84.28, 45.24], [-84.12, 45.24]]]}}, {"id": "1072", "type": "Feature", "properties": {}, "geometry": {"type": "Polygon", "coordinates": [[[-83.96, 45.24], [-83.96, 45.4], [-84.11999999999999, 45.4], [-84.11999999999999, 45.24], [-83.96, 45.24]]]}}, {"id": "1073", "type": "Feature", "properties": {}, "geometry": {"type": "Polygon", "coordinates": [[[-102.84, 45.08], [-102.84, 45.239999999999995], [-103.0, 45.239999999999995], [-103.0, 45.08], [-102.84, 45.08]]]}}, {"id": "1074", "type": "Feature", "properties": {}, "geometry": {"type": "Polygon", "coordinates": [[[-102.68, 45.08], [-102.68, 45.239999999999995], [-102.84, 45.239999999999995], [-102.84, 45.08], [-102.68, 45.08]]]}}, {"id": "1075", "type": "Feature", "properties": {}, "geometry": {"type": "Polygon", "coordinates": [[[-102.52, 45.08], [-102.52, 45.239999999999995], [-102.67999999999999, 45.239999999999995], [-102.67999999999999, 45.08], [-102.52, 45.08]]]}}, {"id": "1076", "type": "Feature", "properties": {}, "geometry": {"type": "Polygon", "coordinates": [[[-102.36, 45.08], [-102.36, 45.239999999999995], [-102.52, 45.239999999999995], [-102.52, 45.08], [-102.36, 45.08]]]}}, {"id": "1077", "type": "Feature", "properties": {}, "geometry": {"type": "Polygon", "coordinates": [[[-102.2, 45.08], [-102.2, 45.239999999999995], [-102.36, 45.239999999999995], [-102.36, 45.08], [-102.2, 45.08]]]}}, {"id": "1078", "type": "Feature", "properties": {}, "geometry": {"type": "Polygon", "coordinates": [[[-102.04, 45.08], [-102.04, 45.239999999999995], [-102.2, 45.239999999999995], [-102.2, 45.08], [-102.04, 45.08]]]}}, {"id": "1079", "type": "Feature", "properties": {}, "geometry": {"type": "Polygon", "coordinates": [[[-101.88, 45.08], [-101.88, 45.239999999999995], [-102.03999999999999, 45.239999999999995], [-102.03999999999999, 45.08], [-101.88, 45.08]]]}}, {"id": "1080", "type": "Feature", "properties": {}, "geometry": {"type": "Polygon", "coordinates": [[[-101.72, 45.08], [-101.72, 45.239999999999995], [-101.88, 45.239999999999995], [-101.88, 45.08], [-101.72, 45.08]]]}}, {"id": "1081", "type": "Feature", "properties": {}, "geometry": {"type": "Polygon", "coordinates": [[[-101.56, 45.08], [-101.56, 45.239999999999995], [-101.72, 45.239999999999995], [-101.72, 45.08], [-101.56, 45.08]]]}}, {"id": "1082", "type": "Feature", "properties": {}, "geometry": {"type": "Polygon", "coordinates": [[[-101.4, 45.08], [-101.4, 45.239999999999995], [-101.56, 45.239999999999995], [-101.56, 45.08], [-101.4, 45.08]]]}}, {"id": "1083", "type": "Feature", "properties": {}, "geometry": {"type": "Polygon", "coordinates": [[[-101.24, 45.08], [-101.24, 45.239999999999995], [-101.39999999999999, 45.239999999999995], [-101.39999999999999, 45.08], [-101.24, 45.08]]]}}, {"id": "1084", "type": "Feature", "properties": {}, "geometry": {"type": "Polygon", "coordinates": [[[-101.08, 45.08], [-101.08, 45.239999999999995], [-101.24, 45.239999999999995], [-101.24, 45.08], [-101.08, 45.08]]]}}, {"id": "1085", "type": "Feature", "properties": {}, "geometry": {"type": "Polygon", "coordinates": [[[-100.92, 45.08], [-100.92, 45.239999999999995], [-101.08, 45.239999999999995], [-101.08, 45.08], [-100.92, 45.08]]]}}, {"id": "1086", "type": "Feature", "properties": {}, "geometry": {"type": "Polygon", "coordinates": [[[-100.76, 45.08], [-100.76, 45.239999999999995], [-100.92, 45.239999999999995], [-100.92, 45.08], [-100.76, 45.08]]]}}, {"id": "1087", "type": "Feature", "properties": {}, "geometry": {"type": "Polygon", "coordinates": [[[-100.60000000000001, 45.08], [-100.60000000000001, 45.239999999999995], [-100.76, 45.239999999999995], [-100.76, 45.08], [-100.60000000000001, 45.08]]]}}, {"id": "1088", "type": "Feature", "properties": {}, "geometry": {"type": "Polygon", "coordinates": [[[-100.44, 45.08], [-100.44, 45.239999999999995], [-100.6, 45.239999999999995], [-100.6, 45.08], [-100.44, 45.08]]]}}, {"id": "1089", "type": "Feature", "properties": {}, "geometry": {"type": "Polygon", "coordinates": [[[-100.28, 45.08], [-100.28, 45.239999999999995], [-100.44, 45.239999999999995], [-100.44, 45.08], [-100.28, 45.08]]]}}, {"id": "1090", "type": "Feature", "properties": {}, "geometry": {"type": "Polygon", "coordinates": [[[-100.12, 45.08], [-100.12, 45.239999999999995], [-100.28, 45.239999999999995], [-100.28, 45.08], [-100.12, 45.08]]]}}, {"id": "1091", "type": "Feature", "properties": {}, "geometry": {"type": "Polygon", "coordinates": [[[-99.96000000000001, 45.08], [-99.96000000000001, 45.239999999999995], [-100.12, 45.239999999999995], [-100.12, 45.08], [-99.96000000000001, 45.08]]]}}, {"id": "1092", "type": "Feature", "properties": {}, "geometry": {"type": "Polygon", "coordinates": [[[-99.8, 45.08], [-99.8, 45.239999999999995], [-99.96, 45.239999999999995], [-99.96, 45.08], [-99.8, 45.08]]]}}, {"id": "1093", "type": "Feature", "properties": {}, "geometry": {"type": "Polygon", "coordinates": [[[-99.64, 45.08], [-99.64, 45.239999999999995], [-99.8, 45.239999999999995], [-99.8, 45.08], [-99.64, 45.08]]]}}, {"id": "1094", "type": "Feature", "properties": {}, "geometry": {"type": "Polygon", "coordinates": [[[-99.48, 45.08], [-99.48, 45.239999999999995], [-99.64, 45.239999999999995], [-99.64, 45.08], [-99.48, 45.08]]]}}, {"id": "1095", "type": "Feature", "properties": {}, "geometry": {"type": "Polygon", "coordinates": [[[-99.32000000000001, 45.08], [-99.32000000000001, 45.239999999999995], [-99.48, 45.239999999999995], [-99.48, 45.08], [-99.32000000000001, 45.08]]]}}, {"id": "1096", "type": "Feature", "properties": {}, "geometry": {"type": "Polygon", "coordinates": [[[-99.16, 45.08], [-99.16, 45.239999999999995], [-99.32, 45.239999999999995], [-99.32, 45.08], [-99.16, 45.08]]]}}, {"id": "1097", "type": "Feature", "properties": {}, "geometry": {"type": "Polygon", "coordinates": [[[-99.0, 45.08], [-99.0, 45.239999999999995], [-99.16, 45.239999999999995], [-99.16, 45.08], [-99.0, 45.08]]]}}, {"id": "1098", "type": "Feature", "properties": {}, "geometry": {"type": "Polygon", "coordinates": [[[-98.84, 45.08], [-98.84, 45.239999999999995], [-99.0, 45.239999999999995], [-99.0, 45.08], [-98.84, 45.08]]]}}, {"id": "1099", "type": "Feature", "properties": {}, "geometry": {"type": "Polygon", "coordinates": [[[-98.68, 45.08], [-98.68, 45.239999999999995], [-98.84, 45.239999999999995], [-98.84, 45.08], [-98.68, 45.08]]]}}, {"id": "1100", "type": "Feature", "properties": {}, "geometry": {"type": "Polygon", "coordinates": [[[-97.56, 45.08], [-97.56, 45.239999999999995], [-97.72, 45.239999999999995], [-97.72, 45.08], [-97.56, 45.08]]]}}, {"id": "1101", "type": "Feature", "properties": {}, "geometry": {"type": "Polygon", "coordinates": [[[-97.4, 45.08], [-97.4, 45.239999999999995], [-97.56, 45.239999999999995], [-97.56, 45.08], [-97.4, 45.08]]]}}, {"id": "1102", "type": "Feature", "properties": {}, "geometry": {"type": "Polygon", "coordinates": [[[-97.24, 45.08], [-97.24, 45.239999999999995], [-97.39999999999999, 45.239999999999995], [-97.39999999999999, 45.08], [-97.24, 45.08]]]}}, {"id": "1103", "type": "Feature", "properties": {}, "geometry": {"type": "Polygon", "coordinates": [[[-97.08, 45.08], [-97.08, 45.239999999999995], [-97.24, 45.239999999999995], [-97.24, 45.08], [-97.08, 45.08]]]}}, {"id": "1104", "type": "Feature", "properties": {}, "geometry": {"type": "Polygon", "coordinates": [[[-96.92, 45.08], [-96.92, 45.239999999999995], [-97.08, 45.239999999999995], [-97.08, 45.08], [-96.92, 45.08]]]}}, {"id": "1105", "type": "Feature", "properties": {}, "geometry": {"type": "Polygon", "coordinates": [[[-96.60000000000001, 45.08], [-96.60000000000001, 45.239999999999995], [-96.76, 45.239999999999995], [-96.76, 45.08], [-96.60000000000001, 45.08]]]}}, {"id": "1106", "type": "Feature", "properties": {}, "geometry": {"type": "Polygon", "coordinates": [[[-96.44, 45.08], [-96.44, 45.239999999999995], [-96.6, 45.239999999999995], [-96.6, 45.08], [-96.44, 45.08]]]}}, {"id": "1107", "type": "Feature", "properties": {}, "geometry": {"type": "Polygon", "coordinates": [[[-96.28, 45.08], [-96.28, 45.239999999999995], [-96.44, 45.239999999999995], [-96.44, 45.08], [-96.28, 45.08]]]}}, {"id": "1108", "type": "Feature", "properties": {}, "geometry": {"type": "Polygon", "coordinates": [[[-96.12, 45.08], [-96.12, 45.239999999999995], [-96.28, 45.239999999999995], [-96.28, 45.08], [-96.12, 45.08]]]}}, {"id": "1109", "type": "Feature", "properties": {}, "geometry": {"type": "Polygon", "coordinates": [[[-95.16, 45.08], [-95.16, 45.239999999999995], [-95.32, 45.239999999999995], [-95.32, 45.08], [-95.16, 45.08]]]}}, {"id": "1110", "type": "Feature", "properties": {}, "geometry": {"type": "Polygon", "coordinates": [[[-95.0, 45.08], [-95.0, 45.239999999999995], [-95.16, 45.239999999999995], [-95.16, 45.08], [-95.0, 45.08]]]}}, {"id": "1111", "type": "Feature", "properties": {}, "geometry": {"type": "Polygon", "coordinates": [[[-94.84, 45.08], [-94.84, 45.239999999999995], [-95.0, 45.239999999999995], [-95.0, 45.08], [-94.84, 45.08]]]}}, {"id": "1112", "type": "Feature", "properties": {}, "geometry": {"type": "Polygon", "coordinates": [[[-94.68, 45.08], [-94.68, 45.239999999999995], [-94.84, 45.239999999999995], [-94.84, 45.08], [-94.68, 45.08]]]}}, {"id": "1113", "type": "Feature", "properties": {}, "geometry": {"type": "Polygon", "coordinates": [[[-94.52, 45.08], [-94.52, 45.239999999999995], [-94.67999999999999, 45.239999999999995], [-94.67999999999999, 45.08], [-94.52, 45.08]]]}}, {"id": "1114", "type": "Feature", "properties": {}, "geometry": {"type": "Polygon", "coordinates": [[[-94.36, 45.08], [-94.36, 45.239999999999995], [-94.52, 45.239999999999995], [-94.52, 45.08], [-94.36, 45.08]]]}}, {"id": "1115", "type": "Feature", "properties": {}, "geometry": {"type": "Polygon", "coordinates": [[[-94.2, 45.08], [-94.2, 45.239999999999995], [-94.36, 45.239999999999995], [-94.36, 45.08], [-94.2, 45.08]]]}}, {"id": "1116", "type": "Feature", "properties": {}, "geometry": {"type": "Polygon", "coordinates": [[[-94.04, 45.08], [-94.04, 45.239999999999995], [-94.2, 45.239999999999995], [-94.2, 45.08], [-94.04, 45.08]]]}}, {"id": "1117", "type": "Feature", "properties": {}, "geometry": {"type": "Polygon", "coordinates": [[[-93.88, 45.08], [-93.88, 45.239999999999995], [-94.03999999999999, 45.239999999999995], [-94.03999999999999, 45.08], [-93.88, 45.08]]]}}, {"id": "1118", "type": "Feature", "properties": {}, "geometry": {"type": "Polygon", "coordinates": [[[-93.72, 45.08], [-93.72, 45.239999999999995], [-93.88, 45.239999999999995], [-93.88, 45.08], [-93.72, 45.08]]]}}, {"id": "1119", "type": "Feature", "properties": {}, "geometry": {"type": "Polygon", "coordinates": [[[-93.56, 45.08], [-93.56, 45.239999999999995], [-93.72, 45.239999999999995], [-93.72, 45.08], [-93.56, 45.08]]]}}, {"id": "1120", "type": "Feature", "properties": {}, "geometry": {"type": "Polygon", "coordinates": [[[-93.4, 45.08], [-93.4, 45.239999999999995], [-93.56, 45.239999999999995], [-93.56, 45.08], [-93.4, 45.08]]]}}, {"id": "1121", "type": "Feature", "properties": {}, "geometry": {"type": "Polygon", "coordinates": [[[-93.24, 45.08], [-93.24, 45.239999999999995], [-93.39999999999999, 45.239999999999995], [-93.39999999999999, 45.08], [-93.24, 45.08]]]}}, {"id": "1122", "type": "Feature", "properties": {}, "geometry": {"type": "Polygon", "coordinates": [[[-93.08, 45.08], [-93.08, 45.239999999999995], [-93.24, 45.239999999999995], [-93.24, 45.08], [-93.08, 45.08]]]}}, {"id": "1123", "type": "Feature", "properties": {}, "geometry": {"type": "Polygon", "coordinates": [[[-92.92, 45.08], [-92.92, 45.239999999999995], [-93.08, 45.239999999999995], [-93.08, 45.08], [-92.92, 45.08]]]}}, {"id": "1124", "type": "Feature", "properties": {}, "geometry": {"type": "Polygon", "coordinates": [[[-92.76, 45.08], [-92.76, 45.239999999999995], [-92.92, 45.239999999999995], [-92.92, 45.08], [-92.76, 45.08]]]}}, {"id": "1125", "type": "Feature", "properties": {}, "geometry": {"type": "Polygon", "coordinates": [[[-92.60000000000001, 45.08], [-92.60000000000001, 45.239999999999995], [-92.76, 45.239999999999995], [-92.76, 45.08], [-92.60000000000001, 45.08]]]}}, {"id": "1126", "type": "Feature", "properties": {}, "geometry": {"type": "Polygon", "coordinates": [[[-92.44, 45.08], [-92.44, 45.239999999999995], [-92.6, 45.239999999999995], [-92.6, 45.08], [-92.44, 45.08]]]}}, {"id": "1127", "type": "Feature", "properties": {}, "geometry": {"type": "Polygon", "coordinates": [[[-92.28, 45.08], [-92.28, 45.239999999999995], [-92.44, 45.239999999999995], [-92.44, 45.08], [-92.28, 45.08]]]}}, {"id": "1128", "type": "Feature", "properties": {}, "geometry": {"type": "Polygon", "coordinates": [[[-92.12, 45.08], [-92.12, 45.239999999999995], [-92.28, 45.239999999999995], [-92.28, 45.08], [-92.12, 45.08]]]}}, {"id": "1129", "type": "Feature", "properties": {}, "geometry": {"type": "Polygon", "coordinates": [[[-91.96, 45.08], [-91.96, 45.239999999999995], [-92.11999999999999, 45.239999999999995], [-92.11999999999999, 45.08], [-91.96, 45.08]]]}}, {"id": "1130", "type": "Feature", "properties": {}, "geometry": {"type": "Polygon", "coordinates": [[[-91.8, 45.08], [-91.8, 45.239999999999995], [-91.96, 45.239999999999995], [-91.96, 45.08], [-91.8, 45.08]]]}}, {"id": "1131", "type": "Feature", "properties": {}, "geometry": {"type": "Polygon", "coordinates": [[[-91.64, 45.08], [-91.64, 45.239999999999995], [-91.8, 45.239999999999995], [-91.8, 45.08], [-91.64, 45.08]]]}}, {"id": "1132", "type": "Feature", "properties": {}, "geometry": {"type": "Polygon", "coordinates": [[[-91.48, 45.08], [-91.48, 45.239999999999995], [-91.64, 45.239999999999995], [-91.64, 45.08], [-91.48, 45.08]]]}}, {"id": "1133", "type": "Feature", "properties": {}, "geometry": {"type": "Polygon", "coordinates": [[[-91.32000000000001, 45.08], [-91.32000000000001, 45.239999999999995], [-91.48, 45.239999999999995], [-91.48, 45.08], [-91.32000000000001, 45.08]]]}}, {"id": "1134", "type": "Feature", "properties": {}, "geometry": {"type": "Polygon", "coordinates": [[[-91.16, 45.08], [-91.16, 45.239999999999995], [-91.32, 45.239999999999995], [-91.32, 45.08], [-91.16, 45.08]]]}}, {"id": "1135", "type": "Feature", "properties": {}, "geometry": {"type": "Polygon", "coordinates": [[[-91.0, 45.08], [-91.0, 45.239999999999995], [-91.16, 45.239999999999995], [-91.16, 45.08], [-91.0, 45.08]]]}}, {"id": "1136", "type": "Feature", "properties": {}, "geometry": {"type": "Polygon", "coordinates": [[[-90.84, 45.08], [-90.84, 45.239999999999995], [-91.0, 45.239999999999995], [-91.0, 45.08], [-90.84, 45.08]]]}}, {"id": "1137", "type": "Feature", "properties": {}, "geometry": {"type": "Polygon", "coordinates": [[[-90.68, 45.08], [-90.68, 45.239999999999995], [-90.84, 45.239999999999995], [-90.84, 45.08], [-90.68, 45.08]]]}}, {"id": "1138", "type": "Feature", "properties": {}, "geometry": {"type": "Polygon", "coordinates": [[[-90.52, 45.08], [-90.52, 45.239999999999995], [-90.67999999999999, 45.239999999999995], [-90.67999999999999, 45.08], [-90.52, 45.08]]]}}, {"id": "1139", "type": "Feature", "properties": {}, "geometry": {"type": "Polygon", "coordinates": [[[-90.36, 45.08], [-90.36, 45.239999999999995], [-90.52, 45.239999999999995], [-90.52, 45.08], [-90.36, 45.08]]]}}, {"id": "1140", "type": "Feature", "properties": {}, "geometry": {"type": "Polygon", "coordinates": [[[-90.2, 45.08], [-90.2, 45.239999999999995], [-90.36, 45.239999999999995], [-90.36, 45.08], [-90.2, 45.08]]]}}, {"id": "1141", "type": "Feature", "properties": {}, "geometry": {"type": "Polygon", "coordinates": [[[-90.04, 45.08], [-90.04, 45.239999999999995], [-90.2, 45.239999999999995], [-90.2, 45.08], [-90.04, 45.08]]]}}, {"id": "1142", "type": "Feature", "properties": {}, "geometry": {"type": "Polygon", "coordinates": [[[-89.88, 45.08], [-89.88, 45.239999999999995], [-90.03999999999999, 45.239999999999995], [-90.03999999999999, 45.08], [-89.88, 45.08]]]}}, {"id": "1143", "type": "Feature", "properties": {}, "geometry": {"type": "Polygon", "coordinates": [[[-89.72, 45.08], [-89.72, 45.239999999999995], [-89.88, 45.239999999999995], [-89.88, 45.08], [-89.72, 45.08]]]}}, {"id": "1144", "type": "Feature", "properties": {}, "geometry": {"type": "Polygon", "coordinates": [[[-89.56, 45.08], [-89.56, 45.239999999999995], [-89.72, 45.239999999999995], [-89.72, 45.08], [-89.56, 45.08]]]}}, {"id": "1145", "type": "Feature", "properties": {}, "geometry": {"type": "Polygon", "coordinates": [[[-89.4, 45.08], [-89.4, 45.239999999999995], [-89.56, 45.239999999999995], [-89.56, 45.08], [-89.4, 45.08]]]}}, {"id": "1146", "type": "Feature", "properties": {}, "geometry": {"type": "Polygon", "coordinates": [[[-89.24, 45.08], [-89.24, 45.239999999999995], [-89.39999999999999, 45.239999999999995], [-89.39999999999999, 45.08], [-89.24, 45.08]]]}}, {"id": "1147", "type": "Feature", "properties": {}, "geometry": {"type": "Polygon", "coordinates": [[[-89.08, 45.08], [-89.08, 45.239999999999995], [-89.24, 45.239999999999995], [-89.24, 45.08], [-89.08, 45.08]]]}}, {"id": "1148", "type": "Feature", "properties": {}, "geometry": {"type": "Polygon", "coordinates": [[[-88.92, 45.08], [-88.92, 45.239999999999995], [-89.08, 45.239999999999995], [-89.08, 45.08], [-88.92, 45.08]]]}}, {"id": "1149", "type": "Feature", "properties": {}, "geometry": {"type": "Polygon", "coordinates": [[[-88.76, 45.08], [-88.76, 45.239999999999995], [-88.92, 45.239999999999995], [-88.92, 45.08], [-88.76, 45.08]]]}}, {"id": "1150", "type": "Feature", "properties": {}, "geometry": {"type": "Polygon", "coordinates": [[[-88.60000000000001, 45.08], [-88.60000000000001, 45.239999999999995], [-88.76, 45.239999999999995], [-88.76, 45.08], [-88.60000000000001, 45.08]]]}}, {"id": "1151", "type": "Feature", "properties": {}, "geometry": {"type": "Polygon", "coordinates": [[[-88.44, 45.08], [-88.44, 45.239999999999995], [-88.6, 45.239999999999995], [-88.6, 45.08], [-88.44, 45.08]]]}}, {"id": "1152", "type": "Feature", "properties": {}, "geometry": {"type": "Polygon", "coordinates": [[[-88.28, 45.08], [-88.28, 45.239999999999995], [-88.44, 45.239999999999995], [-88.44, 45.08], [-88.28, 45.08]]]}}, {"id": "1153", "type": "Feature", "properties": {}, "geometry": {"type": "Polygon", "coordinates": [[[-88.12, 45.08], [-88.12, 45.239999999999995], [-88.28, 45.239999999999995], [-88.28, 45.08], [-88.12, 45.08]]]}}, {"id": "1154", "type": "Feature", "properties": {}, "geometry": {"type": "Polygon", "coordinates": [[[-87.96, 45.08], [-87.96, 45.239999999999995], [-88.11999999999999, 45.239999999999995], [-88.11999999999999, 45.08], [-87.96, 45.08]]]}}, {"id": "1155", "type": "Feature", "properties": {}, "geometry": {"type": "Polygon", "coordinates": [[[-87.64, 45.08], [-87.64, 45.239999999999995], [-87.8, 45.239999999999995], [-87.8, 45.08], [-87.64, 45.08]]]}}, {"id": "1156", "type": "Feature", "properties": {}, "geometry": {"type": "Polygon", "coordinates": [[[-87.48, 45.08], [-87.48, 45.239999999999995], [-87.64, 45.239999999999995], [-87.64, 45.08], [-87.48, 45.08]]]}}, {"id": "1157", "type": "Feature", "properties": {}, "geometry": {"type": "Polygon", "coordinates": [[[-87.32000000000001, 45.08], [-87.32000000000001, 45.239999999999995], [-87.48, 45.239999999999995], [-87.48, 45.08], [-87.32000000000001, 45.08]]]}}, {"id": "1158", "type": "Feature", "properties": {}, "geometry": {"type": "Polygon", "coordinates": [[[-87.16, 45.08], [-87.16, 45.239999999999995], [-87.32, 45.239999999999995], [-87.32, 45.08], [-87.16, 45.08]]]}}, {"id": "1159", "type": "Feature", "properties": {}, "geometry": {"type": "Polygon", "coordinates": [[[-87.0, 45.08], [-87.0, 45.239999999999995], [-87.16, 45.239999999999995], [-87.16, 45.08], [-87.0, 45.08]]]}}, {"id": "1160", "type": "Feature", "properties": {}, "geometry": {"type": "Polygon", "coordinates": [[[-86.84, 45.08], [-86.84, 45.239999999999995], [-87.0, 45.239999999999995], [-87.0, 45.08], [-86.84, 45.08]]]}}, {"id": "1161", "type": "Feature", "properties": {}, "geometry": {"type": "Polygon", "coordinates": [[[-86.67999999999999, 45.08], [-86.67999999999999, 45.239999999999995], [-86.83999999999999, 45.239999999999995], [-86.83999999999999, 45.08], [-86.67999999999999, 45.08]]]}}, {"id": "1162", "type": "Feature", "properties": {}, "geometry": {"type": "Polygon", "coordinates": [[[-86.52, 45.08], [-86.52, 45.239999999999995], [-86.67999999999999, 45.239999999999995], [-86.67999999999999, 45.08], [-86.52, 45.08]]]}}, {"id": "1163", "type": "Feature", "properties": {}, "geometry": {"type": "Polygon", "coordinates": [[[-86.36, 45.08], [-86.36, 45.239999999999995], [-86.52, 45.239999999999995], [-86.52, 45.08], [-86.36, 45.08]]]}}, {"id": "1164", "type": "Feature", "properties": {}, "geometry": {"type": "Polygon", "coordinates": [[[-86.2, 45.08], [-86.2, 45.239999999999995], [-86.36, 45.239999999999995], [-86.36, 45.08], [-86.2, 45.08]]]}}, {"id": "1165", "type": "Feature", "properties": {}, "geometry": {"type": "Polygon", "coordinates": [[[-86.04, 45.08], [-86.04, 45.239999999999995], [-86.2, 45.239999999999995], [-86.2, 45.08], [-86.04, 45.08]]]}}, {"id": "1166", "type": "Feature", "properties": {}, "geometry": {"type": "Polygon", "coordinates": [[[-85.88000000000001, 45.08], [-85.88000000000001, 45.239999999999995], [-86.04, 45.239999999999995], [-86.04, 45.08], [-85.88000000000001, 45.08]]]}}, {"id": "1167", "type": "Feature", "properties": {}, "geometry": {"type": "Polygon", "coordinates": [[[-85.72, 45.08], [-85.72, 45.239999999999995], [-85.88, 45.239999999999995], [-85.88, 45.08], [-85.72, 45.08]]]}}, {"id": "1168", "type": "Feature", "properties": {}, "geometry": {"type": "Polygon", "coordinates": [[[-85.56, 45.08], [-85.56, 45.239999999999995], [-85.72, 45.239999999999995], [-85.72, 45.08], [-85.56, 45.08]]]}}, {"id": "1169", "type": "Feature", "properties": {}, "geometry": {"type": "Polygon", "coordinates": [[[-85.4, 45.08], [-85.4, 45.239999999999995], [-85.56, 45.239999999999995], [-85.56, 45.08], [-85.4, 45.08]]]}}, {"id": "1170", "type": "Feature", "properties": {}, "geometry": {"type": "Polygon", "coordinates": [[[-85.24, 45.08], [-85.24, 45.239999999999995], [-85.39999999999999, 45.239999999999995], [-85.39999999999999, 45.08], [-85.24, 45.08]]]}}, {"id": "1171", "type": "Feature", "properties": {}, "geometry": {"type": "Polygon", "coordinates": [[[-85.08, 45.08], [-85.08, 45.239999999999995], [-85.24, 45.239999999999995], [-85.24, 45.08], [-85.08, 45.08]]]}}, {"id": "1172", "type": "Feature", "properties": {}, "geometry": {"type": "Polygon", "coordinates": [[[-84.92, 45.08], [-84.92, 45.239999999999995], [-85.08, 45.239999999999995], [-85.08, 45.08], [-84.92, 45.08]]]}}, {"id": "1173", "type": "Feature", "properties": {}, "geometry": {"type": "Polygon", "coordinates": [[[-84.76, 45.08], [-84.76, 45.239999999999995], [-84.92, 45.239999999999995], [-84.92, 45.08], [-84.76, 45.08]]]}}, {"id": "1174", "type": "Feature", "properties": {}, "geometry": {"type": "Polygon", "coordinates": [[[-84.60000000000001, 45.08], [-84.60000000000001, 45.239999999999995], [-84.76, 45.239999999999995], [-84.76, 45.08], [-84.60000000000001, 45.08]]]}}, {"id": "1175", "type": "Feature", "properties": {}, "geometry": {"type": "Polygon", "coordinates": [[[-84.44, 45.08], [-84.44, 45.239999999999995], [-84.6, 45.239999999999995], [-84.6, 45.08], [-84.44, 45.08]]]}}, {"id": "1176", "type": "Feature", "properties": {}, "geometry": {"type": "Polygon", "coordinates": [[[-84.28, 45.08], [-84.28, 45.239999999999995], [-84.44, 45.239999999999995], [-84.44, 45.08], [-84.28, 45.08]]]}}, {"id": "1177", "type": "Feature", "properties": {}, "geometry": {"type": "Polygon", "coordinates": [[[-84.12, 45.08], [-84.12, 45.239999999999995], [-84.28, 45.239999999999995], [-84.28, 45.08], [-84.12, 45.08]]]}}, {"id": "1178", "type": "Feature", "properties": {}, "geometry": {"type": "Polygon", "coordinates": [[[-83.96, 45.08], [-83.96, 45.239999999999995], [-84.11999999999999, 45.239999999999995], [-84.11999999999999, 45.08], [-83.96, 45.08]]]}}, {"id": "1179", "type": "Feature", "properties": {}, "geometry": {"type": "Polygon", "coordinates": [[[-102.84, 44.92], [-102.84, 45.08], [-103.0, 45.08], [-103.0, 44.92], [-102.84, 44.92]]]}}, {"id": "1180", "type": "Feature", "properties": {}, "geometry": {"type": "Polygon", "coordinates": [[[-102.68, 44.92], [-102.68, 45.08], [-102.84, 45.08], [-102.84, 44.92], [-102.68, 44.92]]]}}, {"id": "1181", "type": "Feature", "properties": {}, "geometry": {"type": "Polygon", "coordinates": [[[-102.52, 44.92], [-102.52, 45.08], [-102.67999999999999, 45.08], [-102.67999999999999, 44.92], [-102.52, 44.92]]]}}, {"id": "1182", "type": "Feature", "properties": {}, "geometry": {"type": "Polygon", "coordinates": [[[-102.36, 44.92], [-102.36, 45.08], [-102.52, 45.08], [-102.52, 44.92], [-102.36, 44.92]]]}}, {"id": "1183", "type": "Feature", "properties": {}, "geometry": {"type": "Polygon", "coordinates": [[[-102.2, 44.92], [-102.2, 45.08], [-102.36, 45.08], [-102.36, 44.92], [-102.2, 44.92]]]}}, {"id": "1184", "type": "Feature", "properties": {}, "geometry": {"type": "Polygon", "coordinates": [[[-102.04, 44.92], [-102.04, 45.08], [-102.2, 45.08], [-102.2, 44.92], [-102.04, 44.92]]]}}, {"id": "1185", "type": "Feature", "properties": {}, "geometry": {"type": "Polygon", "coordinates": [[[-101.88, 44.92], [-101.88, 45.08], [-102.03999999999999, 45.08], [-102.03999999999999, 44.92], [-101.88, 44.92]]]}}, {"id": "1186", "type": "Feature", "properties": {}, "geometry": {"type": "Polygon", "coordinates": [[[-101.72, 44.92], [-101.72, 45.08], [-101.88, 45.08], [-101.88, 44.92], [-101.72, 44.92]]]}}, {"id": "1187", "type": "Feature", "properties": {}, "geometry": {"type": "Polygon", "coordinates": [[[-101.56, 44.92], [-101.56, 45.08], [-101.72, 45.08], [-101.72, 44.92], [-101.56, 44.92]]]}}, {"id": "1188", "type": "Feature", "properties": {}, "geometry": {"type": "Polygon", "coordinates": [[[-101.4, 44.92], [-101.4, 45.08], [-101.56, 45.08], [-101.56, 44.92], [-101.4, 44.92]]]}}, {"id": "1189", "type": "Feature", "properties": {}, "geometry": {"type": "Polygon", "coordinates": [[[-101.24, 44.92], [-101.24, 45.08], [-101.39999999999999, 45.08], [-101.39999999999999, 44.92], [-101.24, 44.92]]]}}, {"id": "1190", "type": "Feature", "properties": {}, "geometry": {"type": "Polygon", "coordinates": [[[-101.08, 44.92], [-101.08, 45.08], [-101.24, 45.08], [-101.24, 44.92], [-101.08, 44.92]]]}}, {"id": "1191", "type": "Feature", "properties": {}, "geometry": {"type": "Polygon", "coordinates": [[[-100.92, 44.92], [-100.92, 45.08], [-101.08, 45.08], [-101.08, 44.92], [-100.92, 44.92]]]}}, {"id": "1192", "type": "Feature", "properties": {}, "geometry": {"type": "Polygon", "coordinates": [[[-100.76, 44.92], [-100.76, 45.08], [-100.92, 45.08], [-100.92, 44.92], [-100.76, 44.92]]]}}, {"id": "1193", "type": "Feature", "properties": {}, "geometry": {"type": "Polygon", "coordinates": [[[-100.60000000000001, 44.92], [-100.60000000000001, 45.08], [-100.76, 45.08], [-100.76, 44.92], [-100.60000000000001, 44.92]]]}}, {"id": "1194", "type": "Feature", "properties": {}, "geometry": {"type": "Polygon", "coordinates": [[[-100.44, 44.92], [-100.44, 45.08], [-100.6, 45.08], [-100.6, 44.92], [-100.44, 44.92]]]}}, {"id": "1195", "type": "Feature", "properties": {}, "geometry": {"type": "Polygon", "coordinates": [[[-100.28, 44.92], [-100.28, 45.08], [-100.44, 45.08], [-100.44, 44.92], [-100.28, 44.92]]]}}, {"id": "1196", "type": "Feature", "properties": {}, "geometry": {"type": "Polygon", "coordinates": [[[-100.12, 44.92], [-100.12, 45.08], [-100.28, 45.08], [-100.28, 44.92], [-100.12, 44.92]]]}}, {"id": "1197", "type": "Feature", "properties": {}, "geometry": {"type": "Polygon", "coordinates": [[[-99.96000000000001, 44.92], [-99.96000000000001, 45.08], [-100.12, 45.08], [-100.12, 44.92], [-99.96000000000001, 44.92]]]}}, {"id": "1198", "type": "Feature", "properties": {}, "geometry": {"type": "Polygon", "coordinates": [[[-99.8, 44.92], [-99.8, 45.08], [-99.96, 45.08], [-99.96, 44.92], [-99.8, 44.92]]]}}, {"id": "1199", "type": "Feature", "properties": {}, "geometry": {"type": "Polygon", "coordinates": [[[-99.64, 44.92], [-99.64, 45.08], [-99.8, 45.08], [-99.8, 44.92], [-99.64, 44.92]]]}}, {"id": "1200", "type": "Feature", "properties": {}, "geometry": {"type": "Polygon", "coordinates": [[[-99.48, 44.92], [-99.48, 45.08], [-99.64, 45.08], [-99.64, 44.92], [-99.48, 44.92]]]}}, {"id": "1201", "type": "Feature", "properties": {}, "geometry": {"type": "Polygon", "coordinates": [[[-99.32000000000001, 44.92], [-99.32000000000001, 45.08], [-99.48, 45.08], [-99.48, 44.92], [-99.32000000000001, 44.92]]]}}, {"id": "1202", "type": "Feature", "properties": {}, "geometry": {"type": "Polygon", "coordinates": [[[-99.16, 44.92], [-99.16, 45.08], [-99.32, 45.08], [-99.32, 44.92], [-99.16, 44.92]]]}}, {"id": "1203", "type": "Feature", "properties": {}, "geometry": {"type": "Polygon", "coordinates": [[[-99.0, 44.92], [-99.0, 45.08], [-99.16, 45.08], [-99.16, 44.92], [-99.0, 44.92]]]}}, {"id": "1204", "type": "Feature", "properties": {}, "geometry": {"type": "Polygon", "coordinates": [[[-98.84, 44.92], [-98.84, 45.08], [-99.0, 45.08], [-99.0, 44.92], [-98.84, 44.92]]]}}, {"id": "1205", "type": "Feature", "properties": {}, "geometry": {"type": "Polygon", "coordinates": [[[-98.68, 44.92], [-98.68, 45.08], [-98.84, 45.08], [-98.84, 44.92], [-98.68, 44.92]]]}}, {"id": "1206", "type": "Feature", "properties": {}, "geometry": {"type": "Polygon", "coordinates": [[[-98.52, 44.92], [-98.52, 45.08], [-98.67999999999999, 45.08], [-98.67999999999999, 44.92], [-98.52, 44.92]]]}}, {"id": "1207", "type": "Feature", "properties": {}, "geometry": {"type": "Polygon", "coordinates": [[[-97.56, 44.92], [-97.56, 45.08], [-97.72, 45.08], [-97.72, 44.92], [-97.56, 44.92]]]}}, {"id": "1208", "type": "Feature", "properties": {}, "geometry": {"type": "Polygon", "coordinates": [[[-97.4, 44.92], [-97.4, 45.08], [-97.56, 45.08], [-97.56, 44.92], [-97.4, 44.92]]]}}, {"id": "1209", "type": "Feature", "properties": {}, "geometry": {"type": "Polygon", "coordinates": [[[-97.24, 44.92], [-97.24, 45.08], [-97.39999999999999, 45.08], [-97.39999999999999, 44.92], [-97.24, 44.92]]]}}, {"id": "1210", "type": "Feature", "properties": {}, "geometry": {"type": "Polygon", "coordinates": [[[-97.08, 44.92], [-97.08, 45.08], [-97.24, 45.08], [-97.24, 44.92], [-97.08, 44.92]]]}}, {"id": "1211", "type": "Feature", "properties": {}, "geometry": {"type": "Polygon", "coordinates": [[[-96.92, 44.92], [-96.92, 45.08], [-97.08, 45.08], [-97.08, 44.92], [-96.92, 44.92]]]}}, {"id": "1212", "type": "Feature", "properties": {}, "geometry": {"type": "Polygon", "coordinates": [[[-96.76, 44.92], [-96.76, 45.08], [-96.92, 45.08], [-96.92, 44.92], [-96.76, 44.92]]]}}, {"id": "1213", "type": "Feature", "properties": {}, "geometry": {"type": "Polygon", "coordinates": [[[-96.44, 44.92], [-96.44, 45.08], [-96.6, 45.08], [-96.6, 44.92], [-96.44, 44.92]]]}}, {"id": "1214", "type": "Feature", "properties": {}, "geometry": {"type": "Polygon", "coordinates": [[[-96.28, 44.92], [-96.28, 45.08], [-96.44, 45.08], [-96.44, 44.92], [-96.28, 44.92]]]}}, {"id": "1215", "type": "Feature", "properties": {}, "geometry": {"type": "Polygon", "coordinates": [[[-96.12, 44.92], [-96.12, 45.08], [-96.28, 45.08], [-96.28, 44.92], [-96.12, 44.92]]]}}, {"id": "1216", "type": "Feature", "properties": {}, "geometry": {"type": "Polygon", "coordinates": [[[-95.96000000000001, 44.92], [-95.96000000000001, 45.08], [-96.12, 45.08], [-96.12, 44.92], [-95.96000000000001, 44.92]]]}}, {"id": "1217", "type": "Feature", "properties": {}, "geometry": {"type": "Polygon", "coordinates": [[[-95.8, 44.92], [-95.8, 45.08], [-95.96, 45.08], [-95.96, 44.92], [-95.8, 44.92]]]}}, {"id": "1218", "type": "Feature", "properties": {}, "geometry": {"type": "Polygon", "coordinates": [[[-95.64, 44.92], [-95.64, 45.08], [-95.8, 45.08], [-95.8, 44.92], [-95.64, 44.92]]]}}, {"id": "1219", "type": "Feature", "properties": {}, "geometry": {"type": "Polygon", "coordinates": [[[-95.32000000000001, 44.92], [-95.32000000000001, 45.08], [-95.48, 45.08], [-95.48, 44.92], [-95.32000000000001, 44.92]]]}}, {"id": "1220", "type": "Feature", "properties": {}, "geometry": {"type": "Polygon", "coordinates": [[[-95.16, 44.92], [-95.16, 45.08], [-95.32, 45.08], [-95.32, 44.92], [-95.16, 44.92]]]}}, {"id": "1221", "type": "Feature", "properties": {}, "geometry": {"type": "Polygon", "coordinates": [[[-95.0, 44.92], [-95.0, 45.08], [-95.16, 45.08], [-95.16, 44.92], [-95.0, 44.92]]]}}, {"id": "1222", "type": "Feature", "properties": {}, "geometry": {"type": "Polygon", "coordinates": [[[-94.84, 44.92], [-94.84, 45.08], [-95.0, 45.08], [-95.0, 44.92], [-94.84, 44.92]]]}}, {"id": "1223", "type": "Feature", "properties": {}, "geometry": {"type": "Polygon", "coordinates": [[[-94.68, 44.92], [-94.68, 45.08], [-94.84, 45.08], [-94.84, 44.92], [-94.68, 44.92]]]}}, {"id": "1224", "type": "Feature", "properties": {}, "geometry": {"type": "Polygon", "coordinates": [[[-94.52, 44.92], [-94.52, 45.08], [-94.67999999999999, 45.08], [-94.67999999999999, 44.92], [-94.52, 44.92]]]}}, {"id": "1225", "type": "Feature", "properties": {}, "geometry": {"type": "Polygon", "coordinates": [[[-94.36, 44.92], [-94.36, 45.08], [-94.52, 45.08], [-94.52, 44.92], [-94.36, 44.92]]]}}, {"id": "1226", "type": "Feature", "properties": {}, "geometry": {"type": "Polygon", "coordinates": [[[-94.2, 44.92], [-94.2, 45.08], [-94.36, 45.08], [-94.36, 44.92], [-94.2, 44.92]]]}}, {"id": "1227", "type": "Feature", "properties": {}, "geometry": {"type": "Polygon", "coordinates": [[[-94.04, 44.92], [-94.04, 45.08], [-94.2, 45.08], [-94.2, 44.92], [-94.04, 44.92]]]}}, {"id": "1228", "type": "Feature", "properties": {}, "geometry": {"type": "Polygon", "coordinates": [[[-93.88, 44.92], [-93.88, 45.08], [-94.03999999999999, 45.08], [-94.03999999999999, 44.92], [-93.88, 44.92]]]}}, {"id": "1229", "type": "Feature", "properties": {}, "geometry": {"type": "Polygon", "coordinates": [[[-93.72, 44.92], [-93.72, 45.08], [-93.88, 45.08], [-93.88, 44.92], [-93.72, 44.92]]]}}, {"id": "1230", "type": "Feature", "properties": {}, "geometry": {"type": "Polygon", "coordinates": [[[-93.56, 44.92], [-93.56, 45.08], [-93.72, 45.08], [-93.72, 44.92], [-93.56, 44.92]]]}}, {"id": "1231", "type": "Feature", "properties": {}, "geometry": {"type": "Polygon", "coordinates": [[[-93.4, 44.92], [-93.4, 45.08], [-93.56, 45.08], [-93.56, 44.92], [-93.4, 44.92]]]}}, {"id": "1232", "type": "Feature", "properties": {}, "geometry": {"type": "Polygon", "coordinates": [[[-93.24, 44.92], [-93.24, 45.08], [-93.39999999999999, 45.08], [-93.39999999999999, 44.92], [-93.24, 44.92]]]}}, {"id": "1233", "type": "Feature", "properties": {}, "geometry": {"type": "Polygon", "coordinates": [[[-93.08, 44.92], [-93.08, 45.08], [-93.24, 45.08], [-93.24, 44.92], [-93.08, 44.92]]]}}, {"id": "1234", "type": "Feature", "properties": {}, "geometry": {"type": "Polygon", "coordinates": [[[-92.92, 44.92], [-92.92, 45.08], [-93.08, 45.08], [-93.08, 44.92], [-92.92, 44.92]]]}}, {"id": "1235", "type": "Feature", "properties": {}, "geometry": {"type": "Polygon", "coordinates": [[[-92.76, 44.92], [-92.76, 45.08], [-92.92, 45.08], [-92.92, 44.92], [-92.76, 44.92]]]}}, {"id": "1236", "type": "Feature", "properties": {}, "geometry": {"type": "Polygon", "coordinates": [[[-92.60000000000001, 44.92], [-92.60000000000001, 45.08], [-92.76, 45.08], [-92.76, 44.92], [-92.60000000000001, 44.92]]]}}, {"id": "1237", "type": "Feature", "properties": {}, "geometry": {"type": "Polygon", "coordinates": [[[-92.44, 44.92], [-92.44, 45.08], [-92.6, 45.08], [-92.6, 44.92], [-92.44, 44.92]]]}}, {"id": "1238", "type": "Feature", "properties": {}, "geometry": {"type": "Polygon", "coordinates": [[[-92.28, 44.92], [-92.28, 45.08], [-92.44, 45.08], [-92.44, 44.92], [-92.28, 44.92]]]}}, {"id": "1239", "type": "Feature", "properties": {}, "geometry": {"type": "Polygon", "coordinates": [[[-92.12, 44.92], [-92.12, 45.08], [-92.28, 45.08], [-92.28, 44.92], [-92.12, 44.92]]]}}, {"id": "1240", "type": "Feature", "properties": {}, "geometry": {"type": "Polygon", "coordinates": [[[-91.96, 44.92], [-91.96, 45.08], [-92.11999999999999, 45.08], [-92.11999999999999, 44.92], [-91.96, 44.92]]]}}, {"id": "1241", "type": "Feature", "properties": {}, "geometry": {"type": "Polygon", "coordinates": [[[-91.8, 44.92], [-91.8, 45.08], [-91.96, 45.08], [-91.96, 44.92], [-91.8, 44.92]]]}}, {"id": "1242", "type": "Feature", "properties": {}, "geometry": {"type": "Polygon", "coordinates": [[[-91.64, 44.92], [-91.64, 45.08], [-91.8, 45.08], [-91.8, 44.92], [-91.64, 44.92]]]}}, {"id": "1243", "type": "Feature", "properties": {}, "geometry": {"type": "Polygon", "coordinates": [[[-91.48, 44.92], [-91.48, 45.08], [-91.64, 45.08], [-91.64, 44.92], [-91.48, 44.92]]]}}, {"id": "1244", "type": "Feature", "properties": {}, "geometry": {"type": "Polygon", "coordinates": [[[-91.32000000000001, 44.92], [-91.32000000000001, 45.08], [-91.48, 45.08], [-91.48, 44.92], [-91.32000000000001, 44.92]]]}}, {"id": "1245", "type": "Feature", "properties": {}, "geometry": {"type": "Polygon", "coordinates": [[[-91.16, 44.92], [-91.16, 45.08], [-91.32, 45.08], [-91.32, 44.92], [-91.16, 44.92]]]}}, {"id": "1246", "type": "Feature", "properties": {}, "geometry": {"type": "Polygon", "coordinates": [[[-91.0, 44.92], [-91.0, 45.08], [-91.16, 45.08], [-91.16, 44.92], [-91.0, 44.92]]]}}, {"id": "1247", "type": "Feature", "properties": {}, "geometry": {"type": "Polygon", "coordinates": [[[-90.84, 44.92], [-90.84, 45.08], [-91.0, 45.08], [-91.0, 44.92], [-90.84, 44.92]]]}}, {"id": "1248", "type": "Feature", "properties": {}, "geometry": {"type": "Polygon", "coordinates": [[[-90.68, 44.92], [-90.68, 45.08], [-90.84, 45.08], [-90.84, 44.92], [-90.68, 44.92]]]}}, {"id": "1249", "type": "Feature", "properties": {}, "geometry": {"type": "Polygon", "coordinates": [[[-90.52, 44.92], [-90.52, 45.08], [-90.67999999999999, 45.08], [-90.67999999999999, 44.92], [-90.52, 44.92]]]}}, {"id": "1250", "type": "Feature", "properties": {}, "geometry": {"type": "Polygon", "coordinates": [[[-90.36, 44.92], [-90.36, 45.08], [-90.52, 45.08], [-90.52, 44.92], [-90.36, 44.92]]]}}, {"id": "1251", "type": "Feature", "properties": {}, "geometry": {"type": "Polygon", "coordinates": [[[-90.2, 44.92], [-90.2, 45.08], [-90.36, 45.08], [-90.36, 44.92], [-90.2, 44.92]]]}}, {"id": "1252", "type": "Feature", "properties": {}, "geometry": {"type": "Polygon", "coordinates": [[[-90.04, 44.92], [-90.04, 45.08], [-90.2, 45.08], [-90.2, 44.92], [-90.04, 44.92]]]}}, {"id": "1253", "type": "Feature", "properties": {}, "geometry": {"type": "Polygon", "coordinates": [[[-89.88, 44.92], [-89.88, 45.08], [-90.03999999999999, 45.08], [-90.03999999999999, 44.92], [-89.88, 44.92]]]}}, {"id": "1254", "type": "Feature", "properties": {}, "geometry": {"type": "Polygon", "coordinates": [[[-89.72, 44.92], [-89.72, 45.08], [-89.88, 45.08], [-89.88, 44.92], [-89.72, 44.92]]]}}, {"id": "1255", "type": "Feature", "properties": {}, "geometry": {"type": "Polygon", "coordinates": [[[-89.56, 44.92], [-89.56, 45.08], [-89.72, 45.08], [-89.72, 44.92], [-89.56, 44.92]]]}}, {"id": "1256", "type": "Feature", "properties": {}, "geometry": {"type": "Polygon", "coordinates": [[[-89.4, 44.92], [-89.4, 45.08], [-89.56, 45.08], [-89.56, 44.92], [-89.4, 44.92]]]}}, {"id": "1257", "type": "Feature", "properties": {}, "geometry": {"type": "Polygon", "coordinates": [[[-89.24, 44.92], [-89.24, 45.08], [-89.39999999999999, 45.08], [-89.39999999999999, 44.92], [-89.24, 44.92]]]}}, {"id": "1258", "type": "Feature", "properties": {}, "geometry": {"type": "Polygon", "coordinates": [[[-89.08, 44.92], [-89.08, 45.08], [-89.24, 45.08], [-89.24, 44.92], [-89.08, 44.92]]]}}, {"id": "1259", "type": "Feature", "properties": {}, "geometry": {"type": "Polygon", "coordinates": [[[-88.92, 44.92], [-88.92, 45.08], [-89.08, 45.08], [-89.08, 44.92], [-88.92, 44.92]]]}}, {"id": "1260", "type": "Feature", "properties": {}, "geometry": {"type": "Polygon", "coordinates": [[[-88.76, 44.92], [-88.76, 45.08], [-88.92, 45.08], [-88.92, 44.92], [-88.76, 44.92]]]}}, {"id": "1261", "type": "Feature", "properties": {}, "geometry": {"type": "Polygon", "coordinates": [[[-88.60000000000001, 44.92], [-88.60000000000001, 45.08], [-88.76, 45.08], [-88.76, 44.92], [-88.60000000000001, 44.92]]]}}, {"id": "1262", "type": "Feature", "properties": {}, "geometry": {"type": "Polygon", "coordinates": [[[-88.44, 44.92], [-88.44, 45.08], [-88.6, 45.08], [-88.6, 44.92], [-88.44, 44.92]]]}}, {"id": "1263", "type": "Feature", "properties": {}, "geometry": {"type": "Polygon", "coordinates": [[[-88.28, 44.92], [-88.28, 45.08], [-88.44, 45.08], [-88.44, 44.92], [-88.28, 44.92]]]}}, {"id": "1264", "type": "Feature", "properties": {}, "geometry": {"type": "Polygon", "coordinates": [[[-88.12, 44.92], [-88.12, 45.08], [-88.28, 45.08], [-88.28, 44.92], [-88.12, 44.92]]]}}, {"id": "1265", "type": "Feature", "properties": {}, "geometry": {"type": "Polygon", "coordinates": [[[-87.64, 44.92], [-87.64, 45.08], [-87.8, 45.08], [-87.8, 44.92], [-87.64, 44.92]]]}}, {"id": "1266", "type": "Feature", "properties": {}, "geometry": {"type": "Polygon", "coordinates": [[[-87.48, 44.92], [-87.48, 45.08], [-87.64, 45.08], [-87.64, 44.92], [-87.48, 44.92]]]}}, {"id": "1267", "type": "Feature", "properties": {}, "geometry": {"type": "Polygon", "coordinates": [[[-87.32000000000001, 44.92], [-87.32000000000001, 45.08], [-87.48, 45.08], [-87.48, 44.92], [-87.32000000000001, 44.92]]]}}, {"id": "1268", "type": "Feature", "properties": {}, "geometry": {"type": "Polygon", "coordinates": [[[-87.16, 44.92], [-87.16, 45.08], [-87.32, 45.08], [-87.32, 44.92], [-87.16, 44.92]]]}}, {"id": "1269", "type": "Feature", "properties": {}, "geometry": {"type": "Polygon", "coordinates": [[[-87.0, 44.92], [-87.0, 45.08], [-87.16, 45.08], [-87.16, 44.92], [-87.0, 44.92]]]}}, {"id": "1270", "type": "Feature", "properties": {}, "geometry": {"type": "Polygon", "coordinates": [[[-86.84, 44.92], [-86.84, 45.08], [-87.0, 45.08], [-87.0, 44.92], [-86.84, 44.92]]]}}, {"id": "1271", "type": "Feature", "properties": {}, "geometry": {"type": "Polygon", "coordinates": [[[-86.67999999999999, 44.92], [-86.67999999999999, 45.08], [-86.83999999999999, 45.08], [-86.83999999999999, 44.92], [-86.67999999999999, 44.92]]]}}, {"id": "1272", "type": "Feature", "properties": {}, "geometry": {"type": "Polygon", "coordinates": [[[-86.52, 44.92], [-86.52, 45.08], [-86.67999999999999, 45.08], [-86.67999999999999, 44.92], [-86.52, 44.92]]]}}, {"id": "1273", "type": "Feature", "properties": {}, "geometry": {"type": "Polygon", "coordinates": [[[-86.36, 44.92], [-86.36, 45.08], [-86.52, 45.08], [-86.52, 44.92], [-86.36, 44.92]]]}}, {"id": "1274", "type": "Feature", "properties": {}, "geometry": {"type": "Polygon", "coordinates": [[[-86.2, 44.92], [-86.2, 45.08], [-86.36, 45.08], [-86.36, 44.92], [-86.2, 44.92]]]}}, {"id": "1275", "type": "Feature", "properties": {}, "geometry": {"type": "Polygon", "coordinates": [[[-86.04, 44.92], [-86.04, 45.08], [-86.2, 45.08], [-86.2, 44.92], [-86.04, 44.92]]]}}, {"id": "1276", "type": "Feature", "properties": {}, "geometry": {"type": "Polygon", "coordinates": [[[-85.88000000000001, 44.92], [-85.88000000000001, 45.08], [-86.04, 45.08], [-86.04, 44.92], [-85.88000000000001, 44.92]]]}}, {"id": "1277", "type": "Feature", "properties": {}, "geometry": {"type": "Polygon", "coordinates": [[[-85.72, 44.92], [-85.72, 45.08], [-85.88, 45.08], [-85.88, 44.92], [-85.72, 44.92]]]}}, {"id": "1278", "type": "Feature", "properties": {}, "geometry": {"type": "Polygon", "coordinates": [[[-85.56, 44.92], [-85.56, 45.08], [-85.72, 45.08], [-85.72, 44.92], [-85.56, 44.92]]]}}, {"id": "1279", "type": "Feature", "properties": {}, "geometry": {"type": "Polygon", "coordinates": [[[-85.4, 44.92], [-85.4, 45.08], [-85.56, 45.08], [-85.56, 44.92], [-85.4, 44.92]]]}}, {"id": "1280", "type": "Feature", "properties": {}, "geometry": {"type": "Polygon", "coordinates": [[[-85.24, 44.92], [-85.24, 45.08], [-85.39999999999999, 45.08], [-85.39999999999999, 44.92], [-85.24, 44.92]]]}}, {"id": "1281", "type": "Feature", "properties": {}, "geometry": {"type": "Polygon", "coordinates": [[[-85.08, 44.92], [-85.08, 45.08], [-85.24, 45.08], [-85.24, 44.92], [-85.08, 44.92]]]}}, {"id": "1282", "type": "Feature", "properties": {}, "geometry": {"type": "Polygon", "coordinates": [[[-84.92, 44.92], [-84.92, 45.08], [-85.08, 45.08], [-85.08, 44.92], [-84.92, 44.92]]]}}, {"id": "1283", "type": "Feature", "properties": {}, "geometry": {"type": "Polygon", "coordinates": [[[-84.76, 44.92], [-84.76, 45.08], [-84.92, 45.08], [-84.92, 44.92], [-84.76, 44.92]]]}}, {"id": "1284", "type": "Feature", "properties": {}, "geometry": {"type": "Polygon", "coordinates": [[[-84.60000000000001, 44.92], [-84.60000000000001, 45.08], [-84.76, 45.08], [-84.76, 44.92], [-84.60000000000001, 44.92]]]}}, {"id": "1285", "type": "Feature", "properties": {}, "geometry": {"type": "Polygon", "coordinates": [[[-84.44, 44.92], [-84.44, 45.08], [-84.6, 45.08], [-84.6, 44.92], [-84.44, 44.92]]]}}, {"id": "1286", "type": "Feature", "properties": {}, "geometry": {"type": "Polygon", "coordinates": [[[-84.28, 44.92], [-84.28, 45.08], [-84.44, 45.08], [-84.44, 44.92], [-84.28, 44.92]]]}}, {"id": "1287", "type": "Feature", "properties": {}, "geometry": {"type": "Polygon", "coordinates": [[[-84.12, 44.92], [-84.12, 45.08], [-84.28, 45.08], [-84.28, 44.92], [-84.12, 44.92]]]}}, {"id": "1288", "type": "Feature", "properties": {}, "geometry": {"type": "Polygon", "coordinates": [[[-83.96, 44.92], [-83.96, 45.08], [-84.11999999999999, 45.08], [-84.11999999999999, 44.92], [-83.96, 44.92]]]}}, {"id": "1289", "type": "Feature", "properties": {}, "geometry": {"type": "Polygon", "coordinates": [[[-102.84, 44.760000000000005], [-102.84, 44.92], [-103.0, 44.92], [-103.0, 44.760000000000005], [-102.84, 44.760000000000005]]]}}, {"id": "1290", "type": "Feature", "properties": {}, "geometry": {"type": "Polygon", "coordinates": [[[-102.68, 44.760000000000005], [-102.68, 44.92], [-102.84, 44.92], [-102.84, 44.760000000000005], [-102.68, 44.760000000000005]]]}}, {"id": "1291", "type": "Feature", "properties": {}, "geometry": {"type": "Polygon", "coordinates": [[[-102.52, 44.760000000000005], [-102.52, 44.92], [-102.67999999999999, 44.92], [-102.67999999999999, 44.760000000000005], [-102.52, 44.760000000000005]]]}}, {"id": "1292", "type": "Feature", "properties": {}, "geometry": {"type": "Polygon", "coordinates": [[[-102.36, 44.760000000000005], [-102.36, 44.92], [-102.52, 44.92], [-102.52, 44.760000000000005], [-102.36, 44.760000000000005]]]}}, {"id": "1293", "type": "Feature", "properties": {}, "geometry": {"type": "Polygon", "coordinates": [[[-102.2, 44.760000000000005], [-102.2, 44.92], [-102.36, 44.92], [-102.36, 44.760000000000005], [-102.2, 44.760000000000005]]]}}, {"id": "1294", "type": "Feature", "properties": {}, "geometry": {"type": "Polygon", "coordinates": [[[-102.04, 44.760000000000005], [-102.04, 44.92], [-102.2, 44.92], [-102.2, 44.760000000000005], [-102.04, 44.760000000000005]]]}}, {"id": "1295", "type": "Feature", "properties": {}, "geometry": {"type": "Polygon", "coordinates": [[[-101.88, 44.760000000000005], [-101.88, 44.92], [-102.03999999999999, 44.92], [-102.03999999999999, 44.760000000000005], [-101.88, 44.760000000000005]]]}}, {"id": "1296", "type": "Feature", "properties": {}, "geometry": {"type": "Polygon", "coordinates": [[[-101.72, 44.760000000000005], [-101.72, 44.92], [-101.88, 44.92], [-101.88, 44.760000000000005], [-101.72, 44.760000000000005]]]}}, {"id": "1297", "type": "Feature", "properties": {}, "geometry": {"type": "Polygon", "coordinates": [[[-101.56, 44.760000000000005], [-101.56, 44.92], [-101.72, 44.92], [-101.72, 44.760000000000005], [-101.56, 44.760000000000005]]]}}, {"id": "1298", "type": "Feature", "properties": {}, "geometry": {"type": "Polygon", "coordinates": [[[-101.4, 44.760000000000005], [-101.4, 44.92], [-101.56, 44.92], [-101.56, 44.760000000000005], [-101.4, 44.760000000000005]]]}}, {"id": "1299", "type": "Feature", "properties": {}, "geometry": {"type": "Polygon", "coordinates": [[[-101.24, 44.760000000000005], [-101.24, 44.92], [-101.39999999999999, 44.92], [-101.39999999999999, 44.760000000000005], [-101.24, 44.760000000000005]]]}}, {"id": "1300", "type": "Feature", "properties": {}, "geometry": {"type": "Polygon", "coordinates": [[[-101.08, 44.760000000000005], [-101.08, 44.92], [-101.24, 44.92], [-101.24, 44.760000000000005], [-101.08, 44.760000000000005]]]}}, {"id": "1301", "type": "Feature", "properties": {}, "geometry": {"type": "Polygon", "coordinates": [[[-100.92, 44.760000000000005], [-100.92, 44.92], [-101.08, 44.92], [-101.08, 44.760000000000005], [-100.92, 44.760000000000005]]]}}, {"id": "1302", "type": "Feature", "properties": {}, "geometry": {"type": "Polygon", "coordinates": [[[-100.76, 44.760000000000005], [-100.76, 44.92], [-100.92, 44.92], [-100.92, 44.760000000000005], [-100.76, 44.760000000000005]]]}}, {"id": "1303", "type": "Feature", "properties": {}, "geometry": {"type": "Polygon", "coordinates": [[[-100.60000000000001, 44.760000000000005], [-100.60000000000001, 44.92], [-100.76, 44.92], [-100.76, 44.760000000000005], [-100.60000000000001, 44.760000000000005]]]}}, {"id": "1304", "type": "Feature", "properties": {}, "geometry": {"type": "Polygon", "coordinates": [[[-100.44, 44.760000000000005], [-100.44, 44.92], [-100.6, 44.92], [-100.6, 44.760000000000005], [-100.44, 44.760000000000005]]]}}, {"id": "1305", "type": "Feature", "properties": {}, "geometry": {"type": "Polygon", "coordinates": [[[-100.28, 44.760000000000005], [-100.28, 44.92], [-100.44, 44.92], [-100.44, 44.760000000000005], [-100.28, 44.760000000000005]]]}}, {"id": "1306", "type": "Feature", "properties": {}, "geometry": {"type": "Polygon", "coordinates": [[[-100.12, 44.760000000000005], [-100.12, 44.92], [-100.28, 44.92], [-100.28, 44.760000000000005], [-100.12, 44.760000000000005]]]}}, {"id": "1307", "type": "Feature", "properties": {}, "geometry": {"type": "Polygon", "coordinates": [[[-99.96000000000001, 44.760000000000005], [-99.96000000000001, 44.92], [-100.12, 44.92], [-100.12, 44.760000000000005], [-99.96000000000001, 44.760000000000005]]]}}, {"id": "1308", "type": "Feature", "properties": {}, "geometry": {"type": "Polygon", "coordinates": [[[-99.8, 44.760000000000005], [-99.8, 44.92], [-99.96, 44.92], [-99.96, 44.760000000000005], [-99.8, 44.760000000000005]]]}}, {"id": "1309", "type": "Feature", "properties": {}, "geometry": {"type": "Polygon", "coordinates": [[[-99.64, 44.760000000000005], [-99.64, 44.92], [-99.8, 44.92], [-99.8, 44.760000000000005], [-99.64, 44.760000000000005]]]}}, {"id": "1310", "type": "Feature", "properties": {}, "geometry": {"type": "Polygon", "coordinates": [[[-99.48, 44.760000000000005], [-99.48, 44.92], [-99.64, 44.92], [-99.64, 44.760000000000005], [-99.48, 44.760000000000005]]]}}, {"id": "1311", "type": "Feature", "properties": {}, "geometry": {"type": "Polygon", "coordinates": [[[-99.32000000000001, 44.760000000000005], [-99.32000000000001, 44.92], [-99.48, 44.92], [-99.48, 44.760000000000005], [-99.32000000000001, 44.760000000000005]]]}}, {"id": "1312", "type": "Feature", "properties": {}, "geometry": {"type": "Polygon", "coordinates": [[[-99.16, 44.760000000000005], [-99.16, 44.92], [-99.32, 44.92], [-99.32, 44.760000000000005], [-99.16, 44.760000000000005]]]}}, {"id": "1313", "type": "Feature", "properties": {}, "geometry": {"type": "Polygon", "coordinates": [[[-99.0, 44.760000000000005], [-99.0, 44.92], [-99.16, 44.92], [-99.16, 44.760000000000005], [-99.0, 44.760000000000005]]]}}, {"id": "1314", "type": "Feature", "properties": {}, "geometry": {"type": "Polygon", "coordinates": [[[-98.84, 44.760000000000005], [-98.84, 44.92], [-99.0, 44.92], [-99.0, 44.760000000000005], [-98.84, 44.760000000000005]]]}}, {"id": "1315", "type": "Feature", "properties": {}, "geometry": {"type": "Polygon", "coordinates": [[[-98.68, 44.760000000000005], [-98.68, 44.92], [-98.84, 44.92], [-98.84, 44.760000000000005], [-98.68, 44.760000000000005]]]}}, {"id": "1316", "type": "Feature", "properties": {}, "geometry": {"type": "Polygon", "coordinates": [[[-98.52, 44.760000000000005], [-98.52, 44.92], [-98.67999999999999, 44.92], [-98.67999999999999, 44.760000000000005], [-98.52, 44.760000000000005]]]}}, {"id": "1317", "type": "Feature", "properties": {}, "geometry": {"type": "Polygon", "coordinates": [[[-98.04, 44.760000000000005], [-98.04, 44.92], [-98.2, 44.92], [-98.2, 44.760000000000005], [-98.04, 44.760000000000005]]]}}, {"id": "1318", "type": "Feature", "properties": {}, "geometry": {"type": "Polygon", "coordinates": [[[-97.88, 44.760000000000005], [-97.88, 44.92], [-98.03999999999999, 44.92], [-98.03999999999999, 44.760000000000005], [-97.88, 44.760000000000005]]]}}, {"id": "1319", "type": "Feature", "properties": {}, "geometry": {"type": "Polygon", "coordinates": [[[-97.4, 44.760000000000005], [-97.4, 44.92], [-97.56, 44.92], [-97.56, 44.760000000000005], [-97.4, 44.760000000000005]]]}}, {"id": "1320", "type": "Feature", "properties": {}, "geometry": {"type": "Polygon", "coordinates": [[[-97.24, 44.760000000000005], [-97.24, 44.92], [-97.39999999999999, 44.92], [-97.39999999999999, 44.760000000000005], [-97.24, 44.760000000000005]]]}}, {"id": "1321", "type": "Feature", "properties": {}, "geometry": {"type": "Polygon", "coordinates": [[[-97.08, 44.760000000000005], [-97.08, 44.92], [-97.24, 44.92], [-97.24, 44.760000000000005], [-97.08, 44.760000000000005]]]}}, {"id": "1322", "type": "Feature", "properties": {}, "geometry": {"type": "Polygon", "coordinates": [[[-96.92, 44.760000000000005], [-96.92, 44.92], [-97.08, 44.92], [-97.08, 44.760000000000005], [-96.92, 44.760000000000005]]]}}, {"id": "1323", "type": "Feature", "properties": {}, "geometry": {"type": "Polygon", "coordinates": [[[-96.76, 44.760000000000005], [-96.76, 44.92], [-96.92, 44.92], [-96.92, 44.760000000000005], [-96.76, 44.760000000000005]]]}}, {"id": "1324", "type": "Feature", "properties": {}, "geometry": {"type": "Polygon", "coordinates": [[[-96.60000000000001, 44.760000000000005], [-96.60000000000001, 44.92], [-96.76, 44.92], [-96.76, 44.760000000000005], [-96.60000000000001, 44.760000000000005]]]}}, {"id": "1325", "type": "Feature", "properties": {}, "geometry": {"type": "Polygon", "coordinates": [[[-96.44, 44.760000000000005], [-96.44, 44.92], [-96.6, 44.92], [-96.6, 44.760000000000005], [-96.44, 44.760000000000005]]]}}, {"id": "1326", "type": "Feature", "properties": {}, "geometry": {"type": "Polygon", "coordinates": [[[-96.28, 44.760000000000005], [-96.28, 44.92], [-96.44, 44.92], [-96.44, 44.760000000000005], [-96.28, 44.760000000000005]]]}}, {"id": "1327", "type": "Feature", "properties": {}, "geometry": {"type": "Polygon", "coordinates": [[[-96.12, 44.760000000000005], [-96.12, 44.92], [-96.28, 44.92], [-96.28, 44.760000000000005], [-96.12, 44.760000000000005]]]}}, {"id": "1328", "type": "Feature", "properties": {}, "geometry": {"type": "Polygon", "coordinates": [[[-95.96000000000001, 44.760000000000005], [-95.96000000000001, 44.92], [-96.12, 44.92], [-96.12, 44.760000000000005], [-95.96000000000001, 44.760000000000005]]]}}, {"id": "1329", "type": "Feature", "properties": {}, "geometry": {"type": "Polygon", "coordinates": [[[-95.8, 44.760000000000005], [-95.8, 44.92], [-95.96, 44.92], [-95.96, 44.760000000000005], [-95.8, 44.760000000000005]]]}}, {"id": "1330", "type": "Feature", "properties": {}, "geometry": {"type": "Polygon", "coordinates": [[[-95.64, 44.760000000000005], [-95.64, 44.92], [-95.8, 44.92], [-95.8, 44.760000000000005], [-95.64, 44.760000000000005]]]}}, {"id": "1331", "type": "Feature", "properties": {}, "geometry": {"type": "Polygon", "coordinates": [[[-95.48, 44.760000000000005], [-95.48, 44.92], [-95.64, 44.92], [-95.64, 44.760000000000005], [-95.48, 44.760000000000005]]]}}, {"id": "1332", "type": "Feature", "properties": {}, "geometry": {"type": "Polygon", "coordinates": [[[-95.32000000000001, 44.760000000000005], [-95.32000000000001, 44.92], [-95.48, 44.92], [-95.48, 44.760000000000005], [-95.32000000000001, 44.760000000000005]]]}}, {"id": "1333", "type": "Feature", "properties": {}, "geometry": {"type": "Polygon", "coordinates": [[[-95.16, 44.760000000000005], [-95.16, 44.92], [-95.32, 44.92], [-95.32, 44.760000000000005], [-95.16, 44.760000000000005]]]}}, {"id": "1334", "type": "Feature", "properties": {}, "geometry": {"type": "Polygon", "coordinates": [[[-95.0, 44.760000000000005], [-95.0, 44.92], [-95.16, 44.92], [-95.16, 44.760000000000005], [-95.0, 44.760000000000005]]]}}, {"id": "1335", "type": "Feature", "properties": {}, "geometry": {"type": "Polygon", "coordinates": [[[-94.84, 44.760000000000005], [-94.84, 44.92], [-95.0, 44.92], [-95.0, 44.760000000000005], [-94.84, 44.760000000000005]]]}}, {"id": "1336", "type": "Feature", "properties": {}, "geometry": {"type": "Polygon", "coordinates": [[[-94.68, 44.760000000000005], [-94.68, 44.92], [-94.84, 44.92], [-94.84, 44.760000000000005], [-94.68, 44.760000000000005]]]}}, {"id": "1337", "type": "Feature", "properties": {}, "geometry": {"type": "Polygon", "coordinates": [[[-94.52, 44.760000000000005], [-94.52, 44.92], [-94.67999999999999, 44.92], [-94.67999999999999, 44.760000000000005], [-94.52, 44.760000000000005]]]}}, {"id": "1338", "type": "Feature", "properties": {}, "geometry": {"type": "Polygon", "coordinates": [[[-94.36, 44.760000000000005], [-94.36, 44.92], [-94.52, 44.92], [-94.52, 44.760000000000005], [-94.36, 44.760000000000005]]]}}, {"id": "1339", "type": "Feature", "properties": {}, "geometry": {"type": "Polygon", "coordinates": [[[-94.2, 44.760000000000005], [-94.2, 44.92], [-94.36, 44.92], [-94.36, 44.760000000000005], [-94.2, 44.760000000000005]]]}}, {"id": "1340", "type": "Feature", "properties": {}, "geometry": {"type": "Polygon", "coordinates": [[[-94.04, 44.760000000000005], [-94.04, 44.92], [-94.2, 44.92], [-94.2, 44.760000000000005], [-94.04, 44.760000000000005]]]}}, {"id": "1341", "type": "Feature", "properties": {}, "geometry": {"type": "Polygon", "coordinates": [[[-93.88, 44.760000000000005], [-93.88, 44.92], [-94.03999999999999, 44.92], [-94.03999999999999, 44.760000000000005], [-93.88, 44.760000000000005]]]}}, {"id": "1342", "type": "Feature", "properties": {}, "geometry": {"type": "Polygon", "coordinates": [[[-93.72, 44.760000000000005], [-93.72, 44.92], [-93.88, 44.92], [-93.88, 44.760000000000005], [-93.72, 44.760000000000005]]]}}, {"id": "1343", "type": "Feature", "properties": {}, "geometry": {"type": "Polygon", "coordinates": [[[-93.56, 44.760000000000005], [-93.56, 44.92], [-93.72, 44.92], [-93.72, 44.760000000000005], [-93.56, 44.760000000000005]]]}}, {"id": "1344", "type": "Feature", "properties": {}, "geometry": {"type": "Polygon", "coordinates": [[[-93.4, 44.760000000000005], [-93.4, 44.92], [-93.56, 44.92], [-93.56, 44.760000000000005], [-93.4, 44.760000000000005]]]}}, {"id": "1345", "type": "Feature", "properties": {}, "geometry": {"type": "Polygon", "coordinates": [[[-93.24, 44.760000000000005], [-93.24, 44.92], [-93.39999999999999, 44.92], [-93.39999999999999, 44.760000000000005], [-93.24, 44.760000000000005]]]}}, {"id": "1346", "type": "Feature", "properties": {}, "geometry": {"type": "Polygon", "coordinates": [[[-93.08, 44.760000000000005], [-93.08, 44.92], [-93.24, 44.92], [-93.24, 44.760000000000005], [-93.08, 44.760000000000005]]]}}, {"id": "1347", "type": "Feature", "properties": {}, "geometry": {"type": "Polygon", "coordinates": [[[-92.92, 44.760000000000005], [-92.92, 44.92], [-93.08, 44.92], [-93.08, 44.760000000000005], [-92.92, 44.760000000000005]]]}}, {"id": "1348", "type": "Feature", "properties": {}, "geometry": {"type": "Polygon", "coordinates": [[[-92.76, 44.760000000000005], [-92.76, 44.92], [-92.92, 44.92], [-92.92, 44.760000000000005], [-92.76, 44.760000000000005]]]}}, {"id": "1349", "type": "Feature", "properties": {}, "geometry": {"type": "Polygon", "coordinates": [[[-92.60000000000001, 44.760000000000005], [-92.60000000000001, 44.92], [-92.76, 44.92], [-92.76, 44.760000000000005], [-92.60000000000001, 44.760000000000005]]]}}, {"id": "1350", "type": "Feature", "properties": {}, "geometry": {"type": "Polygon", "coordinates": [[[-92.44, 44.760000000000005], [-92.44, 44.92], [-92.6, 44.92], [-92.6, 44.760000000000005], [-92.44, 44.760000000000005]]]}}, {"id": "1351", "type": "Feature", "properties": {}, "geometry": {"type": "Polygon", "coordinates": [[[-92.28, 44.760000000000005], [-92.28, 44.92], [-92.44, 44.92], [-92.44, 44.760000000000005], [-92.28, 44.760000000000005]]]}}, {"id": "1352", "type": "Feature", "properties": {}, "geometry": {"type": "Polygon", "coordinates": [[[-92.12, 44.760000000000005], [-92.12, 44.92], [-92.28, 44.92], [-92.28, 44.760000000000005], [-92.12, 44.760000000000005]]]}}, {"id": "1353", "type": "Feature", "properties": {}, "geometry": {"type": "Polygon", "coordinates": [[[-91.96, 44.760000000000005], [-91.96, 44.92], [-92.11999999999999, 44.92], [-92.11999999999999, 44.760000000000005], [-91.96, 44.760000000000005]]]}}, {"id": "1354", "type": "Feature", "properties": {}, "geometry": {"type": "Polygon", "coordinates": [[[-91.8, 44.760000000000005], [-91.8, 44.92], [-91.96, 44.92], [-91.96, 44.760000000000005], [-91.8, 44.760000000000005]]]}}, {"id": "1355", "type": "Feature", "properties": {}, "geometry": {"type": "Polygon", "coordinates": [[[-91.64, 44.760000000000005], [-91.64, 44.92], [-91.8, 44.92], [-91.8, 44.760000000000005], [-91.64, 44.760000000000005]]]}}, {"id": "1356", "type": "Feature", "properties": {}, "geometry": {"type": "Polygon", "coordinates": [[[-91.48, 44.760000000000005], [-91.48, 44.92], [-91.64, 44.92], [-91.64, 44.760000000000005], [-91.48, 44.760000000000005]]]}}, {"id": "1357", "type": "Feature", "properties": {}, "geometry": {"type": "Polygon", "coordinates": [[[-91.32000000000001, 44.760000000000005], [-91.32000000000001, 44.92], [-91.48, 44.92], [-91.48, 44.760000000000005], [-91.32000000000001, 44.760000000000005]]]}}, {"id": "1358", "type": "Feature", "properties": {}, "geometry": {"type": "Polygon", "coordinates": [[[-91.16, 44.760000000000005], [-91.16, 44.92], [-91.32, 44.92], [-91.32, 44.760000000000005], [-91.16, 44.760000000000005]]]}}, {"id": "1359", "type": "Feature", "properties": {}, "geometry": {"type": "Polygon", "coordinates": [[[-91.0, 44.760000000000005], [-91.0, 44.92], [-91.16, 44.92], [-91.16, 44.760000000000005], [-91.0, 44.760000000000005]]]}}, {"id": "1360", "type": "Feature", "properties": {}, "geometry": {"type": "Polygon", "coordinates": [[[-90.84, 44.760000000000005], [-90.84, 44.92], [-91.0, 44.92], [-91.0, 44.760000000000005], [-90.84, 44.760000000000005]]]}}, {"id": "1361", "type": "Feature", "properties": {}, "geometry": {"type": "Polygon", "coordinates": [[[-90.68, 44.760000000000005], [-90.68, 44.92], [-90.84, 44.92], [-90.84, 44.760000000000005], [-90.68, 44.760000000000005]]]}}, {"id": "1362", "type": "Feature", "properties": {}, "geometry": {"type": "Polygon", "coordinates": [[[-90.52, 44.760000000000005], [-90.52, 44.92], [-90.67999999999999, 44.92], [-90.67999999999999, 44.760000000000005], [-90.52, 44.760000000000005]]]}}, {"id": "1363", "type": "Feature", "properties": {}, "geometry": {"type": "Polygon", "coordinates": [[[-90.36, 44.760000000000005], [-90.36, 44.92], [-90.52, 44.92], [-90.52, 44.760000000000005], [-90.36, 44.760000000000005]]]}}, {"id": "1364", "type": "Feature", "properties": {}, "geometry": {"type": "Polygon", "coordinates": [[[-90.2, 44.760000000000005], [-90.2, 44.92], [-90.36, 44.92], [-90.36, 44.760000000000005], [-90.2, 44.760000000000005]]]}}, {"id": "1365", "type": "Feature", "properties": {}, "geometry": {"type": "Polygon", "coordinates": [[[-90.04, 44.760000000000005], [-90.04, 44.92], [-90.2, 44.92], [-90.2, 44.760000000000005], [-90.04, 44.760000000000005]]]}}, {"id": "1366", "type": "Feature", "properties": {}, "geometry": {"type": "Polygon", "coordinates": [[[-89.88, 44.760000000000005], [-89.88, 44.92], [-90.03999999999999, 44.92], [-90.03999999999999, 44.760000000000005], [-89.88, 44.760000000000005]]]}}, {"id": "1367", "type": "Feature", "properties": {}, "geometry": {"type": "Polygon", "coordinates": [[[-89.72, 44.760000000000005], [-89.72, 44.92], [-89.88, 44.92], [-89.88, 44.760000000000005], [-89.72, 44.760000000000005]]]}}, {"id": "1368", "type": "Feature", "properties": {}, "geometry": {"type": "Polygon", "coordinates": [[[-89.56, 44.760000000000005], [-89.56, 44.92], [-89.72, 44.92], [-89.72, 44.760000000000005], [-89.56, 44.760000000000005]]]}}, {"id": "1369", "type": "Feature", "properties": {}, "geometry": {"type": "Polygon", "coordinates": [[[-89.4, 44.760000000000005], [-89.4, 44.92], [-89.56, 44.92], [-89.56, 44.760000000000005], [-89.4, 44.760000000000005]]]}}, {"id": "1370", "type": "Feature", "properties": {}, "geometry": {"type": "Polygon", "coordinates": [[[-89.24, 44.760000000000005], [-89.24, 44.92], [-89.39999999999999, 44.92], [-89.39999999999999, 44.760000000000005], [-89.24, 44.760000000000005]]]}}, {"id": "1371", "type": "Feature", "properties": {}, "geometry": {"type": "Polygon", "coordinates": [[[-89.08, 44.760000000000005], [-89.08, 44.92], [-89.24, 44.92], [-89.24, 44.760000000000005], [-89.08, 44.760000000000005]]]}}, {"id": "1372", "type": "Feature", "properties": {}, "geometry": {"type": "Polygon", "coordinates": [[[-88.92, 44.760000000000005], [-88.92, 44.92], [-89.08, 44.92], [-89.08, 44.760000000000005], [-88.92, 44.760000000000005]]]}}, {"id": "1373", "type": "Feature", "properties": {}, "geometry": {"type": "Polygon", "coordinates": [[[-88.76, 44.760000000000005], [-88.76, 44.92], [-88.92, 44.92], [-88.92, 44.760000000000005], [-88.76, 44.760000000000005]]]}}, {"id": "1374", "type": "Feature", "properties": {}, "geometry": {"type": "Polygon", "coordinates": [[[-88.60000000000001, 44.760000000000005], [-88.60000000000001, 44.92], [-88.76, 44.92], [-88.76, 44.760000000000005], [-88.60000000000001, 44.760000000000005]]]}}, {"id": "1375", "type": "Feature", "properties": {}, "geometry": {"type": "Polygon", "coordinates": [[[-88.44, 44.760000000000005], [-88.44, 44.92], [-88.6, 44.92], [-88.6, 44.760000000000005], [-88.44, 44.760000000000005]]]}}, {"id": "1376", "type": "Feature", "properties": {}, "geometry": {"type": "Polygon", "coordinates": [[[-88.28, 44.760000000000005], [-88.28, 44.92], [-88.44, 44.92], [-88.44, 44.760000000000005], [-88.28, 44.760000000000005]]]}}, {"id": "1377", "type": "Feature", "properties": {}, "geometry": {"type": "Polygon", "coordinates": [[[-87.96, 44.760000000000005], [-87.96, 44.92], [-88.11999999999999, 44.92], [-88.11999999999999, 44.760000000000005], [-87.96, 44.760000000000005]]]}}, {"id": "1378", "type": "Feature", "properties": {}, "geometry": {"type": "Polygon", "coordinates": [[[-87.64, 44.760000000000005], [-87.64, 44.92], [-87.8, 44.92], [-87.8, 44.760000000000005], [-87.64, 44.760000000000005]]]}}, {"id": "1379", "type": "Feature", "properties": {}, "geometry": {"type": "Polygon", "coordinates": [[[-87.48, 44.760000000000005], [-87.48, 44.92], [-87.64, 44.92], [-87.64, 44.760000000000005], [-87.48, 44.760000000000005]]]}}, {"id": "1380", "type": "Feature", "properties": {}, "geometry": {"type": "Polygon", "coordinates": [[[-87.32000000000001, 44.760000000000005], [-87.32000000000001, 44.92], [-87.48, 44.92], [-87.48, 44.760000000000005], [-87.32000000000001, 44.760000000000005]]]}}, {"id": "1381", "type": "Feature", "properties": {}, "geometry": {"type": "Polygon", "coordinates": [[[-87.16, 44.760000000000005], [-87.16, 44.92], [-87.32, 44.92], [-87.32, 44.760000000000005], [-87.16, 44.760000000000005]]]}}, {"id": "1382", "type": "Feature", "properties": {}, "geometry": {"type": "Polygon", "coordinates": [[[-87.0, 44.760000000000005], [-87.0, 44.92], [-87.16, 44.92], [-87.16, 44.760000000000005], [-87.0, 44.760000000000005]]]}}, {"id": "1383", "type": "Feature", "properties": {}, "geometry": {"type": "Polygon", "coordinates": [[[-86.84, 44.760000000000005], [-86.84, 44.92], [-87.0, 44.92], [-87.0, 44.760000000000005], [-86.84, 44.760000000000005]]]}}, {"id": "1384", "type": "Feature", "properties": {}, "geometry": {"type": "Polygon", "coordinates": [[[-86.67999999999999, 44.760000000000005], [-86.67999999999999, 44.92], [-86.83999999999999, 44.92], [-86.83999999999999, 44.760000000000005], [-86.67999999999999, 44.760000000000005]]]}}, {"id": "1385", "type": "Feature", "properties": {}, "geometry": {"type": "Polygon", "coordinates": [[[-86.52, 44.760000000000005], [-86.52, 44.92], [-86.67999999999999, 44.92], [-86.67999999999999, 44.760000000000005], [-86.52, 44.760000000000005]]]}}, {"id": "1386", "type": "Feature", "properties": {}, "geometry": {"type": "Polygon", "coordinates": [[[-86.36, 44.760000000000005], [-86.36, 44.92], [-86.52, 44.92], [-86.52, 44.760000000000005], [-86.36, 44.760000000000005]]]}}, {"id": "1387", "type": "Feature", "properties": {}, "geometry": {"type": "Polygon", "coordinates": [[[-86.2, 44.760000000000005], [-86.2, 44.92], [-86.36, 44.92], [-86.36, 44.760000000000005], [-86.2, 44.760000000000005]]]}}, {"id": "1388", "type": "Feature", "properties": {}, "geometry": {"type": "Polygon", "coordinates": [[[-86.04, 44.760000000000005], [-86.04, 44.92], [-86.2, 44.92], [-86.2, 44.760000000000005], [-86.04, 44.760000000000005]]]}}, {"id": "1389", "type": "Feature", "properties": {}, "geometry": {"type": "Polygon", "coordinates": [[[-85.88000000000001, 44.760000000000005], [-85.88000000000001, 44.92], [-86.04, 44.92], [-86.04, 44.760000000000005], [-85.88000000000001, 44.760000000000005]]]}}, {"id": "1390", "type": "Feature", "properties": {}, "geometry": {"type": "Polygon", "coordinates": [[[-85.72, 44.760000000000005], [-85.72, 44.92], [-85.88, 44.92], [-85.88, 44.760000000000005], [-85.72, 44.760000000000005]]]}}, {"id": "1391", "type": "Feature", "properties": {}, "geometry": {"type": "Polygon", "coordinates": [[[-85.56, 44.760000000000005], [-85.56, 44.92], [-85.72, 44.92], [-85.72, 44.760000000000005], [-85.56, 44.760000000000005]]]}}, {"id": "1392", "type": "Feature", "properties": {}, "geometry": {"type": "Polygon", "coordinates": [[[-85.4, 44.760000000000005], [-85.4, 44.92], [-85.56, 44.92], [-85.56, 44.760000000000005], [-85.4, 44.760000000000005]]]}}, {"id": "1393", "type": "Feature", "properties": {}, "geometry": {"type": "Polygon", "coordinates": [[[-85.24, 44.760000000000005], [-85.24, 44.92], [-85.39999999999999, 44.92], [-85.39999999999999, 44.760000000000005], [-85.24, 44.760000000000005]]]}}, {"id": "1394", "type": "Feature", "properties": {}, "geometry": {"type": "Polygon", "coordinates": [[[-85.08, 44.760000000000005], [-85.08, 44.92], [-85.24, 44.92], [-85.24, 44.760000000000005], [-85.08, 44.760000000000005]]]}}, {"id": "1395", "type": "Feature", "properties": {}, "geometry": {"type": "Polygon", "coordinates": [[[-84.92, 44.760000000000005], [-84.92, 44.92], [-85.08, 44.92], [-85.08, 44.760000000000005], [-84.92, 44.760000000000005]]]}}, {"id": "1396", "type": "Feature", "properties": {}, "geometry": {"type": "Polygon", "coordinates": [[[-84.76, 44.760000000000005], [-84.76, 44.92], [-84.92, 44.92], [-84.92, 44.760000000000005], [-84.76, 44.760000000000005]]]}}, {"id": "1397", "type": "Feature", "properties": {}, "geometry": {"type": "Polygon", "coordinates": [[[-84.60000000000001, 44.760000000000005], [-84.60000000000001, 44.92], [-84.76, 44.92], [-84.76, 44.760000000000005], [-84.60000000000001, 44.760000000000005]]]}}, {"id": "1398", "type": "Feature", "properties": {}, "geometry": {"type": "Polygon", "coordinates": [[[-84.44, 44.760000000000005], [-84.44, 44.92], [-84.6, 44.92], [-84.6, 44.760000000000005], [-84.44, 44.760000000000005]]]}}, {"id": "1399", "type": "Feature", "properties": {}, "geometry": {"type": "Polygon", "coordinates": [[[-84.28, 44.760000000000005], [-84.28, 44.92], [-84.44, 44.92], [-84.44, 44.760000000000005], [-84.28, 44.760000000000005]]]}}, {"id": "1400", "type": "Feature", "properties": {}, "geometry": {"type": "Polygon", "coordinates": [[[-84.12, 44.760000000000005], [-84.12, 44.92], [-84.28, 44.92], [-84.28, 44.760000000000005], [-84.12, 44.760000000000005]]]}}, {"id": "1401", "type": "Feature", "properties": {}, "geometry": {"type": "Polygon", "coordinates": [[[-83.96, 44.760000000000005], [-83.96, 44.92], [-84.11999999999999, 44.92], [-84.11999999999999, 44.760000000000005], [-83.96, 44.760000000000005]]]}}, {"id": "1402", "type": "Feature", "properties": {}, "geometry": {"type": "Polygon", "coordinates": [[[-102.84, 44.6], [-102.84, 44.76], [-103.0, 44.76], [-103.0, 44.6], [-102.84, 44.6]]]}}, {"id": "1403", "type": "Feature", "properties": {}, "geometry": {"type": "Polygon", "coordinates": [[[-102.68, 44.6], [-102.68, 44.76], [-102.84, 44.76], [-102.84, 44.6], [-102.68, 44.6]]]}}, {"id": "1404", "type": "Feature", "properties": {}, "geometry": {"type": "Polygon", "coordinates": [[[-102.52, 44.6], [-102.52, 44.76], [-102.67999999999999, 44.76], [-102.67999999999999, 44.6], [-102.52, 44.6]]]}}, {"id": "1405", "type": "Feature", "properties": {}, "geometry": {"type": "Polygon", "coordinates": [[[-102.36, 44.6], [-102.36, 44.76], [-102.52, 44.76], [-102.52, 44.6], [-102.36, 44.6]]]}}, {"id": "1406", "type": "Feature", "properties": {}, "geometry": {"type": "Polygon", "coordinates": [[[-102.2, 44.6], [-102.2, 44.76], [-102.36, 44.76], [-102.36, 44.6], [-102.2, 44.6]]]}}, {"id": "1407", "type": "Feature", "properties": {}, "geometry": {"type": "Polygon", "coordinates": [[[-102.04, 44.6], [-102.04, 44.76], [-102.2, 44.76], [-102.2, 44.6], [-102.04, 44.6]]]}}, {"id": "1408", "type": "Feature", "properties": {}, "geometry": {"type": "Polygon", "coordinates": [[[-101.88, 44.6], [-101.88, 44.76], [-102.03999999999999, 44.76], [-102.03999999999999, 44.6], [-101.88, 44.6]]]}}, {"id": "1409", "type": "Feature", "properties": {}, "geometry": {"type": "Polygon", "coordinates": [[[-101.72, 44.6], [-101.72, 44.76], [-101.88, 44.76], [-101.88, 44.6], [-101.72, 44.6]]]}}, {"id": "1410", "type": "Feature", "properties": {}, "geometry": {"type": "Polygon", "coordinates": [[[-101.56, 44.6], [-101.56, 44.76], [-101.72, 44.76], [-101.72, 44.6], [-101.56, 44.6]]]}}, {"id": "1411", "type": "Feature", "properties": {}, "geometry": {"type": "Polygon", "coordinates": [[[-101.4, 44.6], [-101.4, 44.76], [-101.56, 44.76], [-101.56, 44.6], [-101.4, 44.6]]]}}, {"id": "1412", "type": "Feature", "properties": {}, "geometry": {"type": "Polygon", "coordinates": [[[-101.24, 44.6], [-101.24, 44.76], [-101.39999999999999, 44.76], [-101.39999999999999, 44.6], [-101.24, 44.6]]]}}, {"id": "1413", "type": "Feature", "properties": {}, "geometry": {"type": "Polygon", "coordinates": [[[-101.08, 44.6], [-101.08, 44.76], [-101.24, 44.76], [-101.24, 44.6], [-101.08, 44.6]]]}}, {"id": "1414", "type": "Feature", "properties": {}, "geometry": {"type": "Polygon", "coordinates": [[[-100.92, 44.6], [-100.92, 44.76], [-101.08, 44.76], [-101.08, 44.6], [-100.92, 44.6]]]}}, {"id": "1415", "type": "Feature", "properties": {}, "geometry": {"type": "Polygon", "coordinates": [[[-100.76, 44.6], [-100.76, 44.76], [-100.92, 44.76], [-100.92, 44.6], [-100.76, 44.6]]]}}, {"id": "1416", "type": "Feature", "properties": {}, "geometry": {"type": "Polygon", "coordinates": [[[-100.60000000000001, 44.6], [-100.60000000000001, 44.76], [-100.76, 44.76], [-100.76, 44.6], [-100.60000000000001, 44.6]]]}}, {"id": "1417", "type": "Feature", "properties": {}, "geometry": {"type": "Polygon", "coordinates": [[[-100.44, 44.6], [-100.44, 44.76], [-100.6, 44.76], [-100.6, 44.6], [-100.44, 44.6]]]}}, {"id": "1418", "type": "Feature", "properties": {}, "geometry": {"type": "Polygon", "coordinates": [[[-100.28, 44.6], [-100.28, 44.76], [-100.44, 44.76], [-100.44, 44.6], [-100.28, 44.6]]]}}, {"id": "1419", "type": "Feature", "properties": {}, "geometry": {"type": "Polygon", "coordinates": [[[-100.12, 44.6], [-100.12, 44.76], [-100.28, 44.76], [-100.28, 44.6], [-100.12, 44.6]]]}}, {"id": "1420", "type": "Feature", "properties": {}, "geometry": {"type": "Polygon", "coordinates": [[[-99.96000000000001, 44.6], [-99.96000000000001, 44.76], [-100.12, 44.76], [-100.12, 44.6], [-99.96000000000001, 44.6]]]}}, {"id": "1421", "type": "Feature", "properties": {}, "geometry": {"type": "Polygon", "coordinates": [[[-99.8, 44.6], [-99.8, 44.76], [-99.96, 44.76], [-99.96, 44.6], [-99.8, 44.6]]]}}, {"id": "1422", "type": "Feature", "properties": {}, "geometry": {"type": "Polygon", "coordinates": [[[-99.64, 44.6], [-99.64, 44.76], [-99.8, 44.76], [-99.8, 44.6], [-99.64, 44.6]]]}}, {"id": "1423", "type": "Feature", "properties": {}, "geometry": {"type": "Polygon", "coordinates": [[[-99.48, 44.6], [-99.48, 44.76], [-99.64, 44.76], [-99.64, 44.6], [-99.48, 44.6]]]}}, {"id": "1424", "type": "Feature", "properties": {}, "geometry": {"type": "Polygon", "coordinates": [[[-99.32000000000001, 44.6], [-99.32000000000001, 44.76], [-99.48, 44.76], [-99.48, 44.6], [-99.32000000000001, 44.6]]]}}, {"id": "1425", "type": "Feature", "properties": {}, "geometry": {"type": "Polygon", "coordinates": [[[-99.16, 44.6], [-99.16, 44.76], [-99.32, 44.76], [-99.32, 44.6], [-99.16, 44.6]]]}}, {"id": "1426", "type": "Feature", "properties": {}, "geometry": {"type": "Polygon", "coordinates": [[[-99.0, 44.6], [-99.0, 44.76], [-99.16, 44.76], [-99.16, 44.6], [-99.0, 44.6]]]}}, {"id": "1427", "type": "Feature", "properties": {}, "geometry": {"type": "Polygon", "coordinates": [[[-98.84, 44.6], [-98.84, 44.76], [-99.0, 44.76], [-99.0, 44.6], [-98.84, 44.6]]]}}, {"id": "1428", "type": "Feature", "properties": {}, "geometry": {"type": "Polygon", "coordinates": [[[-98.68, 44.6], [-98.68, 44.76], [-98.84, 44.76], [-98.84, 44.6], [-98.68, 44.6]]]}}, {"id": "1429", "type": "Feature", "properties": {}, "geometry": {"type": "Polygon", "coordinates": [[[-98.52, 44.6], [-98.52, 44.76], [-98.67999999999999, 44.76], [-98.67999999999999, 44.6], [-98.52, 44.6]]]}}, {"id": "1430", "type": "Feature", "properties": {}, "geometry": {"type": "Polygon", "coordinates": [[[-98.36, 44.6], [-98.36, 44.76], [-98.52, 44.76], [-98.52, 44.6], [-98.36, 44.6]]]}}, {"id": "1431", "type": "Feature", "properties": {}, "geometry": {"type": "Polygon", "coordinates": [[[-98.2, 44.6], [-98.2, 44.76], [-98.36, 44.76], [-98.36, 44.6], [-98.2, 44.6]]]}}, {"id": "1432", "type": "Feature", "properties": {}, "geometry": {"type": "Polygon", "coordinates": [[[-98.04, 44.6], [-98.04, 44.76], [-98.2, 44.76], [-98.2, 44.6], [-98.04, 44.6]]]}}, {"id": "1433", "type": "Feature", "properties": {}, "geometry": {"type": "Polygon", "coordinates": [[[-97.24, 44.6], [-97.24, 44.76], [-97.39999999999999, 44.76], [-97.39999999999999, 44.6], [-97.24, 44.6]]]}}, {"id": "1434", "type": "Feature", "properties": {}, "geometry": {"type": "Polygon", "coordinates": [[[-97.08, 44.6], [-97.08, 44.76], [-97.24, 44.76], [-97.24, 44.6], [-97.08, 44.6]]]}}, {"id": "1435", "type": "Feature", "properties": {}, "geometry": {"type": "Polygon", "coordinates": [[[-96.92, 44.6], [-96.92, 44.76], [-97.08, 44.76], [-97.08, 44.6], [-96.92, 44.6]]]}}, {"id": "1436", "type": "Feature", "properties": {}, "geometry": {"type": "Polygon", "coordinates": [[[-96.76, 44.6], [-96.76, 44.76], [-96.92, 44.76], [-96.92, 44.6], [-96.76, 44.6]]]}}, {"id": "1437", "type": "Feature", "properties": {}, "geometry": {"type": "Polygon", "coordinates": [[[-96.60000000000001, 44.6], [-96.60000000000001, 44.76], [-96.76, 44.76], [-96.76, 44.6], [-96.60000000000001, 44.6]]]}}, {"id": "1438", "type": "Feature", "properties": {}, "geometry": {"type": "Polygon", "coordinates": [[[-96.28, 44.6], [-96.28, 44.76], [-96.44, 44.76], [-96.44, 44.6], [-96.28, 44.6]]]}}, {"id": "1439", "type": "Feature", "properties": {}, "geometry": {"type": "Polygon", "coordinates": [[[-96.12, 44.6], [-96.12, 44.76], [-96.28, 44.76], [-96.28, 44.6], [-96.12, 44.6]]]}}, {"id": "1440", "type": "Feature", "properties": {}, "geometry": {"type": "Polygon", "coordinates": [[[-95.96000000000001, 44.6], [-95.96000000000001, 44.76], [-96.12, 44.76], [-96.12, 44.6], [-95.96000000000001, 44.6]]]}}, {"id": "1441", "type": "Feature", "properties": {}, "geometry": {"type": "Polygon", "coordinates": [[[-95.8, 44.6], [-95.8, 44.76], [-95.96, 44.76], [-95.96, 44.6], [-95.8, 44.6]]]}}, {"id": "1442", "type": "Feature", "properties": {}, "geometry": {"type": "Polygon", "coordinates": [[[-95.64, 44.6], [-95.64, 44.76], [-95.8, 44.76], [-95.8, 44.6], [-95.64, 44.6]]]}}, {"id": "1443", "type": "Feature", "properties": {}, "geometry": {"type": "Polygon", "coordinates": [[[-95.48, 44.6], [-95.48, 44.76], [-95.64, 44.76], [-95.64, 44.6], [-95.48, 44.6]]]}}, {"id": "1444", "type": "Feature", "properties": {}, "geometry": {"type": "Polygon", "coordinates": [[[-95.32000000000001, 44.6], [-95.32000000000001, 44.76], [-95.48, 44.76], [-95.48, 44.6], [-95.32000000000001, 44.6]]]}}, {"id": "1445", "type": "Feature", "properties": {}, "geometry": {"type": "Polygon", "coordinates": [[[-95.16, 44.6], [-95.16, 44.76], [-95.32, 44.76], [-95.32, 44.6], [-95.16, 44.6]]]}}, {"id": "1446", "type": "Feature", "properties": {}, "geometry": {"type": "Polygon", "coordinates": [[[-95.0, 44.6], [-95.0, 44.76], [-95.16, 44.76], [-95.16, 44.6], [-95.0, 44.6]]]}}, {"id": "1447", "type": "Feature", "properties": {}, "geometry": {"type": "Polygon", "coordinates": [[[-94.84, 44.6], [-94.84, 44.76], [-95.0, 44.76], [-95.0, 44.6], [-94.84, 44.6]]]}}, {"id": "1448", "type": "Feature", "properties": {}, "geometry": {"type": "Polygon", "coordinates": [[[-94.68, 44.6], [-94.68, 44.76], [-94.84, 44.76], [-94.84, 44.6], [-94.68, 44.6]]]}}, {"id": "1449", "type": "Feature", "properties": {}, "geometry": {"type": "Polygon", "coordinates": [[[-94.52, 44.6], [-94.52, 44.76], [-94.67999999999999, 44.76], [-94.67999999999999, 44.6], [-94.52, 44.6]]]}}, {"id": "1450", "type": "Feature", "properties": {}, "geometry": {"type": "Polygon", "coordinates": [[[-94.36, 44.6], [-94.36, 44.76], [-94.52, 44.76], [-94.52, 44.6], [-94.36, 44.6]]]}}, {"id": "1451", "type": "Feature", "properties": {}, "geometry": {"type": "Polygon", "coordinates": [[[-94.2, 44.6], [-94.2, 44.76], [-94.36, 44.76], [-94.36, 44.6], [-94.2, 44.6]]]}}, {"id": "1452", "type": "Feature", "properties": {}, "geometry": {"type": "Polygon", "coordinates": [[[-94.04, 44.6], [-94.04, 44.76], [-94.2, 44.76], [-94.2, 44.6], [-94.04, 44.6]]]}}, {"id": "1453", "type": "Feature", "properties": {}, "geometry": {"type": "Polygon", "coordinates": [[[-93.88, 44.6], [-93.88, 44.76], [-94.03999999999999, 44.76], [-94.03999999999999, 44.6], [-93.88, 44.6]]]}}, {"id": "1454", "type": "Feature", "properties": {}, "geometry": {"type": "Polygon", "coordinates": [[[-93.72, 44.6], [-93.72, 44.76], [-93.88, 44.76], [-93.88, 44.6], [-93.72, 44.6]]]}}, {"id": "1455", "type": "Feature", "properties": {}, "geometry": {"type": "Polygon", "coordinates": [[[-93.56, 44.6], [-93.56, 44.76], [-93.72, 44.76], [-93.72, 44.6], [-93.56, 44.6]]]}}, {"id": "1456", "type": "Feature", "properties": {}, "geometry": {"type": "Polygon", "coordinates": [[[-93.4, 44.6], [-93.4, 44.76], [-93.56, 44.76], [-93.56, 44.6], [-93.4, 44.6]]]}}, {"id": "1457", "type": "Feature", "properties": {}, "geometry": {"type": "Polygon", "coordinates": [[[-93.24, 44.6], [-93.24, 44.76], [-93.39999999999999, 44.76], [-93.39999999999999, 44.6], [-93.24, 44.6]]]}}, {"id": "1458", "type": "Feature", "properties": {}, "geometry": {"type": "Polygon", "coordinates": [[[-93.08, 44.6], [-93.08, 44.76], [-93.24, 44.76], [-93.24, 44.6], [-93.08, 44.6]]]}}, {"id": "1459", "type": "Feature", "properties": {}, "geometry": {"type": "Polygon", "coordinates": [[[-92.92, 44.6], [-92.92, 44.76], [-93.08, 44.76], [-93.08, 44.6], [-92.92, 44.6]]]}}, {"id": "1460", "type": "Feature", "properties": {}, "geometry": {"type": "Polygon", "coordinates": [[[-92.76, 44.6], [-92.76, 44.76], [-92.92, 44.76], [-92.92, 44.6], [-92.76, 44.6]]]}}, {"id": "1461", "type": "Feature", "properties": {}, "geometry": {"type": "Polygon", "coordinates": [[[-92.60000000000001, 44.6], [-92.60000000000001, 44.76], [-92.76, 44.76], [-92.76, 44.6], [-92.60000000000001, 44.6]]]}}, {"id": "1462", "type": "Feature", "properties": {}, "geometry": {"type": "Polygon", "coordinates": [[[-92.44, 44.6], [-92.44, 44.76], [-92.6, 44.76], [-92.6, 44.6], [-92.44, 44.6]]]}}, {"id": "1463", "type": "Feature", "properties": {}, "geometry": {"type": "Polygon", "coordinates": [[[-92.28, 44.6], [-92.28, 44.76], [-92.44, 44.76], [-92.44, 44.6], [-92.28, 44.6]]]}}, {"id": "1464", "type": "Feature", "properties": {}, "geometry": {"type": "Polygon", "coordinates": [[[-92.12, 44.6], [-92.12, 44.76], [-92.28, 44.76], [-92.28, 44.6], [-92.12, 44.6]]]}}, {"id": "1465", "type": "Feature", "properties": {}, "geometry": {"type": "Polygon", "coordinates": [[[-91.96, 44.6], [-91.96, 44.76], [-92.11999999999999, 44.76], [-92.11999999999999, 44.6], [-91.96, 44.6]]]}}, {"id": "1466", "type": "Feature", "properties": {}, "geometry": {"type": "Polygon", "coordinates": [[[-91.8, 44.6], [-91.8, 44.76], [-91.96, 44.76], [-91.96, 44.6], [-91.8, 44.6]]]}}, {"id": "1467", "type": "Feature", "properties": {}, "geometry": {"type": "Polygon", "coordinates": [[[-91.64, 44.6], [-91.64, 44.76], [-91.8, 44.76], [-91.8, 44.6], [-91.64, 44.6]]]}}, {"id": "1468", "type": "Feature", "properties": {}, "geometry": {"type": "Polygon", "coordinates": [[[-91.48, 44.6], [-91.48, 44.76], [-91.64, 44.76], [-91.64, 44.6], [-91.48, 44.6]]]}}, {"id": "1469", "type": "Feature", "properties": {}, "geometry": {"type": "Polygon", "coordinates": [[[-91.32000000000001, 44.6], [-91.32000000000001, 44.76], [-91.48, 44.76], [-91.48, 44.6], [-91.32000000000001, 44.6]]]}}, {"id": "1470", "type": "Feature", "properties": {}, "geometry": {"type": "Polygon", "coordinates": [[[-91.16, 44.6], [-91.16, 44.76], [-91.32, 44.76], [-91.32, 44.6], [-91.16, 44.6]]]}}, {"id": "1471", "type": "Feature", "properties": {}, "geometry": {"type": "Polygon", "coordinates": [[[-91.0, 44.6], [-91.0, 44.76], [-91.16, 44.76], [-91.16, 44.6], [-91.0, 44.6]]]}}, {"id": "1472", "type": "Feature", "properties": {}, "geometry": {"type": "Polygon", "coordinates": [[[-90.84, 44.6], [-90.84, 44.76], [-91.0, 44.76], [-91.0, 44.6], [-90.84, 44.6]]]}}, {"id": "1473", "type": "Feature", "properties": {}, "geometry": {"type": "Polygon", "coordinates": [[[-90.68, 44.6], [-90.68, 44.76], [-90.84, 44.76], [-90.84, 44.6], [-90.68, 44.6]]]}}, {"id": "1474", "type": "Feature", "properties": {}, "geometry": {"type": "Polygon", "coordinates": [[[-90.52, 44.6], [-90.52, 44.76], [-90.67999999999999, 44.76], [-90.67999999999999, 44.6], [-90.52, 44.6]]]}}, {"id": "1475", "type": "Feature", "properties": {}, "geometry": {"type": "Polygon", "coordinates": [[[-90.36, 44.6], [-90.36, 44.76], [-90.52, 44.76], [-90.52, 44.6], [-90.36, 44.6]]]}}, {"id": "1476", "type": "Feature", "properties": {}, "geometry": {"type": "Polygon", "coordinates": [[[-90.2, 44.6], [-90.2, 44.76], [-90.36, 44.76], [-90.36, 44.6], [-90.2, 44.6]]]}}, {"id": "1477", "type": "Feature", "properties": {}, "geometry": {"type": "Polygon", "coordinates": [[[-90.04, 44.6], [-90.04, 44.76], [-90.2, 44.76], [-90.2, 44.6], [-90.04, 44.6]]]}}, {"id": "1478", "type": "Feature", "properties": {}, "geometry": {"type": "Polygon", "coordinates": [[[-89.88, 44.6], [-89.88, 44.76], [-90.03999999999999, 44.76], [-90.03999999999999, 44.6], [-89.88, 44.6]]]}}, {"id": "1479", "type": "Feature", "properties": {}, "geometry": {"type": "Polygon", "coordinates": [[[-89.56, 44.6], [-89.56, 44.76], [-89.72, 44.76], [-89.72, 44.6], [-89.56, 44.6]]]}}, {"id": "1480", "type": "Feature", "properties": {}, "geometry": {"type": "Polygon", "coordinates": [[[-89.4, 44.6], [-89.4, 44.76], [-89.56, 44.76], [-89.56, 44.6], [-89.4, 44.6]]]}}, {"id": "1481", "type": "Feature", "properties": {}, "geometry": {"type": "Polygon", "coordinates": [[[-89.24, 44.6], [-89.24, 44.76], [-89.39999999999999, 44.76], [-89.39999999999999, 44.6], [-89.24, 44.6]]]}}, {"id": "1482", "type": "Feature", "properties": {}, "geometry": {"type": "Polygon", "coordinates": [[[-89.08, 44.6], [-89.08, 44.76], [-89.24, 44.76], [-89.24, 44.6], [-89.08, 44.6]]]}}, {"id": "1483", "type": "Feature", "properties": {}, "geometry": {"type": "Polygon", "coordinates": [[[-88.92, 44.6], [-88.92, 44.76], [-89.08, 44.76], [-89.08, 44.6], [-88.92, 44.6]]]}}, {"id": "1484", "type": "Feature", "properties": {}, "geometry": {"type": "Polygon", "coordinates": [[[-87.48, 44.6], [-87.48, 44.76], [-87.64, 44.76], [-87.64, 44.6], [-87.48, 44.6]]]}}, {"id": "1485", "type": "Feature", "properties": {}, "geometry": {"type": "Polygon", "coordinates": [[[-87.32000000000001, 44.6], [-87.32000000000001, 44.76], [-87.48, 44.76], [-87.48, 44.6], [-87.32000000000001, 44.6]]]}}, {"id": "1486", "type": "Feature", "properties": {}, "geometry": {"type": "Polygon", "coordinates": [[[-87.16, 44.6], [-87.16, 44.76], [-87.32, 44.76], [-87.32, 44.6], [-87.16, 44.6]]]}}, {"id": "1487", "type": "Feature", "properties": {}, "geometry": {"type": "Polygon", "coordinates": [[[-87.0, 44.6], [-87.0, 44.76], [-87.16, 44.76], [-87.16, 44.6], [-87.0, 44.6]]]}}, {"id": "1488", "type": "Feature", "properties": {}, "geometry": {"type": "Polygon", "coordinates": [[[-86.84, 44.6], [-86.84, 44.76], [-87.0, 44.76], [-87.0, 44.6], [-86.84, 44.6]]]}}, {"id": "1489", "type": "Feature", "properties": {}, "geometry": {"type": "Polygon", "coordinates": [[[-86.67999999999999, 44.6], [-86.67999999999999, 44.76], [-86.83999999999999, 44.76], [-86.83999999999999, 44.6], [-86.67999999999999, 44.6]]]}}, {"id": "1490", "type": "Feature", "properties": {}, "geometry": {"type": "Polygon", "coordinates": [[[-86.52, 44.6], [-86.52, 44.76], [-86.67999999999999, 44.76], [-86.67999999999999, 44.6], [-86.52, 44.6]]]}}, {"id": "1491", "type": "Feature", "properties": {}, "geometry": {"type": "Polygon", "coordinates": [[[-86.36, 44.6], [-86.36, 44.76], [-86.52, 44.76], [-86.52, 44.6], [-86.36, 44.6]]]}}, {"id": "1492", "type": "Feature", "properties": {}, "geometry": {"type": "Polygon", "coordinates": [[[-86.2, 44.6], [-86.2, 44.76], [-86.36, 44.76], [-86.36, 44.6], [-86.2, 44.6]]]}}, {"id": "1493", "type": "Feature", "properties": {}, "geometry": {"type": "Polygon", "coordinates": [[[-86.04, 44.6], [-86.04, 44.76], [-86.2, 44.76], [-86.2, 44.6], [-86.04, 44.6]]]}}, {"id": "1494", "type": "Feature", "properties": {}, "geometry": {"type": "Polygon", "coordinates": [[[-85.88000000000001, 44.6], [-85.88000000000001, 44.76], [-86.04, 44.76], [-86.04, 44.6], [-85.88000000000001, 44.6]]]}}, {"id": "1495", "type": "Feature", "properties": {}, "geometry": {"type": "Polygon", "coordinates": [[[-85.72, 44.6], [-85.72, 44.76], [-85.88, 44.76], [-85.88, 44.6], [-85.72, 44.6]]]}}, {"id": "1496", "type": "Feature", "properties": {}, "geometry": {"type": "Polygon", "coordinates": [[[-85.56, 44.6], [-85.56, 44.76], [-85.72, 44.76], [-85.72, 44.6], [-85.56, 44.6]]]}}, {"id": "1497", "type": "Feature", "properties": {}, "geometry": {"type": "Polygon", "coordinates": [[[-85.4, 44.6], [-85.4, 44.76], [-85.56, 44.76], [-85.56, 44.6], [-85.4, 44.6]]]}}, {"id": "1498", "type": "Feature", "properties": {}, "geometry": {"type": "Polygon", "coordinates": [[[-85.24, 44.6], [-85.24, 44.76], [-85.39999999999999, 44.76], [-85.39999999999999, 44.6], [-85.24, 44.6]]]}}, {"id": "1499", "type": "Feature", "properties": {}, "geometry": {"type": "Polygon", "coordinates": [[[-85.08, 44.6], [-85.08, 44.76], [-85.24, 44.76], [-85.24, 44.6], [-85.08, 44.6]]]}}, {"id": "1500", "type": "Feature", "properties": {}, "geometry": {"type": "Polygon", "coordinates": [[[-84.92, 44.6], [-84.92, 44.76], [-85.08, 44.76], [-85.08, 44.6], [-84.92, 44.6]]]}}, {"id": "1501", "type": "Feature", "properties": {}, "geometry": {"type": "Polygon", "coordinates": [[[-84.76, 44.6], [-84.76, 44.76], [-84.92, 44.76], [-84.92, 44.6], [-84.76, 44.6]]]}}, {"id": "1502", "type": "Feature", "properties": {}, "geometry": {"type": "Polygon", "coordinates": [[[-84.60000000000001, 44.6], [-84.60000000000001, 44.76], [-84.76, 44.76], [-84.76, 44.6], [-84.60000000000001, 44.6]]]}}, {"id": "1503", "type": "Feature", "properties": {}, "geometry": {"type": "Polygon", "coordinates": [[[-84.44, 44.6], [-84.44, 44.76], [-84.6, 44.76], [-84.6, 44.6], [-84.44, 44.6]]]}}, {"id": "1504", "type": "Feature", "properties": {}, "geometry": {"type": "Polygon", "coordinates": [[[-84.28, 44.6], [-84.28, 44.76], [-84.44, 44.76], [-84.44, 44.6], [-84.28, 44.6]]]}}, {"id": "1505", "type": "Feature", "properties": {}, "geometry": {"type": "Polygon", "coordinates": [[[-84.12, 44.6], [-84.12, 44.76], [-84.28, 44.76], [-84.28, 44.6], [-84.12, 44.6]]]}}, {"id": "1506", "type": "Feature", "properties": {}, "geometry": {"type": "Polygon", "coordinates": [[[-83.96, 44.6], [-83.96, 44.76], [-84.11999999999999, 44.76], [-84.11999999999999, 44.6], [-83.96, 44.6]]]}}, {"id": "1507", "type": "Feature", "properties": {}, "geometry": {"type": "Polygon", "coordinates": [[[-102.84, 44.440000000000005], [-102.84, 44.6], [-103.0, 44.6], [-103.0, 44.440000000000005], [-102.84, 44.440000000000005]]]}}, {"id": "1508", "type": "Feature", "properties": {}, "geometry": {"type": "Polygon", "coordinates": [[[-102.68, 44.440000000000005], [-102.68, 44.6], [-102.84, 44.6], [-102.84, 44.440000000000005], [-102.68, 44.440000000000005]]]}}, {"id": "1509", "type": "Feature", "properties": {}, "geometry": {"type": "Polygon", "coordinates": [[[-102.52, 44.440000000000005], [-102.52, 44.6], [-102.67999999999999, 44.6], [-102.67999999999999, 44.440000000000005], [-102.52, 44.440000000000005]]]}}, {"id": "1510", "type": "Feature", "properties": {}, "geometry": {"type": "Polygon", "coordinates": [[[-102.36, 44.440000000000005], [-102.36, 44.6], [-102.52, 44.6], [-102.52, 44.440000000000005], [-102.36, 44.440000000000005]]]}}, {"id": "1511", "type": "Feature", "properties": {}, "geometry": {"type": "Polygon", "coordinates": [[[-102.2, 44.440000000000005], [-102.2, 44.6], [-102.36, 44.6], [-102.36, 44.440000000000005], [-102.2, 44.440000000000005]]]}}, {"id": "1512", "type": "Feature", "properties": {}, "geometry": {"type": "Polygon", "coordinates": [[[-102.04, 44.440000000000005], [-102.04, 44.6], [-102.2, 44.6], [-102.2, 44.440000000000005], [-102.04, 44.440000000000005]]]}}, {"id": "1513", "type": "Feature", "properties": {}, "geometry": {"type": "Polygon", "coordinates": [[[-101.88, 44.440000000000005], [-101.88, 44.6], [-102.03999999999999, 44.6], [-102.03999999999999, 44.440000000000005], [-101.88, 44.440000000000005]]]}}, {"id": "1514", "type": "Feature", "properties": {}, "geometry": {"type": "Polygon", "coordinates": [[[-101.72, 44.440000000000005], [-101.72, 44.6], [-101.88, 44.6], [-101.88, 44.440000000000005], [-101.72, 44.440000000000005]]]}}, {"id": "1515", "type": "Feature", "properties": {}, "geometry": {"type": "Polygon", "coordinates": [[[-101.56, 44.440000000000005], [-101.56, 44.6], [-101.72, 44.6], [-101.72, 44.440000000000005], [-101.56, 44.440000000000005]]]}}, {"id": "1516", "type": "Feature", "properties": {}, "geometry": {"type": "Polygon", "coordinates": [[[-101.4, 44.440000000000005], [-101.4, 44.6], [-101.56, 44.6], [-101.56, 44.440000000000005], [-101.4, 44.440000000000005]]]}}, {"id": "1517", "type": "Feature", "properties": {}, "geometry": {"type": "Polygon", "coordinates": [[[-101.24, 44.440000000000005], [-101.24, 44.6], [-101.39999999999999, 44.6], [-101.39999999999999, 44.440000000000005], [-101.24, 44.440000000000005]]]}}, {"id": "1518", "type": "Feature", "properties": {}, "geometry": {"type": "Polygon", "coordinates": [[[-101.08, 44.440000000000005], [-101.08, 44.6], [-101.24, 44.6], [-101.24, 44.440000000000005], [-101.08, 44.440000000000005]]]}}, {"id": "1519", "type": "Feature", "properties": {}, "geometry": {"type": "Polygon", "coordinates": [[[-100.92, 44.440000000000005], [-100.92, 44.6], [-101.08, 44.6], [-101.08, 44.440000000000005], [-100.92, 44.440000000000005]]]}}, {"id": "1520", "type": "Feature", "properties": {}, "geometry": {"type": "Polygon", "coordinates": [[[-100.76, 44.440000000000005], [-100.76, 44.6], [-100.92, 44.6], [-100.92, 44.440000000000005], [-100.76, 44.440000000000005]]]}}, {"id": "1521", "type": "Feature", "properties": {}, "geometry": {"type": "Polygon", "coordinates": [[[-100.60000000000001, 44.440000000000005], [-100.60000000000001, 44.6], [-100.76, 44.6], [-100.76, 44.440000000000005], [-100.60000000000001, 44.440000000000005]]]}}, {"id": "1522", "type": "Feature", "properties": {}, "geometry": {"type": "Polygon", "coordinates": [[[-100.44, 44.440000000000005], [-100.44, 44.6], [-100.6, 44.6], [-100.6, 44.440000000000005], [-100.44, 44.440000000000005]]]}}, {"id": "1523", "type": "Feature", "properties": {}, "geometry": {"type": "Polygon", "coordinates": [[[-100.28, 44.440000000000005], [-100.28, 44.6], [-100.44, 44.6], [-100.44, 44.440000000000005], [-100.28, 44.440000000000005]]]}}, {"id": "1524", "type": "Feature", "properties": {}, "geometry": {"type": "Polygon", "coordinates": [[[-100.12, 44.440000000000005], [-100.12, 44.6], [-100.28, 44.6], [-100.28, 44.440000000000005], [-100.12, 44.440000000000005]]]}}, {"id": "1525", "type": "Feature", "properties": {}, "geometry": {"type": "Polygon", "coordinates": [[[-99.96000000000001, 44.440000000000005], [-99.96000000000001, 44.6], [-100.12, 44.6], [-100.12, 44.440000000000005], [-99.96000000000001, 44.440000000000005]]]}}, {"id": "1526", "type": "Feature", "properties": {}, "geometry": {"type": "Polygon", "coordinates": [[[-99.8, 44.440000000000005], [-99.8, 44.6], [-99.96, 44.6], [-99.96, 44.440000000000005], [-99.8, 44.440000000000005]]]}}, {"id": "1527", "type": "Feature", "properties": {}, "geometry": {"type": "Polygon", "coordinates": [[[-99.64, 44.440000000000005], [-99.64, 44.6], [-99.8, 44.6], [-99.8, 44.440000000000005], [-99.64, 44.440000000000005]]]}}, {"id": "1528", "type": "Feature", "properties": {}, "geometry": {"type": "Polygon", "coordinates": [[[-99.48, 44.440000000000005], [-99.48, 44.6], [-99.64, 44.6], [-99.64, 44.440000000000005], [-99.48, 44.440000000000005]]]}}, {"id": "1529", "type": "Feature", "properties": {}, "geometry": {"type": "Polygon", "coordinates": [[[-99.32000000000001, 44.440000000000005], [-99.32000000000001, 44.6], [-99.48, 44.6], [-99.48, 44.440000000000005], [-99.32000000000001, 44.440000000000005]]]}}, {"id": "1530", "type": "Feature", "properties": {}, "geometry": {"type": "Polygon", "coordinates": [[[-99.16, 44.440000000000005], [-99.16, 44.6], [-99.32, 44.6], [-99.32, 44.440000000000005], [-99.16, 44.440000000000005]]]}}, {"id": "1531", "type": "Feature", "properties": {}, "geometry": {"type": "Polygon", "coordinates": [[[-99.0, 44.440000000000005], [-99.0, 44.6], [-99.16, 44.6], [-99.16, 44.440000000000005], [-99.0, 44.440000000000005]]]}}, {"id": "1532", "type": "Feature", "properties": {}, "geometry": {"type": "Polygon", "coordinates": [[[-98.84, 44.440000000000005], [-98.84, 44.6], [-99.0, 44.6], [-99.0, 44.440000000000005], [-98.84, 44.440000000000005]]]}}, {"id": "1533", "type": "Feature", "properties": {}, "geometry": {"type": "Polygon", "coordinates": [[[-98.68, 44.440000000000005], [-98.68, 44.6], [-98.84, 44.6], [-98.84, 44.440000000000005], [-98.68, 44.440000000000005]]]}}, {"id": "1534", "type": "Feature", "properties": {}, "geometry": {"type": "Polygon", "coordinates": [[[-98.52, 44.440000000000005], [-98.52, 44.6], [-98.67999999999999, 44.6], [-98.67999999999999, 44.440000000000005], [-98.52, 44.440000000000005]]]}}, {"id": "1535", "type": "Feature", "properties": {}, "geometry": {"type": "Polygon", "coordinates": [[[-98.36, 44.440000000000005], [-98.36, 44.6], [-98.52, 44.6], [-98.52, 44.440000000000005], [-98.36, 44.440000000000005]]]}}, {"id": "1536", "type": "Feature", "properties": {}, "geometry": {"type": "Polygon", "coordinates": [[[-98.2, 44.440000000000005], [-98.2, 44.6], [-98.36, 44.6], [-98.36, 44.440000000000005], [-98.2, 44.440000000000005]]]}}, {"id": "1537", "type": "Feature", "properties": {}, "geometry": {"type": "Polygon", "coordinates": [[[-98.04, 44.440000000000005], [-98.04, 44.6], [-98.2, 44.6], [-98.2, 44.440000000000005], [-98.04, 44.440000000000005]]]}}, {"id": "1538", "type": "Feature", "properties": {}, "geometry": {"type": "Polygon", "coordinates": [[[-97.88, 44.440000000000005], [-97.88, 44.6], [-98.03999999999999, 44.6], [-98.03999999999999, 44.440000000000005], [-97.88, 44.440000000000005]]]}}, {"id": "1539", "type": "Feature", "properties": {}, "geometry": {"type": "Polygon", "coordinates": [[[-97.72, 44.440000000000005], [-97.72, 44.6], [-97.88, 44.6], [-97.88, 44.440000000000005], [-97.72, 44.440000000000005]]]}}, {"id": "1540", "type": "Feature", "properties": {}, "geometry": {"type": "Polygon", "coordinates": [[[-97.56, 44.440000000000005], [-97.56, 44.6], [-97.72, 44.6], [-97.72, 44.440000000000005], [-97.56, 44.440000000000005]]]}}, {"id": "1541", "type": "Feature", "properties": {}, "geometry": {"type": "Polygon", "coordinates": [[[-97.4, 44.440000000000005], [-97.4, 44.6], [-97.56, 44.6], [-97.56, 44.440000000000005], [-97.4, 44.440000000000005]]]}}, {"id": "1542", "type": "Feature", "properties": {}, "geometry": {"type": "Polygon", "coordinates": [[[-97.24, 44.440000000000005], [-97.24, 44.6], [-97.39999999999999, 44.6], [-97.39999999999999, 44.440000000000005], [-97.24, 44.440000000000005]]]}}, {"id": "1543", "type": "Feature", "properties": {}, "geometry": {"type": "Polygon", "coordinates": [[[-97.08, 44.440000000000005], [-97.08, 44.6], [-97.24, 44.6], [-97.24, 44.440000000000005], [-97.08, 44.440000000000005]]]}}, {"id": "1544", "type": "Feature", "properties": {}, "geometry": {"type": "Polygon", "coordinates": [[[-96.92, 44.440000000000005], [-96.92, 44.6], [-97.08, 44.6], [-97.08, 44.440000000000005], [-96.92, 44.440000000000005]]]}}, {"id": "1545", "type": "Feature", "properties": {}, "geometry": {"type": "Polygon", "coordinates": [[[-96.76, 44.440000000000005], [-96.76, 44.6], [-96.92, 44.6], [-96.92, 44.440000000000005], [-96.76, 44.440000000000005]]]}}, {"id": "1546", "type": "Feature", "properties": {}, "geometry": {"type": "Polygon", "coordinates": [[[-96.60000000000001, 44.440000000000005], [-96.60000000000001, 44.6], [-96.76, 44.6], [-96.76, 44.440000000000005], [-96.60000000000001, 44.440000000000005]]]}}, {"id": "1547", "type": "Feature", "properties": {}, "geometry": {"type": "Polygon", "coordinates": [[[-96.44, 44.440000000000005], [-96.44, 44.6], [-96.6, 44.6], [-96.6, 44.440000000000005], [-96.44, 44.440000000000005]]]}}, {"id": "1548", "type": "Feature", "properties": {}, "geometry": {"type": "Polygon", "coordinates": [[[-96.28, 44.440000000000005], [-96.28, 44.6], [-96.44, 44.6], [-96.44, 44.440000000000005], [-96.28, 44.440000000000005]]]}}, {"id": "1549", "type": "Feature", "properties": {}, "geometry": {"type": "Polygon", "coordinates": [[[-96.12, 44.440000000000005], [-96.12, 44.6], [-96.28, 44.6], [-96.28, 44.440000000000005], [-96.12, 44.440000000000005]]]}}, {"id": "1550", "type": "Feature", "properties": {}, "geometry": {"type": "Polygon", "coordinates": [[[-95.96000000000001, 44.440000000000005], [-95.96000000000001, 44.6], [-96.12, 44.6], [-96.12, 44.440000000000005], [-95.96000000000001, 44.440000000000005]]]}}, {"id": "1551", "type": "Feature", "properties": {}, "geometry": {"type": "Polygon", "coordinates": [[[-95.8, 44.440000000000005], [-95.8, 44.6], [-95.96, 44.6], [-95.96, 44.440000000000005], [-95.8, 44.440000000000005]]]}}, {"id": "1552", "type": "Feature", "properties": {}, "geometry": {"type": "Polygon", "coordinates": [[[-95.64, 44.440000000000005], [-95.64, 44.6], [-95.8, 44.6], [-95.8, 44.440000000000005], [-95.64, 44.440000000000005]]]}}, {"id": "1553", "type": "Feature", "properties": {}, "geometry": {"type": "Polygon", "coordinates": [[[-95.48, 44.440000000000005], [-95.48, 44.6], [-95.64, 44.6], [-95.64, 44.440000000000005], [-95.48, 44.440000000000005]]]}}, {"id": "1554", "type": "Feature", "properties": {}, "geometry": {"type": "Polygon", "coordinates": [[[-95.32000000000001, 44.440000000000005], [-95.32000000000001, 44.6], [-95.48, 44.6], [-95.48, 44.440000000000005], [-95.32000000000001, 44.440000000000005]]]}}, {"id": "1555", "type": "Feature", "properties": {}, "geometry": {"type": "Polygon", "coordinates": [[[-95.16, 44.440000000000005], [-95.16, 44.6], [-95.32, 44.6], [-95.32, 44.440000000000005], [-95.16, 44.440000000000005]]]}}, {"id": "1556", "type": "Feature", "properties": {}, "geometry": {"type": "Polygon", "coordinates": [[[-95.0, 44.440000000000005], [-95.0, 44.6], [-95.16, 44.6], [-95.16, 44.440000000000005], [-95.0, 44.440000000000005]]]}}, {"id": "1557", "type": "Feature", "properties": {}, "geometry": {"type": "Polygon", "coordinates": [[[-94.84, 44.440000000000005], [-94.84, 44.6], [-95.0, 44.6], [-95.0, 44.440000000000005], [-94.84, 44.440000000000005]]]}}, {"id": "1558", "type": "Feature", "properties": {}, "geometry": {"type": "Polygon", "coordinates": [[[-94.68, 44.440000000000005], [-94.68, 44.6], [-94.84, 44.6], [-94.84, 44.440000000000005], [-94.68, 44.440000000000005]]]}}, {"id": "1559", "type": "Feature", "properties": {}, "geometry": {"type": "Polygon", "coordinates": [[[-94.52, 44.440000000000005], [-94.52, 44.6], [-94.67999999999999, 44.6], [-94.67999999999999, 44.440000000000005], [-94.52, 44.440000000000005]]]}}, {"id": "1560", "type": "Feature", "properties": {}, "geometry": {"type": "Polygon", "coordinates": [[[-94.36, 44.440000000000005], [-94.36, 44.6], [-94.52, 44.6], [-94.52, 44.440000000000005], [-94.36, 44.440000000000005]]]}}, {"id": "1561", "type": "Feature", "properties": {}, "geometry": {"type": "Polygon", "coordinates": [[[-94.2, 44.440000000000005], [-94.2, 44.6], [-94.36, 44.6], [-94.36, 44.440000000000005], [-94.2, 44.440000000000005]]]}}, {"id": "1562", "type": "Feature", "properties": {}, "geometry": {"type": "Polygon", "coordinates": [[[-94.04, 44.440000000000005], [-94.04, 44.6], [-94.2, 44.6], [-94.2, 44.440000000000005], [-94.04, 44.440000000000005]]]}}, {"id": "1563", "type": "Feature", "properties": {}, "geometry": {"type": "Polygon", "coordinates": [[[-93.88, 44.440000000000005], [-93.88, 44.6], [-94.03999999999999, 44.6], [-94.03999999999999, 44.440000000000005], [-93.88, 44.440000000000005]]]}}, {"id": "1564", "type": "Feature", "properties": {}, "geometry": {"type": "Polygon", "coordinates": [[[-93.72, 44.440000000000005], [-93.72, 44.6], [-93.88, 44.6], [-93.88, 44.440000000000005], [-93.72, 44.440000000000005]]]}}, {"id": "1565", "type": "Feature", "properties": {}, "geometry": {"type": "Polygon", "coordinates": [[[-93.56, 44.440000000000005], [-93.56, 44.6], [-93.72, 44.6], [-93.72, 44.440000000000005], [-93.56, 44.440000000000005]]]}}, {"id": "1566", "type": "Feature", "properties": {}, "geometry": {"type": "Polygon", "coordinates": [[[-93.4, 44.440000000000005], [-93.4, 44.6], [-93.56, 44.6], [-93.56, 44.440000000000005], [-93.4, 44.440000000000005]]]}}, {"id": "1567", "type": "Feature", "properties": {}, "geometry": {"type": "Polygon", "coordinates": [[[-93.24, 44.440000000000005], [-93.24, 44.6], [-93.39999999999999, 44.6], [-93.39999999999999, 44.440000000000005], [-93.24, 44.440000000000005]]]}}, {"id": "1568", "type": "Feature", "properties": {}, "geometry": {"type": "Polygon", "coordinates": [[[-93.08, 44.440000000000005], [-93.08, 44.6], [-93.24, 44.6], [-93.24, 44.440000000000005], [-93.08, 44.440000000000005]]]}}, {"id": "1569", "type": "Feature", "properties": {}, "geometry": {"type": "Polygon", "coordinates": [[[-92.92, 44.440000000000005], [-92.92, 44.6], [-93.08, 44.6], [-93.08, 44.440000000000005], [-92.92, 44.440000000000005]]]}}, {"id": "1570", "type": "Feature", "properties": {}, "geometry": {"type": "Polygon", "coordinates": [[[-92.76, 44.440000000000005], [-92.76, 44.6], [-92.92, 44.6], [-92.92, 44.440000000000005], [-92.76, 44.440000000000005]]]}}, {"id": "1571", "type": "Feature", "properties": {}, "geometry": {"type": "Polygon", "coordinates": [[[-92.60000000000001, 44.440000000000005], [-92.60000000000001, 44.6], [-92.76, 44.6], [-92.76, 44.440000000000005], [-92.60000000000001, 44.440000000000005]]]}}, {"id": "1572", "type": "Feature", "properties": {}, "geometry": {"type": "Polygon", "coordinates": [[[-92.44, 44.440000000000005], [-92.44, 44.6], [-92.6, 44.6], [-92.6, 44.440000000000005], [-92.44, 44.440000000000005]]]}}, {"id": "1573", "type": "Feature", "properties": {}, "geometry": {"type": "Polygon", "coordinates": [[[-92.28, 44.440000000000005], [-92.28, 44.6], [-92.44, 44.6], [-92.44, 44.440000000000005], [-92.28, 44.440000000000005]]]}}, {"id": "1574", "type": "Feature", "properties": {}, "geometry": {"type": "Polygon", "coordinates": [[[-92.12, 44.440000000000005], [-92.12, 44.6], [-92.28, 44.6], [-92.28, 44.440000000000005], [-92.12, 44.440000000000005]]]}}, {"id": "1575", "type": "Feature", "properties": {}, "geometry": {"type": "Polygon", "coordinates": [[[-91.96, 44.440000000000005], [-91.96, 44.6], [-92.11999999999999, 44.6], [-92.11999999999999, 44.440000000000005], [-91.96, 44.440000000000005]]]}}, {"id": "1576", "type": "Feature", "properties": {}, "geometry": {"type": "Polygon", "coordinates": [[[-91.8, 44.440000000000005], [-91.8, 44.6], [-91.96, 44.6], [-91.96, 44.440000000000005], [-91.8, 44.440000000000005]]]}}, {"id": "1577", "type": "Feature", "properties": {}, "geometry": {"type": "Polygon", "coordinates": [[[-91.64, 44.440000000000005], [-91.64, 44.6], [-91.8, 44.6], [-91.8, 44.440000000000005], [-91.64, 44.440000000000005]]]}}, {"id": "1578", "type": "Feature", "properties": {}, "geometry": {"type": "Polygon", "coordinates": [[[-91.48, 44.440000000000005], [-91.48, 44.6], [-91.64, 44.6], [-91.64, 44.440000000000005], [-91.48, 44.440000000000005]]]}}, {"id": "1579", "type": "Feature", "properties": {}, "geometry": {"type": "Polygon", "coordinates": [[[-91.32000000000001, 44.440000000000005], [-91.32000000000001, 44.6], [-91.48, 44.6], [-91.48, 44.440000000000005], [-91.32000000000001, 44.440000000000005]]]}}, {"id": "1580", "type": "Feature", "properties": {}, "geometry": {"type": "Polygon", "coordinates": [[[-91.16, 44.440000000000005], [-91.16, 44.6], [-91.32, 44.6], [-91.32, 44.440000000000005], [-91.16, 44.440000000000005]]]}}, {"id": "1581", "type": "Feature", "properties": {}, "geometry": {"type": "Polygon", "coordinates": [[[-91.0, 44.440000000000005], [-91.0, 44.6], [-91.16, 44.6], [-91.16, 44.440000000000005], [-91.0, 44.440000000000005]]]}}, {"id": "1582", "type": "Feature", "properties": {}, "geometry": {"type": "Polygon", "coordinates": [[[-90.84, 44.440000000000005], [-90.84, 44.6], [-91.0, 44.6], [-91.0, 44.440000000000005], [-90.84, 44.440000000000005]]]}}, {"id": "1583", "type": "Feature", "properties": {}, "geometry": {"type": "Polygon", "coordinates": [[[-90.68, 44.440000000000005], [-90.68, 44.6], [-90.84, 44.6], [-90.84, 44.440000000000005], [-90.68, 44.440000000000005]]]}}, {"id": "1584", "type": "Feature", "properties": {}, "geometry": {"type": "Polygon", "coordinates": [[[-90.52, 44.440000000000005], [-90.52, 44.6], [-90.67999999999999, 44.6], [-90.67999999999999, 44.440000000000005], [-90.52, 44.440000000000005]]]}}, {"id": "1585", "type": "Feature", "properties": {}, "geometry": {"type": "Polygon", "coordinates": [[[-90.36, 44.440000000000005], [-90.36, 44.6], [-90.52, 44.6], [-90.52, 44.440000000000005], [-90.36, 44.440000000000005]]]}}, {"id": "1586", "type": "Feature", "properties": {}, "geometry": {"type": "Polygon", "coordinates": [[[-90.2, 44.440000000000005], [-90.2, 44.6], [-90.36, 44.6], [-90.36, 44.440000000000005], [-90.2, 44.440000000000005]]]}}, {"id": "1587", "type": "Feature", "properties": {}, "geometry": {"type": "Polygon", "coordinates": [[[-90.04, 44.440000000000005], [-90.04, 44.6], [-90.2, 44.6], [-90.2, 44.440000000000005], [-90.04, 44.440000000000005]]]}}, {"id": "1588", "type": "Feature", "properties": {}, "geometry": {"type": "Polygon", "coordinates": [[[-89.72, 44.440000000000005], [-89.72, 44.6], [-89.88, 44.6], [-89.88, 44.440000000000005], [-89.72, 44.440000000000005]]]}}, {"id": "1589", "type": "Feature", "properties": {}, "geometry": {"type": "Polygon", "coordinates": [[[-89.56, 44.440000000000005], [-89.56, 44.6], [-89.72, 44.6], [-89.72, 44.440000000000005], [-89.56, 44.440000000000005]]]}}, {"id": "1590", "type": "Feature", "properties": {}, "geometry": {"type": "Polygon", "coordinates": [[[-89.4, 44.440000000000005], [-89.4, 44.6], [-89.56, 44.6], [-89.56, 44.440000000000005], [-89.4, 44.440000000000005]]]}}, {"id": "1591", "type": "Feature", "properties": {}, "geometry": {"type": "Polygon", "coordinates": [[[-89.24, 44.440000000000005], [-89.24, 44.6], [-89.39999999999999, 44.6], [-89.39999999999999, 44.440000000000005], [-89.24, 44.440000000000005]]]}}, {"id": "1592", "type": "Feature", "properties": {}, "geometry": {"type": "Polygon", "coordinates": [[[-87.48, 44.440000000000005], [-87.48, 44.6], [-87.64, 44.6], [-87.64, 44.440000000000005], [-87.48, 44.440000000000005]]]}}, {"id": "1593", "type": "Feature", "properties": {}, "geometry": {"type": "Polygon", "coordinates": [[[-87.32000000000001, 44.440000000000005], [-87.32000000000001, 44.6], [-87.48, 44.6], [-87.48, 44.440000000000005], [-87.32000000000001, 44.440000000000005]]]}}, {"id": "1594", "type": "Feature", "properties": {}, "geometry": {"type": "Polygon", "coordinates": [[[-87.16, 44.440000000000005], [-87.16, 44.6], [-87.32, 44.6], [-87.32, 44.440000000000005], [-87.16, 44.440000000000005]]]}}, {"id": "1595", "type": "Feature", "properties": {}, "geometry": {"type": "Polygon", "coordinates": [[[-87.0, 44.440000000000005], [-87.0, 44.6], [-87.16, 44.6], [-87.16, 44.440000000000005], [-87.0, 44.440000000000005]]]}}, {"id": "1596", "type": "Feature", "properties": {}, "geometry": {"type": "Polygon", "coordinates": [[[-86.84, 44.440000000000005], [-86.84, 44.6], [-87.0, 44.6], [-87.0, 44.440000000000005], [-86.84, 44.440000000000005]]]}}, {"id": "1597", "type": "Feature", "properties": {}, "geometry": {"type": "Polygon", "coordinates": [[[-86.67999999999999, 44.440000000000005], [-86.67999999999999, 44.6], [-86.83999999999999, 44.6], [-86.83999999999999, 44.440000000000005], [-86.67999999999999, 44.440000000000005]]]}}, {"id": "1598", "type": "Feature", "properties": {}, "geometry": {"type": "Polygon", "coordinates": [[[-86.52, 44.440000000000005], [-86.52, 44.6], [-86.67999999999999, 44.6], [-86.67999999999999, 44.440000000000005], [-86.52, 44.440000000000005]]]}}, {"id": "1599", "type": "Feature", "properties": {}, "geometry": {"type": "Polygon", "coordinates": [[[-86.36, 44.440000000000005], [-86.36, 44.6], [-86.52, 44.6], [-86.52, 44.440000000000005], [-86.36, 44.440000000000005]]]}}, {"id": "1600", "type": "Feature", "properties": {}, "geometry": {"type": "Polygon", "coordinates": [[[-86.2, 44.440000000000005], [-86.2, 44.6], [-86.36, 44.6], [-86.36, 44.440000000000005], [-86.2, 44.440000000000005]]]}}, {"id": "1601", "type": "Feature", "properties": {}, "geometry": {"type": "Polygon", "coordinates": [[[-86.04, 44.440000000000005], [-86.04, 44.6], [-86.2, 44.6], [-86.2, 44.440000000000005], [-86.04, 44.440000000000005]]]}}, {"id": "1602", "type": "Feature", "properties": {}, "geometry": {"type": "Polygon", "coordinates": [[[-85.88000000000001, 44.440000000000005], [-85.88000000000001, 44.6], [-86.04, 44.6], [-86.04, 44.440000000000005], [-85.88000000000001, 44.440000000000005]]]}}, {"id": "1603", "type": "Feature", "properties": {}, "geometry": {"type": "Polygon", "coordinates": [[[-85.72, 44.440000000000005], [-85.72, 44.6], [-85.88, 44.6], [-85.88, 44.440000000000005], [-85.72, 44.440000000000005]]]}}, {"id": "1604", "type": "Feature", "properties": {}, "geometry": {"type": "Polygon", "coordinates": [[[-85.56, 44.440000000000005], [-85.56, 44.6], [-85.72, 44.6], [-85.72, 44.440000000000005], [-85.56, 44.440000000000005]]]}}, {"id": "1605", "type": "Feature", "properties": {}, "geometry": {"type": "Polygon", "coordinates": [[[-85.4, 44.440000000000005], [-85.4, 44.6], [-85.56, 44.6], [-85.56, 44.440000000000005], [-85.4, 44.440000000000005]]]}}, {"id": "1606", "type": "Feature", "properties": {}, "geometry": {"type": "Polygon", "coordinates": [[[-85.24, 44.440000000000005], [-85.24, 44.6], [-85.39999999999999, 44.6], [-85.39999999999999, 44.440000000000005], [-85.24, 44.440000000000005]]]}}, {"id": "1607", "type": "Feature", "properties": {}, "geometry": {"type": "Polygon", "coordinates": [[[-85.08, 44.440000000000005], [-85.08, 44.6], [-85.24, 44.6], [-85.24, 44.440000000000005], [-85.08, 44.440000000000005]]]}}, {"id": "1608", "type": "Feature", "properties": {}, "geometry": {"type": "Polygon", "coordinates": [[[-84.92, 44.440000000000005], [-84.92, 44.6], [-85.08, 44.6], [-85.08, 44.440000000000005], [-84.92, 44.440000000000005]]]}}, {"id": "1609", "type": "Feature", "properties": {}, "geometry": {"type": "Polygon", "coordinates": [[[-84.76, 44.440000000000005], [-84.76, 44.6], [-84.92, 44.6], [-84.92, 44.440000000000005], [-84.76, 44.440000000000005]]]}}, {"id": "1610", "type": "Feature", "properties": {}, "geometry": {"type": "Polygon", "coordinates": [[[-84.60000000000001, 44.440000000000005], [-84.60000000000001, 44.6], [-84.76, 44.6], [-84.76, 44.440000000000005], [-84.60000000000001, 44.440000000000005]]]}}, {"id": "1611", "type": "Feature", "properties": {}, "geometry": {"type": "Polygon", "coordinates": [[[-84.44, 44.440000000000005], [-84.44, 44.6], [-84.6, 44.6], [-84.6, 44.440000000000005], [-84.44, 44.440000000000005]]]}}, {"id": "1612", "type": "Feature", "properties": {}, "geometry": {"type": "Polygon", "coordinates": [[[-84.28, 44.440000000000005], [-84.28, 44.6], [-84.44, 44.6], [-84.44, 44.440000000000005], [-84.28, 44.440000000000005]]]}}, {"id": "1613", "type": "Feature", "properties": {}, "geometry": {"type": "Polygon", "coordinates": [[[-84.12, 44.440000000000005], [-84.12, 44.6], [-84.28, 44.6], [-84.28, 44.440000000000005], [-84.12, 44.440000000000005]]]}}, {"id": "1614", "type": "Feature", "properties": {}, "geometry": {"type": "Polygon", "coordinates": [[[-83.96, 44.440000000000005], [-83.96, 44.6], [-84.11999999999999, 44.6], [-84.11999999999999, 44.440000000000005], [-83.96, 44.440000000000005]]]}}, {"id": "1615", "type": "Feature", "properties": {}, "geometry": {"type": "Polygon", "coordinates": [[[-102.84, 44.28], [-102.84, 44.44], [-103.0, 44.44], [-103.0, 44.28], [-102.84, 44.28]]]}}, {"id": "1616", "type": "Feature", "properties": {}, "geometry": {"type": "Polygon", "coordinates": [[[-102.68, 44.28], [-102.68, 44.44], [-102.84, 44.44], [-102.84, 44.28], [-102.68, 44.28]]]}}, {"id": "1617", "type": "Feature", "properties": {}, "geometry": {"type": "Polygon", "coordinates": [[[-102.52, 44.28], [-102.52, 44.44], [-102.67999999999999, 44.44], [-102.67999999999999, 44.28], [-102.52, 44.28]]]}}, {"id": "1618", "type": "Feature", "properties": {}, "geometry": {"type": "Polygon", "coordinates": [[[-102.36, 44.28], [-102.36, 44.44], [-102.52, 44.44], [-102.52, 44.28], [-102.36, 44.28]]]}}, {"id": "1619", "type": "Feature", "properties": {}, "geometry": {"type": "Polygon", "coordinates": [[[-102.2, 44.28], [-102.2, 44.44], [-102.36, 44.44], [-102.36, 44.28], [-102.2, 44.28]]]}}, {"id": "1620", "type": "Feature", "properties": {}, "geometry": {"type": "Polygon", "coordinates": [[[-102.04, 44.28], [-102.04, 44.44], [-102.2, 44.44], [-102.2, 44.28], [-102.04, 44.28]]]}}, {"id": "1621", "type": "Feature", "properties": {}, "geometry": {"type": "Polygon", "coordinates": [[[-101.88, 44.28], [-101.88, 44.44], [-102.03999999999999, 44.44], [-102.03999999999999, 44.28], [-101.88, 44.28]]]}}, {"id": "1622", "type": "Feature", "properties": {}, "geometry": {"type": "Polygon", "coordinates": [[[-101.72, 44.28], [-101.72, 44.44], [-101.88, 44.44], [-101.88, 44.28], [-101.72, 44.28]]]}}, {"id": "1623", "type": "Feature", "properties": {}, "geometry": {"type": "Polygon", "coordinates": [[[-101.56, 44.28], [-101.56, 44.44], [-101.72, 44.44], [-101.72, 44.28], [-101.56, 44.28]]]}}, {"id": "1624", "type": "Feature", "properties": {}, "geometry": {"type": "Polygon", "coordinates": [[[-101.4, 44.28], [-101.4, 44.44], [-101.56, 44.44], [-101.56, 44.28], [-101.4, 44.28]]]}}, {"id": "1625", "type": "Feature", "properties": {}, "geometry": {"type": "Polygon", "coordinates": [[[-101.24, 44.28], [-101.24, 44.44], [-101.39999999999999, 44.44], [-101.39999999999999, 44.28], [-101.24, 44.28]]]}}, {"id": "1626", "type": "Feature", "properties": {}, "geometry": {"type": "Polygon", "coordinates": [[[-101.08, 44.28], [-101.08, 44.44], [-101.24, 44.44], [-101.24, 44.28], [-101.08, 44.28]]]}}, {"id": "1627", "type": "Feature", "properties": {}, "geometry": {"type": "Polygon", "coordinates": [[[-100.92, 44.28], [-100.92, 44.44], [-101.08, 44.44], [-101.08, 44.28], [-100.92, 44.28]]]}}, {"id": "1628", "type": "Feature", "properties": {}, "geometry": {"type": "Polygon", "coordinates": [[[-100.76, 44.28], [-100.76, 44.44], [-100.92, 44.44], [-100.92, 44.28], [-100.76, 44.28]]]}}, {"id": "1629", "type": "Feature", "properties": {}, "geometry": {"type": "Polygon", "coordinates": [[[-100.60000000000001, 44.28], [-100.60000000000001, 44.44], [-100.76, 44.44], [-100.76, 44.28], [-100.60000000000001, 44.28]]]}}, {"id": "1630", "type": "Feature", "properties": {}, "geometry": {"type": "Polygon", "coordinates": [[[-100.44, 44.28], [-100.44, 44.44], [-100.6, 44.44], [-100.6, 44.28], [-100.44, 44.28]]]}}, {"id": "1631", "type": "Feature", "properties": {}, "geometry": {"type": "Polygon", "coordinates": [[[-100.28, 44.28], [-100.28, 44.44], [-100.44, 44.44], [-100.44, 44.28], [-100.28, 44.28]]]}}, {"id": "1632", "type": "Feature", "properties": {}, "geometry": {"type": "Polygon", "coordinates": [[[-100.12, 44.28], [-100.12, 44.44], [-100.28, 44.44], [-100.28, 44.28], [-100.12, 44.28]]]}}, {"id": "1633", "type": "Feature", "properties": {}, "geometry": {"type": "Polygon", "coordinates": [[[-99.96000000000001, 44.28], [-99.96000000000001, 44.44], [-100.12, 44.44], [-100.12, 44.28], [-99.96000000000001, 44.28]]]}}, {"id": "1634", "type": "Feature", "properties": {}, "geometry": {"type": "Polygon", "coordinates": [[[-99.8, 44.28], [-99.8, 44.44], [-99.96, 44.44], [-99.96, 44.28], [-99.8, 44.28]]]}}, {"id": "1635", "type": "Feature", "properties": {}, "geometry": {"type": "Polygon", "coordinates": [[[-99.64, 44.28], [-99.64, 44.44], [-99.8, 44.44], [-99.8, 44.28], [-99.64, 44.28]]]}}, {"id": "1636", "type": "Feature", "properties": {}, "geometry": {"type": "Polygon", "coordinates": [[[-99.48, 44.28], [-99.48, 44.44], [-99.64, 44.44], [-99.64, 44.28], [-99.48, 44.28]]]}}, {"id": "1637", "type": "Feature", "properties": {}, "geometry": {"type": "Polygon", "coordinates": [[[-99.32000000000001, 44.28], [-99.32000000000001, 44.44], [-99.48, 44.44], [-99.48, 44.28], [-99.32000000000001, 44.28]]]}}, {"id": "1638", "type": "Feature", "properties": {}, "geometry": {"type": "Polygon", "coordinates": [[[-99.16, 44.28], [-99.16, 44.44], [-99.32, 44.44], [-99.32, 44.28], [-99.16, 44.28]]]}}, {"id": "1639", "type": "Feature", "properties": {}, "geometry": {"type": "Polygon", "coordinates": [[[-99.0, 44.28], [-99.0, 44.44], [-99.16, 44.44], [-99.16, 44.28], [-99.0, 44.28]]]}}, {"id": "1640", "type": "Feature", "properties": {}, "geometry": {"type": "Polygon", "coordinates": [[[-98.84, 44.28], [-98.84, 44.44], [-99.0, 44.44], [-99.0, 44.28], [-98.84, 44.28]]]}}, {"id": "1641", "type": "Feature", "properties": {}, "geometry": {"type": "Polygon", "coordinates": [[[-98.68, 44.28], [-98.68, 44.44], [-98.84, 44.44], [-98.84, 44.28], [-98.68, 44.28]]]}}, {"id": "1642", "type": "Feature", "properties": {}, "geometry": {"type": "Polygon", "coordinates": [[[-98.52, 44.28], [-98.52, 44.44], [-98.67999999999999, 44.44], [-98.67999999999999, 44.28], [-98.52, 44.28]]]}}, {"id": "1643", "type": "Feature", "properties": {}, "geometry": {"type": "Polygon", "coordinates": [[[-98.36, 44.28], [-98.36, 44.44], [-98.52, 44.44], [-98.52, 44.28], [-98.36, 44.28]]]}}, {"id": "1644", "type": "Feature", "properties": {}, "geometry": {"type": "Polygon", "coordinates": [[[-98.2, 44.28], [-98.2, 44.44], [-98.36, 44.44], [-98.36, 44.28], [-98.2, 44.28]]]}}, {"id": "1645", "type": "Feature", "properties": {}, "geometry": {"type": "Polygon", "coordinates": [[[-98.04, 44.28], [-98.04, 44.44], [-98.2, 44.44], [-98.2, 44.28], [-98.04, 44.28]]]}}, {"id": "1646", "type": "Feature", "properties": {}, "geometry": {"type": "Polygon", "coordinates": [[[-97.88, 44.28], [-97.88, 44.44], [-98.03999999999999, 44.44], [-98.03999999999999, 44.28], [-97.88, 44.28]]]}}, {"id": "1647", "type": "Feature", "properties": {}, "geometry": {"type": "Polygon", "coordinates": [[[-97.72, 44.28], [-97.72, 44.44], [-97.88, 44.44], [-97.88, 44.28], [-97.72, 44.28]]]}}, {"id": "1648", "type": "Feature", "properties": {}, "geometry": {"type": "Polygon", "coordinates": [[[-97.56, 44.28], [-97.56, 44.44], [-97.72, 44.44], [-97.72, 44.28], [-97.56, 44.28]]]}}, {"id": "1649", "type": "Feature", "properties": {}, "geometry": {"type": "Polygon", "coordinates": [[[-97.4, 44.28], [-97.4, 44.44], [-97.56, 44.44], [-97.56, 44.28], [-97.4, 44.28]]]}}, {"id": "1650", "type": "Feature", "properties": {}, "geometry": {"type": "Polygon", "coordinates": [[[-97.24, 44.28], [-97.24, 44.44], [-97.39999999999999, 44.44], [-97.39999999999999, 44.28], [-97.24, 44.28]]]}}, {"id": "1651", "type": "Feature", "properties": {}, "geometry": {"type": "Polygon", "coordinates": [[[-97.08, 44.28], [-97.08, 44.44], [-97.24, 44.44], [-97.24, 44.28], [-97.08, 44.28]]]}}, {"id": "1652", "type": "Feature", "properties": {}, "geometry": {"type": "Polygon", "coordinates": [[[-96.92, 44.28], [-96.92, 44.44], [-97.08, 44.44], [-97.08, 44.28], [-96.92, 44.28]]]}}, {"id": "1653", "type": "Feature", "properties": {}, "geometry": {"type": "Polygon", "coordinates": [[[-96.76, 44.28], [-96.76, 44.44], [-96.92, 44.44], [-96.92, 44.28], [-96.76, 44.28]]]}}, {"id": "1654", "type": "Feature", "properties": {}, "geometry": {"type": "Polygon", "coordinates": [[[-96.60000000000001, 44.28], [-96.60000000000001, 44.44], [-96.76, 44.44], [-96.76, 44.28], [-96.60000000000001, 44.28]]]}}, {"id": "1655", "type": "Feature", "properties": {}, "geometry": {"type": "Polygon", "coordinates": [[[-96.44, 44.28], [-96.44, 44.44], [-96.6, 44.44], [-96.6, 44.28], [-96.44, 44.28]]]}}, {"id": "1656", "type": "Feature", "properties": {}, "geometry": {"type": "Polygon", "coordinates": [[[-96.28, 44.28], [-96.28, 44.44], [-96.44, 44.44], [-96.44, 44.28], [-96.28, 44.28]]]}}, {"id": "1657", "type": "Feature", "properties": {}, "geometry": {"type": "Polygon", "coordinates": [[[-96.12, 44.28], [-96.12, 44.44], [-96.28, 44.44], [-96.28, 44.28], [-96.12, 44.28]]]}}, {"id": "1658", "type": "Feature", "properties": {}, "geometry": {"type": "Polygon", "coordinates": [[[-95.96000000000001, 44.28], [-95.96000000000001, 44.44], [-96.12, 44.44], [-96.12, 44.28], [-95.96000000000001, 44.28]]]}}, {"id": "1659", "type": "Feature", "properties": {}, "geometry": {"type": "Polygon", "coordinates": [[[-95.8, 44.28], [-95.8, 44.44], [-95.96, 44.44], [-95.96, 44.28], [-95.8, 44.28]]]}}, {"id": "1660", "type": "Feature", "properties": {}, "geometry": {"type": "Polygon", "coordinates": [[[-95.64, 44.28], [-95.64, 44.44], [-95.8, 44.44], [-95.8, 44.28], [-95.64, 44.28]]]}}, {"id": "1661", "type": "Feature", "properties": {}, "geometry": {"type": "Polygon", "coordinates": [[[-95.48, 44.28], [-95.48, 44.44], [-95.64, 44.44], [-95.64, 44.28], [-95.48, 44.28]]]}}, {"id": "1662", "type": "Feature", "properties": {}, "geometry": {"type": "Polygon", "coordinates": [[[-95.32000000000001, 44.28], [-95.32000000000001, 44.44], [-95.48, 44.44], [-95.48, 44.28], [-95.32000000000001, 44.28]]]}}, {"id": "1663", "type": "Feature", "properties": {}, "geometry": {"type": "Polygon", "coordinates": [[[-95.16, 44.28], [-95.16, 44.44], [-95.32, 44.44], [-95.32, 44.28], [-95.16, 44.28]]]}}, {"id": "1664", "type": "Feature", "properties": {}, "geometry": {"type": "Polygon", "coordinates": [[[-95.0, 44.28], [-95.0, 44.44], [-95.16, 44.44], [-95.16, 44.28], [-95.0, 44.28]]]}}, {"id": "1665", "type": "Feature", "properties": {}, "geometry": {"type": "Polygon", "coordinates": [[[-94.84, 44.28], [-94.84, 44.44], [-95.0, 44.44], [-95.0, 44.28], [-94.84, 44.28]]]}}, {"id": "1666", "type": "Feature", "properties": {}, "geometry": {"type": "Polygon", "coordinates": [[[-94.68, 44.28], [-94.68, 44.44], [-94.84, 44.44], [-94.84, 44.28], [-94.68, 44.28]]]}}, {"id": "1667", "type": "Feature", "properties": {}, "geometry": {"type": "Polygon", "coordinates": [[[-94.52, 44.28], [-94.52, 44.44], [-94.67999999999999, 44.44], [-94.67999999999999, 44.28], [-94.52, 44.28]]]}}, {"id": "1668", "type": "Feature", "properties": {}, "geometry": {"type": "Polygon", "coordinates": [[[-94.36, 44.28], [-94.36, 44.44], [-94.52, 44.44], [-94.52, 44.28], [-94.36, 44.28]]]}}, {"id": "1669", "type": "Feature", "properties": {}, "geometry": {"type": "Polygon", "coordinates": [[[-94.2, 44.28], [-94.2, 44.44], [-94.36, 44.44], [-94.36, 44.28], [-94.2, 44.28]]]}}, {"id": "1670", "type": "Feature", "properties": {}, "geometry": {"type": "Polygon", "coordinates": [[[-94.04, 44.28], [-94.04, 44.44], [-94.2, 44.44], [-94.2, 44.28], [-94.04, 44.28]]]}}, {"id": "1671", "type": "Feature", "properties": {}, "geometry": {"type": "Polygon", "coordinates": [[[-93.88, 44.28], [-93.88, 44.44], [-94.03999999999999, 44.44], [-94.03999999999999, 44.28], [-93.88, 44.28]]]}}, {"id": "1672", "type": "Feature", "properties": {}, "geometry": {"type": "Polygon", "coordinates": [[[-93.72, 44.28], [-93.72, 44.44], [-93.88, 44.44], [-93.88, 44.28], [-93.72, 44.28]]]}}, {"id": "1673", "type": "Feature", "properties": {}, "geometry": {"type": "Polygon", "coordinates": [[[-93.56, 44.28], [-93.56, 44.44], [-93.72, 44.44], [-93.72, 44.28], [-93.56, 44.28]]]}}, {"id": "1674", "type": "Feature", "properties": {}, "geometry": {"type": "Polygon", "coordinates": [[[-93.4, 44.28], [-93.4, 44.44], [-93.56, 44.44], [-93.56, 44.28], [-93.4, 44.28]]]}}, {"id": "1675", "type": "Feature", "properties": {}, "geometry": {"type": "Polygon", "coordinates": [[[-93.24, 44.28], [-93.24, 44.44], [-93.39999999999999, 44.44], [-93.39999999999999, 44.28], [-93.24, 44.28]]]}}, {"id": "1676", "type": "Feature", "properties": {}, "geometry": {"type": "Polygon", "coordinates": [[[-93.08, 44.28], [-93.08, 44.44], [-93.24, 44.44], [-93.24, 44.28], [-93.08, 44.28]]]}}, {"id": "1677", "type": "Feature", "properties": {}, "geometry": {"type": "Polygon", "coordinates": [[[-92.92, 44.28], [-92.92, 44.44], [-93.08, 44.44], [-93.08, 44.28], [-92.92, 44.28]]]}}, {"id": "1678", "type": "Feature", "properties": {}, "geometry": {"type": "Polygon", "coordinates": [[[-92.76, 44.28], [-92.76, 44.44], [-92.92, 44.44], [-92.92, 44.28], [-92.76, 44.28]]]}}, {"id": "1679", "type": "Feature", "properties": {}, "geometry": {"type": "Polygon", "coordinates": [[[-92.60000000000001, 44.28], [-92.60000000000001, 44.44], [-92.76, 44.44], [-92.76, 44.28], [-92.60000000000001, 44.28]]]}}, {"id": "1680", "type": "Feature", "properties": {}, "geometry": {"type": "Polygon", "coordinates": [[[-92.44, 44.28], [-92.44, 44.44], [-92.6, 44.44], [-92.6, 44.28], [-92.44, 44.28]]]}}, {"id": "1681", "type": "Feature", "properties": {}, "geometry": {"type": "Polygon", "coordinates": [[[-92.28, 44.28], [-92.28, 44.44], [-92.44, 44.44], [-92.44, 44.28], [-92.28, 44.28]]]}}, {"id": "1682", "type": "Feature", "properties": {}, "geometry": {"type": "Polygon", "coordinates": [[[-92.12, 44.28], [-92.12, 44.44], [-92.28, 44.44], [-92.28, 44.28], [-92.12, 44.28]]]}}, {"id": "1683", "type": "Feature", "properties": {}, "geometry": {"type": "Polygon", "coordinates": [[[-91.96, 44.28], [-91.96, 44.44], [-92.11999999999999, 44.44], [-92.11999999999999, 44.28], [-91.96, 44.28]]]}}, {"id": "1684", "type": "Feature", "properties": {}, "geometry": {"type": "Polygon", "coordinates": [[[-91.8, 44.28], [-91.8, 44.44], [-91.96, 44.44], [-91.96, 44.28], [-91.8, 44.28]]]}}, {"id": "1685", "type": "Feature", "properties": {}, "geometry": {"type": "Polygon", "coordinates": [[[-91.64, 44.28], [-91.64, 44.44], [-91.8, 44.44], [-91.8, 44.28], [-91.64, 44.28]]]}}, {"id": "1686", "type": "Feature", "properties": {}, "geometry": {"type": "Polygon", "coordinates": [[[-91.48, 44.28], [-91.48, 44.44], [-91.64, 44.44], [-91.64, 44.28], [-91.48, 44.28]]]}}, {"id": "1687", "type": "Feature", "properties": {}, "geometry": {"type": "Polygon", "coordinates": [[[-91.32000000000001, 44.28], [-91.32000000000001, 44.44], [-91.48, 44.44], [-91.48, 44.28], [-91.32000000000001, 44.28]]]}}, {"id": "1688", "type": "Feature", "properties": {}, "geometry": {"type": "Polygon", "coordinates": [[[-91.16, 44.28], [-91.16, 44.44], [-91.32, 44.44], [-91.32, 44.28], [-91.16, 44.28]]]}}, {"id": "1689", "type": "Feature", "properties": {}, "geometry": {"type": "Polygon", "coordinates": [[[-91.0, 44.28], [-91.0, 44.44], [-91.16, 44.44], [-91.16, 44.28], [-91.0, 44.28]]]}}, {"id": "1690", "type": "Feature", "properties": {}, "geometry": {"type": "Polygon", "coordinates": [[[-90.84, 44.28], [-90.84, 44.44], [-91.0, 44.44], [-91.0, 44.28], [-90.84, 44.28]]]}}, {"id": "1691", "type": "Feature", "properties": {}, "geometry": {"type": "Polygon", "coordinates": [[[-90.68, 44.28], [-90.68, 44.44], [-90.84, 44.44], [-90.84, 44.28], [-90.68, 44.28]]]}}, {"id": "1692", "type": "Feature", "properties": {}, "geometry": {"type": "Polygon", "coordinates": [[[-90.52, 44.28], [-90.52, 44.44], [-90.67999999999999, 44.44], [-90.67999999999999, 44.28], [-90.52, 44.28]]]}}, {"id": "1693", "type": "Feature", "properties": {}, "geometry": {"type": "Polygon", "coordinates": [[[-90.36, 44.28], [-90.36, 44.44], [-90.52, 44.44], [-90.52, 44.28], [-90.36, 44.28]]]}}, {"id": "1694", "type": "Feature", "properties": {}, "geometry": {"type": "Polygon", "coordinates": [[[-90.2, 44.28], [-90.2, 44.44], [-90.36, 44.44], [-90.36, 44.28], [-90.2, 44.28]]]}}, {"id": "1695", "type": "Feature", "properties": {}, "geometry": {"type": "Polygon", "coordinates": [[[-90.04, 44.28], [-90.04, 44.44], [-90.2, 44.44], [-90.2, 44.28], [-90.04, 44.28]]]}}, {"id": "1696", "type": "Feature", "properties": {}, "geometry": {"type": "Polygon", "coordinates": [[[-89.88, 44.28], [-89.88, 44.44], [-90.03999999999999, 44.44], [-90.03999999999999, 44.28], [-89.88, 44.28]]]}}, {"id": "1697", "type": "Feature", "properties": {}, "geometry": {"type": "Polygon", "coordinates": [[[-89.72, 44.28], [-89.72, 44.44], [-89.88, 44.44], [-89.88, 44.28], [-89.72, 44.28]]]}}, {"id": "1698", "type": "Feature", "properties": {}, "geometry": {"type": "Polygon", "coordinates": [[[-89.56, 44.28], [-89.56, 44.44], [-89.72, 44.44], [-89.72, 44.28], [-89.56, 44.28]]]}}, {"id": "1699", "type": "Feature", "properties": {}, "geometry": {"type": "Polygon", "coordinates": [[[-89.4, 44.28], [-89.4, 44.44], [-89.56, 44.44], [-89.56, 44.28], [-89.4, 44.28]]]}}, {"id": "1700", "type": "Feature", "properties": {}, "geometry": {"type": "Polygon", "coordinates": [[[-87.48, 44.28], [-87.48, 44.44], [-87.64, 44.44], [-87.64, 44.28], [-87.48, 44.28]]]}}, {"id": "1701", "type": "Feature", "properties": {}, "geometry": {"type": "Polygon", "coordinates": [[[-87.32000000000001, 44.28], [-87.32000000000001, 44.44], [-87.48, 44.44], [-87.48, 44.28], [-87.32000000000001, 44.28]]]}}, {"id": "1702", "type": "Feature", "properties": {}, "geometry": {"type": "Polygon", "coordinates": [[[-87.16, 44.28], [-87.16, 44.44], [-87.32, 44.44], [-87.32, 44.28], [-87.16, 44.28]]]}}, {"id": "1703", "type": "Feature", "properties": {}, "geometry": {"type": "Polygon", "coordinates": [[[-87.0, 44.28], [-87.0, 44.44], [-87.16, 44.44], [-87.16, 44.28], [-87.0, 44.28]]]}}, {"id": "1704", "type": "Feature", "properties": {}, "geometry": {"type": "Polygon", "coordinates": [[[-86.84, 44.28], [-86.84, 44.44], [-87.0, 44.44], [-87.0, 44.28], [-86.84, 44.28]]]}}, {"id": "1705", "type": "Feature", "properties": {}, "geometry": {"type": "Polygon", "coordinates": [[[-86.67999999999999, 44.28], [-86.67999999999999, 44.44], [-86.83999999999999, 44.44], [-86.83999999999999, 44.28], [-86.67999999999999, 44.28]]]}}, {"id": "1706", "type": "Feature", "properties": {}, "geometry": {"type": "Polygon", "coordinates": [[[-86.52, 44.28], [-86.52, 44.44], [-86.67999999999999, 44.44], [-86.67999999999999, 44.28], [-86.52, 44.28]]]}}, {"id": "1707", "type": "Feature", "properties": {}, "geometry": {"type": "Polygon", "coordinates": [[[-86.36, 44.28], [-86.36, 44.44], [-86.52, 44.44], [-86.52, 44.28], [-86.36, 44.28]]]}}, {"id": "1708", "type": "Feature", "properties": {}, "geometry": {"type": "Polygon", "coordinates": [[[-86.2, 44.28], [-86.2, 44.44], [-86.36, 44.44], [-86.36, 44.28], [-86.2, 44.28]]]}}, {"id": "1709", "type": "Feature", "properties": {}, "geometry": {"type": "Polygon", "coordinates": [[[-86.04, 44.28], [-86.04, 44.44], [-86.2, 44.44], [-86.2, 44.28], [-86.04, 44.28]]]}}, {"id": "1710", "type": "Feature", "properties": {}, "geometry": {"type": "Polygon", "coordinates": [[[-85.88000000000001, 44.28], [-85.88000000000001, 44.44], [-86.04, 44.44], [-86.04, 44.28], [-85.88000000000001, 44.28]]]}}, {"id": "1711", "type": "Feature", "properties": {}, "geometry": {"type": "Polygon", "coordinates": [[[-85.72, 44.28], [-85.72, 44.44], [-85.88, 44.44], [-85.88, 44.28], [-85.72, 44.28]]]}}, {"id": "1712", "type": "Feature", "properties": {}, "geometry": {"type": "Polygon", "coordinates": [[[-85.56, 44.28], [-85.56, 44.44], [-85.72, 44.44], [-85.72, 44.28], [-85.56, 44.28]]]}}, {"id": "1713", "type": "Feature", "properties": {}, "geometry": {"type": "Polygon", "coordinates": [[[-85.4, 44.28], [-85.4, 44.44], [-85.56, 44.44], [-85.56, 44.28], [-85.4, 44.28]]]}}, {"id": "1714", "type": "Feature", "properties": {}, "geometry": {"type": "Polygon", "coordinates": [[[-85.24, 44.28], [-85.24, 44.44], [-85.39999999999999, 44.44], [-85.39999999999999, 44.28], [-85.24, 44.28]]]}}, {"id": "1715", "type": "Feature", "properties": {}, "geometry": {"type": "Polygon", "coordinates": [[[-85.08, 44.28], [-85.08, 44.44], [-85.24, 44.44], [-85.24, 44.28], [-85.08, 44.28]]]}}, {"id": "1716", "type": "Feature", "properties": {}, "geometry": {"type": "Polygon", "coordinates": [[[-84.92, 44.28], [-84.92, 44.44], [-85.08, 44.44], [-85.08, 44.28], [-84.92, 44.28]]]}}, {"id": "1717", "type": "Feature", "properties": {}, "geometry": {"type": "Polygon", "coordinates": [[[-84.76, 44.28], [-84.76, 44.44], [-84.92, 44.44], [-84.92, 44.28], [-84.76, 44.28]]]}}, {"id": "1718", "type": "Feature", "properties": {}, "geometry": {"type": "Polygon", "coordinates": [[[-84.60000000000001, 44.28], [-84.60000000000001, 44.44], [-84.76, 44.44], [-84.76, 44.28], [-84.60000000000001, 44.28]]]}}, {"id": "1719", "type": "Feature", "properties": {}, "geometry": {"type": "Polygon", "coordinates": [[[-84.44, 44.28], [-84.44, 44.44], [-84.6, 44.44], [-84.6, 44.28], [-84.44, 44.28]]]}}, {"id": "1720", "type": "Feature", "properties": {}, "geometry": {"type": "Polygon", "coordinates": [[[-84.28, 44.28], [-84.28, 44.44], [-84.44, 44.44], [-84.44, 44.28], [-84.28, 44.28]]]}}, {"id": "1721", "type": "Feature", "properties": {}, "geometry": {"type": "Polygon", "coordinates": [[[-84.12, 44.28], [-84.12, 44.44], [-84.28, 44.44], [-84.28, 44.28], [-84.12, 44.28]]]}}, {"id": "1722", "type": "Feature", "properties": {}, "geometry": {"type": "Polygon", "coordinates": [[[-83.96, 44.28], [-83.96, 44.44], [-84.11999999999999, 44.44], [-84.11999999999999, 44.28], [-83.96, 44.28]]]}}, {"id": "1723", "type": "Feature", "properties": {}, "geometry": {"type": "Polygon", "coordinates": [[[-102.84, 44.120000000000005], [-102.84, 44.28], [-103.0, 44.28], [-103.0, 44.120000000000005], [-102.84, 44.120000000000005]]]}}, {"id": "1724", "type": "Feature", "properties": {}, "geometry": {"type": "Polygon", "coordinates": [[[-102.68, 44.120000000000005], [-102.68, 44.28], [-102.84, 44.28], [-102.84, 44.120000000000005], [-102.68, 44.120000000000005]]]}}, {"id": "1725", "type": "Feature", "properties": {}, "geometry": {"type": "Polygon", "coordinates": [[[-102.52, 44.120000000000005], [-102.52, 44.28], [-102.67999999999999, 44.28], [-102.67999999999999, 44.120000000000005], [-102.52, 44.120000000000005]]]}}, {"id": "1726", "type": "Feature", "properties": {}, "geometry": {"type": "Polygon", "coordinates": [[[-102.36, 44.120000000000005], [-102.36, 44.28], [-102.52, 44.28], [-102.52, 44.120000000000005], [-102.36, 44.120000000000005]]]}}, {"id": "1727", "type": "Feature", "properties": {}, "geometry": {"type": "Polygon", "coordinates": [[[-102.2, 44.120000000000005], [-102.2, 44.28], [-102.36, 44.28], [-102.36, 44.120000000000005], [-102.2, 44.120000000000005]]]}}, {"id": "1728", "type": "Feature", "properties": {}, "geometry": {"type": "Polygon", "coordinates": [[[-102.04, 44.120000000000005], [-102.04, 44.28], [-102.2, 44.28], [-102.2, 44.120000000000005], [-102.04, 44.120000000000005]]]}}, {"id": "1729", "type": "Feature", "properties": {}, "geometry": {"type": "Polygon", "coordinates": [[[-101.88, 44.120000000000005], [-101.88, 44.28], [-102.03999999999999, 44.28], [-102.03999999999999, 44.120000000000005], [-101.88, 44.120000000000005]]]}}, {"id": "1730", "type": "Feature", "properties": {}, "geometry": {"type": "Polygon", "coordinates": [[[-101.72, 44.120000000000005], [-101.72, 44.28], [-101.88, 44.28], [-101.88, 44.120000000000005], [-101.72, 44.120000000000005]]]}}, {"id": "1731", "type": "Feature", "properties": {}, "geometry": {"type": "Polygon", "coordinates": [[[-101.56, 44.120000000000005], [-101.56, 44.28], [-101.72, 44.28], [-101.72, 44.120000000000005], [-101.56, 44.120000000000005]]]}}, {"id": "1732", "type": "Feature", "properties": {}, "geometry": {"type": "Polygon", "coordinates": [[[-101.4, 44.120000000000005], [-101.4, 44.28], [-101.56, 44.28], [-101.56, 44.120000000000005], [-101.4, 44.120000000000005]]]}}, {"id": "1733", "type": "Feature", "properties": {}, "geometry": {"type": "Polygon", "coordinates": [[[-101.24, 44.120000000000005], [-101.24, 44.28], [-101.39999999999999, 44.28], [-101.39999999999999, 44.120000000000005], [-101.24, 44.120000000000005]]]}}, {"id": "1734", "type": "Feature", "properties": {}, "geometry": {"type": "Polygon", "coordinates": [[[-101.08, 44.120000000000005], [-101.08, 44.28], [-101.24, 44.28], [-101.24, 44.120000000000005], [-101.08, 44.120000000000005]]]}}, {"id": "1735", "type": "Feature", "properties": {}, "geometry": {"type": "Polygon", "coordinates": [[[-100.92, 44.120000000000005], [-100.92, 44.28], [-101.08, 44.28], [-101.08, 44.120000000000005], [-100.92, 44.120000000000005]]]}}, {"id": "1736", "type": "Feature", "properties": {}, "geometry": {"type": "Polygon", "coordinates": [[[-100.76, 44.120000000000005], [-100.76, 44.28], [-100.92, 44.28], [-100.92, 44.120000000000005], [-100.76, 44.120000000000005]]]}}, {"id": "1737", "type": "Feature", "properties": {}, "geometry": {"type": "Polygon", "coordinates": [[[-100.60000000000001, 44.120000000000005], [-100.60000000000001, 44.28], [-100.76, 44.28], [-100.76, 44.120000000000005], [-100.60000000000001, 44.120000000000005]]]}}, {"id": "1738", "type": "Feature", "properties": {}, "geometry": {"type": "Polygon", "coordinates": [[[-100.44, 44.120000000000005], [-100.44, 44.28], [-100.6, 44.28], [-100.6, 44.120000000000005], [-100.44, 44.120000000000005]]]}}, {"id": "1739", "type": "Feature", "properties": {}, "geometry": {"type": "Polygon", "coordinates": [[[-100.28, 44.120000000000005], [-100.28, 44.28], [-100.44, 44.28], [-100.44, 44.120000000000005], [-100.28, 44.120000000000005]]]}}, {"id": "1740", "type": "Feature", "properties": {}, "geometry": {"type": "Polygon", "coordinates": [[[-100.12, 44.120000000000005], [-100.12, 44.28], [-100.28, 44.28], [-100.28, 44.120000000000005], [-100.12, 44.120000000000005]]]}}, {"id": "1741", "type": "Feature", "properties": {}, "geometry": {"type": "Polygon", "coordinates": [[[-99.96000000000001, 44.120000000000005], [-99.96000000000001, 44.28], [-100.12, 44.28], [-100.12, 44.120000000000005], [-99.96000000000001, 44.120000000000005]]]}}, {"id": "1742", "type": "Feature", "properties": {}, "geometry": {"type": "Polygon", "coordinates": [[[-99.8, 44.120000000000005], [-99.8, 44.28], [-99.96, 44.28], [-99.96, 44.120000000000005], [-99.8, 44.120000000000005]]]}}, {"id": "1743", "type": "Feature", "properties": {}, "geometry": {"type": "Polygon", "coordinates": [[[-99.64, 44.120000000000005], [-99.64, 44.28], [-99.8, 44.28], [-99.8, 44.120000000000005], [-99.64, 44.120000000000005]]]}}, {"id": "1744", "type": "Feature", "properties": {}, "geometry": {"type": "Polygon", "coordinates": [[[-99.48, 44.120000000000005], [-99.48, 44.28], [-99.64, 44.28], [-99.64, 44.120000000000005], [-99.48, 44.120000000000005]]]}}, {"id": "1745", "type": "Feature", "properties": {}, "geometry": {"type": "Polygon", "coordinates": [[[-99.32000000000001, 44.120000000000005], [-99.32000000000001, 44.28], [-99.48, 44.28], [-99.48, 44.120000000000005], [-99.32000000000001, 44.120000000000005]]]}}, {"id": "1746", "type": "Feature", "properties": {}, "geometry": {"type": "Polygon", "coordinates": [[[-99.16, 44.120000000000005], [-99.16, 44.28], [-99.32, 44.28], [-99.32, 44.120000000000005], [-99.16, 44.120000000000005]]]}}, {"id": "1747", "type": "Feature", "properties": {}, "geometry": {"type": "Polygon", "coordinates": [[[-99.0, 44.120000000000005], [-99.0, 44.28], [-99.16, 44.28], [-99.16, 44.120000000000005], [-99.0, 44.120000000000005]]]}}, {"id": "1748", "type": "Feature", "properties": {}, "geometry": {"type": "Polygon", "coordinates": [[[-98.84, 44.120000000000005], [-98.84, 44.28], [-99.0, 44.28], [-99.0, 44.120000000000005], [-98.84, 44.120000000000005]]]}}, {"id": "1749", "type": "Feature", "properties": {}, "geometry": {"type": "Polygon", "coordinates": [[[-98.68, 44.120000000000005], [-98.68, 44.28], [-98.84, 44.28], [-98.84, 44.120000000000005], [-98.68, 44.120000000000005]]]}}, {"id": "1750", "type": "Feature", "properties": {}, "geometry": {"type": "Polygon", "coordinates": [[[-98.52, 44.120000000000005], [-98.52, 44.28], [-98.67999999999999, 44.28], [-98.67999999999999, 44.120000000000005], [-98.52, 44.120000000000005]]]}}, {"id": "1751", "type": "Feature", "properties": {}, "geometry": {"type": "Polygon", "coordinates": [[[-98.36, 44.120000000000005], [-98.36, 44.28], [-98.52, 44.28], [-98.52, 44.120000000000005], [-98.36, 44.120000000000005]]]}}, {"id": "1752", "type": "Feature", "properties": {}, "geometry": {"type": "Polygon", "coordinates": [[[-98.2, 44.120000000000005], [-98.2, 44.28], [-98.36, 44.28], [-98.36, 44.120000000000005], [-98.2, 44.120000000000005]]]}}, {"id": "1753", "type": "Feature", "properties": {}, "geometry": {"type": "Polygon", "coordinates": [[[-98.04, 44.120000000000005], [-98.04, 44.28], [-98.2, 44.28], [-98.2, 44.120000000000005], [-98.04, 44.120000000000005]]]}}, {"id": "1754", "type": "Feature", "properties": {}, "geometry": {"type": "Polygon", "coordinates": [[[-97.88, 44.120000000000005], [-97.88, 44.28], [-98.03999999999999, 44.28], [-98.03999999999999, 44.120000000000005], [-97.88, 44.120000000000005]]]}}, {"id": "1755", "type": "Feature", "properties": {}, "geometry": {"type": "Polygon", "coordinates": [[[-97.72, 44.120000000000005], [-97.72, 44.28], [-97.88, 44.28], [-97.88, 44.120000000000005], [-97.72, 44.120000000000005]]]}}, {"id": "1756", "type": "Feature", "properties": {}, "geometry": {"type": "Polygon", "coordinates": [[[-97.56, 44.120000000000005], [-97.56, 44.28], [-97.72, 44.28], [-97.72, 44.120000000000005], [-97.56, 44.120000000000005]]]}}, {"id": "1757", "type": "Feature", "properties": {}, "geometry": {"type": "Polygon", "coordinates": [[[-97.4, 44.120000000000005], [-97.4, 44.28], [-97.56, 44.28], [-97.56, 44.120000000000005], [-97.4, 44.120000000000005]]]}}, {"id": "1758", "type": "Feature", "properties": {}, "geometry": {"type": "Polygon", "coordinates": [[[-97.24, 44.120000000000005], [-97.24, 44.28], [-97.39999999999999, 44.28], [-97.39999999999999, 44.120000000000005], [-97.24, 44.120000000000005]]]}}, {"id": "1759", "type": "Feature", "properties": {}, "geometry": {"type": "Polygon", "coordinates": [[[-97.08, 44.120000000000005], [-97.08, 44.28], [-97.24, 44.28], [-97.24, 44.120000000000005], [-97.08, 44.120000000000005]]]}}, {"id": "1760", "type": "Feature", "properties": {}, "geometry": {"type": "Polygon", "coordinates": [[[-96.92, 44.120000000000005], [-96.92, 44.28], [-97.08, 44.28], [-97.08, 44.120000000000005], [-96.92, 44.120000000000005]]]}}, {"id": "1761", "type": "Feature", "properties": {}, "geometry": {"type": "Polygon", "coordinates": [[[-96.76, 44.120000000000005], [-96.76, 44.28], [-96.92, 44.28], [-96.92, 44.120000000000005], [-96.76, 44.120000000000005]]]}}, {"id": "1762", "type": "Feature", "properties": {}, "geometry": {"type": "Polygon", "coordinates": [[[-96.60000000000001, 44.120000000000005], [-96.60000000000001, 44.28], [-96.76, 44.28], [-96.76, 44.120000000000005], [-96.60000000000001, 44.120000000000005]]]}}, {"id": "1763", "type": "Feature", "properties": {}, "geometry": {"type": "Polygon", "coordinates": [[[-96.44, 44.120000000000005], [-96.44, 44.28], [-96.6, 44.28], [-96.6, 44.120000000000005], [-96.44, 44.120000000000005]]]}}, {"id": "1764", "type": "Feature", "properties": {}, "geometry": {"type": "Polygon", "coordinates": [[[-96.28, 44.120000000000005], [-96.28, 44.28], [-96.44, 44.28], [-96.44, 44.120000000000005], [-96.28, 44.120000000000005]]]}}, {"id": "1765", "type": "Feature", "properties": {}, "geometry": {"type": "Polygon", "coordinates": [[[-96.12, 44.120000000000005], [-96.12, 44.28], [-96.28, 44.28], [-96.28, 44.120000000000005], [-96.12, 44.120000000000005]]]}}, {"id": "1766", "type": "Feature", "properties": {}, "geometry": {"type": "Polygon", "coordinates": [[[-95.96000000000001, 44.120000000000005], [-95.96000000000001, 44.28], [-96.12, 44.28], [-96.12, 44.120000000000005], [-95.96000000000001, 44.120000000000005]]]}}, {"id": "1767", "type": "Feature", "properties": {}, "geometry": {"type": "Polygon", "coordinates": [[[-95.8, 44.120000000000005], [-95.8, 44.28], [-95.96, 44.28], [-95.96, 44.120000000000005], [-95.8, 44.120000000000005]]]}}, {"id": "1768", "type": "Feature", "properties": {}, "geometry": {"type": "Polygon", "coordinates": [[[-95.64, 44.120000000000005], [-95.64, 44.28], [-95.8, 44.28], [-95.8, 44.120000000000005], [-95.64, 44.120000000000005]]]}}, {"id": "1769", "type": "Feature", "properties": {}, "geometry": {"type": "Polygon", "coordinates": [[[-95.48, 44.120000000000005], [-95.48, 44.28], [-95.64, 44.28], [-95.64, 44.120000000000005], [-95.48, 44.120000000000005]]]}}, {"id": "1770", "type": "Feature", "properties": {}, "geometry": {"type": "Polygon", "coordinates": [[[-95.32000000000001, 44.120000000000005], [-95.32000000000001, 44.28], [-95.48, 44.28], [-95.48, 44.120000000000005], [-95.32000000000001, 44.120000000000005]]]}}, {"id": "1771", "type": "Feature", "properties": {}, "geometry": {"type": "Polygon", "coordinates": [[[-95.16, 44.120000000000005], [-95.16, 44.28], [-95.32, 44.28], [-95.32, 44.120000000000005], [-95.16, 44.120000000000005]]]}}, {"id": "1772", "type": "Feature", "properties": {}, "geometry": {"type": "Polygon", "coordinates": [[[-95.0, 44.120000000000005], [-95.0, 44.28], [-95.16, 44.28], [-95.16, 44.120000000000005], [-95.0, 44.120000000000005]]]}}, {"id": "1773", "type": "Feature", "properties": {}, "geometry": {"type": "Polygon", "coordinates": [[[-94.84, 44.120000000000005], [-94.84, 44.28], [-95.0, 44.28], [-95.0, 44.120000000000005], [-94.84, 44.120000000000005]]]}}, {"id": "1774", "type": "Feature", "properties": {}, "geometry": {"type": "Polygon", "coordinates": [[[-94.68, 44.120000000000005], [-94.68, 44.28], [-94.84, 44.28], [-94.84, 44.120000000000005], [-94.68, 44.120000000000005]]]}}, {"id": "1775", "type": "Feature", "properties": {}, "geometry": {"type": "Polygon", "coordinates": [[[-94.52, 44.120000000000005], [-94.52, 44.28], [-94.67999999999999, 44.28], [-94.67999999999999, 44.120000000000005], [-94.52, 44.120000000000005]]]}}, {"id": "1776", "type": "Feature", "properties": {}, "geometry": {"type": "Polygon", "coordinates": [[[-94.36, 44.120000000000005], [-94.36, 44.28], [-94.52, 44.28], [-94.52, 44.120000000000005], [-94.36, 44.120000000000005]]]}}, {"id": "1777", "type": "Feature", "properties": {}, "geometry": {"type": "Polygon", "coordinates": [[[-94.2, 44.120000000000005], [-94.2, 44.28], [-94.36, 44.28], [-94.36, 44.120000000000005], [-94.2, 44.120000000000005]]]}}, {"id": "1778", "type": "Feature", "properties": {}, "geometry": {"type": "Polygon", "coordinates": [[[-94.04, 44.120000000000005], [-94.04, 44.28], [-94.2, 44.28], [-94.2, 44.120000000000005], [-94.04, 44.120000000000005]]]}}, {"id": "1779", "type": "Feature", "properties": {}, "geometry": {"type": "Polygon", "coordinates": [[[-93.88, 44.120000000000005], [-93.88, 44.28], [-94.03999999999999, 44.28], [-94.03999999999999, 44.120000000000005], [-93.88, 44.120000000000005]]]}}, {"id": "1780", "type": "Feature", "properties": {}, "geometry": {"type": "Polygon", "coordinates": [[[-93.72, 44.120000000000005], [-93.72, 44.28], [-93.88, 44.28], [-93.88, 44.120000000000005], [-93.72, 44.120000000000005]]]}}, {"id": "1781", "type": "Feature", "properties": {}, "geometry": {"type": "Polygon", "coordinates": [[[-93.56, 44.120000000000005], [-93.56, 44.28], [-93.72, 44.28], [-93.72, 44.120000000000005], [-93.56, 44.120000000000005]]]}}, {"id": "1782", "type": "Feature", "properties": {}, "geometry": {"type": "Polygon", "coordinates": [[[-93.4, 44.120000000000005], [-93.4, 44.28], [-93.56, 44.28], [-93.56, 44.120000000000005], [-93.4, 44.120000000000005]]]}}, {"id": "1783", "type": "Feature", "properties": {}, "geometry": {"type": "Polygon", "coordinates": [[[-93.24, 44.120000000000005], [-93.24, 44.28], [-93.39999999999999, 44.28], [-93.39999999999999, 44.120000000000005], [-93.24, 44.120000000000005]]]}}, {"id": "1784", "type": "Feature", "properties": {}, "geometry": {"type": "Polygon", "coordinates": [[[-93.08, 44.120000000000005], [-93.08, 44.28], [-93.24, 44.28], [-93.24, 44.120000000000005], [-93.08, 44.120000000000005]]]}}, {"id": "1785", "type": "Feature", "properties": {}, "geometry": {"type": "Polygon", "coordinates": [[[-92.92, 44.120000000000005], [-92.92, 44.28], [-93.08, 44.28], [-93.08, 44.120000000000005], [-92.92, 44.120000000000005]]]}}, {"id": "1786", "type": "Feature", "properties": {}, "geometry": {"type": "Polygon", "coordinates": [[[-92.76, 44.120000000000005], [-92.76, 44.28], [-92.92, 44.28], [-92.92, 44.120000000000005], [-92.76, 44.120000000000005]]]}}, {"id": "1787", "type": "Feature", "properties": {}, "geometry": {"type": "Polygon", "coordinates": [[[-92.60000000000001, 44.120000000000005], [-92.60000000000001, 44.28], [-92.76, 44.28], [-92.76, 44.120000000000005], [-92.60000000000001, 44.120000000000005]]]}}, {"id": "1788", "type": "Feature", "properties": {}, "geometry": {"type": "Polygon", "coordinates": [[[-92.44, 44.120000000000005], [-92.44, 44.28], [-92.6, 44.28], [-92.6, 44.120000000000005], [-92.44, 44.120000000000005]]]}}, {"id": "1789", "type": "Feature", "properties": {}, "geometry": {"type": "Polygon", "coordinates": [[[-92.28, 44.120000000000005], [-92.28, 44.28], [-92.44, 44.28], [-92.44, 44.120000000000005], [-92.28, 44.120000000000005]]]}}, {"id": "1790", "type": "Feature", "properties": {}, "geometry": {"type": "Polygon", "coordinates": [[[-92.12, 44.120000000000005], [-92.12, 44.28], [-92.28, 44.28], [-92.28, 44.120000000000005], [-92.12, 44.120000000000005]]]}}, {"id": "1791", "type": "Feature", "properties": {}, "geometry": {"type": "Polygon", "coordinates": [[[-91.96, 44.120000000000005], [-91.96, 44.28], [-92.11999999999999, 44.28], [-92.11999999999999, 44.120000000000005], [-91.96, 44.120000000000005]]]}}, {"id": "1792", "type": "Feature", "properties": {}, "geometry": {"type": "Polygon", "coordinates": [[[-91.8, 44.120000000000005], [-91.8, 44.28], [-91.96, 44.28], [-91.96, 44.120000000000005], [-91.8, 44.120000000000005]]]}}, {"id": "1793", "type": "Feature", "properties": {}, "geometry": {"type": "Polygon", "coordinates": [[[-91.64, 44.120000000000005], [-91.64, 44.28], [-91.8, 44.28], [-91.8, 44.120000000000005], [-91.64, 44.120000000000005]]]}}, {"id": "1794", "type": "Feature", "properties": {}, "geometry": {"type": "Polygon", "coordinates": [[[-91.48, 44.120000000000005], [-91.48, 44.28], [-91.64, 44.28], [-91.64, 44.120000000000005], [-91.48, 44.120000000000005]]]}}, {"id": "1795", "type": "Feature", "properties": {}, "geometry": {"type": "Polygon", "coordinates": [[[-91.32000000000001, 44.120000000000005], [-91.32000000000001, 44.28], [-91.48, 44.28], [-91.48, 44.120000000000005], [-91.32000000000001, 44.120000000000005]]]}}, {"id": "1796", "type": "Feature", "properties": {}, "geometry": {"type": "Polygon", "coordinates": [[[-91.16, 44.120000000000005], [-91.16, 44.28], [-91.32, 44.28], [-91.32, 44.120000000000005], [-91.16, 44.120000000000005]]]}}, {"id": "1797", "type": "Feature", "properties": {}, "geometry": {"type": "Polygon", "coordinates": [[[-91.0, 44.120000000000005], [-91.0, 44.28], [-91.16, 44.28], [-91.16, 44.120000000000005], [-91.0, 44.120000000000005]]]}}, {"id": "1798", "type": "Feature", "properties": {}, "geometry": {"type": "Polygon", "coordinates": [[[-90.84, 44.120000000000005], [-90.84, 44.28], [-91.0, 44.28], [-91.0, 44.120000000000005], [-90.84, 44.120000000000005]]]}}, {"id": "1799", "type": "Feature", "properties": {}, "geometry": {"type": "Polygon", "coordinates": [[[-90.68, 44.120000000000005], [-90.68, 44.28], [-90.84, 44.28], [-90.84, 44.120000000000005], [-90.68, 44.120000000000005]]]}}, {"id": "1800", "type": "Feature", "properties": {}, "geometry": {"type": "Polygon", "coordinates": [[[-90.52, 44.120000000000005], [-90.52, 44.28], [-90.67999999999999, 44.28], [-90.67999999999999, 44.120000000000005], [-90.52, 44.120000000000005]]]}}, {"id": "1801", "type": "Feature", "properties": {}, "geometry": {"type": "Polygon", "coordinates": [[[-90.36, 44.120000000000005], [-90.36, 44.28], [-90.52, 44.28], [-90.52, 44.120000000000005], [-90.36, 44.120000000000005]]]}}, {"id": "1802", "type": "Feature", "properties": {}, "geometry": {"type": "Polygon", "coordinates": [[[-90.04, 44.120000000000005], [-90.04, 44.28], [-90.2, 44.28], [-90.2, 44.120000000000005], [-90.04, 44.120000000000005]]]}}, {"id": "1803", "type": "Feature", "properties": {}, "geometry": {"type": "Polygon", "coordinates": [[[-89.88, 44.120000000000005], [-89.88, 44.28], [-90.03999999999999, 44.28], [-90.03999999999999, 44.120000000000005], [-89.88, 44.120000000000005]]]}}, {"id": "1804", "type": "Feature", "properties": {}, "geometry": {"type": "Polygon", "coordinates": [[[-89.72, 44.120000000000005], [-89.72, 44.28], [-89.88, 44.28], [-89.88, 44.120000000000005], [-89.72, 44.120000000000005]]]}}, {"id": "1805", "type": "Feature", "properties": {}, "geometry": {"type": "Polygon", "coordinates": [[[-89.56, 44.120000000000005], [-89.56, 44.28], [-89.72, 44.28], [-89.72, 44.120000000000005], [-89.56, 44.120000000000005]]]}}, {"id": "1806", "type": "Feature", "properties": {}, "geometry": {"type": "Polygon", "coordinates": [[[-87.32000000000001, 44.120000000000005], [-87.32000000000001, 44.28], [-87.48, 44.28], [-87.48, 44.120000000000005], [-87.32000000000001, 44.120000000000005]]]}}, {"id": "1807", "type": "Feature", "properties": {}, "geometry": {"type": "Polygon", "coordinates": [[[-87.16, 44.120000000000005], [-87.16, 44.28], [-87.32, 44.28], [-87.32, 44.120000000000005], [-87.16, 44.120000000000005]]]}}, {"id": "1808", "type": "Feature", "properties": {}, "geometry": {"type": "Polygon", "coordinates": [[[-87.0, 44.120000000000005], [-87.0, 44.28], [-87.16, 44.28], [-87.16, 44.120000000000005], [-87.0, 44.120000000000005]]]}}, {"id": "1809", "type": "Feature", "properties": {}, "geometry": {"type": "Polygon", "coordinates": [[[-86.84, 44.120000000000005], [-86.84, 44.28], [-87.0, 44.28], [-87.0, 44.120000000000005], [-86.84, 44.120000000000005]]]}}, {"id": "1810", "type": "Feature", "properties": {}, "geometry": {"type": "Polygon", "coordinates": [[[-86.67999999999999, 44.120000000000005], [-86.67999999999999, 44.28], [-86.83999999999999, 44.28], [-86.83999999999999, 44.120000000000005], [-86.67999999999999, 44.120000000000005]]]}}, {"id": "1811", "type": "Feature", "properties": {}, "geometry": {"type": "Polygon", "coordinates": [[[-86.52, 44.120000000000005], [-86.52, 44.28], [-86.67999999999999, 44.28], [-86.67999999999999, 44.120000000000005], [-86.52, 44.120000000000005]]]}}, {"id": "1812", "type": "Feature", "properties": {}, "geometry": {"type": "Polygon", "coordinates": [[[-86.36, 44.120000000000005], [-86.36, 44.28], [-86.52, 44.28], [-86.52, 44.120000000000005], [-86.36, 44.120000000000005]]]}}, {"id": "1813", "type": "Feature", "properties": {}, "geometry": {"type": "Polygon", "coordinates": [[[-86.2, 44.120000000000005], [-86.2, 44.28], [-86.36, 44.28], [-86.36, 44.120000000000005], [-86.2, 44.120000000000005]]]}}, {"id": "1814", "type": "Feature", "properties": {}, "geometry": {"type": "Polygon", "coordinates": [[[-86.04, 44.120000000000005], [-86.04, 44.28], [-86.2, 44.28], [-86.2, 44.120000000000005], [-86.04, 44.120000000000005]]]}}, {"id": "1815", "type": "Feature", "properties": {}, "geometry": {"type": "Polygon", "coordinates": [[[-85.88000000000001, 44.120000000000005], [-85.88000000000001, 44.28], [-86.04, 44.28], [-86.04, 44.120000000000005], [-85.88000000000001, 44.120000000000005]]]}}, {"id": "1816", "type": "Feature", "properties": {}, "geometry": {"type": "Polygon", "coordinates": [[[-85.72, 44.120000000000005], [-85.72, 44.28], [-85.88, 44.28], [-85.88, 44.120000000000005], [-85.72, 44.120000000000005]]]}}, {"id": "1817", "type": "Feature", "properties": {}, "geometry": {"type": "Polygon", "coordinates": [[[-85.56, 44.120000000000005], [-85.56, 44.28], [-85.72, 44.28], [-85.72, 44.120000000000005], [-85.56, 44.120000000000005]]]}}, {"id": "1818", "type": "Feature", "properties": {}, "geometry": {"type": "Polygon", "coordinates": [[[-85.4, 44.120000000000005], [-85.4, 44.28], [-85.56, 44.28], [-85.56, 44.120000000000005], [-85.4, 44.120000000000005]]]}}, {"id": "1819", "type": "Feature", "properties": {}, "geometry": {"type": "Polygon", "coordinates": [[[-85.24, 44.120000000000005], [-85.24, 44.28], [-85.39999999999999, 44.28], [-85.39999999999999, 44.120000000000005], [-85.24, 44.120000000000005]]]}}, {"id": "1820", "type": "Feature", "properties": {}, "geometry": {"type": "Polygon", "coordinates": [[[-85.08, 44.120000000000005], [-85.08, 44.28], [-85.24, 44.28], [-85.24, 44.120000000000005], [-85.08, 44.120000000000005]]]}}, {"id": "1821", "type": "Feature", "properties": {}, "geometry": {"type": "Polygon", "coordinates": [[[-84.92, 44.120000000000005], [-84.92, 44.28], [-85.08, 44.28], [-85.08, 44.120000000000005], [-84.92, 44.120000000000005]]]}}, {"id": "1822", "type": "Feature", "properties": {}, "geometry": {"type": "Polygon", "coordinates": [[[-84.76, 44.120000000000005], [-84.76, 44.28], [-84.92, 44.28], [-84.92, 44.120000000000005], [-84.76, 44.120000000000005]]]}}, {"id": "1823", "type": "Feature", "properties": {}, "geometry": {"type": "Polygon", "coordinates": [[[-84.60000000000001, 44.120000000000005], [-84.60000000000001, 44.28], [-84.76, 44.28], [-84.76, 44.120000000000005], [-84.60000000000001, 44.120000000000005]]]}}, {"id": "1824", "type": "Feature", "properties": {}, "geometry": {"type": "Polygon", "coordinates": [[[-84.44, 44.120000000000005], [-84.44, 44.28], [-84.6, 44.28], [-84.6, 44.120000000000005], [-84.44, 44.120000000000005]]]}}, {"id": "1825", "type": "Feature", "properties": {}, "geometry": {"type": "Polygon", "coordinates": [[[-84.28, 44.120000000000005], [-84.28, 44.28], [-84.44, 44.28], [-84.44, 44.120000000000005], [-84.28, 44.120000000000005]]]}}, {"id": "1826", "type": "Feature", "properties": {}, "geometry": {"type": "Polygon", "coordinates": [[[-84.12, 44.120000000000005], [-84.12, 44.28], [-84.28, 44.28], [-84.28, 44.120000000000005], [-84.12, 44.120000000000005]]]}}, {"id": "1827", "type": "Feature", "properties": {}, "geometry": {"type": "Polygon", "coordinates": [[[-83.96, 44.120000000000005], [-83.96, 44.28], [-84.11999999999999, 44.28], [-84.11999999999999, 44.120000000000005], [-83.96, 44.120000000000005]]]}}, {"id": "1828", "type": "Feature", "properties": {}, "geometry": {"type": "Polygon", "coordinates": [[[-102.84, 43.96], [-102.84, 44.12], [-103.0, 44.12], [-103.0, 43.96], [-102.84, 43.96]]]}}, {"id": "1829", "type": "Feature", "properties": {}, "geometry": {"type": "Polygon", "coordinates": [[[-102.68, 43.96], [-102.68, 44.12], [-102.84, 44.12], [-102.84, 43.96], [-102.68, 43.96]]]}}, {"id": "1830", "type": "Feature", "properties": {}, "geometry": {"type": "Polygon", "coordinates": [[[-102.52, 43.96], [-102.52, 44.12], [-102.67999999999999, 44.12], [-102.67999999999999, 43.96], [-102.52, 43.96]]]}}, {"id": "1831", "type": "Feature", "properties": {}, "geometry": {"type": "Polygon", "coordinates": [[[-102.36, 43.96], [-102.36, 44.12], [-102.52, 44.12], [-102.52, 43.96], [-102.36, 43.96]]]}}, {"id": "1832", "type": "Feature", "properties": {}, "geometry": {"type": "Polygon", "coordinates": [[[-102.2, 43.96], [-102.2, 44.12], [-102.36, 44.12], [-102.36, 43.96], [-102.2, 43.96]]]}}, {"id": "1833", "type": "Feature", "properties": {}, "geometry": {"type": "Polygon", "coordinates": [[[-102.04, 43.96], [-102.04, 44.12], [-102.2, 44.12], [-102.2, 43.96], [-102.04, 43.96]]]}}, {"id": "1834", "type": "Feature", "properties": {}, "geometry": {"type": "Polygon", "coordinates": [[[-101.88, 43.96], [-101.88, 44.12], [-102.03999999999999, 44.12], [-102.03999999999999, 43.96], [-101.88, 43.96]]]}}, {"id": "1835", "type": "Feature", "properties": {}, "geometry": {"type": "Polygon", "coordinates": [[[-101.72, 43.96], [-101.72, 44.12], [-101.88, 44.12], [-101.88, 43.96], [-101.72, 43.96]]]}}, {"id": "1836", "type": "Feature", "properties": {}, "geometry": {"type": "Polygon", "coordinates": [[[-101.56, 43.96], [-101.56, 44.12], [-101.72, 44.12], [-101.72, 43.96], [-101.56, 43.96]]]}}, {"id": "1837", "type": "Feature", "properties": {}, "geometry": {"type": "Polygon", "coordinates": [[[-101.4, 43.96], [-101.4, 44.12], [-101.56, 44.12], [-101.56, 43.96], [-101.4, 43.96]]]}}, {"id": "1838", "type": "Feature", "properties": {}, "geometry": {"type": "Polygon", "coordinates": [[[-101.24, 43.96], [-101.24, 44.12], [-101.39999999999999, 44.12], [-101.39999999999999, 43.96], [-101.24, 43.96]]]}}, {"id": "1839", "type": "Feature", "properties": {}, "geometry": {"type": "Polygon", "coordinates": [[[-101.08, 43.96], [-101.08, 44.12], [-101.24, 44.12], [-101.24, 43.96], [-101.08, 43.96]]]}}, {"id": "1840", "type": "Feature", "properties": {}, "geometry": {"type": "Polygon", "coordinates": [[[-100.92, 43.96], [-100.92, 44.12], [-101.08, 44.12], [-101.08, 43.96], [-100.92, 43.96]]]}}, {"id": "1841", "type": "Feature", "properties": {}, "geometry": {"type": "Polygon", "coordinates": [[[-100.76, 43.96], [-100.76, 44.12], [-100.92, 44.12], [-100.92, 43.96], [-100.76, 43.96]]]}}, {"id": "1842", "type": "Feature", "properties": {}, "geometry": {"type": "Polygon", "coordinates": [[[-100.60000000000001, 43.96], [-100.60000000000001, 44.12], [-100.76, 44.12], [-100.76, 43.96], [-100.60000000000001, 43.96]]]}}, {"id": "1843", "type": "Feature", "properties": {}, "geometry": {"type": "Polygon", "coordinates": [[[-100.44, 43.96], [-100.44, 44.12], [-100.6, 44.12], [-100.6, 43.96], [-100.44, 43.96]]]}}, {"id": "1844", "type": "Feature", "properties": {}, "geometry": {"type": "Polygon", "coordinates": [[[-100.28, 43.96], [-100.28, 44.12], [-100.44, 44.12], [-100.44, 43.96], [-100.28, 43.96]]]}}, {"id": "1845", "type": "Feature", "properties": {}, "geometry": {"type": "Polygon", "coordinates": [[[-100.12, 43.96], [-100.12, 44.12], [-100.28, 44.12], [-100.28, 43.96], [-100.12, 43.96]]]}}, {"id": "1846", "type": "Feature", "properties": {}, "geometry": {"type": "Polygon", "coordinates": [[[-99.96000000000001, 43.96], [-99.96000000000001, 44.12], [-100.12, 44.12], [-100.12, 43.96], [-99.96000000000001, 43.96]]]}}, {"id": "1847", "type": "Feature", "properties": {}, "geometry": {"type": "Polygon", "coordinates": [[[-99.8, 43.96], [-99.8, 44.12], [-99.96, 44.12], [-99.96, 43.96], [-99.8, 43.96]]]}}, {"id": "1848", "type": "Feature", "properties": {}, "geometry": {"type": "Polygon", "coordinates": [[[-99.64, 43.96], [-99.64, 44.12], [-99.8, 44.12], [-99.8, 43.96], [-99.64, 43.96]]]}}, {"id": "1849", "type": "Feature", "properties": {}, "geometry": {"type": "Polygon", "coordinates": [[[-99.48, 43.96], [-99.48, 44.12], [-99.64, 44.12], [-99.64, 43.96], [-99.48, 43.96]]]}}, {"id": "1850", "type": "Feature", "properties": {}, "geometry": {"type": "Polygon", "coordinates": [[[-99.32000000000001, 43.96], [-99.32000000000001, 44.12], [-99.48, 44.12], [-99.48, 43.96], [-99.32000000000001, 43.96]]]}}, {"id": "1851", "type": "Feature", "properties": {}, "geometry": {"type": "Polygon", "coordinates": [[[-99.16, 43.96], [-99.16, 44.12], [-99.32, 44.12], [-99.32, 43.96], [-99.16, 43.96]]]}}, {"id": "1852", "type": "Feature", "properties": {}, "geometry": {"type": "Polygon", "coordinates": [[[-99.0, 43.96], [-99.0, 44.12], [-99.16, 44.12], [-99.16, 43.96], [-99.0, 43.96]]]}}, {"id": "1853", "type": "Feature", "properties": {}, "geometry": {"type": "Polygon", "coordinates": [[[-98.84, 43.96], [-98.84, 44.12], [-99.0, 44.12], [-99.0, 43.96], [-98.84, 43.96]]]}}, {"id": "1854", "type": "Feature", "properties": {}, "geometry": {"type": "Polygon", "coordinates": [[[-98.68, 43.96], [-98.68, 44.12], [-98.84, 44.12], [-98.84, 43.96], [-98.68, 43.96]]]}}, {"id": "1855", "type": "Feature", "properties": {}, "geometry": {"type": "Polygon", "coordinates": [[[-98.52, 43.96], [-98.52, 44.12], [-98.67999999999999, 44.12], [-98.67999999999999, 43.96], [-98.52, 43.96]]]}}, {"id": "1856", "type": "Feature", "properties": {}, "geometry": {"type": "Polygon", "coordinates": [[[-98.36, 43.96], [-98.36, 44.12], [-98.52, 44.12], [-98.52, 43.96], [-98.36, 43.96]]]}}, {"id": "1857", "type": "Feature", "properties": {}, "geometry": {"type": "Polygon", "coordinates": [[[-98.2, 43.96], [-98.2, 44.12], [-98.36, 44.12], [-98.36, 43.96], [-98.2, 43.96]]]}}, {"id": "1858", "type": "Feature", "properties": {}, "geometry": {"type": "Polygon", "coordinates": [[[-98.04, 43.96], [-98.04, 44.12], [-98.2, 44.12], [-98.2, 43.96], [-98.04, 43.96]]]}}, {"id": "1859", "type": "Feature", "properties": {}, "geometry": {"type": "Polygon", "coordinates": [[[-97.88, 43.96], [-97.88, 44.12], [-98.03999999999999, 44.12], [-98.03999999999999, 43.96], [-97.88, 43.96]]]}}, {"id": "1860", "type": "Feature", "properties": {}, "geometry": {"type": "Polygon", "coordinates": [[[-97.72, 43.96], [-97.72, 44.12], [-97.88, 44.12], [-97.88, 43.96], [-97.72, 43.96]]]}}, {"id": "1861", "type": "Feature", "properties": {}, "geometry": {"type": "Polygon", "coordinates": [[[-97.56, 43.96], [-97.56, 44.12], [-97.72, 44.12], [-97.72, 43.96], [-97.56, 43.96]]]}}, {"id": "1862", "type": "Feature", "properties": {}, "geometry": {"type": "Polygon", "coordinates": [[[-97.4, 43.96], [-97.4, 44.12], [-97.56, 44.12], [-97.56, 43.96], [-97.4, 43.96]]]}}, {"id": "1863", "type": "Feature", "properties": {}, "geometry": {"type": "Polygon", "coordinates": [[[-97.24, 43.96], [-97.24, 44.12], [-97.39999999999999, 44.12], [-97.39999999999999, 43.96], [-97.24, 43.96]]]}}, {"id": "1864", "type": "Feature", "properties": {}, "geometry": {"type": "Polygon", "coordinates": [[[-97.08, 43.96], [-97.08, 44.12], [-97.24, 44.12], [-97.24, 43.96], [-97.08, 43.96]]]}}, {"id": "1865", "type": "Feature", "properties": {}, "geometry": {"type": "Polygon", "coordinates": [[[-96.92, 43.96], [-96.92, 44.12], [-97.08, 44.12], [-97.08, 43.96], [-96.92, 43.96]]]}}, {"id": "1866", "type": "Feature", "properties": {}, "geometry": {"type": "Polygon", "coordinates": [[[-96.76, 43.96], [-96.76, 44.12], [-96.92, 44.12], [-96.92, 43.96], [-96.76, 43.96]]]}}, {"id": "1867", "type": "Feature", "properties": {}, "geometry": {"type": "Polygon", "coordinates": [[[-96.60000000000001, 43.96], [-96.60000000000001, 44.12], [-96.76, 44.12], [-96.76, 43.96], [-96.60000000000001, 43.96]]]}}, {"id": "1868", "type": "Feature", "properties": {}, "geometry": {"type": "Polygon", "coordinates": [[[-96.44, 43.96], [-96.44, 44.12], [-96.6, 44.12], [-96.6, 43.96], [-96.44, 43.96]]]}}, {"id": "1869", "type": "Feature", "properties": {}, "geometry": {"type": "Polygon", "coordinates": [[[-96.28, 43.96], [-96.28, 44.12], [-96.44, 44.12], [-96.44, 43.96], [-96.28, 43.96]]]}}, {"id": "1870", "type": "Feature", "properties": {}, "geometry": {"type": "Polygon", "coordinates": [[[-96.12, 43.96], [-96.12, 44.12], [-96.28, 44.12], [-96.28, 43.96], [-96.12, 43.96]]]}}, {"id": "1871", "type": "Feature", "properties": {}, "geometry": {"type": "Polygon", "coordinates": [[[-95.96000000000001, 43.96], [-95.96000000000001, 44.12], [-96.12, 44.12], [-96.12, 43.96], [-95.96000000000001, 43.96]]]}}, {"id": "1872", "type": "Feature", "properties": {}, "geometry": {"type": "Polygon", "coordinates": [[[-95.8, 43.96], [-95.8, 44.12], [-95.96, 44.12], [-95.96, 43.96], [-95.8, 43.96]]]}}, {"id": "1873", "type": "Feature", "properties": {}, "geometry": {"type": "Polygon", "coordinates": [[[-95.64, 43.96], [-95.64, 44.12], [-95.8, 44.12], [-95.8, 43.96], [-95.64, 43.96]]]}}, {"id": "1874", "type": "Feature", "properties": {}, "geometry": {"type": "Polygon", "coordinates": [[[-95.48, 43.96], [-95.48, 44.12], [-95.64, 44.12], [-95.64, 43.96], [-95.48, 43.96]]]}}, {"id": "1875", "type": "Feature", "properties": {}, "geometry": {"type": "Polygon", "coordinates": [[[-95.32000000000001, 43.96], [-95.32000000000001, 44.12], [-95.48, 44.12], [-95.48, 43.96], [-95.32000000000001, 43.96]]]}}, {"id": "1876", "type": "Feature", "properties": {}, "geometry": {"type": "Polygon", "coordinates": [[[-95.16, 43.96], [-95.16, 44.12], [-95.32, 44.12], [-95.32, 43.96], [-95.16, 43.96]]]}}, {"id": "1877", "type": "Feature", "properties": {}, "geometry": {"type": "Polygon", "coordinates": [[[-95.0, 43.96], [-95.0, 44.12], [-95.16, 44.12], [-95.16, 43.96], [-95.0, 43.96]]]}}, {"id": "1878", "type": "Feature", "properties": {}, "geometry": {"type": "Polygon", "coordinates": [[[-94.84, 43.96], [-94.84, 44.12], [-95.0, 44.12], [-95.0, 43.96], [-94.84, 43.96]]]}}, {"id": "1879", "type": "Feature", "properties": {}, "geometry": {"type": "Polygon", "coordinates": [[[-94.68, 43.96], [-94.68, 44.12], [-94.84, 44.12], [-94.84, 43.96], [-94.68, 43.96]]]}}, {"id": "1880", "type": "Feature", "properties": {}, "geometry": {"type": "Polygon", "coordinates": [[[-94.52, 43.96], [-94.52, 44.12], [-94.67999999999999, 44.12], [-94.67999999999999, 43.96], [-94.52, 43.96]]]}}, {"id": "1881", "type": "Feature", "properties": {}, "geometry": {"type": "Polygon", "coordinates": [[[-94.36, 43.96], [-94.36, 44.12], [-94.52, 44.12], [-94.52, 43.96], [-94.36, 43.96]]]}}, {"id": "1882", "type": "Feature", "properties": {}, "geometry": {"type": "Polygon", "coordinates": [[[-94.2, 43.96], [-94.2, 44.12], [-94.36, 44.12], [-94.36, 43.96], [-94.2, 43.96]]]}}, {"id": "1883", "type": "Feature", "properties": {}, "geometry": {"type": "Polygon", "coordinates": [[[-94.04, 43.96], [-94.04, 44.12], [-94.2, 44.12], [-94.2, 43.96], [-94.04, 43.96]]]}}, {"id": "1884", "type": "Feature", "properties": {}, "geometry": {"type": "Polygon", "coordinates": [[[-93.88, 43.96], [-93.88, 44.12], [-94.03999999999999, 44.12], [-94.03999999999999, 43.96], [-93.88, 43.96]]]}}, {"id": "1885", "type": "Feature", "properties": {}, "geometry": {"type": "Polygon", "coordinates": [[[-93.72, 43.96], [-93.72, 44.12], [-93.88, 44.12], [-93.88, 43.96], [-93.72, 43.96]]]}}, {"id": "1886", "type": "Feature", "properties": {}, "geometry": {"type": "Polygon", "coordinates": [[[-93.56, 43.96], [-93.56, 44.12], [-93.72, 44.12], [-93.72, 43.96], [-93.56, 43.96]]]}}, {"id": "1887", "type": "Feature", "properties": {}, "geometry": {"type": "Polygon", "coordinates": [[[-93.4, 43.96], [-93.4, 44.12], [-93.56, 44.12], [-93.56, 43.96], [-93.4, 43.96]]]}}, {"id": "1888", "type": "Feature", "properties": {}, "geometry": {"type": "Polygon", "coordinates": [[[-93.24, 43.96], [-93.24, 44.12], [-93.39999999999999, 44.12], [-93.39999999999999, 43.96], [-93.24, 43.96]]]}}, {"id": "1889", "type": "Feature", "properties": {}, "geometry": {"type": "Polygon", "coordinates": [[[-93.08, 43.96], [-93.08, 44.12], [-93.24, 44.12], [-93.24, 43.96], [-93.08, 43.96]]]}}, {"id": "1890", "type": "Feature", "properties": {}, "geometry": {"type": "Polygon", "coordinates": [[[-92.92, 43.96], [-92.92, 44.12], [-93.08, 44.12], [-93.08, 43.96], [-92.92, 43.96]]]}}, {"id": "1891", "type": "Feature", "properties": {}, "geometry": {"type": "Polygon", "coordinates": [[[-92.76, 43.96], [-92.76, 44.12], [-92.92, 44.12], [-92.92, 43.96], [-92.76, 43.96]]]}}, {"id": "1892", "type": "Feature", "properties": {}, "geometry": {"type": "Polygon", "coordinates": [[[-92.60000000000001, 43.96], [-92.60000000000001, 44.12], [-92.76, 44.12], [-92.76, 43.96], [-92.60000000000001, 43.96]]]}}, {"id": "1893", "type": "Feature", "properties": {}, "geometry": {"type": "Polygon", "coordinates": [[[-92.44, 43.96], [-92.44, 44.12], [-92.6, 44.12], [-92.6, 43.96], [-92.44, 43.96]]]}}, {"id": "1894", "type": "Feature", "properties": {}, "geometry": {"type": "Polygon", "coordinates": [[[-92.28, 43.96], [-92.28, 44.12], [-92.44, 44.12], [-92.44, 43.96], [-92.28, 43.96]]]}}, {"id": "1895", "type": "Feature", "properties": {}, "geometry": {"type": "Polygon", "coordinates": [[[-92.12, 43.96], [-92.12, 44.12], [-92.28, 44.12], [-92.28, 43.96], [-92.12, 43.96]]]}}, {"id": "1896", "type": "Feature", "properties": {}, "geometry": {"type": "Polygon", "coordinates": [[[-91.96, 43.96], [-91.96, 44.12], [-92.11999999999999, 44.12], [-92.11999999999999, 43.96], [-91.96, 43.96]]]}}, {"id": "1897", "type": "Feature", "properties": {}, "geometry": {"type": "Polygon", "coordinates": [[[-91.8, 43.96], [-91.8, 44.12], [-91.96, 44.12], [-91.96, 43.96], [-91.8, 43.96]]]}}, {"id": "1898", "type": "Feature", "properties": {}, "geometry": {"type": "Polygon", "coordinates": [[[-91.64, 43.96], [-91.64, 44.12], [-91.8, 44.12], [-91.8, 43.96], [-91.64, 43.96]]]}}, {"id": "1899", "type": "Feature", "properties": {}, "geometry": {"type": "Polygon", "coordinates": [[[-91.48, 43.96], [-91.48, 44.12], [-91.64, 44.12], [-91.64, 43.96], [-91.48, 43.96]]]}}, {"id": "1900", "type": "Feature", "properties": {}, "geometry": {"type": "Polygon", "coordinates": [[[-91.32000000000001, 43.96], [-91.32000000000001, 44.12], [-91.48, 44.12], [-91.48, 43.96], [-91.32000000000001, 43.96]]]}}, {"id": "1901", "type": "Feature", "properties": {}, "geometry": {"type": "Polygon", "coordinates": [[[-91.16, 43.96], [-91.16, 44.12], [-91.32, 44.12], [-91.32, 43.96], [-91.16, 43.96]]]}}, {"id": "1902", "type": "Feature", "properties": {}, "geometry": {"type": "Polygon", "coordinates": [[[-91.0, 43.96], [-91.0, 44.12], [-91.16, 44.12], [-91.16, 43.96], [-91.0, 43.96]]]}}, {"id": "1903", "type": "Feature", "properties": {}, "geometry": {"type": "Polygon", "coordinates": [[[-90.84, 43.96], [-90.84, 44.12], [-91.0, 44.12], [-91.0, 43.96], [-90.84, 43.96]]]}}, {"id": "1904", "type": "Feature", "properties": {}, "geometry": {"type": "Polygon", "coordinates": [[[-90.68, 43.96], [-90.68, 44.12], [-90.84, 44.12], [-90.84, 43.96], [-90.68, 43.96]]]}}, {"id": "1905", "type": "Feature", "properties": {}, "geometry": {"type": "Polygon", "coordinates": [[[-90.52, 43.96], [-90.52, 44.12], [-90.67999999999999, 44.12], [-90.67999999999999, 43.96], [-90.52, 43.96]]]}}, {"id": "1906", "type": "Feature", "properties": {}, "geometry": {"type": "Polygon", "coordinates": [[[-90.36, 43.96], [-90.36, 44.12], [-90.52, 44.12], [-90.52, 43.96], [-90.36, 43.96]]]}}, {"id": "1907", "type": "Feature", "properties": {}, "geometry": {"type": "Polygon", "coordinates": [[[-90.2, 43.96], [-90.2, 44.12], [-90.36, 44.12], [-90.36, 43.96], [-90.2, 43.96]]]}}, {"id": "1908", "type": "Feature", "properties": {}, "geometry": {"type": "Polygon", "coordinates": [[[-90.04, 43.96], [-90.04, 44.12], [-90.2, 44.12], [-90.2, 43.96], [-90.04, 43.96]]]}}, {"id": "1909", "type": "Feature", "properties": {}, "geometry": {"type": "Polygon", "coordinates": [[[-89.88, 43.96], [-89.88, 44.12], [-90.03999999999999, 44.12], [-90.03999999999999, 43.96], [-89.88, 43.96]]]}}, {"id": "1910", "type": "Feature", "properties": {}, "geometry": {"type": "Polygon", "coordinates": [[[-89.72, 43.96], [-89.72, 44.12], [-89.88, 44.12], [-89.88, 43.96], [-89.72, 43.96]]]}}, {"id": "1911", "type": "Feature", "properties": {}, "geometry": {"type": "Polygon", "coordinates": [[[-87.48, 43.96], [-87.48, 44.12], [-87.64, 44.12], [-87.64, 43.96], [-87.48, 43.96]]]}}, {"id": "1912", "type": "Feature", "properties": {}, "geometry": {"type": "Polygon", "coordinates": [[[-87.32000000000001, 43.96], [-87.32000000000001, 44.12], [-87.48, 44.12], [-87.48, 43.96], [-87.32000000000001, 43.96]]]}}, {"id": "1913", "type": "Feature", "properties": {}, "geometry": {"type": "Polygon", "coordinates": [[[-87.16, 43.96], [-87.16, 44.12], [-87.32, 44.12], [-87.32, 43.96], [-87.16, 43.96]]]}}, {"id": "1914", "type": "Feature", "properties": {}, "geometry": {"type": "Polygon", "coordinates": [[[-87.0, 43.96], [-87.0, 44.12], [-87.16, 44.12], [-87.16, 43.96], [-87.0, 43.96]]]}}, {"id": "1915", "type": "Feature", "properties": {}, "geometry": {"type": "Polygon", "coordinates": [[[-86.84, 43.96], [-86.84, 44.12], [-87.0, 44.12], [-87.0, 43.96], [-86.84, 43.96]]]}}, {"id": "1916", "type": "Feature", "properties": {}, "geometry": {"type": "Polygon", "coordinates": [[[-86.67999999999999, 43.96], [-86.67999999999999, 44.12], [-86.83999999999999, 44.12], [-86.83999999999999, 43.96], [-86.67999999999999, 43.96]]]}}, {"id": "1917", "type": "Feature", "properties": {}, "geometry": {"type": "Polygon", "coordinates": [[[-86.52, 43.96], [-86.52, 44.12], [-86.67999999999999, 44.12], [-86.67999999999999, 43.96], [-86.52, 43.96]]]}}, {"id": "1918", "type": "Feature", "properties": {}, "geometry": {"type": "Polygon", "coordinates": [[[-86.36, 43.96], [-86.36, 44.12], [-86.52, 44.12], [-86.52, 43.96], [-86.36, 43.96]]]}}, {"id": "1919", "type": "Feature", "properties": {}, "geometry": {"type": "Polygon", "coordinates": [[[-86.2, 43.96], [-86.2, 44.12], [-86.36, 44.12], [-86.36, 43.96], [-86.2, 43.96]]]}}, {"id": "1920", "type": "Feature", "properties": {}, "geometry": {"type": "Polygon", "coordinates": [[[-86.04, 43.96], [-86.04, 44.12], [-86.2, 44.12], [-86.2, 43.96], [-86.04, 43.96]]]}}, {"id": "1921", "type": "Feature", "properties": {}, "geometry": {"type": "Polygon", "coordinates": [[[-85.88000000000001, 43.96], [-85.88000000000001, 44.12], [-86.04, 44.12], [-86.04, 43.96], [-85.88000000000001, 43.96]]]}}, {"id": "1922", "type": "Feature", "properties": {}, "geometry": {"type": "Polygon", "coordinates": [[[-85.72, 43.96], [-85.72, 44.12], [-85.88, 44.12], [-85.88, 43.96], [-85.72, 43.96]]]}}, {"id": "1923", "type": "Feature", "properties": {}, "geometry": {"type": "Polygon", "coordinates": [[[-85.56, 43.96], [-85.56, 44.12], [-85.72, 44.12], [-85.72, 43.96], [-85.56, 43.96]]]}}, {"id": "1924", "type": "Feature", "properties": {}, "geometry": {"type": "Polygon", "coordinates": [[[-85.4, 43.96], [-85.4, 44.12], [-85.56, 44.12], [-85.56, 43.96], [-85.4, 43.96]]]}}, {"id": "1925", "type": "Feature", "properties": {}, "geometry": {"type": "Polygon", "coordinates": [[[-85.24, 43.96], [-85.24, 44.12], [-85.39999999999999, 44.12], [-85.39999999999999, 43.96], [-85.24, 43.96]]]}}, {"id": "1926", "type": "Feature", "properties": {}, "geometry": {"type": "Polygon", "coordinates": [[[-85.08, 43.96], [-85.08, 44.12], [-85.24, 44.12], [-85.24, 43.96], [-85.08, 43.96]]]}}, {"id": "1927", "type": "Feature", "properties": {}, "geometry": {"type": "Polygon", "coordinates": [[[-84.92, 43.96], [-84.92, 44.12], [-85.08, 44.12], [-85.08, 43.96], [-84.92, 43.96]]]}}, {"id": "1928", "type": "Feature", "properties": {}, "geometry": {"type": "Polygon", "coordinates": [[[-84.76, 43.96], [-84.76, 44.12], [-84.92, 44.12], [-84.92, 43.96], [-84.76, 43.96]]]}}, {"id": "1929", "type": "Feature", "properties": {}, "geometry": {"type": "Polygon", "coordinates": [[[-84.60000000000001, 43.96], [-84.60000000000001, 44.12], [-84.76, 44.12], [-84.76, 43.96], [-84.60000000000001, 43.96]]]}}, {"id": "1930", "type": "Feature", "properties": {}, "geometry": {"type": "Polygon", "coordinates": [[[-84.44, 43.96], [-84.44, 44.12], [-84.6, 44.12], [-84.6, 43.96], [-84.44, 43.96]]]}}, {"id": "1931", "type": "Feature", "properties": {}, "geometry": {"type": "Polygon", "coordinates": [[[-84.28, 43.96], [-84.28, 44.12], [-84.44, 44.12], [-84.44, 43.96], [-84.28, 43.96]]]}}, {"id": "1932", "type": "Feature", "properties": {}, "geometry": {"type": "Polygon", "coordinates": [[[-84.12, 43.96], [-84.12, 44.12], [-84.28, 44.12], [-84.28, 43.96], [-84.12, 43.96]]]}}, {"id": "1933", "type": "Feature", "properties": {}, "geometry": {"type": "Polygon", "coordinates": [[[-83.96, 43.96], [-83.96, 44.12], [-84.11999999999999, 44.12], [-84.11999999999999, 43.96], [-83.96, 43.96]]]}}, {"id": "1934", "type": "Feature", "properties": {}, "geometry": {"type": "Polygon", "coordinates": [[[-102.84, 43.800000000000004], [-102.84, 43.96], [-103.0, 43.96], [-103.0, 43.800000000000004], [-102.84, 43.800000000000004]]]}}, {"id": "1935", "type": "Feature", "properties": {}, "geometry": {"type": "Polygon", "coordinates": [[[-102.68, 43.800000000000004], [-102.68, 43.96], [-102.84, 43.96], [-102.84, 43.800000000000004], [-102.68, 43.800000000000004]]]}}, {"id": "1936", "type": "Feature", "properties": {}, "geometry": {"type": "Polygon", "coordinates": [[[-102.52, 43.800000000000004], [-102.52, 43.96], [-102.67999999999999, 43.96], [-102.67999999999999, 43.800000000000004], [-102.52, 43.800000000000004]]]}}, {"id": "1937", "type": "Feature", "properties": {}, "geometry": {"type": "Polygon", "coordinates": [[[-102.36, 43.800000000000004], [-102.36, 43.96], [-102.52, 43.96], [-102.52, 43.800000000000004], [-102.36, 43.800000000000004]]]}}, {"id": "1938", "type": "Feature", "properties": {}, "geometry": {"type": "Polygon", "coordinates": [[[-102.2, 43.800000000000004], [-102.2, 43.96], [-102.36, 43.96], [-102.36, 43.800000000000004], [-102.2, 43.800000000000004]]]}}, {"id": "1939", "type": "Feature", "properties": {}, "geometry": {"type": "Polygon", "coordinates": [[[-102.04, 43.800000000000004], [-102.04, 43.96], [-102.2, 43.96], [-102.2, 43.800000000000004], [-102.04, 43.800000000000004]]]}}, {"id": "1940", "type": "Feature", "properties": {}, "geometry": {"type": "Polygon", "coordinates": [[[-101.88, 43.800000000000004], [-101.88, 43.96], [-102.03999999999999, 43.96], [-102.03999999999999, 43.800000000000004], [-101.88, 43.800000000000004]]]}}, {"id": "1941", "type": "Feature", "properties": {}, "geometry": {"type": "Polygon", "coordinates": [[[-101.72, 43.800000000000004], [-101.72, 43.96], [-101.88, 43.96], [-101.88, 43.800000000000004], [-101.72, 43.800000000000004]]]}}, {"id": "1942", "type": "Feature", "properties": {}, "geometry": {"type": "Polygon", "coordinates": [[[-101.56, 43.800000000000004], [-101.56, 43.96], [-101.72, 43.96], [-101.72, 43.800000000000004], [-101.56, 43.800000000000004]]]}}, {"id": "1943", "type": "Feature", "properties": {}, "geometry": {"type": "Polygon", "coordinates": [[[-101.4, 43.800000000000004], [-101.4, 43.96], [-101.56, 43.96], [-101.56, 43.800000000000004], [-101.4, 43.800000000000004]]]}}, {"id": "1944", "type": "Feature", "properties": {}, "geometry": {"type": "Polygon", "coordinates": [[[-101.24, 43.800000000000004], [-101.24, 43.96], [-101.39999999999999, 43.96], [-101.39999999999999, 43.800000000000004], [-101.24, 43.800000000000004]]]}}, {"id": "1945", "type": "Feature", "properties": {}, "geometry": {"type": "Polygon", "coordinates": [[[-101.08, 43.800000000000004], [-101.08, 43.96], [-101.24, 43.96], [-101.24, 43.800000000000004], [-101.08, 43.800000000000004]]]}}, {"id": "1946", "type": "Feature", "properties": {}, "geometry": {"type": "Polygon", "coordinates": [[[-100.92, 43.800000000000004], [-100.92, 43.96], [-101.08, 43.96], [-101.08, 43.800000000000004], [-100.92, 43.800000000000004]]]}}, {"id": "1947", "type": "Feature", "properties": {}, "geometry": {"type": "Polygon", "coordinates": [[[-100.76, 43.800000000000004], [-100.76, 43.96], [-100.92, 43.96], [-100.92, 43.800000000000004], [-100.76, 43.800000000000004]]]}}, {"id": "1948", "type": "Feature", "properties": {}, "geometry": {"type": "Polygon", "coordinates": [[[-100.60000000000001, 43.800000000000004], [-100.60000000000001, 43.96], [-100.76, 43.96], [-100.76, 43.800000000000004], [-100.60000000000001, 43.800000000000004]]]}}, {"id": "1949", "type": "Feature", "properties": {}, "geometry": {"type": "Polygon", "coordinates": [[[-100.44, 43.800000000000004], [-100.44, 43.96], [-100.6, 43.96], [-100.6, 43.800000000000004], [-100.44, 43.800000000000004]]]}}, {"id": "1950", "type": "Feature", "properties": {}, "geometry": {"type": "Polygon", "coordinates": [[[-100.28, 43.800000000000004], [-100.28, 43.96], [-100.44, 43.96], [-100.44, 43.800000000000004], [-100.28, 43.800000000000004]]]}}, {"id": "1951", "type": "Feature", "properties": {}, "geometry": {"type": "Polygon", "coordinates": [[[-100.12, 43.800000000000004], [-100.12, 43.96], [-100.28, 43.96], [-100.28, 43.800000000000004], [-100.12, 43.800000000000004]]]}}, {"id": "1952", "type": "Feature", "properties": {}, "geometry": {"type": "Polygon", "coordinates": [[[-99.96000000000001, 43.800000000000004], [-99.96000000000001, 43.96], [-100.12, 43.96], [-100.12, 43.800000000000004], [-99.96000000000001, 43.800000000000004]]]}}, {"id": "1953", "type": "Feature", "properties": {}, "geometry": {"type": "Polygon", "coordinates": [[[-99.8, 43.800000000000004], [-99.8, 43.96], [-99.96, 43.96], [-99.96, 43.800000000000004], [-99.8, 43.800000000000004]]]}}, {"id": "1954", "type": "Feature", "properties": {}, "geometry": {"type": "Polygon", "coordinates": [[[-99.64, 43.800000000000004], [-99.64, 43.96], [-99.8, 43.96], [-99.8, 43.800000000000004], [-99.64, 43.800000000000004]]]}}, {"id": "1955", "type": "Feature", "properties": {}, "geometry": {"type": "Polygon", "coordinates": [[[-99.48, 43.800000000000004], [-99.48, 43.96], [-99.64, 43.96], [-99.64, 43.800000000000004], [-99.48, 43.800000000000004]]]}}, {"id": "1956", "type": "Feature", "properties": {}, "geometry": {"type": "Polygon", "coordinates": [[[-99.32000000000001, 43.800000000000004], [-99.32000000000001, 43.96], [-99.48, 43.96], [-99.48, 43.800000000000004], [-99.32000000000001, 43.800000000000004]]]}}, {"id": "1957", "type": "Feature", "properties": {}, "geometry": {"type": "Polygon", "coordinates": [[[-99.16, 43.800000000000004], [-99.16, 43.96], [-99.32, 43.96], [-99.32, 43.800000000000004], [-99.16, 43.800000000000004]]]}}, {"id": "1958", "type": "Feature", "properties": {}, "geometry": {"type": "Polygon", "coordinates": [[[-99.0, 43.800000000000004], [-99.0, 43.96], [-99.16, 43.96], [-99.16, 43.800000000000004], [-99.0, 43.800000000000004]]]}}, {"id": "1959", "type": "Feature", "properties": {}, "geometry": {"type": "Polygon", "coordinates": [[[-98.84, 43.800000000000004], [-98.84, 43.96], [-99.0, 43.96], [-99.0, 43.800000000000004], [-98.84, 43.800000000000004]]]}}, {"id": "1960", "type": "Feature", "properties": {}, "geometry": {"type": "Polygon", "coordinates": [[[-98.68, 43.800000000000004], [-98.68, 43.96], [-98.84, 43.96], [-98.84, 43.800000000000004], [-98.68, 43.800000000000004]]]}}, {"id": "1961", "type": "Feature", "properties": {}, "geometry": {"type": "Polygon", "coordinates": [[[-98.52, 43.800000000000004], [-98.52, 43.96], [-98.67999999999999, 43.96], [-98.67999999999999, 43.800000000000004], [-98.52, 43.800000000000004]]]}}, {"id": "1962", "type": "Feature", "properties": {}, "geometry": {"type": "Polygon", "coordinates": [[[-98.36, 43.800000000000004], [-98.36, 43.96], [-98.52, 43.96], [-98.52, 43.800000000000004], [-98.36, 43.800000000000004]]]}}, {"id": "1963", "type": "Feature", "properties": {}, "geometry": {"type": "Polygon", "coordinates": [[[-98.2, 43.800000000000004], [-98.2, 43.96], [-98.36, 43.96], [-98.36, 43.800000000000004], [-98.2, 43.800000000000004]]]}}, {"id": "1964", "type": "Feature", "properties": {}, "geometry": {"type": "Polygon", "coordinates": [[[-98.04, 43.800000000000004], [-98.04, 43.96], [-98.2, 43.96], [-98.2, 43.800000000000004], [-98.04, 43.800000000000004]]]}}, {"id": "1965", "type": "Feature", "properties": {}, "geometry": {"type": "Polygon", "coordinates": [[[-97.88, 43.800000000000004], [-97.88, 43.96], [-98.03999999999999, 43.96], [-98.03999999999999, 43.800000000000004], [-97.88, 43.800000000000004]]]}}, {"id": "1966", "type": "Feature", "properties": {}, "geometry": {"type": "Polygon", "coordinates": [[[-97.72, 43.800000000000004], [-97.72, 43.96], [-97.88, 43.96], [-97.88, 43.800000000000004], [-97.72, 43.800000000000004]]]}}, {"id": "1967", "type": "Feature", "properties": {}, "geometry": {"type": "Polygon", "coordinates": [[[-97.56, 43.800000000000004], [-97.56, 43.96], [-97.72, 43.96], [-97.72, 43.800000000000004], [-97.56, 43.800000000000004]]]}}, {"id": "1968", "type": "Feature", "properties": {}, "geometry": {"type": "Polygon", "coordinates": [[[-97.4, 43.800000000000004], [-97.4, 43.96], [-97.56, 43.96], [-97.56, 43.800000000000004], [-97.4, 43.800000000000004]]]}}, {"id": "1969", "type": "Feature", "properties": {}, "geometry": {"type": "Polygon", "coordinates": [[[-97.24, 43.800000000000004], [-97.24, 43.96], [-97.39999999999999, 43.96], [-97.39999999999999, 43.800000000000004], [-97.24, 43.800000000000004]]]}}, {"id": "1970", "type": "Feature", "properties": {}, "geometry": {"type": "Polygon", "coordinates": [[[-97.08, 43.800000000000004], [-97.08, 43.96], [-97.24, 43.96], [-97.24, 43.800000000000004], [-97.08, 43.800000000000004]]]}}, {"id": "1971", "type": "Feature", "properties": {}, "geometry": {"type": "Polygon", "coordinates": [[[-96.92, 43.800000000000004], [-96.92, 43.96], [-97.08, 43.96], [-97.08, 43.800000000000004], [-96.92, 43.800000000000004]]]}}, {"id": "1972", "type": "Feature", "properties": {}, "geometry": {"type": "Polygon", "coordinates": [[[-96.76, 43.800000000000004], [-96.76, 43.96], [-96.92, 43.96], [-96.92, 43.800000000000004], [-96.76, 43.800000000000004]]]}}, {"id": "1973", "type": "Feature", "properties": {}, "geometry": {"type": "Polygon", "coordinates": [[[-96.60000000000001, 43.800000000000004], [-96.60000000000001, 43.96], [-96.76, 43.96], [-96.76, 43.800000000000004], [-96.60000000000001, 43.800000000000004]]]}}, {"id": "1974", "type": "Feature", "properties": {}, "geometry": {"type": "Polygon", "coordinates": [[[-96.44, 43.800000000000004], [-96.44, 43.96], [-96.6, 43.96], [-96.6, 43.800000000000004], [-96.44, 43.800000000000004]]]}}, {"id": "1975", "type": "Feature", "properties": {}, "geometry": {"type": "Polygon", "coordinates": [[[-96.28, 43.800000000000004], [-96.28, 43.96], [-96.44, 43.96], [-96.44, 43.800000000000004], [-96.28, 43.800000000000004]]]}}, {"id": "1976", "type": "Feature", "properties": {}, "geometry": {"type": "Polygon", "coordinates": [[[-96.12, 43.800000000000004], [-96.12, 43.96], [-96.28, 43.96], [-96.28, 43.800000000000004], [-96.12, 43.800000000000004]]]}}, {"id": "1977", "type": "Feature", "properties": {}, "geometry": {"type": "Polygon", "coordinates": [[[-95.96000000000001, 43.800000000000004], [-95.96000000000001, 43.96], [-96.12, 43.96], [-96.12, 43.800000000000004], [-95.96000000000001, 43.800000000000004]]]}}, {"id": "1978", "type": "Feature", "properties": {}, "geometry": {"type": "Polygon", "coordinates": [[[-95.8, 43.800000000000004], [-95.8, 43.96], [-95.96, 43.96], [-95.96, 43.800000000000004], [-95.8, 43.800000000000004]]]}}, {"id": "1979", "type": "Feature", "properties": {}, "geometry": {"type": "Polygon", "coordinates": [[[-95.64, 43.800000000000004], [-95.64, 43.96], [-95.8, 43.96], [-95.8, 43.800000000000004], [-95.64, 43.800000000000004]]]}}, {"id": "1980", "type": "Feature", "properties": {}, "geometry": {"type": "Polygon", "coordinates": [[[-95.48, 43.800000000000004], [-95.48, 43.96], [-95.64, 43.96], [-95.64, 43.800000000000004], [-95.48, 43.800000000000004]]]}}, {"id": "1981", "type": "Feature", "properties": {}, "geometry": {"type": "Polygon", "coordinates": [[[-95.32000000000001, 43.800000000000004], [-95.32000000000001, 43.96], [-95.48, 43.96], [-95.48, 43.800000000000004], [-95.32000000000001, 43.800000000000004]]]}}, {"id": "1982", "type": "Feature", "properties": {}, "geometry": {"type": "Polygon", "coordinates": [[[-95.16, 43.800000000000004], [-95.16, 43.96], [-95.32, 43.96], [-95.32, 43.800000000000004], [-95.16, 43.800000000000004]]]}}, {"id": "1983", "type": "Feature", "properties": {}, "geometry": {"type": "Polygon", "coordinates": [[[-95.0, 43.800000000000004], [-95.0, 43.96], [-95.16, 43.96], [-95.16, 43.800000000000004], [-95.0, 43.800000000000004]]]}}, {"id": "1984", "type": "Feature", "properties": {}, "geometry": {"type": "Polygon", "coordinates": [[[-94.84, 43.800000000000004], [-94.84, 43.96], [-95.0, 43.96], [-95.0, 43.800000000000004], [-94.84, 43.800000000000004]]]}}, {"id": "1985", "type": "Feature", "properties": {}, "geometry": {"type": "Polygon", "coordinates": [[[-94.68, 43.800000000000004], [-94.68, 43.96], [-94.84, 43.96], [-94.84, 43.800000000000004], [-94.68, 43.800000000000004]]]}}, {"id": "1986", "type": "Feature", "properties": {}, "geometry": {"type": "Polygon", "coordinates": [[[-94.52, 43.800000000000004], [-94.52, 43.96], [-94.67999999999999, 43.96], [-94.67999999999999, 43.800000000000004], [-94.52, 43.800000000000004]]]}}, {"id": "1987", "type": "Feature", "properties": {}, "geometry": {"type": "Polygon", "coordinates": [[[-94.36, 43.800000000000004], [-94.36, 43.96], [-94.52, 43.96], [-94.52, 43.800000000000004], [-94.36, 43.800000000000004]]]}}, {"id": "1988", "type": "Feature", "properties": {}, "geometry": {"type": "Polygon", "coordinates": [[[-94.2, 43.800000000000004], [-94.2, 43.96], [-94.36, 43.96], [-94.36, 43.800000000000004], [-94.2, 43.800000000000004]]]}}, {"id": "1989", "type": "Feature", "properties": {}, "geometry": {"type": "Polygon", "coordinates": [[[-94.04, 43.800000000000004], [-94.04, 43.96], [-94.2, 43.96], [-94.2, 43.800000000000004], [-94.04, 43.800000000000004]]]}}, {"id": "1990", "type": "Feature", "properties": {}, "geometry": {"type": "Polygon", "coordinates": [[[-93.88, 43.800000000000004], [-93.88, 43.96], [-94.03999999999999, 43.96], [-94.03999999999999, 43.800000000000004], [-93.88, 43.800000000000004]]]}}, {"id": "1991", "type": "Feature", "properties": {}, "geometry": {"type": "Polygon", "coordinates": [[[-93.72, 43.800000000000004], [-93.72, 43.96], [-93.88, 43.96], [-93.88, 43.800000000000004], [-93.72, 43.800000000000004]]]}}, {"id": "1992", "type": "Feature", "properties": {}, "geometry": {"type": "Polygon", "coordinates": [[[-93.56, 43.800000000000004], [-93.56, 43.96], [-93.72, 43.96], [-93.72, 43.800000000000004], [-93.56, 43.800000000000004]]]}}, {"id": "1993", "type": "Feature", "properties": {}, "geometry": {"type": "Polygon", "coordinates": [[[-93.4, 43.800000000000004], [-93.4, 43.96], [-93.56, 43.96], [-93.56, 43.800000000000004], [-93.4, 43.800000000000004]]]}}, {"id": "1994", "type": "Feature", "properties": {}, "geometry": {"type": "Polygon", "coordinates": [[[-93.24, 43.800000000000004], [-93.24, 43.96], [-93.39999999999999, 43.96], [-93.39999999999999, 43.800000000000004], [-93.24, 43.800000000000004]]]}}, {"id": "1995", "type": "Feature", "properties": {}, "geometry": {"type": "Polygon", "coordinates": [[[-93.08, 43.800000000000004], [-93.08, 43.96], [-93.24, 43.96], [-93.24, 43.800000000000004], [-93.08, 43.800000000000004]]]}}, {"id": "1996", "type": "Feature", "properties": {}, "geometry": {"type": "Polygon", "coordinates": [[[-92.92, 43.800000000000004], [-92.92, 43.96], [-93.08, 43.96], [-93.08, 43.800000000000004], [-92.92, 43.800000000000004]]]}}, {"id": "1997", "type": "Feature", "properties": {}, "geometry": {"type": "Polygon", "coordinates": [[[-92.76, 43.800000000000004], [-92.76, 43.96], [-92.92, 43.96], [-92.92, 43.800000000000004], [-92.76, 43.800000000000004]]]}}, {"id": "1998", "type": "Feature", "properties": {}, "geometry": {"type": "Polygon", "coordinates": [[[-92.60000000000001, 43.800000000000004], [-92.60000000000001, 43.96], [-92.76, 43.96], [-92.76, 43.800000000000004], [-92.60000000000001, 43.800000000000004]]]}}, {"id": "1999", "type": "Feature", "properties": {}, "geometry": {"type": "Polygon", "coordinates": [[[-92.44, 43.800000000000004], [-92.44, 43.96], [-92.6, 43.96], [-92.6, 43.800000000000004], [-92.44, 43.800000000000004]]]}}, {"id": "2000", "type": "Feature", "properties": {}, "geometry": {"type": "Polygon", "coordinates": [[[-92.28, 43.800000000000004], [-92.28, 43.96], [-92.44, 43.96], [-92.44, 43.800000000000004], [-92.28, 43.800000000000004]]]}}, {"id": "2001", "type": "Feature", "properties": {}, "geometry": {"type": "Polygon", "coordinates": [[[-92.12, 43.800000000000004], [-92.12, 43.96], [-92.28, 43.96], [-92.28, 43.800000000000004], [-92.12, 43.800000000000004]]]}}, {"id": "2002", "type": "Feature", "properties": {}, "geometry": {"type": "Polygon", "coordinates": [[[-91.96, 43.800000000000004], [-91.96, 43.96], [-92.11999999999999, 43.96], [-92.11999999999999, 43.800000000000004], [-91.96, 43.800000000000004]]]}}, {"id": "2003", "type": "Feature", "properties": {}, "geometry": {"type": "Polygon", "coordinates": [[[-91.8, 43.800000000000004], [-91.8, 43.96], [-91.96, 43.96], [-91.96, 43.800000000000004], [-91.8, 43.800000000000004]]]}}, {"id": "2004", "type": "Feature", "properties": {}, "geometry": {"type": "Polygon", "coordinates": [[[-91.64, 43.800000000000004], [-91.64, 43.96], [-91.8, 43.96], [-91.8, 43.800000000000004], [-91.64, 43.800000000000004]]]}}, {"id": "2005", "type": "Feature", "properties": {}, "geometry": {"type": "Polygon", "coordinates": [[[-91.48, 43.800000000000004], [-91.48, 43.96], [-91.64, 43.96], [-91.64, 43.800000000000004], [-91.48, 43.800000000000004]]]}}, {"id": "2006", "type": "Feature", "properties": {}, "geometry": {"type": "Polygon", "coordinates": [[[-91.32000000000001, 43.800000000000004], [-91.32000000000001, 43.96], [-91.48, 43.96], [-91.48, 43.800000000000004], [-91.32000000000001, 43.800000000000004]]]}}, {"id": "2007", "type": "Feature", "properties": {}, "geometry": {"type": "Polygon", "coordinates": [[[-91.16, 43.800000000000004], [-91.16, 43.96], [-91.32, 43.96], [-91.32, 43.800000000000004], [-91.16, 43.800000000000004]]]}}, {"id": "2008", "type": "Feature", "properties": {}, "geometry": {"type": "Polygon", "coordinates": [[[-91.0, 43.800000000000004], [-91.0, 43.96], [-91.16, 43.96], [-91.16, 43.800000000000004], [-91.0, 43.800000000000004]]]}}, {"id": "2009", "type": "Feature", "properties": {}, "geometry": {"type": "Polygon", "coordinates": [[[-90.84, 43.800000000000004], [-90.84, 43.96], [-91.0, 43.96], [-91.0, 43.800000000000004], [-90.84, 43.800000000000004]]]}}, {"id": "2010", "type": "Feature", "properties": {}, "geometry": {"type": "Polygon", "coordinates": [[[-90.68, 43.800000000000004], [-90.68, 43.96], [-90.84, 43.96], [-90.84, 43.800000000000004], [-90.68, 43.800000000000004]]]}}, {"id": "2011", "type": "Feature", "properties": {}, "geometry": {"type": "Polygon", "coordinates": [[[-90.52, 43.800000000000004], [-90.52, 43.96], [-90.67999999999999, 43.96], [-90.67999999999999, 43.800000000000004], [-90.52, 43.800000000000004]]]}}, {"id": "2012", "type": "Feature", "properties": {}, "geometry": {"type": "Polygon", "coordinates": [[[-90.36, 43.800000000000004], [-90.36, 43.96], [-90.52, 43.96], [-90.52, 43.800000000000004], [-90.36, 43.800000000000004]]]}}, {"id": "2013", "type": "Feature", "properties": {}, "geometry": {"type": "Polygon", "coordinates": [[[-90.2, 43.800000000000004], [-90.2, 43.96], [-90.36, 43.96], [-90.36, 43.800000000000004], [-90.2, 43.800000000000004]]]}}, {"id": "2014", "type": "Feature", "properties": {}, "geometry": {"type": "Polygon", "coordinates": [[[-90.04, 43.800000000000004], [-90.04, 43.96], [-90.2, 43.96], [-90.2, 43.800000000000004], [-90.04, 43.800000000000004]]]}}, {"id": "2015", "type": "Feature", "properties": {}, "geometry": {"type": "Polygon", "coordinates": [[[-89.88, 43.800000000000004], [-89.88, 43.96], [-90.03999999999999, 43.96], [-90.03999999999999, 43.800000000000004], [-89.88, 43.800000000000004]]]}}, {"id": "2016", "type": "Feature", "properties": {}, "geometry": {"type": "Polygon", "coordinates": [[[-87.64, 43.800000000000004], [-87.64, 43.96], [-87.8, 43.96], [-87.8, 43.800000000000004], [-87.64, 43.800000000000004]]]}}, {"id": "2017", "type": "Feature", "properties": {}, "geometry": {"type": "Polygon", "coordinates": [[[-87.48, 43.800000000000004], [-87.48, 43.96], [-87.64, 43.96], [-87.64, 43.800000000000004], [-87.48, 43.800000000000004]]]}}, {"id": "2018", "type": "Feature", "properties": {}, "geometry": {"type": "Polygon", "coordinates": [[[-87.32000000000001, 43.800000000000004], [-87.32000000000001, 43.96], [-87.48, 43.96], [-87.48, 43.800000000000004], [-87.32000000000001, 43.800000000000004]]]}}, {"id": "2019", "type": "Feature", "properties": {}, "geometry": {"type": "Polygon", "coordinates": [[[-87.16, 43.800000000000004], [-87.16, 43.96], [-87.32, 43.96], [-87.32, 43.800000000000004], [-87.16, 43.800000000000004]]]}}, {"id": "2020", "type": "Feature", "properties": {}, "geometry": {"type": "Polygon", "coordinates": [[[-87.0, 43.800000000000004], [-87.0, 43.96], [-87.16, 43.96], [-87.16, 43.800000000000004], [-87.0, 43.800000000000004]]]}}, {"id": "2021", "type": "Feature", "properties": {}, "geometry": {"type": "Polygon", "coordinates": [[[-86.84, 43.800000000000004], [-86.84, 43.96], [-87.0, 43.96], [-87.0, 43.800000000000004], [-86.84, 43.800000000000004]]]}}, {"id": "2022", "type": "Feature", "properties": {}, "geometry": {"type": "Polygon", "coordinates": [[[-86.67999999999999, 43.800000000000004], [-86.67999999999999, 43.96], [-86.83999999999999, 43.96], [-86.83999999999999, 43.800000000000004], [-86.67999999999999, 43.800000000000004]]]}}, {"id": "2023", "type": "Feature", "properties": {}, "geometry": {"type": "Polygon", "coordinates": [[[-86.52, 43.800000000000004], [-86.52, 43.96], [-86.67999999999999, 43.96], [-86.67999999999999, 43.800000000000004], [-86.52, 43.800000000000004]]]}}, {"id": "2024", "type": "Feature", "properties": {}, "geometry": {"type": "Polygon", "coordinates": [[[-86.36, 43.800000000000004], [-86.36, 43.96], [-86.52, 43.96], [-86.52, 43.800000000000004], [-86.36, 43.800000000000004]]]}}, {"id": "2025", "type": "Feature", "properties": {}, "geometry": {"type": "Polygon", "coordinates": [[[-86.2, 43.800000000000004], [-86.2, 43.96], [-86.36, 43.96], [-86.36, 43.800000000000004], [-86.2, 43.800000000000004]]]}}, {"id": "2026", "type": "Feature", "properties": {}, "geometry": {"type": "Polygon", "coordinates": [[[-86.04, 43.800000000000004], [-86.04, 43.96], [-86.2, 43.96], [-86.2, 43.800000000000004], [-86.04, 43.800000000000004]]]}}, {"id": "2027", "type": "Feature", "properties": {}, "geometry": {"type": "Polygon", "coordinates": [[[-85.88000000000001, 43.800000000000004], [-85.88000000000001, 43.96], [-86.04, 43.96], [-86.04, 43.800000000000004], [-85.88000000000001, 43.800000000000004]]]}}, {"id": "2028", "type": "Feature", "properties": {}, "geometry": {"type": "Polygon", "coordinates": [[[-85.72, 43.800000000000004], [-85.72, 43.96], [-85.88, 43.96], [-85.88, 43.800000000000004], [-85.72, 43.800000000000004]]]}}, {"id": "2029", "type": "Feature", "properties": {}, "geometry": {"type": "Polygon", "coordinates": [[[-85.56, 43.800000000000004], [-85.56, 43.96], [-85.72, 43.96], [-85.72, 43.800000000000004], [-85.56, 43.800000000000004]]]}}, {"id": "2030", "type": "Feature", "properties": {}, "geometry": {"type": "Polygon", "coordinates": [[[-85.4, 43.800000000000004], [-85.4, 43.96], [-85.56, 43.96], [-85.56, 43.800000000000004], [-85.4, 43.800000000000004]]]}}, {"id": "2031", "type": "Feature", "properties": {}, "geometry": {"type": "Polygon", "coordinates": [[[-85.24, 43.800000000000004], [-85.24, 43.96], [-85.39999999999999, 43.96], [-85.39999999999999, 43.800000000000004], [-85.24, 43.800000000000004]]]}}, {"id": "2032", "type": "Feature", "properties": {}, "geometry": {"type": "Polygon", "coordinates": [[[-85.08, 43.800000000000004], [-85.08, 43.96], [-85.24, 43.96], [-85.24, 43.800000000000004], [-85.08, 43.800000000000004]]]}}, {"id": "2033", "type": "Feature", "properties": {}, "geometry": {"type": "Polygon", "coordinates": [[[-84.92, 43.800000000000004], [-84.92, 43.96], [-85.08, 43.96], [-85.08, 43.800000000000004], [-84.92, 43.800000000000004]]]}}, {"id": "2034", "type": "Feature", "properties": {}, "geometry": {"type": "Polygon", "coordinates": [[[-84.76, 43.800000000000004], [-84.76, 43.96], [-84.92, 43.96], [-84.92, 43.800000000000004], [-84.76, 43.800000000000004]]]}}, {"id": "2035", "type": "Feature", "properties": {}, "geometry": {"type": "Polygon", "coordinates": [[[-84.60000000000001, 43.800000000000004], [-84.60000000000001, 43.96], [-84.76, 43.96], [-84.76, 43.800000000000004], [-84.60000000000001, 43.800000000000004]]]}}, {"id": "2036", "type": "Feature", "properties": {}, "geometry": {"type": "Polygon", "coordinates": [[[-84.44, 43.800000000000004], [-84.44, 43.96], [-84.6, 43.96], [-84.6, 43.800000000000004], [-84.44, 43.800000000000004]]]}}, {"id": "2037", "type": "Feature", "properties": {}, "geometry": {"type": "Polygon", "coordinates": [[[-84.28, 43.800000000000004], [-84.28, 43.96], [-84.44, 43.96], [-84.44, 43.800000000000004], [-84.28, 43.800000000000004]]]}}, {"id": "2038", "type": "Feature", "properties": {}, "geometry": {"type": "Polygon", "coordinates": [[[-84.12, 43.800000000000004], [-84.12, 43.96], [-84.28, 43.96], [-84.28, 43.800000000000004], [-84.12, 43.800000000000004]]]}}, {"id": "2039", "type": "Feature", "properties": {}, "geometry": {"type": "Polygon", "coordinates": [[[-83.96, 43.800000000000004], [-83.96, 43.96], [-84.11999999999999, 43.96], [-84.11999999999999, 43.800000000000004], [-83.96, 43.800000000000004]]]}}, {"id": "2040", "type": "Feature", "properties": {}, "geometry": {"type": "Polygon", "coordinates": [[[-102.84, 43.64], [-102.84, 43.8], [-103.0, 43.8], [-103.0, 43.64], [-102.84, 43.64]]]}}, {"id": "2041", "type": "Feature", "properties": {}, "geometry": {"type": "Polygon", "coordinates": [[[-102.68, 43.64], [-102.68, 43.8], [-102.84, 43.8], [-102.84, 43.64], [-102.68, 43.64]]]}}, {"id": "2042", "type": "Feature", "properties": {}, "geometry": {"type": "Polygon", "coordinates": [[[-102.52, 43.64], [-102.52, 43.8], [-102.67999999999999, 43.8], [-102.67999999999999, 43.64], [-102.52, 43.64]]]}}, {"id": "2043", "type": "Feature", "properties": {}, "geometry": {"type": "Polygon", "coordinates": [[[-102.36, 43.64], [-102.36, 43.8], [-102.52, 43.8], [-102.52, 43.64], [-102.36, 43.64]]]}}, {"id": "2044", "type": "Feature", "properties": {}, "geometry": {"type": "Polygon", "coordinates": [[[-102.2, 43.64], [-102.2, 43.8], [-102.36, 43.8], [-102.36, 43.64], [-102.2, 43.64]]]}}, {"id": "2045", "type": "Feature", "properties": {}, "geometry": {"type": "Polygon", "coordinates": [[[-102.04, 43.64], [-102.04, 43.8], [-102.2, 43.8], [-102.2, 43.64], [-102.04, 43.64]]]}}, {"id": "2046", "type": "Feature", "properties": {}, "geometry": {"type": "Polygon", "coordinates": [[[-101.88, 43.64], [-101.88, 43.8], [-102.03999999999999, 43.8], [-102.03999999999999, 43.64], [-101.88, 43.64]]]}}, {"id": "2047", "type": "Feature", "properties": {}, "geometry": {"type": "Polygon", "coordinates": [[[-101.72, 43.64], [-101.72, 43.8], [-101.88, 43.8], [-101.88, 43.64], [-101.72, 43.64]]]}}, {"id": "2048", "type": "Feature", "properties": {}, "geometry": {"type": "Polygon", "coordinates": [[[-101.56, 43.64], [-101.56, 43.8], [-101.72, 43.8], [-101.72, 43.64], [-101.56, 43.64]]]}}, {"id": "2049", "type": "Feature", "properties": {}, "geometry": {"type": "Polygon", "coordinates": [[[-101.4, 43.64], [-101.4, 43.8], [-101.56, 43.8], [-101.56, 43.64], [-101.4, 43.64]]]}}, {"id": "2050", "type": "Feature", "properties": {}, "geometry": {"type": "Polygon", "coordinates": [[[-101.24, 43.64], [-101.24, 43.8], [-101.39999999999999, 43.8], [-101.39999999999999, 43.64], [-101.24, 43.64]]]}}, {"id": "2051", "type": "Feature", "properties": {}, "geometry": {"type": "Polygon", "coordinates": [[[-101.08, 43.64], [-101.08, 43.8], [-101.24, 43.8], [-101.24, 43.64], [-101.08, 43.64]]]}}, {"id": "2052", "type": "Feature", "properties": {}, "geometry": {"type": "Polygon", "coordinates": [[[-100.92, 43.64], [-100.92, 43.8], [-101.08, 43.8], [-101.08, 43.64], [-100.92, 43.64]]]}}, {"id": "2053", "type": "Feature", "properties": {}, "geometry": {"type": "Polygon", "coordinates": [[[-100.76, 43.64], [-100.76, 43.8], [-100.92, 43.8], [-100.92, 43.64], [-100.76, 43.64]]]}}, {"id": "2054", "type": "Feature", "properties": {}, "geometry": {"type": "Polygon", "coordinates": [[[-100.60000000000001, 43.64], [-100.60000000000001, 43.8], [-100.76, 43.8], [-100.76, 43.64], [-100.60000000000001, 43.64]]]}}, {"id": "2055", "type": "Feature", "properties": {}, "geometry": {"type": "Polygon", "coordinates": [[[-100.44, 43.64], [-100.44, 43.8], [-100.6, 43.8], [-100.6, 43.64], [-100.44, 43.64]]]}}, {"id": "2056", "type": "Feature", "properties": {}, "geometry": {"type": "Polygon", "coordinates": [[[-100.28, 43.64], [-100.28, 43.8], [-100.44, 43.8], [-100.44, 43.64], [-100.28, 43.64]]]}}, {"id": "2057", "type": "Feature", "properties": {}, "geometry": {"type": "Polygon", "coordinates": [[[-100.12, 43.64], [-100.12, 43.8], [-100.28, 43.8], [-100.28, 43.64], [-100.12, 43.64]]]}}, {"id": "2058", "type": "Feature", "properties": {}, "geometry": {"type": "Polygon", "coordinates": [[[-99.96000000000001, 43.64], [-99.96000000000001, 43.8], [-100.12, 43.8], [-100.12, 43.64], [-99.96000000000001, 43.64]]]}}, {"id": "2059", "type": "Feature", "properties": {}, "geometry": {"type": "Polygon", "coordinates": [[[-99.8, 43.64], [-99.8, 43.8], [-99.96, 43.8], [-99.96, 43.64], [-99.8, 43.64]]]}}, {"id": "2060", "type": "Feature", "properties": {}, "geometry": {"type": "Polygon", "coordinates": [[[-99.64, 43.64], [-99.64, 43.8], [-99.8, 43.8], [-99.8, 43.64], [-99.64, 43.64]]]}}, {"id": "2061", "type": "Feature", "properties": {}, "geometry": {"type": "Polygon", "coordinates": [[[-99.48, 43.64], [-99.48, 43.8], [-99.64, 43.8], [-99.64, 43.64], [-99.48, 43.64]]]}}, {"id": "2062", "type": "Feature", "properties": {}, "geometry": {"type": "Polygon", "coordinates": [[[-99.32000000000001, 43.64], [-99.32000000000001, 43.8], [-99.48, 43.8], [-99.48, 43.64], [-99.32000000000001, 43.64]]]}}, {"id": "2063", "type": "Feature", "properties": {}, "geometry": {"type": "Polygon", "coordinates": [[[-99.16, 43.64], [-99.16, 43.8], [-99.32, 43.8], [-99.32, 43.64], [-99.16, 43.64]]]}}, {"id": "2064", "type": "Feature", "properties": {}, "geometry": {"type": "Polygon", "coordinates": [[[-99.0, 43.64], [-99.0, 43.8], [-99.16, 43.8], [-99.16, 43.64], [-99.0, 43.64]]]}}, {"id": "2065", "type": "Feature", "properties": {}, "geometry": {"type": "Polygon", "coordinates": [[[-98.84, 43.64], [-98.84, 43.8], [-99.0, 43.8], [-99.0, 43.64], [-98.84, 43.64]]]}}, {"id": "2066", "type": "Feature", "properties": {}, "geometry": {"type": "Polygon", "coordinates": [[[-98.68, 43.64], [-98.68, 43.8], [-98.84, 43.8], [-98.84, 43.64], [-98.68, 43.64]]]}}, {"id": "2067", "type": "Feature", "properties": {}, "geometry": {"type": "Polygon", "coordinates": [[[-98.52, 43.64], [-98.52, 43.8], [-98.67999999999999, 43.8], [-98.67999999999999, 43.64], [-98.52, 43.64]]]}}, {"id": "2068", "type": "Feature", "properties": {}, "geometry": {"type": "Polygon", "coordinates": [[[-98.36, 43.64], [-98.36, 43.8], [-98.52, 43.8], [-98.52, 43.64], [-98.36, 43.64]]]}}, {"id": "2069", "type": "Feature", "properties": {}, "geometry": {"type": "Polygon", "coordinates": [[[-98.2, 43.64], [-98.2, 43.8], [-98.36, 43.8], [-98.36, 43.64], [-98.2, 43.64]]]}}, {"id": "2070", "type": "Feature", "properties": {}, "geometry": {"type": "Polygon", "coordinates": [[[-98.04, 43.64], [-98.04, 43.8], [-98.2, 43.8], [-98.2, 43.64], [-98.04, 43.64]]]}}, {"id": "2071", "type": "Feature", "properties": {}, "geometry": {"type": "Polygon", "coordinates": [[[-97.88, 43.64], [-97.88, 43.8], [-98.03999999999999, 43.8], [-98.03999999999999, 43.64], [-97.88, 43.64]]]}}, {"id": "2072", "type": "Feature", "properties": {}, "geometry": {"type": "Polygon", "coordinates": [[[-97.72, 43.64], [-97.72, 43.8], [-97.88, 43.8], [-97.88, 43.64], [-97.72, 43.64]]]}}, {"id": "2073", "type": "Feature", "properties": {}, "geometry": {"type": "Polygon", "coordinates": [[[-97.56, 43.64], [-97.56, 43.8], [-97.72, 43.8], [-97.72, 43.64], [-97.56, 43.64]]]}}, {"id": "2074", "type": "Feature", "properties": {}, "geometry": {"type": "Polygon", "coordinates": [[[-97.4, 43.64], [-97.4, 43.8], [-97.56, 43.8], [-97.56, 43.64], [-97.4, 43.64]]]}}, {"id": "2075", "type": "Feature", "properties": {}, "geometry": {"type": "Polygon", "coordinates": [[[-97.24, 43.64], [-97.24, 43.8], [-97.39999999999999, 43.8], [-97.39999999999999, 43.64], [-97.24, 43.64]]]}}, {"id": "2076", "type": "Feature", "properties": {}, "geometry": {"type": "Polygon", "coordinates": [[[-97.08, 43.64], [-97.08, 43.8], [-97.24, 43.8], [-97.24, 43.64], [-97.08, 43.64]]]}}, {"id": "2077", "type": "Feature", "properties": {}, "geometry": {"type": "Polygon", "coordinates": [[[-96.92, 43.64], [-96.92, 43.8], [-97.08, 43.8], [-97.08, 43.64], [-96.92, 43.64]]]}}, {"id": "2078", "type": "Feature", "properties": {}, "geometry": {"type": "Polygon", "coordinates": [[[-96.76, 43.64], [-96.76, 43.8], [-96.92, 43.8], [-96.92, 43.64], [-96.76, 43.64]]]}}, {"id": "2079", "type": "Feature", "properties": {}, "geometry": {"type": "Polygon", "coordinates": [[[-96.60000000000001, 43.64], [-96.60000000000001, 43.8], [-96.76, 43.8], [-96.76, 43.64], [-96.60000000000001, 43.64]]]}}, {"id": "2080", "type": "Feature", "properties": {}, "geometry": {"type": "Polygon", "coordinates": [[[-96.44, 43.64], [-96.44, 43.8], [-96.6, 43.8], [-96.6, 43.64], [-96.44, 43.64]]]}}, {"id": "2081", "type": "Feature", "properties": {}, "geometry": {"type": "Polygon", "coordinates": [[[-96.28, 43.64], [-96.28, 43.8], [-96.44, 43.8], [-96.44, 43.64], [-96.28, 43.64]]]}}, {"id": "2082", "type": "Feature", "properties": {}, "geometry": {"type": "Polygon", "coordinates": [[[-96.12, 43.64], [-96.12, 43.8], [-96.28, 43.8], [-96.28, 43.64], [-96.12, 43.64]]]}}, {"id": "2083", "type": "Feature", "properties": {}, "geometry": {"type": "Polygon", "coordinates": [[[-95.96000000000001, 43.64], [-95.96000000000001, 43.8], [-96.12, 43.8], [-96.12, 43.64], [-95.96000000000001, 43.64]]]}}, {"id": "2084", "type": "Feature", "properties": {}, "geometry": {"type": "Polygon", "coordinates": [[[-95.8, 43.64], [-95.8, 43.8], [-95.96, 43.8], [-95.96, 43.64], [-95.8, 43.64]]]}}, {"id": "2085", "type": "Feature", "properties": {}, "geometry": {"type": "Polygon", "coordinates": [[[-95.64, 43.64], [-95.64, 43.8], [-95.8, 43.8], [-95.8, 43.64], [-95.64, 43.64]]]}}, {"id": "2086", "type": "Feature", "properties": {}, "geometry": {"type": "Polygon", "coordinates": [[[-95.48, 43.64], [-95.48, 43.8], [-95.64, 43.8], [-95.64, 43.64], [-95.48, 43.64]]]}}, {"id": "2087", "type": "Feature", "properties": {}, "geometry": {"type": "Polygon", "coordinates": [[[-95.32000000000001, 43.64], [-95.32000000000001, 43.8], [-95.48, 43.8], [-95.48, 43.64], [-95.32000000000001, 43.64]]]}}, {"id": "2088", "type": "Feature", "properties": {}, "geometry": {"type": "Polygon", "coordinates": [[[-95.16, 43.64], [-95.16, 43.8], [-95.32, 43.8], [-95.32, 43.64], [-95.16, 43.64]]]}}, {"id": "2089", "type": "Feature", "properties": {}, "geometry": {"type": "Polygon", "coordinates": [[[-95.0, 43.64], [-95.0, 43.8], [-95.16, 43.8], [-95.16, 43.64], [-95.0, 43.64]]]}}, {"id": "2090", "type": "Feature", "properties": {}, "geometry": {"type": "Polygon", "coordinates": [[[-94.84, 43.64], [-94.84, 43.8], [-95.0, 43.8], [-95.0, 43.64], [-94.84, 43.64]]]}}, {"id": "2091", "type": "Feature", "properties": {}, "geometry": {"type": "Polygon", "coordinates": [[[-94.68, 43.64], [-94.68, 43.8], [-94.84, 43.8], [-94.84, 43.64], [-94.68, 43.64]]]}}, {"id": "2092", "type": "Feature", "properties": {}, "geometry": {"type": "Polygon", "coordinates": [[[-94.52, 43.64], [-94.52, 43.8], [-94.67999999999999, 43.8], [-94.67999999999999, 43.64], [-94.52, 43.64]]]}}, {"id": "2093", "type": "Feature", "properties": {}, "geometry": {"type": "Polygon", "coordinates": [[[-94.36, 43.64], [-94.36, 43.8], [-94.52, 43.8], [-94.52, 43.64], [-94.36, 43.64]]]}}, {"id": "2094", "type": "Feature", "properties": {}, "geometry": {"type": "Polygon", "coordinates": [[[-94.2, 43.64], [-94.2, 43.8], [-94.36, 43.8], [-94.36, 43.64], [-94.2, 43.64]]]}}, {"id": "2095", "type": "Feature", "properties": {}, "geometry": {"type": "Polygon", "coordinates": [[[-94.04, 43.64], [-94.04, 43.8], [-94.2, 43.8], [-94.2, 43.64], [-94.04, 43.64]]]}}, {"id": "2096", "type": "Feature", "properties": {}, "geometry": {"type": "Polygon", "coordinates": [[[-93.88, 43.64], [-93.88, 43.8], [-94.03999999999999, 43.8], [-94.03999999999999, 43.64], [-93.88, 43.64]]]}}, {"id": "2097", "type": "Feature", "properties": {}, "geometry": {"type": "Polygon", "coordinates": [[[-93.72, 43.64], [-93.72, 43.8], [-93.88, 43.8], [-93.88, 43.64], [-93.72, 43.64]]]}}, {"id": "2098", "type": "Feature", "properties": {}, "geometry": {"type": "Polygon", "coordinates": [[[-93.56, 43.64], [-93.56, 43.8], [-93.72, 43.8], [-93.72, 43.64], [-93.56, 43.64]]]}}, {"id": "2099", "type": "Feature", "properties": {}, "geometry": {"type": "Polygon", "coordinates": [[[-93.4, 43.64], [-93.4, 43.8], [-93.56, 43.8], [-93.56, 43.64], [-93.4, 43.64]]]}}, {"id": "2100", "type": "Feature", "properties": {}, "geometry": {"type": "Polygon", "coordinates": [[[-93.24, 43.64], [-93.24, 43.8], [-93.39999999999999, 43.8], [-93.39999999999999, 43.64], [-93.24, 43.64]]]}}, {"id": "2101", "type": "Feature", "properties": {}, "geometry": {"type": "Polygon", "coordinates": [[[-93.08, 43.64], [-93.08, 43.8], [-93.24, 43.8], [-93.24, 43.64], [-93.08, 43.64]]]}}, {"id": "2102", "type": "Feature", "properties": {}, "geometry": {"type": "Polygon", "coordinates": [[[-92.92, 43.64], [-92.92, 43.8], [-93.08, 43.8], [-93.08, 43.64], [-92.92, 43.64]]]}}, {"id": "2103", "type": "Feature", "properties": {}, "geometry": {"type": "Polygon", "coordinates": [[[-92.76, 43.64], [-92.76, 43.8], [-92.92, 43.8], [-92.92, 43.64], [-92.76, 43.64]]]}}, {"id": "2104", "type": "Feature", "properties": {}, "geometry": {"type": "Polygon", "coordinates": [[[-92.60000000000001, 43.64], [-92.60000000000001, 43.8], [-92.76, 43.8], [-92.76, 43.64], [-92.60000000000001, 43.64]]]}}, {"id": "2105", "type": "Feature", "properties": {}, "geometry": {"type": "Polygon", "coordinates": [[[-92.44, 43.64], [-92.44, 43.8], [-92.6, 43.8], [-92.6, 43.64], [-92.44, 43.64]]]}}, {"id": "2106", "type": "Feature", "properties": {}, "geometry": {"type": "Polygon", "coordinates": [[[-92.28, 43.64], [-92.28, 43.8], [-92.44, 43.8], [-92.44, 43.64], [-92.28, 43.64]]]}}, {"id": "2107", "type": "Feature", "properties": {}, "geometry": {"type": "Polygon", "coordinates": [[[-92.12, 43.64], [-92.12, 43.8], [-92.28, 43.8], [-92.28, 43.64], [-92.12, 43.64]]]}}, {"id": "2108", "type": "Feature", "properties": {}, "geometry": {"type": "Polygon", "coordinates": [[[-91.96, 43.64], [-91.96, 43.8], [-92.11999999999999, 43.8], [-92.11999999999999, 43.64], [-91.96, 43.64]]]}}, {"id": "2109", "type": "Feature", "properties": {}, "geometry": {"type": "Polygon", "coordinates": [[[-91.8, 43.64], [-91.8, 43.8], [-91.96, 43.8], [-91.96, 43.64], [-91.8, 43.64]]]}}, {"id": "2110", "type": "Feature", "properties": {}, "geometry": {"type": "Polygon", "coordinates": [[[-91.64, 43.64], [-91.64, 43.8], [-91.8, 43.8], [-91.8, 43.64], [-91.64, 43.64]]]}}, {"id": "2111", "type": "Feature", "properties": {}, "geometry": {"type": "Polygon", "coordinates": [[[-91.48, 43.64], [-91.48, 43.8], [-91.64, 43.8], [-91.64, 43.64], [-91.48, 43.64]]]}}, {"id": "2112", "type": "Feature", "properties": {}, "geometry": {"type": "Polygon", "coordinates": [[[-91.32000000000001, 43.64], [-91.32000000000001, 43.8], [-91.48, 43.8], [-91.48, 43.64], [-91.32000000000001, 43.64]]]}}, {"id": "2113", "type": "Feature", "properties": {}, "geometry": {"type": "Polygon", "coordinates": [[[-91.16, 43.64], [-91.16, 43.8], [-91.32, 43.8], [-91.32, 43.64], [-91.16, 43.64]]]}}, {"id": "2114", "type": "Feature", "properties": {}, "geometry": {"type": "Polygon", "coordinates": [[[-91.0, 43.64], [-91.0, 43.8], [-91.16, 43.8], [-91.16, 43.64], [-91.0, 43.64]]]}}, {"id": "2115", "type": "Feature", "properties": {}, "geometry": {"type": "Polygon", "coordinates": [[[-90.84, 43.64], [-90.84, 43.8], [-91.0, 43.8], [-91.0, 43.64], [-90.84, 43.64]]]}}, {"id": "2116", "type": "Feature", "properties": {}, "geometry": {"type": "Polygon", "coordinates": [[[-90.68, 43.64], [-90.68, 43.8], [-90.84, 43.8], [-90.84, 43.64], [-90.68, 43.64]]]}}, {"id": "2117", "type": "Feature", "properties": {}, "geometry": {"type": "Polygon", "coordinates": [[[-90.52, 43.64], [-90.52, 43.8], [-90.67999999999999, 43.8], [-90.67999999999999, 43.64], [-90.52, 43.64]]]}}, {"id": "2118", "type": "Feature", "properties": {}, "geometry": {"type": "Polygon", "coordinates": [[[-90.36, 43.64], [-90.36, 43.8], [-90.52, 43.8], [-90.52, 43.64], [-90.36, 43.64]]]}}, {"id": "2119", "type": "Feature", "properties": {}, "geometry": {"type": "Polygon", "coordinates": [[[-87.64, 43.64], [-87.64, 43.8], [-87.8, 43.8], [-87.8, 43.64], [-87.64, 43.64]]]}}, {"id": "2120", "type": "Feature", "properties": {}, "geometry": {"type": "Polygon", "coordinates": [[[-87.48, 43.64], [-87.48, 43.8], [-87.64, 43.8], [-87.64, 43.64], [-87.48, 43.64]]]}}, {"id": "2121", "type": "Feature", "properties": {}, "geometry": {"type": "Polygon", "coordinates": [[[-87.32000000000001, 43.64], [-87.32000000000001, 43.8], [-87.48, 43.8], [-87.48, 43.64], [-87.32000000000001, 43.64]]]}}, {"id": "2122", "type": "Feature", "properties": {}, "geometry": {"type": "Polygon", "coordinates": [[[-87.16, 43.64], [-87.16, 43.8], [-87.32, 43.8], [-87.32, 43.64], [-87.16, 43.64]]]}}, {"id": "2123", "type": "Feature", "properties": {}, "geometry": {"type": "Polygon", "coordinates": [[[-87.0, 43.64], [-87.0, 43.8], [-87.16, 43.8], [-87.16, 43.64], [-87.0, 43.64]]]}}, {"id": "2124", "type": "Feature", "properties": {}, "geometry": {"type": "Polygon", "coordinates": [[[-86.84, 43.64], [-86.84, 43.8], [-87.0, 43.8], [-87.0, 43.64], [-86.84, 43.64]]]}}, {"id": "2125", "type": "Feature", "properties": {}, "geometry": {"type": "Polygon", "coordinates": [[[-86.67999999999999, 43.64], [-86.67999999999999, 43.8], [-86.83999999999999, 43.8], [-86.83999999999999, 43.64], [-86.67999999999999, 43.64]]]}}, {"id": "2126", "type": "Feature", "properties": {}, "geometry": {"type": "Polygon", "coordinates": [[[-86.52, 43.64], [-86.52, 43.8], [-86.67999999999999, 43.8], [-86.67999999999999, 43.64], [-86.52, 43.64]]]}}, {"id": "2127", "type": "Feature", "properties": {}, "geometry": {"type": "Polygon", "coordinates": [[[-86.36, 43.64], [-86.36, 43.8], [-86.52, 43.8], [-86.52, 43.64], [-86.36, 43.64]]]}}, {"id": "2128", "type": "Feature", "properties": {}, "geometry": {"type": "Polygon", "coordinates": [[[-86.2, 43.64], [-86.2, 43.8], [-86.36, 43.8], [-86.36, 43.64], [-86.2, 43.64]]]}}, {"id": "2129", "type": "Feature", "properties": {}, "geometry": {"type": "Polygon", "coordinates": [[[-86.04, 43.64], [-86.04, 43.8], [-86.2, 43.8], [-86.2, 43.64], [-86.04, 43.64]]]}}, {"id": "2130", "type": "Feature", "properties": {}, "geometry": {"type": "Polygon", "coordinates": [[[-85.88000000000001, 43.64], [-85.88000000000001, 43.8], [-86.04, 43.8], [-86.04, 43.64], [-85.88000000000001, 43.64]]]}}, {"id": "2131", "type": "Feature", "properties": {}, "geometry": {"type": "Polygon", "coordinates": [[[-85.72, 43.64], [-85.72, 43.8], [-85.88, 43.8], [-85.88, 43.64], [-85.72, 43.64]]]}}, {"id": "2132", "type": "Feature", "properties": {}, "geometry": {"type": "Polygon", "coordinates": [[[-85.56, 43.64], [-85.56, 43.8], [-85.72, 43.8], [-85.72, 43.64], [-85.56, 43.64]]]}}, {"id": "2133", "type": "Feature", "properties": {}, "geometry": {"type": "Polygon", "coordinates": [[[-85.4, 43.64], [-85.4, 43.8], [-85.56, 43.8], [-85.56, 43.64], [-85.4, 43.64]]]}}, {"id": "2134", "type": "Feature", "properties": {}, "geometry": {"type": "Polygon", "coordinates": [[[-85.24, 43.64], [-85.24, 43.8], [-85.39999999999999, 43.8], [-85.39999999999999, 43.64], [-85.24, 43.64]]]}}, {"id": "2135", "type": "Feature", "properties": {}, "geometry": {"type": "Polygon", "coordinates": [[[-85.08, 43.64], [-85.08, 43.8], [-85.24, 43.8], [-85.24, 43.64], [-85.08, 43.64]]]}}, {"id": "2136", "type": "Feature", "properties": {}, "geometry": {"type": "Polygon", "coordinates": [[[-84.92, 43.64], [-84.92, 43.8], [-85.08, 43.8], [-85.08, 43.64], [-84.92, 43.64]]]}}, {"id": "2137", "type": "Feature", "properties": {}, "geometry": {"type": "Polygon", "coordinates": [[[-84.76, 43.64], [-84.76, 43.8], [-84.92, 43.8], [-84.92, 43.64], [-84.76, 43.64]]]}}, {"id": "2138", "type": "Feature", "properties": {}, "geometry": {"type": "Polygon", "coordinates": [[[-84.60000000000001, 43.64], [-84.60000000000001, 43.8], [-84.76, 43.8], [-84.76, 43.64], [-84.60000000000001, 43.64]]]}}, {"id": "2139", "type": "Feature", "properties": {}, "geometry": {"type": "Polygon", "coordinates": [[[-84.44, 43.64], [-84.44, 43.8], [-84.6, 43.8], [-84.6, 43.64], [-84.44, 43.64]]]}}, {"id": "2140", "type": "Feature", "properties": {}, "geometry": {"type": "Polygon", "coordinates": [[[-84.28, 43.64], [-84.28, 43.8], [-84.44, 43.8], [-84.44, 43.64], [-84.28, 43.64]]]}}, {"id": "2141", "type": "Feature", "properties": {}, "geometry": {"type": "Polygon", "coordinates": [[[-84.12, 43.64], [-84.12, 43.8], [-84.28, 43.8], [-84.28, 43.64], [-84.12, 43.64]]]}}, {"id": "2142", "type": "Feature", "properties": {}, "geometry": {"type": "Polygon", "coordinates": [[[-83.96, 43.64], [-83.96, 43.8], [-84.11999999999999, 43.8], [-84.11999999999999, 43.64], [-83.96, 43.64]]]}}, {"id": "2143", "type": "Feature", "properties": {}, "geometry": {"type": "Polygon", "coordinates": [[[-102.84, 43.480000000000004], [-102.84, 43.64], [-103.0, 43.64], [-103.0, 43.480000000000004], [-102.84, 43.480000000000004]]]}}, {"id": "2144", "type": "Feature", "properties": {}, "geometry": {"type": "Polygon", "coordinates": [[[-102.68, 43.480000000000004], [-102.68, 43.64], [-102.84, 43.64], [-102.84, 43.480000000000004], [-102.68, 43.480000000000004]]]}}, {"id": "2145", "type": "Feature", "properties": {}, "geometry": {"type": "Polygon", "coordinates": [[[-102.52, 43.480000000000004], [-102.52, 43.64], [-102.67999999999999, 43.64], [-102.67999999999999, 43.480000000000004], [-102.52, 43.480000000000004]]]}}, {"id": "2146", "type": "Feature", "properties": {}, "geometry": {"type": "Polygon", "coordinates": [[[-102.36, 43.480000000000004], [-102.36, 43.64], [-102.52, 43.64], [-102.52, 43.480000000000004], [-102.36, 43.480000000000004]]]}}, {"id": "2147", "type": "Feature", "properties": {}, "geometry": {"type": "Polygon", "coordinates": [[[-102.2, 43.480000000000004], [-102.2, 43.64], [-102.36, 43.64], [-102.36, 43.480000000000004], [-102.2, 43.480000000000004]]]}}, {"id": "2148", "type": "Feature", "properties": {}, "geometry": {"type": "Polygon", "coordinates": [[[-102.04, 43.480000000000004], [-102.04, 43.64], [-102.2, 43.64], [-102.2, 43.480000000000004], [-102.04, 43.480000000000004]]]}}, {"id": "2149", "type": "Feature", "properties": {}, "geometry": {"type": "Polygon", "coordinates": [[[-101.88, 43.480000000000004], [-101.88, 43.64], [-102.03999999999999, 43.64], [-102.03999999999999, 43.480000000000004], [-101.88, 43.480000000000004]]]}}, {"id": "2150", "type": "Feature", "properties": {}, "geometry": {"type": "Polygon", "coordinates": [[[-101.72, 43.480000000000004], [-101.72, 43.64], [-101.88, 43.64], [-101.88, 43.480000000000004], [-101.72, 43.480000000000004]]]}}, {"id": "2151", "type": "Feature", "properties": {}, "geometry": {"type": "Polygon", "coordinates": [[[-101.56, 43.480000000000004], [-101.56, 43.64], [-101.72, 43.64], [-101.72, 43.480000000000004], [-101.56, 43.480000000000004]]]}}, {"id": "2152", "type": "Feature", "properties": {}, "geometry": {"type": "Polygon", "coordinates": [[[-101.4, 43.480000000000004], [-101.4, 43.64], [-101.56, 43.64], [-101.56, 43.480000000000004], [-101.4, 43.480000000000004]]]}}, {"id": "2153", "type": "Feature", "properties": {}, "geometry": {"type": "Polygon", "coordinates": [[[-101.24, 43.480000000000004], [-101.24, 43.64], [-101.39999999999999, 43.64], [-101.39999999999999, 43.480000000000004], [-101.24, 43.480000000000004]]]}}, {"id": "2154", "type": "Feature", "properties": {}, "geometry": {"type": "Polygon", "coordinates": [[[-101.08, 43.480000000000004], [-101.08, 43.64], [-101.24, 43.64], [-101.24, 43.480000000000004], [-101.08, 43.480000000000004]]]}}, {"id": "2155", "type": "Feature", "properties": {}, "geometry": {"type": "Polygon", "coordinates": [[[-100.92, 43.480000000000004], [-100.92, 43.64], [-101.08, 43.64], [-101.08, 43.480000000000004], [-100.92, 43.480000000000004]]]}}, {"id": "2156", "type": "Feature", "properties": {}, "geometry": {"type": "Polygon", "coordinates": [[[-100.76, 43.480000000000004], [-100.76, 43.64], [-100.92, 43.64], [-100.92, 43.480000000000004], [-100.76, 43.480000000000004]]]}}, {"id": "2157", "type": "Feature", "properties": {}, "geometry": {"type": "Polygon", "coordinates": [[[-100.60000000000001, 43.480000000000004], [-100.60000000000001, 43.64], [-100.76, 43.64], [-100.76, 43.480000000000004], [-100.60000000000001, 43.480000000000004]]]}}, {"id": "2158", "type": "Feature", "properties": {}, "geometry": {"type": "Polygon", "coordinates": [[[-100.44, 43.480000000000004], [-100.44, 43.64], [-100.6, 43.64], [-100.6, 43.480000000000004], [-100.44, 43.480000000000004]]]}}, {"id": "2159", "type": "Feature", "properties": {}, "geometry": {"type": "Polygon", "coordinates": [[[-100.28, 43.480000000000004], [-100.28, 43.64], [-100.44, 43.64], [-100.44, 43.480000000000004], [-100.28, 43.480000000000004]]]}}, {"id": "2160", "type": "Feature", "properties": {}, "geometry": {"type": "Polygon", "coordinates": [[[-100.12, 43.480000000000004], [-100.12, 43.64], [-100.28, 43.64], [-100.28, 43.480000000000004], [-100.12, 43.480000000000004]]]}}, {"id": "2161", "type": "Feature", "properties": {}, "geometry": {"type": "Polygon", "coordinates": [[[-99.96000000000001, 43.480000000000004], [-99.96000000000001, 43.64], [-100.12, 43.64], [-100.12, 43.480000000000004], [-99.96000000000001, 43.480000000000004]]]}}, {"id": "2162", "type": "Feature", "properties": {}, "geometry": {"type": "Polygon", "coordinates": [[[-99.8, 43.480000000000004], [-99.8, 43.64], [-99.96, 43.64], [-99.96, 43.480000000000004], [-99.8, 43.480000000000004]]]}}, {"id": "2163", "type": "Feature", "properties": {}, "geometry": {"type": "Polygon", "coordinates": [[[-99.64, 43.480000000000004], [-99.64, 43.64], [-99.8, 43.64], [-99.8, 43.480000000000004], [-99.64, 43.480000000000004]]]}}, {"id": "2164", "type": "Feature", "properties": {}, "geometry": {"type": "Polygon", "coordinates": [[[-99.48, 43.480000000000004], [-99.48, 43.64], [-99.64, 43.64], [-99.64, 43.480000000000004], [-99.48, 43.480000000000004]]]}}, {"id": "2165", "type": "Feature", "properties": {}, "geometry": {"type": "Polygon", "coordinates": [[[-99.32000000000001, 43.480000000000004], [-99.32000000000001, 43.64], [-99.48, 43.64], [-99.48, 43.480000000000004], [-99.32000000000001, 43.480000000000004]]]}}, {"id": "2166", "type": "Feature", "properties": {}, "geometry": {"type": "Polygon", "coordinates": [[[-99.16, 43.480000000000004], [-99.16, 43.64], [-99.32, 43.64], [-99.32, 43.480000000000004], [-99.16, 43.480000000000004]]]}}, {"id": "2167", "type": "Feature", "properties": {}, "geometry": {"type": "Polygon", "coordinates": [[[-99.0, 43.480000000000004], [-99.0, 43.64], [-99.16, 43.64], [-99.16, 43.480000000000004], [-99.0, 43.480000000000004]]]}}, {"id": "2168", "type": "Feature", "properties": {}, "geometry": {"type": "Polygon", "coordinates": [[[-98.84, 43.480000000000004], [-98.84, 43.64], [-99.0, 43.64], [-99.0, 43.480000000000004], [-98.84, 43.480000000000004]]]}}, {"id": "2169", "type": "Feature", "properties": {}, "geometry": {"type": "Polygon", "coordinates": [[[-98.68, 43.480000000000004], [-98.68, 43.64], [-98.84, 43.64], [-98.84, 43.480000000000004], [-98.68, 43.480000000000004]]]}}, {"id": "2170", "type": "Feature", "properties": {}, "geometry": {"type": "Polygon", "coordinates": [[[-98.52, 43.480000000000004], [-98.52, 43.64], [-98.67999999999999, 43.64], [-98.67999999999999, 43.480000000000004], [-98.52, 43.480000000000004]]]}}, {"id": "2171", "type": "Feature", "properties": {}, "geometry": {"type": "Polygon", "coordinates": [[[-98.36, 43.480000000000004], [-98.36, 43.64], [-98.52, 43.64], [-98.52, 43.480000000000004], [-98.36, 43.480000000000004]]]}}, {"id": "2172", "type": "Feature", "properties": {}, "geometry": {"type": "Polygon", "coordinates": [[[-98.2, 43.480000000000004], [-98.2, 43.64], [-98.36, 43.64], [-98.36, 43.480000000000004], [-98.2, 43.480000000000004]]]}}, {"id": "2173", "type": "Feature", "properties": {}, "geometry": {"type": "Polygon", "coordinates": [[[-98.04, 43.480000000000004], [-98.04, 43.64], [-98.2, 43.64], [-98.2, 43.480000000000004], [-98.04, 43.480000000000004]]]}}, {"id": "2174", "type": "Feature", "properties": {}, "geometry": {"type": "Polygon", "coordinates": [[[-97.88, 43.480000000000004], [-97.88, 43.64], [-98.03999999999999, 43.64], [-98.03999999999999, 43.480000000000004], [-97.88, 43.480000000000004]]]}}, {"id": "2175", "type": "Feature", "properties": {}, "geometry": {"type": "Polygon", "coordinates": [[[-97.72, 43.480000000000004], [-97.72, 43.64], [-97.88, 43.64], [-97.88, 43.480000000000004], [-97.72, 43.480000000000004]]]}}, {"id": "2176", "type": "Feature", "properties": {}, "geometry": {"type": "Polygon", "coordinates": [[[-97.56, 43.480000000000004], [-97.56, 43.64], [-97.72, 43.64], [-97.72, 43.480000000000004], [-97.56, 43.480000000000004]]]}}, {"id": "2177", "type": "Feature", "properties": {}, "geometry": {"type": "Polygon", "coordinates": [[[-97.4, 43.480000000000004], [-97.4, 43.64], [-97.56, 43.64], [-97.56, 43.480000000000004], [-97.4, 43.480000000000004]]]}}, {"id": "2178", "type": "Feature", "properties": {}, "geometry": {"type": "Polygon", "coordinates": [[[-97.24, 43.480000000000004], [-97.24, 43.64], [-97.39999999999999, 43.64], [-97.39999999999999, 43.480000000000004], [-97.24, 43.480000000000004]]]}}, {"id": "2179", "type": "Feature", "properties": {}, "geometry": {"type": "Polygon", "coordinates": [[[-97.08, 43.480000000000004], [-97.08, 43.64], [-97.24, 43.64], [-97.24, 43.480000000000004], [-97.08, 43.480000000000004]]]}}, {"id": "2180", "type": "Feature", "properties": {}, "geometry": {"type": "Polygon", "coordinates": [[[-96.92, 43.480000000000004], [-96.92, 43.64], [-97.08, 43.64], [-97.08, 43.480000000000004], [-96.92, 43.480000000000004]]]}}, {"id": "2181", "type": "Feature", "properties": {}, "geometry": {"type": "Polygon", "coordinates": [[[-96.76, 43.480000000000004], [-96.76, 43.64], [-96.92, 43.64], [-96.92, 43.480000000000004], [-96.76, 43.480000000000004]]]}}, {"id": "2182", "type": "Feature", "properties": {}, "geometry": {"type": "Polygon", "coordinates": [[[-96.60000000000001, 43.480000000000004], [-96.60000000000001, 43.64], [-96.76, 43.64], [-96.76, 43.480000000000004], [-96.60000000000001, 43.480000000000004]]]}}, {"id": "2183", "type": "Feature", "properties": {}, "geometry": {"type": "Polygon", "coordinates": [[[-96.44, 43.480000000000004], [-96.44, 43.64], [-96.6, 43.64], [-96.6, 43.480000000000004], [-96.44, 43.480000000000004]]]}}, {"id": "2184", "type": "Feature", "properties": {}, "geometry": {"type": "Polygon", "coordinates": [[[-96.28, 43.480000000000004], [-96.28, 43.64], [-96.44, 43.64], [-96.44, 43.480000000000004], [-96.28, 43.480000000000004]]]}}, {"id": "2185", "type": "Feature", "properties": {}, "geometry": {"type": "Polygon", "coordinates": [[[-96.12, 43.480000000000004], [-96.12, 43.64], [-96.28, 43.64], [-96.28, 43.480000000000004], [-96.12, 43.480000000000004]]]}}, {"id": "2186", "type": "Feature", "properties": {}, "geometry": {"type": "Polygon", "coordinates": [[[-95.96000000000001, 43.480000000000004], [-95.96000000000001, 43.64], [-96.12, 43.64], [-96.12, 43.480000000000004], [-95.96000000000001, 43.480000000000004]]]}}, {"id": "2187", "type": "Feature", "properties": {}, "geometry": {"type": "Polygon", "coordinates": [[[-95.8, 43.480000000000004], [-95.8, 43.64], [-95.96, 43.64], [-95.96, 43.480000000000004], [-95.8, 43.480000000000004]]]}}, {"id": "2188", "type": "Feature", "properties": {}, "geometry": {"type": "Polygon", "coordinates": [[[-95.64, 43.480000000000004], [-95.64, 43.64], [-95.8, 43.64], [-95.8, 43.480000000000004], [-95.64, 43.480000000000004]]]}}, {"id": "2189", "type": "Feature", "properties": {}, "geometry": {"type": "Polygon", "coordinates": [[[-95.48, 43.480000000000004], [-95.48, 43.64], [-95.64, 43.64], [-95.64, 43.480000000000004], [-95.48, 43.480000000000004]]]}}, {"id": "2190", "type": "Feature", "properties": {}, "geometry": {"type": "Polygon", "coordinates": [[[-95.32000000000001, 43.480000000000004], [-95.32000000000001, 43.64], [-95.48, 43.64], [-95.48, 43.480000000000004], [-95.32000000000001, 43.480000000000004]]]}}, {"id": "2191", "type": "Feature", "properties": {}, "geometry": {"type": "Polygon", "coordinates": [[[-95.16, 43.480000000000004], [-95.16, 43.64], [-95.32, 43.64], [-95.32, 43.480000000000004], [-95.16, 43.480000000000004]]]}}, {"id": "2192", "type": "Feature", "properties": {}, "geometry": {"type": "Polygon", "coordinates": [[[-95.0, 43.480000000000004], [-95.0, 43.64], [-95.16, 43.64], [-95.16, 43.480000000000004], [-95.0, 43.480000000000004]]]}}, {"id": "2193", "type": "Feature", "properties": {}, "geometry": {"type": "Polygon", "coordinates": [[[-94.84, 43.480000000000004], [-94.84, 43.64], [-95.0, 43.64], [-95.0, 43.480000000000004], [-94.84, 43.480000000000004]]]}}, {"id": "2194", "type": "Feature", "properties": {}, "geometry": {"type": "Polygon", "coordinates": [[[-94.68, 43.480000000000004], [-94.68, 43.64], [-94.84, 43.64], [-94.84, 43.480000000000004], [-94.68, 43.480000000000004]]]}}, {"id": "2195", "type": "Feature", "properties": {}, "geometry": {"type": "Polygon", "coordinates": [[[-94.52, 43.480000000000004], [-94.52, 43.64], [-94.67999999999999, 43.64], [-94.67999999999999, 43.480000000000004], [-94.52, 43.480000000000004]]]}}, {"id": "2196", "type": "Feature", "properties": {}, "geometry": {"type": "Polygon", "coordinates": [[[-94.36, 43.480000000000004], [-94.36, 43.64], [-94.52, 43.64], [-94.52, 43.480000000000004], [-94.36, 43.480000000000004]]]}}, {"id": "2197", "type": "Feature", "properties": {}, "geometry": {"type": "Polygon", "coordinates": [[[-94.2, 43.480000000000004], [-94.2, 43.64], [-94.36, 43.64], [-94.36, 43.480000000000004], [-94.2, 43.480000000000004]]]}}, {"id": "2198", "type": "Feature", "properties": {}, "geometry": {"type": "Polygon", "coordinates": [[[-94.04, 43.480000000000004], [-94.04, 43.64], [-94.2, 43.64], [-94.2, 43.480000000000004], [-94.04, 43.480000000000004]]]}}, {"id": "2199", "type": "Feature", "properties": {}, "geometry": {"type": "Polygon", "coordinates": [[[-93.88, 43.480000000000004], [-93.88, 43.64], [-94.03999999999999, 43.64], [-94.03999999999999, 43.480000000000004], [-93.88, 43.480000000000004]]]}}, {"id": "2200", "type": "Feature", "properties": {}, "geometry": {"type": "Polygon", "coordinates": [[[-93.72, 43.480000000000004], [-93.72, 43.64], [-93.88, 43.64], [-93.88, 43.480000000000004], [-93.72, 43.480000000000004]]]}}, {"id": "2201", "type": "Feature", "properties": {}, "geometry": {"type": "Polygon", "coordinates": [[[-93.56, 43.480000000000004], [-93.56, 43.64], [-93.72, 43.64], [-93.72, 43.480000000000004], [-93.56, 43.480000000000004]]]}}, {"id": "2202", "type": "Feature", "properties": {}, "geometry": {"type": "Polygon", "coordinates": [[[-93.4, 43.480000000000004], [-93.4, 43.64], [-93.56, 43.64], [-93.56, 43.480000000000004], [-93.4, 43.480000000000004]]]}}, {"id": "2203", "type": "Feature", "properties": {}, "geometry": {"type": "Polygon", "coordinates": [[[-93.24, 43.480000000000004], [-93.24, 43.64], [-93.39999999999999, 43.64], [-93.39999999999999, 43.480000000000004], [-93.24, 43.480000000000004]]]}}, {"id": "2204", "type": "Feature", "properties": {}, "geometry": {"type": "Polygon", "coordinates": [[[-93.08, 43.480000000000004], [-93.08, 43.64], [-93.24, 43.64], [-93.24, 43.480000000000004], [-93.08, 43.480000000000004]]]}}, {"id": "2205", "type": "Feature", "properties": {}, "geometry": {"type": "Polygon", "coordinates": [[[-92.92, 43.480000000000004], [-92.92, 43.64], [-93.08, 43.64], [-93.08, 43.480000000000004], [-92.92, 43.480000000000004]]]}}, {"id": "2206", "type": "Feature", "properties": {}, "geometry": {"type": "Polygon", "coordinates": [[[-92.76, 43.480000000000004], [-92.76, 43.64], [-92.92, 43.64], [-92.92, 43.480000000000004], [-92.76, 43.480000000000004]]]}}, {"id": "2207", "type": "Feature", "properties": {}, "geometry": {"type": "Polygon", "coordinates": [[[-92.60000000000001, 43.480000000000004], [-92.60000000000001, 43.64], [-92.76, 43.64], [-92.76, 43.480000000000004], [-92.60000000000001, 43.480000000000004]]]}}, {"id": "2208", "type": "Feature", "properties": {}, "geometry": {"type": "Polygon", "coordinates": [[[-92.44, 43.480000000000004], [-92.44, 43.64], [-92.6, 43.64], [-92.6, 43.480000000000004], [-92.44, 43.480000000000004]]]}}, {"id": "2209", "type": "Feature", "properties": {}, "geometry": {"type": "Polygon", "coordinates": [[[-92.28, 43.480000000000004], [-92.28, 43.64], [-92.44, 43.64], [-92.44, 43.480000000000004], [-92.28, 43.480000000000004]]]}}, {"id": "2210", "type": "Feature", "properties": {}, "geometry": {"type": "Polygon", "coordinates": [[[-92.12, 43.480000000000004], [-92.12, 43.64], [-92.28, 43.64], [-92.28, 43.480000000000004], [-92.12, 43.480000000000004]]]}}, {"id": "2211", "type": "Feature", "properties": {}, "geometry": {"type": "Polygon", "coordinates": [[[-91.96, 43.480000000000004], [-91.96, 43.64], [-92.11999999999999, 43.64], [-92.11999999999999, 43.480000000000004], [-91.96, 43.480000000000004]]]}}, {"id": "2212", "type": "Feature", "properties": {}, "geometry": {"type": "Polygon", "coordinates": [[[-91.8, 43.480000000000004], [-91.8, 43.64], [-91.96, 43.64], [-91.96, 43.480000000000004], [-91.8, 43.480000000000004]]]}}, {"id": "2213", "type": "Feature", "properties": {}, "geometry": {"type": "Polygon", "coordinates": [[[-91.64, 43.480000000000004], [-91.64, 43.64], [-91.8, 43.64], [-91.8, 43.480000000000004], [-91.64, 43.480000000000004]]]}}, {"id": "2214", "type": "Feature", "properties": {}, "geometry": {"type": "Polygon", "coordinates": [[[-91.48, 43.480000000000004], [-91.48, 43.64], [-91.64, 43.64], [-91.64, 43.480000000000004], [-91.48, 43.480000000000004]]]}}, {"id": "2215", "type": "Feature", "properties": {}, "geometry": {"type": "Polygon", "coordinates": [[[-91.32000000000001, 43.480000000000004], [-91.32000000000001, 43.64], [-91.48, 43.64], [-91.48, 43.480000000000004], [-91.32000000000001, 43.480000000000004]]]}}, {"id": "2216", "type": "Feature", "properties": {}, "geometry": {"type": "Polygon", "coordinates": [[[-91.16, 43.480000000000004], [-91.16, 43.64], [-91.32, 43.64], [-91.32, 43.480000000000004], [-91.16, 43.480000000000004]]]}}, {"id": "2217", "type": "Feature", "properties": {}, "geometry": {"type": "Polygon", "coordinates": [[[-90.84, 43.480000000000004], [-90.84, 43.64], [-91.0, 43.64], [-91.0, 43.480000000000004], [-90.84, 43.480000000000004]]]}}, {"id": "2218", "type": "Feature", "properties": {}, "geometry": {"type": "Polygon", "coordinates": [[[-90.68, 43.480000000000004], [-90.68, 43.64], [-90.84, 43.64], [-90.84, 43.480000000000004], [-90.68, 43.480000000000004]]]}}, {"id": "2219", "type": "Feature", "properties": {}, "geometry": {"type": "Polygon", "coordinates": [[[-87.64, 43.480000000000004], [-87.64, 43.64], [-87.8, 43.64], [-87.8, 43.480000000000004], [-87.64, 43.480000000000004]]]}}, {"id": "2220", "type": "Feature", "properties": {}, "geometry": {"type": "Polygon", "coordinates": [[[-87.48, 43.480000000000004], [-87.48, 43.64], [-87.64, 43.64], [-87.64, 43.480000000000004], [-87.48, 43.480000000000004]]]}}, {"id": "2221", "type": "Feature", "properties": {}, "geometry": {"type": "Polygon", "coordinates": [[[-87.32000000000001, 43.480000000000004], [-87.32000000000001, 43.64], [-87.48, 43.64], [-87.48, 43.480000000000004], [-87.32000000000001, 43.480000000000004]]]}}, {"id": "2222", "type": "Feature", "properties": {}, "geometry": {"type": "Polygon", "coordinates": [[[-87.16, 43.480000000000004], [-87.16, 43.64], [-87.32, 43.64], [-87.32, 43.480000000000004], [-87.16, 43.480000000000004]]]}}, {"id": "2223", "type": "Feature", "properties": {}, "geometry": {"type": "Polygon", "coordinates": [[[-87.0, 43.480000000000004], [-87.0, 43.64], [-87.16, 43.64], [-87.16, 43.480000000000004], [-87.0, 43.480000000000004]]]}}, {"id": "2224", "type": "Feature", "properties": {}, "geometry": {"type": "Polygon", "coordinates": [[[-86.84, 43.480000000000004], [-86.84, 43.64], [-87.0, 43.64], [-87.0, 43.480000000000004], [-86.84, 43.480000000000004]]]}}, {"id": "2225", "type": "Feature", "properties": {}, "geometry": {"type": "Polygon", "coordinates": [[[-86.67999999999999, 43.480000000000004], [-86.67999999999999, 43.64], [-86.83999999999999, 43.64], [-86.83999999999999, 43.480000000000004], [-86.67999999999999, 43.480000000000004]]]}}, {"id": "2226", "type": "Feature", "properties": {}, "geometry": {"type": "Polygon", "coordinates": [[[-86.52, 43.480000000000004], [-86.52, 43.64], [-86.67999999999999, 43.64], [-86.67999999999999, 43.480000000000004], [-86.52, 43.480000000000004]]]}}, {"id": "2227", "type": "Feature", "properties": {}, "geometry": {"type": "Polygon", "coordinates": [[[-86.36, 43.480000000000004], [-86.36, 43.64], [-86.52, 43.64], [-86.52, 43.480000000000004], [-86.36, 43.480000000000004]]]}}, {"id": "2228", "type": "Feature", "properties": {}, "geometry": {"type": "Polygon", "coordinates": [[[-86.2, 43.480000000000004], [-86.2, 43.64], [-86.36, 43.64], [-86.36, 43.480000000000004], [-86.2, 43.480000000000004]]]}}, {"id": "2229", "type": "Feature", "properties": {}, "geometry": {"type": "Polygon", "coordinates": [[[-86.04, 43.480000000000004], [-86.04, 43.64], [-86.2, 43.64], [-86.2, 43.480000000000004], [-86.04, 43.480000000000004]]]}}, {"id": "2230", "type": "Feature", "properties": {}, "geometry": {"type": "Polygon", "coordinates": [[[-85.88000000000001, 43.480000000000004], [-85.88000000000001, 43.64], [-86.04, 43.64], [-86.04, 43.480000000000004], [-85.88000000000001, 43.480000000000004]]]}}, {"id": "2231", "type": "Feature", "properties": {}, "geometry": {"type": "Polygon", "coordinates": [[[-85.72, 43.480000000000004], [-85.72, 43.64], [-85.88, 43.64], [-85.88, 43.480000000000004], [-85.72, 43.480000000000004]]]}}, {"id": "2232", "type": "Feature", "properties": {}, "geometry": {"type": "Polygon", "coordinates": [[[-85.56, 43.480000000000004], [-85.56, 43.64], [-85.72, 43.64], [-85.72, 43.480000000000004], [-85.56, 43.480000000000004]]]}}, {"id": "2233", "type": "Feature", "properties": {}, "geometry": {"type": "Polygon", "coordinates": [[[-85.4, 43.480000000000004], [-85.4, 43.64], [-85.56, 43.64], [-85.56, 43.480000000000004], [-85.4, 43.480000000000004]]]}}, {"id": "2234", "type": "Feature", "properties": {}, "geometry": {"type": "Polygon", "coordinates": [[[-85.24, 43.480000000000004], [-85.24, 43.64], [-85.39999999999999, 43.64], [-85.39999999999999, 43.480000000000004], [-85.24, 43.480000000000004]]]}}, {"id": "2235", "type": "Feature", "properties": {}, "geometry": {"type": "Polygon", "coordinates": [[[-85.08, 43.480000000000004], [-85.08, 43.64], [-85.24, 43.64], [-85.24, 43.480000000000004], [-85.08, 43.480000000000004]]]}}, {"id": "2236", "type": "Feature", "properties": {}, "geometry": {"type": "Polygon", "coordinates": [[[-84.92, 43.480000000000004], [-84.92, 43.64], [-85.08, 43.64], [-85.08, 43.480000000000004], [-84.92, 43.480000000000004]]]}}, {"id": "2237", "type": "Feature", "properties": {}, "geometry": {"type": "Polygon", "coordinates": [[[-84.76, 43.480000000000004], [-84.76, 43.64], [-84.92, 43.64], [-84.92, 43.480000000000004], [-84.76, 43.480000000000004]]]}}, {"id": "2238", "type": "Feature", "properties": {}, "geometry": {"type": "Polygon", "coordinates": [[[-84.60000000000001, 43.480000000000004], [-84.60000000000001, 43.64], [-84.76, 43.64], [-84.76, 43.480000000000004], [-84.60000000000001, 43.480000000000004]]]}}, {"id": "2239", "type": "Feature", "properties": {}, "geometry": {"type": "Polygon", "coordinates": [[[-84.44, 43.480000000000004], [-84.44, 43.64], [-84.6, 43.64], [-84.6, 43.480000000000004], [-84.44, 43.480000000000004]]]}}, {"id": "2240", "type": "Feature", "properties": {}, "geometry": {"type": "Polygon", "coordinates": [[[-84.28, 43.480000000000004], [-84.28, 43.64], [-84.44, 43.64], [-84.44, 43.480000000000004], [-84.28, 43.480000000000004]]]}}, {"id": "2241", "type": "Feature", "properties": {}, "geometry": {"type": "Polygon", "coordinates": [[[-84.12, 43.480000000000004], [-84.12, 43.64], [-84.28, 43.64], [-84.28, 43.480000000000004], [-84.12, 43.480000000000004]]]}}, {"id": "2242", "type": "Feature", "properties": {}, "geometry": {"type": "Polygon", "coordinates": [[[-83.96, 43.480000000000004], [-83.96, 43.64], [-84.11999999999999, 43.64], [-84.11999999999999, 43.480000000000004], [-83.96, 43.480000000000004]]]}}, {"id": "2243", "type": "Feature", "properties": {}, "geometry": {"type": "Polygon", "coordinates": [[[-102.84, 43.32], [-102.84, 43.48], [-103.0, 43.48], [-103.0, 43.32], [-102.84, 43.32]]]}}, {"id": "2244", "type": "Feature", "properties": {}, "geometry": {"type": "Polygon", "coordinates": [[[-102.68, 43.32], [-102.68, 43.48], [-102.84, 43.48], [-102.84, 43.32], [-102.68, 43.32]]]}}, {"id": "2245", "type": "Feature", "properties": {}, "geometry": {"type": "Polygon", "coordinates": [[[-102.52, 43.32], [-102.52, 43.48], [-102.67999999999999, 43.48], [-102.67999999999999, 43.32], [-102.52, 43.32]]]}}, {"id": "2246", "type": "Feature", "properties": {}, "geometry": {"type": "Polygon", "coordinates": [[[-102.36, 43.32], [-102.36, 43.48], [-102.52, 43.48], [-102.52, 43.32], [-102.36, 43.32]]]}}, {"id": "2247", "type": "Feature", "properties": {}, "geometry": {"type": "Polygon", "coordinates": [[[-102.2, 43.32], [-102.2, 43.48], [-102.36, 43.48], [-102.36, 43.32], [-102.2, 43.32]]]}}, {"id": "2248", "type": "Feature", "properties": {}, "geometry": {"type": "Polygon", "coordinates": [[[-102.04, 43.32], [-102.04, 43.48], [-102.2, 43.48], [-102.2, 43.32], [-102.04, 43.32]]]}}, {"id": "2249", "type": "Feature", "properties": {}, "geometry": {"type": "Polygon", "coordinates": [[[-101.88, 43.32], [-101.88, 43.48], [-102.03999999999999, 43.48], [-102.03999999999999, 43.32], [-101.88, 43.32]]]}}, {"id": "2250", "type": "Feature", "properties": {}, "geometry": {"type": "Polygon", "coordinates": [[[-101.72, 43.32], [-101.72, 43.48], [-101.88, 43.48], [-101.88, 43.32], [-101.72, 43.32]]]}}, {"id": "2251", "type": "Feature", "properties": {}, "geometry": {"type": "Polygon", "coordinates": [[[-101.56, 43.32], [-101.56, 43.48], [-101.72, 43.48], [-101.72, 43.32], [-101.56, 43.32]]]}}, {"id": "2252", "type": "Feature", "properties": {}, "geometry": {"type": "Polygon", "coordinates": [[[-101.4, 43.32], [-101.4, 43.48], [-101.56, 43.48], [-101.56, 43.32], [-101.4, 43.32]]]}}, {"id": "2253", "type": "Feature", "properties": {}, "geometry": {"type": "Polygon", "coordinates": [[[-101.24, 43.32], [-101.24, 43.48], [-101.39999999999999, 43.48], [-101.39999999999999, 43.32], [-101.24, 43.32]]]}}, {"id": "2254", "type": "Feature", "properties": {}, "geometry": {"type": "Polygon", "coordinates": [[[-101.08, 43.32], [-101.08, 43.48], [-101.24, 43.48], [-101.24, 43.32], [-101.08, 43.32]]]}}, {"id": "2255", "type": "Feature", "properties": {}, "geometry": {"type": "Polygon", "coordinates": [[[-100.92, 43.32], [-100.92, 43.48], [-101.08, 43.48], [-101.08, 43.32], [-100.92, 43.32]]]}}, {"id": "2256", "type": "Feature", "properties": {}, "geometry": {"type": "Polygon", "coordinates": [[[-100.76, 43.32], [-100.76, 43.48], [-100.92, 43.48], [-100.92, 43.32], [-100.76, 43.32]]]}}, {"id": "2257", "type": "Feature", "properties": {}, "geometry": {"type": "Polygon", "coordinates": [[[-100.60000000000001, 43.32], [-100.60000000000001, 43.48], [-100.76, 43.48], [-100.76, 43.32], [-100.60000000000001, 43.32]]]}}, {"id": "2258", "type": "Feature", "properties": {}, "geometry": {"type": "Polygon", "coordinates": [[[-100.44, 43.32], [-100.44, 43.48], [-100.6, 43.48], [-100.6, 43.32], [-100.44, 43.32]]]}}, {"id": "2259", "type": "Feature", "properties": {}, "geometry": {"type": "Polygon", "coordinates": [[[-100.28, 43.32], [-100.28, 43.48], [-100.44, 43.48], [-100.44, 43.32], [-100.28, 43.32]]]}}, {"id": "2260", "type": "Feature", "properties": {}, "geometry": {"type": "Polygon", "coordinates": [[[-100.12, 43.32], [-100.12, 43.48], [-100.28, 43.48], [-100.28, 43.32], [-100.12, 43.32]]]}}, {"id": "2261", "type": "Feature", "properties": {}, "geometry": {"type": "Polygon", "coordinates": [[[-99.96000000000001, 43.32], [-99.96000000000001, 43.48], [-100.12, 43.48], [-100.12, 43.32], [-99.96000000000001, 43.32]]]}}, {"id": "2262", "type": "Feature", "properties": {}, "geometry": {"type": "Polygon", "coordinates": [[[-99.8, 43.32], [-99.8, 43.48], [-99.96, 43.48], [-99.96, 43.32], [-99.8, 43.32]]]}}, {"id": "2263", "type": "Feature", "properties": {}, "geometry": {"type": "Polygon", "coordinates": [[[-99.64, 43.32], [-99.64, 43.48], [-99.8, 43.48], [-99.8, 43.32], [-99.64, 43.32]]]}}, {"id": "2264", "type": "Feature", "properties": {}, "geometry": {"type": "Polygon", "coordinates": [[[-99.48, 43.32], [-99.48, 43.48], [-99.64, 43.48], [-99.64, 43.32], [-99.48, 43.32]]]}}, {"id": "2265", "type": "Feature", "properties": {}, "geometry": {"type": "Polygon", "coordinates": [[[-99.32000000000001, 43.32], [-99.32000000000001, 43.48], [-99.48, 43.48], [-99.48, 43.32], [-99.32000000000001, 43.32]]]}}, {"id": "2266", "type": "Feature", "properties": {}, "geometry": {"type": "Polygon", "coordinates": [[[-99.16, 43.32], [-99.16, 43.48], [-99.32, 43.48], [-99.32, 43.32], [-99.16, 43.32]]]}}, {"id": "2267", "type": "Feature", "properties": {}, "geometry": {"type": "Polygon", "coordinates": [[[-99.0, 43.32], [-99.0, 43.48], [-99.16, 43.48], [-99.16, 43.32], [-99.0, 43.32]]]}}, {"id": "2268", "type": "Feature", "properties": {}, "geometry": {"type": "Polygon", "coordinates": [[[-98.84, 43.32], [-98.84, 43.48], [-99.0, 43.48], [-99.0, 43.32], [-98.84, 43.32]]]}}, {"id": "2269", "type": "Feature", "properties": {}, "geometry": {"type": "Polygon", "coordinates": [[[-98.68, 43.32], [-98.68, 43.48], [-98.84, 43.48], [-98.84, 43.32], [-98.68, 43.32]]]}}, {"id": "2270", "type": "Feature", "properties": {}, "geometry": {"type": "Polygon", "coordinates": [[[-98.52, 43.32], [-98.52, 43.48], [-98.67999999999999, 43.48], [-98.67999999999999, 43.32], [-98.52, 43.32]]]}}, {"id": "2271", "type": "Feature", "properties": {}, "geometry": {"type": "Polygon", "coordinates": [[[-98.36, 43.32], [-98.36, 43.48], [-98.52, 43.48], [-98.52, 43.32], [-98.36, 43.32]]]}}, {"id": "2272", "type": "Feature", "properties": {}, "geometry": {"type": "Polygon", "coordinates": [[[-98.2, 43.32], [-98.2, 43.48], [-98.36, 43.48], [-98.36, 43.32], [-98.2, 43.32]]]}}, {"id": "2273", "type": "Feature", "properties": {}, "geometry": {"type": "Polygon", "coordinates": [[[-98.04, 43.32], [-98.04, 43.48], [-98.2, 43.48], [-98.2, 43.32], [-98.04, 43.32]]]}}, {"id": "2274", "type": "Feature", "properties": {}, "geometry": {"type": "Polygon", "coordinates": [[[-97.88, 43.32], [-97.88, 43.48], [-98.03999999999999, 43.48], [-98.03999999999999, 43.32], [-97.88, 43.32]]]}}, {"id": "2275", "type": "Feature", "properties": {}, "geometry": {"type": "Polygon", "coordinates": [[[-97.72, 43.32], [-97.72, 43.48], [-97.88, 43.48], [-97.88, 43.32], [-97.72, 43.32]]]}}, {"id": "2276", "type": "Feature", "properties": {}, "geometry": {"type": "Polygon", "coordinates": [[[-97.56, 43.32], [-97.56, 43.48], [-97.72, 43.48], [-97.72, 43.32], [-97.56, 43.32]]]}}, {"id": "2277", "type": "Feature", "properties": {}, "geometry": {"type": "Polygon", "coordinates": [[[-97.4, 43.32], [-97.4, 43.48], [-97.56, 43.48], [-97.56, 43.32], [-97.4, 43.32]]]}}, {"id": "2278", "type": "Feature", "properties": {}, "geometry": {"type": "Polygon", "coordinates": [[[-97.24, 43.32], [-97.24, 43.48], [-97.39999999999999, 43.48], [-97.39999999999999, 43.32], [-97.24, 43.32]]]}}, {"id": "2279", "type": "Feature", "properties": {}, "geometry": {"type": "Polygon", "coordinates": [[[-97.08, 43.32], [-97.08, 43.48], [-97.24, 43.48], [-97.24, 43.32], [-97.08, 43.32]]]}}, {"id": "2280", "type": "Feature", "properties": {}, "geometry": {"type": "Polygon", "coordinates": [[[-96.92, 43.32], [-96.92, 43.48], [-97.08, 43.48], [-97.08, 43.32], [-96.92, 43.32]]]}}, {"id": "2281", "type": "Feature", "properties": {}, "geometry": {"type": "Polygon", "coordinates": [[[-96.76, 43.32], [-96.76, 43.48], [-96.92, 43.48], [-96.92, 43.32], [-96.76, 43.32]]]}}, {"id": "2282", "type": "Feature", "properties": {}, "geometry": {"type": "Polygon", "coordinates": [[[-96.60000000000001, 43.32], [-96.60000000000001, 43.48], [-96.76, 43.48], [-96.76, 43.32], [-96.60000000000001, 43.32]]]}}, {"id": "2283", "type": "Feature", "properties": {}, "geometry": {"type": "Polygon", "coordinates": [[[-96.44, 43.32], [-96.44, 43.48], [-96.6, 43.48], [-96.6, 43.32], [-96.44, 43.32]]]}}, {"id": "2284", "type": "Feature", "properties": {}, "geometry": {"type": "Polygon", "coordinates": [[[-96.28, 43.32], [-96.28, 43.48], [-96.44, 43.48], [-96.44, 43.32], [-96.28, 43.32]]]}}, {"id": "2285", "type": "Feature", "properties": {}, "geometry": {"type": "Polygon", "coordinates": [[[-96.12, 43.32], [-96.12, 43.48], [-96.28, 43.48], [-96.28, 43.32], [-96.12, 43.32]]]}}, {"id": "2286", "type": "Feature", "properties": {}, "geometry": {"type": "Polygon", "coordinates": [[[-95.96000000000001, 43.32], [-95.96000000000001, 43.48], [-96.12, 43.48], [-96.12, 43.32], [-95.96000000000001, 43.32]]]}}, {"id": "2287", "type": "Feature", "properties": {}, "geometry": {"type": "Polygon", "coordinates": [[[-95.8, 43.32], [-95.8, 43.48], [-95.96, 43.48], [-95.96, 43.32], [-95.8, 43.32]]]}}, {"id": "2288", "type": "Feature", "properties": {}, "geometry": {"type": "Polygon", "coordinates": [[[-95.64, 43.32], [-95.64, 43.48], [-95.8, 43.48], [-95.8, 43.32], [-95.64, 43.32]]]}}, {"id": "2289", "type": "Feature", "properties": {}, "geometry": {"type": "Polygon", "coordinates": [[[-95.48, 43.32], [-95.48, 43.48], [-95.64, 43.48], [-95.64, 43.32], [-95.48, 43.32]]]}}, {"id": "2290", "type": "Feature", "properties": {}, "geometry": {"type": "Polygon", "coordinates": [[[-95.16, 43.32], [-95.16, 43.48], [-95.32, 43.48], [-95.32, 43.32], [-95.16, 43.32]]]}}, {"id": "2291", "type": "Feature", "properties": {}, "geometry": {"type": "Polygon", "coordinates": [[[-95.0, 43.32], [-95.0, 43.48], [-95.16, 43.48], [-95.16, 43.32], [-95.0, 43.32]]]}}, {"id": "2292", "type": "Feature", "properties": {}, "geometry": {"type": "Polygon", "coordinates": [[[-94.84, 43.32], [-94.84, 43.48], [-95.0, 43.48], [-95.0, 43.32], [-94.84, 43.32]]]}}, {"id": "2293", "type": "Feature", "properties": {}, "geometry": {"type": "Polygon", "coordinates": [[[-94.68, 43.32], [-94.68, 43.48], [-94.84, 43.48], [-94.84, 43.32], [-94.68, 43.32]]]}}, {"id": "2294", "type": "Feature", "properties": {}, "geometry": {"type": "Polygon", "coordinates": [[[-94.52, 43.32], [-94.52, 43.48], [-94.67999999999999, 43.48], [-94.67999999999999, 43.32], [-94.52, 43.32]]]}}, {"id": "2295", "type": "Feature", "properties": {}, "geometry": {"type": "Polygon", "coordinates": [[[-94.36, 43.32], [-94.36, 43.48], [-94.52, 43.48], [-94.52, 43.32], [-94.36, 43.32]]]}}, {"id": "2296", "type": "Feature", "properties": {}, "geometry": {"type": "Polygon", "coordinates": [[[-94.2, 43.32], [-94.2, 43.48], [-94.36, 43.48], [-94.36, 43.32], [-94.2, 43.32]]]}}, {"id": "2297", "type": "Feature", "properties": {}, "geometry": {"type": "Polygon", "coordinates": [[[-94.04, 43.32], [-94.04, 43.48], [-94.2, 43.48], [-94.2, 43.32], [-94.04, 43.32]]]}}, {"id": "2298", "type": "Feature", "properties": {}, "geometry": {"type": "Polygon", "coordinates": [[[-93.88, 43.32], [-93.88, 43.48], [-94.03999999999999, 43.48], [-94.03999999999999, 43.32], [-93.88, 43.32]]]}}, {"id": "2299", "type": "Feature", "properties": {}, "geometry": {"type": "Polygon", "coordinates": [[[-93.72, 43.32], [-93.72, 43.48], [-93.88, 43.48], [-93.88, 43.32], [-93.72, 43.32]]]}}, {"id": "2300", "type": "Feature", "properties": {}, "geometry": {"type": "Polygon", "coordinates": [[[-93.56, 43.32], [-93.56, 43.48], [-93.72, 43.48], [-93.72, 43.32], [-93.56, 43.32]]]}}, {"id": "2301", "type": "Feature", "properties": {}, "geometry": {"type": "Polygon", "coordinates": [[[-93.4, 43.32], [-93.4, 43.48], [-93.56, 43.48], [-93.56, 43.32], [-93.4, 43.32]]]}}, {"id": "2302", "type": "Feature", "properties": {}, "geometry": {"type": "Polygon", "coordinates": [[[-93.24, 43.32], [-93.24, 43.48], [-93.39999999999999, 43.48], [-93.39999999999999, 43.32], [-93.24, 43.32]]]}}, {"id": "2303", "type": "Feature", "properties": {}, "geometry": {"type": "Polygon", "coordinates": [[[-93.08, 43.32], [-93.08, 43.48], [-93.24, 43.48], [-93.24, 43.32], [-93.08, 43.32]]]}}, {"id": "2304", "type": "Feature", "properties": {}, "geometry": {"type": "Polygon", "coordinates": [[[-92.92, 43.32], [-92.92, 43.48], [-93.08, 43.48], [-93.08, 43.32], [-92.92, 43.32]]]}}, {"id": "2305", "type": "Feature", "properties": {}, "geometry": {"type": "Polygon", "coordinates": [[[-92.76, 43.32], [-92.76, 43.48], [-92.92, 43.48], [-92.92, 43.32], [-92.76, 43.32]]]}}, {"id": "2306", "type": "Feature", "properties": {}, "geometry": {"type": "Polygon", "coordinates": [[[-92.60000000000001, 43.32], [-92.60000000000001, 43.48], [-92.76, 43.48], [-92.76, 43.32], [-92.60000000000001, 43.32]]]}}, {"id": "2307", "type": "Feature", "properties": {}, "geometry": {"type": "Polygon", "coordinates": [[[-92.44, 43.32], [-92.44, 43.48], [-92.6, 43.48], [-92.6, 43.32], [-92.44, 43.32]]]}}, {"id": "2308", "type": "Feature", "properties": {}, "geometry": {"type": "Polygon", "coordinates": [[[-92.28, 43.32], [-92.28, 43.48], [-92.44, 43.48], [-92.44, 43.32], [-92.28, 43.32]]]}}, {"id": "2309", "type": "Feature", "properties": {}, "geometry": {"type": "Polygon", "coordinates": [[[-92.12, 43.32], [-92.12, 43.48], [-92.28, 43.48], [-92.28, 43.32], [-92.12, 43.32]]]}}, {"id": "2310", "type": "Feature", "properties": {}, "geometry": {"type": "Polygon", "coordinates": [[[-91.96, 43.32], [-91.96, 43.48], [-92.11999999999999, 43.48], [-92.11999999999999, 43.32], [-91.96, 43.32]]]}}, {"id": "2311", "type": "Feature", "properties": {}, "geometry": {"type": "Polygon", "coordinates": [[[-91.64, 43.32], [-91.64, 43.48], [-91.8, 43.48], [-91.8, 43.32], [-91.64, 43.32]]]}}, {"id": "2312", "type": "Feature", "properties": {}, "geometry": {"type": "Polygon", "coordinates": [[[-91.48, 43.32], [-91.48, 43.48], [-91.64, 43.48], [-91.64, 43.32], [-91.48, 43.32]]]}}, {"id": "2313", "type": "Feature", "properties": {}, "geometry": {"type": "Polygon", "coordinates": [[[-91.32000000000001, 43.32], [-91.32000000000001, 43.48], [-91.48, 43.48], [-91.48, 43.32], [-91.32000000000001, 43.32]]]}}, {"id": "2314", "type": "Feature", "properties": {}, "geometry": {"type": "Polygon", "coordinates": [[[-91.16, 43.32], [-91.16, 43.48], [-91.32, 43.48], [-91.32, 43.32], [-91.16, 43.32]]]}}, {"id": "2315", "type": "Feature", "properties": {}, "geometry": {"type": "Polygon", "coordinates": [[[-91.0, 43.32], [-91.0, 43.48], [-91.16, 43.48], [-91.16, 43.32], [-91.0, 43.32]]]}}, {"id": "2316", "type": "Feature", "properties": {}, "geometry": {"type": "Polygon", "coordinates": [[[-89.72, 43.32], [-89.72, 43.48], [-89.88, 43.48], [-89.88, 43.32], [-89.72, 43.32]]]}}, {"id": "2317", "type": "Feature", "properties": {}, "geometry": {"type": "Polygon", "coordinates": [[[-87.64, 43.32], [-87.64, 43.48], [-87.8, 43.48], [-87.8, 43.32], [-87.64, 43.32]]]}}, {"id": "2318", "type": "Feature", "properties": {}, "geometry": {"type": "Polygon", "coordinates": [[[-87.48, 43.32], [-87.48, 43.48], [-87.64, 43.48], [-87.64, 43.32], [-87.48, 43.32]]]}}, {"id": "2319", "type": "Feature", "properties": {}, "geometry": {"type": "Polygon", "coordinates": [[[-87.32000000000001, 43.32], [-87.32000000000001, 43.48], [-87.48, 43.48], [-87.48, 43.32], [-87.32000000000001, 43.32]]]}}, {"id": "2320", "type": "Feature", "properties": {}, "geometry": {"type": "Polygon", "coordinates": [[[-87.16, 43.32], [-87.16, 43.48], [-87.32, 43.48], [-87.32, 43.32], [-87.16, 43.32]]]}}, {"id": "2321", "type": "Feature", "properties": {}, "geometry": {"type": "Polygon", "coordinates": [[[-87.0, 43.32], [-87.0, 43.48], [-87.16, 43.48], [-87.16, 43.32], [-87.0, 43.32]]]}}, {"id": "2322", "type": "Feature", "properties": {}, "geometry": {"type": "Polygon", "coordinates": [[[-86.84, 43.32], [-86.84, 43.48], [-87.0, 43.48], [-87.0, 43.32], [-86.84, 43.32]]]}}, {"id": "2323", "type": "Feature", "properties": {}, "geometry": {"type": "Polygon", "coordinates": [[[-86.67999999999999, 43.32], [-86.67999999999999, 43.48], [-86.83999999999999, 43.48], [-86.83999999999999, 43.32], [-86.67999999999999, 43.32]]]}}, {"id": "2324", "type": "Feature", "properties": {}, "geometry": {"type": "Polygon", "coordinates": [[[-86.52, 43.32], [-86.52, 43.48], [-86.67999999999999, 43.48], [-86.67999999999999, 43.32], [-86.52, 43.32]]]}}, {"id": "2325", "type": "Feature", "properties": {}, "geometry": {"type": "Polygon", "coordinates": [[[-86.36, 43.32], [-86.36, 43.48], [-86.52, 43.48], [-86.52, 43.32], [-86.36, 43.32]]]}}, {"id": "2326", "type": "Feature", "properties": {}, "geometry": {"type": "Polygon", "coordinates": [[[-86.2, 43.32], [-86.2, 43.48], [-86.36, 43.48], [-86.36, 43.32], [-86.2, 43.32]]]}}, {"id": "2327", "type": "Feature", "properties": {}, "geometry": {"type": "Polygon", "coordinates": [[[-86.04, 43.32], [-86.04, 43.48], [-86.2, 43.48], [-86.2, 43.32], [-86.04, 43.32]]]}}, {"id": "2328", "type": "Feature", "properties": {}, "geometry": {"type": "Polygon", "coordinates": [[[-85.88000000000001, 43.32], [-85.88000000000001, 43.48], [-86.04, 43.48], [-86.04, 43.32], [-85.88000000000001, 43.32]]]}}, {"id": "2329", "type": "Feature", "properties": {}, "geometry": {"type": "Polygon", "coordinates": [[[-85.72, 43.32], [-85.72, 43.48], [-85.88, 43.48], [-85.88, 43.32], [-85.72, 43.32]]]}}, {"id": "2330", "type": "Feature", "properties": {}, "geometry": {"type": "Polygon", "coordinates": [[[-85.56, 43.32], [-85.56, 43.48], [-85.72, 43.48], [-85.72, 43.32], [-85.56, 43.32]]]}}, {"id": "2331", "type": "Feature", "properties": {}, "geometry": {"type": "Polygon", "coordinates": [[[-85.4, 43.32], [-85.4, 43.48], [-85.56, 43.48], [-85.56, 43.32], [-85.4, 43.32]]]}}, {"id": "2332", "type": "Feature", "properties": {}, "geometry": {"type": "Polygon", "coordinates": [[[-85.24, 43.32], [-85.24, 43.48], [-85.39999999999999, 43.48], [-85.39999999999999, 43.32], [-85.24, 43.32]]]}}, {"id": "2333", "type": "Feature", "properties": {}, "geometry": {"type": "Polygon", "coordinates": [[[-85.08, 43.32], [-85.08, 43.48], [-85.24, 43.48], [-85.24, 43.32], [-85.08, 43.32]]]}}, {"id": "2334", "type": "Feature", "properties": {}, "geometry": {"type": "Polygon", "coordinates": [[[-84.92, 43.32], [-84.92, 43.48], [-85.08, 43.48], [-85.08, 43.32], [-84.92, 43.32]]]}}, {"id": "2335", "type": "Feature", "properties": {}, "geometry": {"type": "Polygon", "coordinates": [[[-84.76, 43.32], [-84.76, 43.48], [-84.92, 43.48], [-84.92, 43.32], [-84.76, 43.32]]]}}, {"id": "2336", "type": "Feature", "properties": {}, "geometry": {"type": "Polygon", "coordinates": [[[-84.60000000000001, 43.32], [-84.60000000000001, 43.48], [-84.76, 43.48], [-84.76, 43.32], [-84.60000000000001, 43.32]]]}}, {"id": "2337", "type": "Feature", "properties": {}, "geometry": {"type": "Polygon", "coordinates": [[[-84.44, 43.32], [-84.44, 43.48], [-84.6, 43.48], [-84.6, 43.32], [-84.44, 43.32]]]}}, {"id": "2338", "type": "Feature", "properties": {}, "geometry": {"type": "Polygon", "coordinates": [[[-84.28, 43.32], [-84.28, 43.48], [-84.44, 43.48], [-84.44, 43.32], [-84.28, 43.32]]]}}, {"id": "2339", "type": "Feature", "properties": {}, "geometry": {"type": "Polygon", "coordinates": [[[-84.12, 43.32], [-84.12, 43.48], [-84.28, 43.48], [-84.28, 43.32], [-84.12, 43.32]]]}}, {"id": "2340", "type": "Feature", "properties": {}, "geometry": {"type": "Polygon", "coordinates": [[[-83.96, 43.32], [-83.96, 43.48], [-84.11999999999999, 43.48], [-84.11999999999999, 43.32], [-83.96, 43.32]]]}}, {"id": "2341", "type": "Feature", "properties": {}, "geometry": {"type": "Polygon", "coordinates": [[[-102.84, 43.160000000000004], [-102.84, 43.32], [-103.0, 43.32], [-103.0, 43.160000000000004], [-102.84, 43.160000000000004]]]}}, {"id": "2342", "type": "Feature", "properties": {}, "geometry": {"type": "Polygon", "coordinates": [[[-102.68, 43.160000000000004], [-102.68, 43.32], [-102.84, 43.32], [-102.84, 43.160000000000004], [-102.68, 43.160000000000004]]]}}, {"id": "2343", "type": "Feature", "properties": {}, "geometry": {"type": "Polygon", "coordinates": [[[-102.52, 43.160000000000004], [-102.52, 43.32], [-102.67999999999999, 43.32], [-102.67999999999999, 43.160000000000004], [-102.52, 43.160000000000004]]]}}, {"id": "2344", "type": "Feature", "properties": {}, "geometry": {"type": "Polygon", "coordinates": [[[-102.36, 43.160000000000004], [-102.36, 43.32], [-102.52, 43.32], [-102.52, 43.160000000000004], [-102.36, 43.160000000000004]]]}}, {"id": "2345", "type": "Feature", "properties": {}, "geometry": {"type": "Polygon", "coordinates": [[[-102.2, 43.160000000000004], [-102.2, 43.32], [-102.36, 43.32], [-102.36, 43.160000000000004], [-102.2, 43.160000000000004]]]}}, {"id": "2346", "type": "Feature", "properties": {}, "geometry": {"type": "Polygon", "coordinates": [[[-102.04, 43.160000000000004], [-102.04, 43.32], [-102.2, 43.32], [-102.2, 43.160000000000004], [-102.04, 43.160000000000004]]]}}, {"id": "2347", "type": "Feature", "properties": {}, "geometry": {"type": "Polygon", "coordinates": [[[-101.88, 43.160000000000004], [-101.88, 43.32], [-102.03999999999999, 43.32], [-102.03999999999999, 43.160000000000004], [-101.88, 43.160000000000004]]]}}, {"id": "2348", "type": "Feature", "properties": {}, "geometry": {"type": "Polygon", "coordinates": [[[-101.72, 43.160000000000004], [-101.72, 43.32], [-101.88, 43.32], [-101.88, 43.160000000000004], [-101.72, 43.160000000000004]]]}}, {"id": "2349", "type": "Feature", "properties": {}, "geometry": {"type": "Polygon", "coordinates": [[[-101.56, 43.160000000000004], [-101.56, 43.32], [-101.72, 43.32], [-101.72, 43.160000000000004], [-101.56, 43.160000000000004]]]}}, {"id": "2350", "type": "Feature", "properties": {}, "geometry": {"type": "Polygon", "coordinates": [[[-101.4, 43.160000000000004], [-101.4, 43.32], [-101.56, 43.32], [-101.56, 43.160000000000004], [-101.4, 43.160000000000004]]]}}, {"id": "2351", "type": "Feature", "properties": {}, "geometry": {"type": "Polygon", "coordinates": [[[-101.24, 43.160000000000004], [-101.24, 43.32], [-101.39999999999999, 43.32], [-101.39999999999999, 43.160000000000004], [-101.24, 43.160000000000004]]]}}, {"id": "2352", "type": "Feature", "properties": {}, "geometry": {"type": "Polygon", "coordinates": [[[-101.08, 43.160000000000004], [-101.08, 43.32], [-101.24, 43.32], [-101.24, 43.160000000000004], [-101.08, 43.160000000000004]]]}}, {"id": "2353", "type": "Feature", "properties": {}, "geometry": {"type": "Polygon", "coordinates": [[[-100.92, 43.160000000000004], [-100.92, 43.32], [-101.08, 43.32], [-101.08, 43.160000000000004], [-100.92, 43.160000000000004]]]}}, {"id": "2354", "type": "Feature", "properties": {}, "geometry": {"type": "Polygon", "coordinates": [[[-100.76, 43.160000000000004], [-100.76, 43.32], [-100.92, 43.32], [-100.92, 43.160000000000004], [-100.76, 43.160000000000004]]]}}, {"id": "2355", "type": "Feature", "properties": {}, "geometry": {"type": "Polygon", "coordinates": [[[-100.60000000000001, 43.160000000000004], [-100.60000000000001, 43.32], [-100.76, 43.32], [-100.76, 43.160000000000004], [-100.60000000000001, 43.160000000000004]]]}}, {"id": "2356", "type": "Feature", "properties": {}, "geometry": {"type": "Polygon", "coordinates": [[[-100.44, 43.160000000000004], [-100.44, 43.32], [-100.6, 43.32], [-100.6, 43.160000000000004], [-100.44, 43.160000000000004]]]}}, {"id": "2357", "type": "Feature", "properties": {}, "geometry": {"type": "Polygon", "coordinates": [[[-100.28, 43.160000000000004], [-100.28, 43.32], [-100.44, 43.32], [-100.44, 43.160000000000004], [-100.28, 43.160000000000004]]]}}, {"id": "2358", "type": "Feature", "properties": {}, "geometry": {"type": "Polygon", "coordinates": [[[-100.12, 43.160000000000004], [-100.12, 43.32], [-100.28, 43.32], [-100.28, 43.160000000000004], [-100.12, 43.160000000000004]]]}}, {"id": "2359", "type": "Feature", "properties": {}, "geometry": {"type": "Polygon", "coordinates": [[[-99.96000000000001, 43.160000000000004], [-99.96000000000001, 43.32], [-100.12, 43.32], [-100.12, 43.160000000000004], [-99.96000000000001, 43.160000000000004]]]}}, {"id": "2360", "type": "Feature", "properties": {}, "geometry": {"type": "Polygon", "coordinates": [[[-99.8, 43.160000000000004], [-99.8, 43.32], [-99.96, 43.32], [-99.96, 43.160000000000004], [-99.8, 43.160000000000004]]]}}, {"id": "2361", "type": "Feature", "properties": {}, "geometry": {"type": "Polygon", "coordinates": [[[-99.64, 43.160000000000004], [-99.64, 43.32], [-99.8, 43.32], [-99.8, 43.160000000000004], [-99.64, 43.160000000000004]]]}}, {"id": "2362", "type": "Feature", "properties": {}, "geometry": {"type": "Polygon", "coordinates": [[[-99.48, 43.160000000000004], [-99.48, 43.32], [-99.64, 43.32], [-99.64, 43.160000000000004], [-99.48, 43.160000000000004]]]}}, {"id": "2363", "type": "Feature", "properties": {}, "geometry": {"type": "Polygon", "coordinates": [[[-99.32000000000001, 43.160000000000004], [-99.32000000000001, 43.32], [-99.48, 43.32], [-99.48, 43.160000000000004], [-99.32000000000001, 43.160000000000004]]]}}, {"id": "2364", "type": "Feature", "properties": {}, "geometry": {"type": "Polygon", "coordinates": [[[-99.16, 43.160000000000004], [-99.16, 43.32], [-99.32, 43.32], [-99.32, 43.160000000000004], [-99.16, 43.160000000000004]]]}}, {"id": "2365", "type": "Feature", "properties": {}, "geometry": {"type": "Polygon", "coordinates": [[[-99.0, 43.160000000000004], [-99.0, 43.32], [-99.16, 43.32], [-99.16, 43.160000000000004], [-99.0, 43.160000000000004]]]}}, {"id": "2366", "type": "Feature", "properties": {}, "geometry": {"type": "Polygon", "coordinates": [[[-98.84, 43.160000000000004], [-98.84, 43.32], [-99.0, 43.32], [-99.0, 43.160000000000004], [-98.84, 43.160000000000004]]]}}, {"id": "2367", "type": "Feature", "properties": {}, "geometry": {"type": "Polygon", "coordinates": [[[-98.68, 43.160000000000004], [-98.68, 43.32], [-98.84, 43.32], [-98.84, 43.160000000000004], [-98.68, 43.160000000000004]]]}}, {"id": "2368", "type": "Feature", "properties": {}, "geometry": {"type": "Polygon", "coordinates": [[[-98.52, 43.160000000000004], [-98.52, 43.32], [-98.67999999999999, 43.32], [-98.67999999999999, 43.160000000000004], [-98.52, 43.160000000000004]]]}}, {"id": "2369", "type": "Feature", "properties": {}, "geometry": {"type": "Polygon", "coordinates": [[[-98.36, 43.160000000000004], [-98.36, 43.32], [-98.52, 43.32], [-98.52, 43.160000000000004], [-98.36, 43.160000000000004]]]}}, {"id": "2370", "type": "Feature", "properties": {}, "geometry": {"type": "Polygon", "coordinates": [[[-98.2, 43.160000000000004], [-98.2, 43.32], [-98.36, 43.32], [-98.36, 43.160000000000004], [-98.2, 43.160000000000004]]]}}, {"id": "2371", "type": "Feature", "properties": {}, "geometry": {"type": "Polygon", "coordinates": [[[-98.04, 43.160000000000004], [-98.04, 43.32], [-98.2, 43.32], [-98.2, 43.160000000000004], [-98.04, 43.160000000000004]]]}}, {"id": "2372", "type": "Feature", "properties": {}, "geometry": {"type": "Polygon", "coordinates": [[[-97.88, 43.160000000000004], [-97.88, 43.32], [-98.03999999999999, 43.32], [-98.03999999999999, 43.160000000000004], [-97.88, 43.160000000000004]]]}}, {"id": "2373", "type": "Feature", "properties": {}, "geometry": {"type": "Polygon", "coordinates": [[[-97.72, 43.160000000000004], [-97.72, 43.32], [-97.88, 43.32], [-97.88, 43.160000000000004], [-97.72, 43.160000000000004]]]}}, {"id": "2374", "type": "Feature", "properties": {}, "geometry": {"type": "Polygon", "coordinates": [[[-97.56, 43.160000000000004], [-97.56, 43.32], [-97.72, 43.32], [-97.72, 43.160000000000004], [-97.56, 43.160000000000004]]]}}, {"id": "2375", "type": "Feature", "properties": {}, "geometry": {"type": "Polygon", "coordinates": [[[-97.4, 43.160000000000004], [-97.4, 43.32], [-97.56, 43.32], [-97.56, 43.160000000000004], [-97.4, 43.160000000000004]]]}}, {"id": "2376", "type": "Feature", "properties": {}, "geometry": {"type": "Polygon", "coordinates": [[[-97.24, 43.160000000000004], [-97.24, 43.32], [-97.39999999999999, 43.32], [-97.39999999999999, 43.160000000000004], [-97.24, 43.160000000000004]]]}}, {"id": "2377", "type": "Feature", "properties": {}, "geometry": {"type": "Polygon", "coordinates": [[[-97.08, 43.160000000000004], [-97.08, 43.32], [-97.24, 43.32], [-97.24, 43.160000000000004], [-97.08, 43.160000000000004]]]}}, {"id": "2378", "type": "Feature", "properties": {}, "geometry": {"type": "Polygon", "coordinates": [[[-96.92, 43.160000000000004], [-96.92, 43.32], [-97.08, 43.32], [-97.08, 43.160000000000004], [-96.92, 43.160000000000004]]]}}, {"id": "2379", "type": "Feature", "properties": {}, "geometry": {"type": "Polygon", "coordinates": [[[-96.76, 43.160000000000004], [-96.76, 43.32], [-96.92, 43.32], [-96.92, 43.160000000000004], [-96.76, 43.160000000000004]]]}}, {"id": "2380", "type": "Feature", "properties": {}, "geometry": {"type": "Polygon", "coordinates": [[[-96.60000000000001, 43.160000000000004], [-96.60000000000001, 43.32], [-96.76, 43.32], [-96.76, 43.160000000000004], [-96.60000000000001, 43.160000000000004]]]}}, {"id": "2381", "type": "Feature", "properties": {}, "geometry": {"type": "Polygon", "coordinates": [[[-96.44, 43.160000000000004], [-96.44, 43.32], [-96.6, 43.32], [-96.6, 43.160000000000004], [-96.44, 43.160000000000004]]]}}, {"id": "2382", "type": "Feature", "properties": {}, "geometry": {"type": "Polygon", "coordinates": [[[-96.28, 43.160000000000004], [-96.28, 43.32], [-96.44, 43.32], [-96.44, 43.160000000000004], [-96.28, 43.160000000000004]]]}}, {"id": "2383", "type": "Feature", "properties": {}, "geometry": {"type": "Polygon", "coordinates": [[[-96.12, 43.160000000000004], [-96.12, 43.32], [-96.28, 43.32], [-96.28, 43.160000000000004], [-96.12, 43.160000000000004]]]}}, {"id": "2384", "type": "Feature", "properties": {}, "geometry": {"type": "Polygon", "coordinates": [[[-95.96000000000001, 43.160000000000004], [-95.96000000000001, 43.32], [-96.12, 43.32], [-96.12, 43.160000000000004], [-95.96000000000001, 43.160000000000004]]]}}, {"id": "2385", "type": "Feature", "properties": {}, "geometry": {"type": "Polygon", "coordinates": [[[-95.64, 43.160000000000004], [-95.64, 43.32], [-95.8, 43.32], [-95.8, 43.160000000000004], [-95.64, 43.160000000000004]]]}}, {"id": "2386", "type": "Feature", "properties": {}, "geometry": {"type": "Polygon", "coordinates": [[[-95.48, 43.160000000000004], [-95.48, 43.32], [-95.64, 43.32], [-95.64, 43.160000000000004], [-95.48, 43.160000000000004]]]}}, {"id": "2387", "type": "Feature", "properties": {}, "geometry": {"type": "Polygon", "coordinates": [[[-95.32000000000001, 43.160000000000004], [-95.32000000000001, 43.32], [-95.48, 43.32], [-95.48, 43.160000000000004], [-95.32000000000001, 43.160000000000004]]]}}, {"id": "2388", "type": "Feature", "properties": {}, "geometry": {"type": "Polygon", "coordinates": [[[-95.16, 43.160000000000004], [-95.16, 43.32], [-95.32, 43.32], [-95.32, 43.160000000000004], [-95.16, 43.160000000000004]]]}}, {"id": "2389", "type": "Feature", "properties": {}, "geometry": {"type": "Polygon", "coordinates": [[[-95.0, 43.160000000000004], [-95.0, 43.32], [-95.16, 43.32], [-95.16, 43.160000000000004], [-95.0, 43.160000000000004]]]}}, {"id": "2390", "type": "Feature", "properties": {}, "geometry": {"type": "Polygon", "coordinates": [[[-94.84, 43.160000000000004], [-94.84, 43.32], [-95.0, 43.32], [-95.0, 43.160000000000004], [-94.84, 43.160000000000004]]]}}, {"id": "2391", "type": "Feature", "properties": {}, "geometry": {"type": "Polygon", "coordinates": [[[-94.68, 43.160000000000004], [-94.68, 43.32], [-94.84, 43.32], [-94.84, 43.160000000000004], [-94.68, 43.160000000000004]]]}}, {"id": "2392", "type": "Feature", "properties": {}, "geometry": {"type": "Polygon", "coordinates": [[[-94.52, 43.160000000000004], [-94.52, 43.32], [-94.67999999999999, 43.32], [-94.67999999999999, 43.160000000000004], [-94.52, 43.160000000000004]]]}}, {"id": "2393", "type": "Feature", "properties": {}, "geometry": {"type": "Polygon", "coordinates": [[[-94.36, 43.160000000000004], [-94.36, 43.32], [-94.52, 43.32], [-94.52, 43.160000000000004], [-94.36, 43.160000000000004]]]}}, {"id": "2394", "type": "Feature", "properties": {}, "geometry": {"type": "Polygon", "coordinates": [[[-94.2, 43.160000000000004], [-94.2, 43.32], [-94.36, 43.32], [-94.36, 43.160000000000004], [-94.2, 43.160000000000004]]]}}, {"id": "2395", "type": "Feature", "properties": {}, "geometry": {"type": "Polygon", "coordinates": [[[-94.04, 43.160000000000004], [-94.04, 43.32], [-94.2, 43.32], [-94.2, 43.160000000000004], [-94.04, 43.160000000000004]]]}}, {"id": "2396", "type": "Feature", "properties": {}, "geometry": {"type": "Polygon", "coordinates": [[[-93.88, 43.160000000000004], [-93.88, 43.32], [-94.03999999999999, 43.32], [-94.03999999999999, 43.160000000000004], [-93.88, 43.160000000000004]]]}}, {"id": "2397", "type": "Feature", "properties": {}, "geometry": {"type": "Polygon", "coordinates": [[[-93.72, 43.160000000000004], [-93.72, 43.32], [-93.88, 43.32], [-93.88, 43.160000000000004], [-93.72, 43.160000000000004]]]}}, {"id": "2398", "type": "Feature", "properties": {}, "geometry": {"type": "Polygon", "coordinates": [[[-93.56, 43.160000000000004], [-93.56, 43.32], [-93.72, 43.32], [-93.72, 43.160000000000004], [-93.56, 43.160000000000004]]]}}, {"id": "2399", "type": "Feature", "properties": {}, "geometry": {"type": "Polygon", "coordinates": [[[-93.4, 43.160000000000004], [-93.4, 43.32], [-93.56, 43.32], [-93.56, 43.160000000000004], [-93.4, 43.160000000000004]]]}}, {"id": "2400", "type": "Feature", "properties": {}, "geometry": {"type": "Polygon", "coordinates": [[[-93.24, 43.160000000000004], [-93.24, 43.32], [-93.39999999999999, 43.32], [-93.39999999999999, 43.160000000000004], [-93.24, 43.160000000000004]]]}}, {"id": "2401", "type": "Feature", "properties": {}, "geometry": {"type": "Polygon", "coordinates": [[[-93.08, 43.160000000000004], [-93.08, 43.32], [-93.24, 43.32], [-93.24, 43.160000000000004], [-93.08, 43.160000000000004]]]}}, {"id": "2402", "type": "Feature", "properties": {}, "geometry": {"type": "Polygon", "coordinates": [[[-92.92, 43.160000000000004], [-92.92, 43.32], [-93.08, 43.32], [-93.08, 43.160000000000004], [-92.92, 43.160000000000004]]]}}, {"id": "2403", "type": "Feature", "properties": {}, "geometry": {"type": "Polygon", "coordinates": [[[-92.76, 43.160000000000004], [-92.76, 43.32], [-92.92, 43.32], [-92.92, 43.160000000000004], [-92.76, 43.160000000000004]]]}}, {"id": "2404", "type": "Feature", "properties": {}, "geometry": {"type": "Polygon", "coordinates": [[[-92.60000000000001, 43.160000000000004], [-92.60000000000001, 43.32], [-92.76, 43.32], [-92.76, 43.160000000000004], [-92.60000000000001, 43.160000000000004]]]}}, {"id": "2405", "type": "Feature", "properties": {}, "geometry": {"type": "Polygon", "coordinates": [[[-91.8, 43.160000000000004], [-91.8, 43.32], [-91.96, 43.32], [-91.96, 43.160000000000004], [-91.8, 43.160000000000004]]]}}, {"id": "2406", "type": "Feature", "properties": {}, "geometry": {"type": "Polygon", "coordinates": [[[-91.16, 43.160000000000004], [-91.16, 43.32], [-91.32, 43.32], [-91.32, 43.160000000000004], [-91.16, 43.160000000000004]]]}}, {"id": "2407", "type": "Feature", "properties": {}, "geometry": {"type": "Polygon", "coordinates": [[[-91.0, 43.160000000000004], [-91.0, 43.32], [-91.16, 43.32], [-91.16, 43.160000000000004], [-91.0, 43.160000000000004]]]}}, {"id": "2408", "type": "Feature", "properties": {}, "geometry": {"type": "Polygon", "coordinates": [[[-87.8, 43.160000000000004], [-87.8, 43.32], [-87.96, 43.32], [-87.96, 43.160000000000004], [-87.8, 43.160000000000004]]]}}, {"id": "2409", "type": "Feature", "properties": {}, "geometry": {"type": "Polygon", "coordinates": [[[-87.64, 43.160000000000004], [-87.64, 43.32], [-87.8, 43.32], [-87.8, 43.160000000000004], [-87.64, 43.160000000000004]]]}}, {"id": "2410", "type": "Feature", "properties": {}, "geometry": {"type": "Polygon", "coordinates": [[[-87.48, 43.160000000000004], [-87.48, 43.32], [-87.64, 43.32], [-87.64, 43.160000000000004], [-87.48, 43.160000000000004]]]}}, {"id": "2411", "type": "Feature", "properties": {}, "geometry": {"type": "Polygon", "coordinates": [[[-87.32000000000001, 43.160000000000004], [-87.32000000000001, 43.32], [-87.48, 43.32], [-87.48, 43.160000000000004], [-87.32000000000001, 43.160000000000004]]]}}, {"id": "2412", "type": "Feature", "properties": {}, "geometry": {"type": "Polygon", "coordinates": [[[-87.16, 43.160000000000004], [-87.16, 43.32], [-87.32, 43.32], [-87.32, 43.160000000000004], [-87.16, 43.160000000000004]]]}}, {"id": "2413", "type": "Feature", "properties": {}, "geometry": {"type": "Polygon", "coordinates": [[[-87.0, 43.160000000000004], [-87.0, 43.32], [-87.16, 43.32], [-87.16, 43.160000000000004], [-87.0, 43.160000000000004]]]}}, {"id": "2414", "type": "Feature", "properties": {}, "geometry": {"type": "Polygon", "coordinates": [[[-86.84, 43.160000000000004], [-86.84, 43.32], [-87.0, 43.32], [-87.0, 43.160000000000004], [-86.84, 43.160000000000004]]]}}, {"id": "2415", "type": "Feature", "properties": {}, "geometry": {"type": "Polygon", "coordinates": [[[-86.67999999999999, 43.160000000000004], [-86.67999999999999, 43.32], [-86.83999999999999, 43.32], [-86.83999999999999, 43.160000000000004], [-86.67999999999999, 43.160000000000004]]]}}, {"id": "2416", "type": "Feature", "properties": {}, "geometry": {"type": "Polygon", "coordinates": [[[-86.52, 43.160000000000004], [-86.52, 43.32], [-86.67999999999999, 43.32], [-86.67999999999999, 43.160000000000004], [-86.52, 43.160000000000004]]]}}, {"id": "2417", "type": "Feature", "properties": {}, "geometry": {"type": "Polygon", "coordinates": [[[-86.36, 43.160000000000004], [-86.36, 43.32], [-86.52, 43.32], [-86.52, 43.160000000000004], [-86.36, 43.160000000000004]]]}}, {"id": "2418", "type": "Feature", "properties": {}, "geometry": {"type": "Polygon", "coordinates": [[[-86.2, 43.160000000000004], [-86.2, 43.32], [-86.36, 43.32], [-86.36, 43.160000000000004], [-86.2, 43.160000000000004]]]}}, {"id": "2419", "type": "Feature", "properties": {}, "geometry": {"type": "Polygon", "coordinates": [[[-86.04, 43.160000000000004], [-86.04, 43.32], [-86.2, 43.32], [-86.2, 43.160000000000004], [-86.04, 43.160000000000004]]]}}, {"id": "2420", "type": "Feature", "properties": {}, "geometry": {"type": "Polygon", "coordinates": [[[-85.72, 43.160000000000004], [-85.72, 43.32], [-85.88, 43.32], [-85.88, 43.160000000000004], [-85.72, 43.160000000000004]]]}}, {"id": "2421", "type": "Feature", "properties": {}, "geometry": {"type": "Polygon", "coordinates": [[[-85.56, 43.160000000000004], [-85.56, 43.32], [-85.72, 43.32], [-85.72, 43.160000000000004], [-85.56, 43.160000000000004]]]}}, {"id": "2422", "type": "Feature", "properties": {}, "geometry": {"type": "Polygon", "coordinates": [[[-85.4, 43.160000000000004], [-85.4, 43.32], [-85.56, 43.32], [-85.56, 43.160000000000004], [-85.4, 43.160000000000004]]]}}, {"id": "2423", "type": "Feature", "properties": {}, "geometry": {"type": "Polygon", "coordinates": [[[-85.24, 43.160000000000004], [-85.24, 43.32], [-85.39999999999999, 43.32], [-85.39999999999999, 43.160000000000004], [-85.24, 43.160000000000004]]]}}, {"id": "2424", "type": "Feature", "properties": {}, "geometry": {"type": "Polygon", "coordinates": [[[-85.08, 43.160000000000004], [-85.08, 43.32], [-85.24, 43.32], [-85.24, 43.160000000000004], [-85.08, 43.160000000000004]]]}}, {"id": "2425", "type": "Feature", "properties": {}, "geometry": {"type": "Polygon", "coordinates": [[[-84.92, 43.160000000000004], [-84.92, 43.32], [-85.08, 43.32], [-85.08, 43.160000000000004], [-84.92, 43.160000000000004]]]}}, {"id": "2426", "type": "Feature", "properties": {}, "geometry": {"type": "Polygon", "coordinates": [[[-84.76, 43.160000000000004], [-84.76, 43.32], [-84.92, 43.32], [-84.92, 43.160000000000004], [-84.76, 43.160000000000004]]]}}, {"id": "2427", "type": "Feature", "properties": {}, "geometry": {"type": "Polygon", "coordinates": [[[-84.60000000000001, 43.160000000000004], [-84.60000000000001, 43.32], [-84.76, 43.32], [-84.76, 43.160000000000004], [-84.60000000000001, 43.160000000000004]]]}}, {"id": "2428", "type": "Feature", "properties": {}, "geometry": {"type": "Polygon", "coordinates": [[[-84.44, 43.160000000000004], [-84.44, 43.32], [-84.6, 43.32], [-84.6, 43.160000000000004], [-84.44, 43.160000000000004]]]}}, {"id": "2429", "type": "Feature", "properties": {}, "geometry": {"type": "Polygon", "coordinates": [[[-84.28, 43.160000000000004], [-84.28, 43.32], [-84.44, 43.32], [-84.44, 43.160000000000004], [-84.28, 43.160000000000004]]]}}, {"id": "2430", "type": "Feature", "properties": {}, "geometry": {"type": "Polygon", "coordinates": [[[-84.12, 43.160000000000004], [-84.12, 43.32], [-84.28, 43.32], [-84.28, 43.160000000000004], [-84.12, 43.160000000000004]]]}}, {"id": "2431", "type": "Feature", "properties": {}, "geometry": {"type": "Polygon", "coordinates": [[[-83.96, 43.160000000000004], [-83.96, 43.32], [-84.11999999999999, 43.32], [-84.11999999999999, 43.160000000000004], [-83.96, 43.160000000000004]]]}}, {"id": "2432", "type": "Feature", "properties": {}, "geometry": {"type": "Polygon", "coordinates": [[[-102.84, 43.0], [-102.84, 43.16], [-103.0, 43.16], [-103.0, 43.0], [-102.84, 43.0]]]}}, {"id": "2433", "type": "Feature", "properties": {}, "geometry": {"type": "Polygon", "coordinates": [[[-102.68, 43.0], [-102.68, 43.16], [-102.84, 43.16], [-102.84, 43.0], [-102.68, 43.0]]]}}, {"id": "2434", "type": "Feature", "properties": {}, "geometry": {"type": "Polygon", "coordinates": [[[-102.52, 43.0], [-102.52, 43.16], [-102.67999999999999, 43.16], [-102.67999999999999, 43.0], [-102.52, 43.0]]]}}, {"id": "2435", "type": "Feature", "properties": {}, "geometry": {"type": "Polygon", "coordinates": [[[-102.36, 43.0], [-102.36, 43.16], [-102.52, 43.16], [-102.52, 43.0], [-102.36, 43.0]]]}}, {"id": "2436", "type": "Feature", "properties": {}, "geometry": {"type": "Polygon", "coordinates": [[[-102.2, 43.0], [-102.2, 43.16], [-102.36, 43.16], [-102.36, 43.0], [-102.2, 43.0]]]}}, {"id": "2437", "type": "Feature", "properties": {}, "geometry": {"type": "Polygon", "coordinates": [[[-102.04, 43.0], [-102.04, 43.16], [-102.2, 43.16], [-102.2, 43.0], [-102.04, 43.0]]]}}, {"id": "2438", "type": "Feature", "properties": {}, "geometry": {"type": "Polygon", "coordinates": [[[-101.88, 43.0], [-101.88, 43.16], [-102.03999999999999, 43.16], [-102.03999999999999, 43.0], [-101.88, 43.0]]]}}, {"id": "2439", "type": "Feature", "properties": {}, "geometry": {"type": "Polygon", "coordinates": [[[-101.72, 43.0], [-101.72, 43.16], [-101.88, 43.16], [-101.88, 43.0], [-101.72, 43.0]]]}}, {"id": "2440", "type": "Feature", "properties": {}, "geometry": {"type": "Polygon", "coordinates": [[[-101.56, 43.0], [-101.56, 43.16], [-101.72, 43.16], [-101.72, 43.0], [-101.56, 43.0]]]}}, {"id": "2441", "type": "Feature", "properties": {}, "geometry": {"type": "Polygon", "coordinates": [[[-101.4, 43.0], [-101.4, 43.16], [-101.56, 43.16], [-101.56, 43.0], [-101.4, 43.0]]]}}, {"id": "2442", "type": "Feature", "properties": {}, "geometry": {"type": "Polygon", "coordinates": [[[-101.24, 43.0], [-101.24, 43.16], [-101.39999999999999, 43.16], [-101.39999999999999, 43.0], [-101.24, 43.0]]]}}, {"id": "2443", "type": "Feature", "properties": {}, "geometry": {"type": "Polygon", "coordinates": [[[-101.08, 43.0], [-101.08, 43.16], [-101.24, 43.16], [-101.24, 43.0], [-101.08, 43.0]]]}}, {"id": "2444", "type": "Feature", "properties": {}, "geometry": {"type": "Polygon", "coordinates": [[[-100.92, 43.0], [-100.92, 43.16], [-101.08, 43.16], [-101.08, 43.0], [-100.92, 43.0]]]}}, {"id": "2445", "type": "Feature", "properties": {}, "geometry": {"type": "Polygon", "coordinates": [[[-100.76, 43.0], [-100.76, 43.16], [-100.92, 43.16], [-100.92, 43.0], [-100.76, 43.0]]]}}, {"id": "2446", "type": "Feature", "properties": {}, "geometry": {"type": "Polygon", "coordinates": [[[-100.60000000000001, 43.0], [-100.60000000000001, 43.16], [-100.76, 43.16], [-100.76, 43.0], [-100.60000000000001, 43.0]]]}}, {"id": "2447", "type": "Feature", "properties": {}, "geometry": {"type": "Polygon", "coordinates": [[[-100.44, 43.0], [-100.44, 43.16], [-100.6, 43.16], [-100.6, 43.0], [-100.44, 43.0]]]}}, {"id": "2448", "type": "Feature", "properties": {}, "geometry": {"type": "Polygon", "coordinates": [[[-100.28, 43.0], [-100.28, 43.16], [-100.44, 43.16], [-100.44, 43.0], [-100.28, 43.0]]]}}, {"id": "2449", "type": "Feature", "properties": {}, "geometry": {"type": "Polygon", "coordinates": [[[-100.12, 43.0], [-100.12, 43.16], [-100.28, 43.16], [-100.28, 43.0], [-100.12, 43.0]]]}}, {"id": "2450", "type": "Feature", "properties": {}, "geometry": {"type": "Polygon", "coordinates": [[[-99.96000000000001, 43.0], [-99.96000000000001, 43.16], [-100.12, 43.16], [-100.12, 43.0], [-99.96000000000001, 43.0]]]}}, {"id": "2451", "type": "Feature", "properties": {}, "geometry": {"type": "Polygon", "coordinates": [[[-99.8, 43.0], [-99.8, 43.16], [-99.96, 43.16], [-99.96, 43.0], [-99.8, 43.0]]]}}, {"id": "2452", "type": "Feature", "properties": {}, "geometry": {"type": "Polygon", "coordinates": [[[-99.64, 43.0], [-99.64, 43.16], [-99.8, 43.16], [-99.8, 43.0], [-99.64, 43.0]]]}}, {"id": "2453", "type": "Feature", "properties": {}, "geometry": {"type": "Polygon", "coordinates": [[[-99.48, 43.0], [-99.48, 43.16], [-99.64, 43.16], [-99.64, 43.0], [-99.48, 43.0]]]}}, {"id": "2454", "type": "Feature", "properties": {}, "geometry": {"type": "Polygon", "coordinates": [[[-99.32000000000001, 43.0], [-99.32000000000001, 43.16], [-99.48, 43.16], [-99.48, 43.0], [-99.32000000000001, 43.0]]]}}, {"id": "2455", "type": "Feature", "properties": {}, "geometry": {"type": "Polygon", "coordinates": [[[-99.16, 43.0], [-99.16, 43.16], [-99.32, 43.16], [-99.32, 43.0], [-99.16, 43.0]]]}}, {"id": "2456", "type": "Feature", "properties": {}, "geometry": {"type": "Polygon", "coordinates": [[[-99.0, 43.0], [-99.0, 43.16], [-99.16, 43.16], [-99.16, 43.0], [-99.0, 43.0]]]}}, {"id": "2457", "type": "Feature", "properties": {}, "geometry": {"type": "Polygon", "coordinates": [[[-98.84, 43.0], [-98.84, 43.16], [-99.0, 43.16], [-99.0, 43.0], [-98.84, 43.0]]]}}, {"id": "2458", "type": "Feature", "properties": {}, "geometry": {"type": "Polygon", "coordinates": [[[-98.68, 43.0], [-98.68, 43.16], [-98.84, 43.16], [-98.84, 43.0], [-98.68, 43.0]]]}}, {"id": "2459", "type": "Feature", "properties": {}, "geometry": {"type": "Polygon", "coordinates": [[[-98.52, 43.0], [-98.52, 43.16], [-98.67999999999999, 43.16], [-98.67999999999999, 43.0], [-98.52, 43.0]]]}}, {"id": "2460", "type": "Feature", "properties": {}, "geometry": {"type": "Polygon", "coordinates": [[[-98.36, 43.0], [-98.36, 43.16], [-98.52, 43.16], [-98.52, 43.0], [-98.36, 43.0]]]}}, {"id": "2461", "type": "Feature", "properties": {}, "geometry": {"type": "Polygon", "coordinates": [[[-98.2, 43.0], [-98.2, 43.16], [-98.36, 43.16], [-98.36, 43.0], [-98.2, 43.0]]]}}, {"id": "2462", "type": "Feature", "properties": {}, "geometry": {"type": "Polygon", "coordinates": [[[-98.04, 43.0], [-98.04, 43.16], [-98.2, 43.16], [-98.2, 43.0], [-98.04, 43.0]]]}}, {"id": "2463", "type": "Feature", "properties": {}, "geometry": {"type": "Polygon", "coordinates": [[[-97.88, 43.0], [-97.88, 43.16], [-98.03999999999999, 43.16], [-98.03999999999999, 43.0], [-97.88, 43.0]]]}}, {"id": "2464", "type": "Feature", "properties": {}, "geometry": {"type": "Polygon", "coordinates": [[[-97.72, 43.0], [-97.72, 43.16], [-97.88, 43.16], [-97.88, 43.0], [-97.72, 43.0]]]}}, {"id": "2465", "type": "Feature", "properties": {}, "geometry": {"type": "Polygon", "coordinates": [[[-97.56, 43.0], [-97.56, 43.16], [-97.72, 43.16], [-97.72, 43.0], [-97.56, 43.0]]]}}, {"id": "2466", "type": "Feature", "properties": {}, "geometry": {"type": "Polygon", "coordinates": [[[-97.4, 43.0], [-97.4, 43.16], [-97.56, 43.16], [-97.56, 43.0], [-97.4, 43.0]]]}}, {"id": "2467", "type": "Feature", "properties": {}, "geometry": {"type": "Polygon", "coordinates": [[[-97.24, 43.0], [-97.24, 43.16], [-97.39999999999999, 43.16], [-97.39999999999999, 43.0], [-97.24, 43.0]]]}}, {"id": "2468", "type": "Feature", "properties": {}, "geometry": {"type": "Polygon", "coordinates": [[[-97.08, 43.0], [-97.08, 43.16], [-97.24, 43.16], [-97.24, 43.0], [-97.08, 43.0]]]}}, {"id": "2469", "type": "Feature", "properties": {}, "geometry": {"type": "Polygon", "coordinates": [[[-96.92, 43.0], [-96.92, 43.16], [-97.08, 43.16], [-97.08, 43.0], [-96.92, 43.0]]]}}, {"id": "2470", "type": "Feature", "properties": {}, "geometry": {"type": "Polygon", "coordinates": [[[-96.76, 43.0], [-96.76, 43.16], [-96.92, 43.16], [-96.92, 43.0], [-96.76, 43.0]]]}}, {"id": "2471", "type": "Feature", "properties": {}, "geometry": {"type": "Polygon", "coordinates": [[[-96.60000000000001, 43.0], [-96.60000000000001, 43.16], [-96.76, 43.16], [-96.76, 43.0], [-96.60000000000001, 43.0]]]}}, {"id": "2472", "type": "Feature", "properties": {}, "geometry": {"type": "Polygon", "coordinates": [[[-96.44, 43.0], [-96.44, 43.16], [-96.6, 43.16], [-96.6, 43.0], [-96.44, 43.0]]]}}, {"id": "2473", "type": "Feature", "properties": {}, "geometry": {"type": "Polygon", "coordinates": [[[-96.28, 43.0], [-96.28, 43.16], [-96.44, 43.16], [-96.44, 43.0], [-96.28, 43.0]]]}}, {"id": "2474", "type": "Feature", "properties": {}, "geometry": {"type": "Polygon", "coordinates": [[[-96.12, 43.0], [-96.12, 43.16], [-96.28, 43.16], [-96.28, 43.0], [-96.12, 43.0]]]}}, {"id": "2475", "type": "Feature", "properties": {}, "geometry": {"type": "Polygon", "coordinates": [[[-95.96000000000001, 43.0], [-95.96000000000001, 43.16], [-96.12, 43.16], [-96.12, 43.0], [-95.96000000000001, 43.0]]]}}, {"id": "2476", "type": "Feature", "properties": {}, "geometry": {"type": "Polygon", "coordinates": [[[-95.8, 43.0], [-95.8, 43.16], [-95.96, 43.16], [-95.96, 43.0], [-95.8, 43.0]]]}}, {"id": "2477", "type": "Feature", "properties": {}, "geometry": {"type": "Polygon", "coordinates": [[[-95.64, 43.0], [-95.64, 43.16], [-95.8, 43.16], [-95.8, 43.0], [-95.64, 43.0]]]}}, {"id": "2478", "type": "Feature", "properties": {}, "geometry": {"type": "Polygon", "coordinates": [[[-95.48, 43.0], [-95.48, 43.16], [-95.64, 43.16], [-95.64, 43.0], [-95.48, 43.0]]]}}, {"id": "2479", "type": "Feature", "properties": {}, "geometry": {"type": "Polygon", "coordinates": [[[-95.32000000000001, 43.0], [-95.32000000000001, 43.16], [-95.48, 43.16], [-95.48, 43.0], [-95.32000000000001, 43.0]]]}}, {"id": "2480", "type": "Feature", "properties": {}, "geometry": {"type": "Polygon", "coordinates": [[[-95.16, 43.0], [-95.16, 43.16], [-95.32, 43.16], [-95.32, 43.0], [-95.16, 43.0]]]}}, {"id": "2481", "type": "Feature", "properties": {}, "geometry": {"type": "Polygon", "coordinates": [[[-95.0, 43.0], [-95.0, 43.16], [-95.16, 43.16], [-95.16, 43.0], [-95.0, 43.0]]]}}, {"id": "2482", "type": "Feature", "properties": {}, "geometry": {"type": "Polygon", "coordinates": [[[-94.84, 43.0], [-94.84, 43.16], [-95.0, 43.16], [-95.0, 43.0], [-94.84, 43.0]]]}}, {"id": "2483", "type": "Feature", "properties": {}, "geometry": {"type": "Polygon", "coordinates": [[[-94.68, 43.0], [-94.68, 43.16], [-94.84, 43.16], [-94.84, 43.0], [-94.68, 43.0]]]}}, {"id": "2484", "type": "Feature", "properties": {}, "geometry": {"type": "Polygon", "coordinates": [[[-94.52, 43.0], [-94.52, 43.16], [-94.67999999999999, 43.16], [-94.67999999999999, 43.0], [-94.52, 43.0]]]}}, {"id": "2485", "type": "Feature", "properties": {}, "geometry": {"type": "Polygon", "coordinates": [[[-94.36, 43.0], [-94.36, 43.16], [-94.52, 43.16], [-94.52, 43.0], [-94.36, 43.0]]]}}, {"id": "2486", "type": "Feature", "properties": {}, "geometry": {"type": "Polygon", "coordinates": [[[-94.2, 43.0], [-94.2, 43.16], [-94.36, 43.16], [-94.36, 43.0], [-94.2, 43.0]]]}}, {"id": "2487", "type": "Feature", "properties": {}, "geometry": {"type": "Polygon", "coordinates": [[[-94.04, 43.0], [-94.04, 43.16], [-94.2, 43.16], [-94.2, 43.0], [-94.04, 43.0]]]}}, {"id": "2488", "type": "Feature", "properties": {}, "geometry": {"type": "Polygon", "coordinates": [[[-93.88, 43.0], [-93.88, 43.16], [-94.03999999999999, 43.16], [-94.03999999999999, 43.0], [-93.88, 43.0]]]}}, {"id": "2489", "type": "Feature", "properties": {}, "geometry": {"type": "Polygon", "coordinates": [[[-93.72, 43.0], [-93.72, 43.16], [-93.88, 43.16], [-93.88, 43.0], [-93.72, 43.0]]]}}, {"id": "2490", "type": "Feature", "properties": {}, "geometry": {"type": "Polygon", "coordinates": [[[-93.56, 43.0], [-93.56, 43.16], [-93.72, 43.16], [-93.72, 43.0], [-93.56, 43.0]]]}}, {"id": "2491", "type": "Feature", "properties": {}, "geometry": {"type": "Polygon", "coordinates": [[[-93.4, 43.0], [-93.4, 43.16], [-93.56, 43.16], [-93.56, 43.0], [-93.4, 43.0]]]}}, {"id": "2492", "type": "Feature", "properties": {}, "geometry": {"type": "Polygon", "coordinates": [[[-93.24, 43.0], [-93.24, 43.16], [-93.39999999999999, 43.16], [-93.39999999999999, 43.0], [-93.24, 43.0]]]}}, {"id": "2493", "type": "Feature", "properties": {}, "geometry": {"type": "Polygon", "coordinates": [[[-93.08, 43.0], [-93.08, 43.16], [-93.24, 43.16], [-93.24, 43.0], [-93.08, 43.0]]]}}, {"id": "2494", "type": "Feature", "properties": {}, "geometry": {"type": "Polygon", "coordinates": [[[-92.92, 43.0], [-92.92, 43.16], [-93.08, 43.16], [-93.08, 43.0], [-92.92, 43.0]]]}}, {"id": "2495", "type": "Feature", "properties": {}, "geometry": {"type": "Polygon", "coordinates": [[[-87.8, 43.0], [-87.8, 43.16], [-87.96, 43.16], [-87.96, 43.0], [-87.8, 43.0]]]}}, {"id": "2496", "type": "Feature", "properties": {}, "geometry": {"type": "Polygon", "coordinates": [[[-87.64, 43.0], [-87.64, 43.16], [-87.8, 43.16], [-87.8, 43.0], [-87.64, 43.0]]]}}, {"id": "2497", "type": "Feature", "properties": {}, "geometry": {"type": "Polygon", "coordinates": [[[-87.48, 43.0], [-87.48, 43.16], [-87.64, 43.16], [-87.64, 43.0], [-87.48, 43.0]]]}}, {"id": "2498", "type": "Feature", "properties": {}, "geometry": {"type": "Polygon", "coordinates": [[[-87.32000000000001, 43.0], [-87.32000000000001, 43.16], [-87.48, 43.16], [-87.48, 43.0], [-87.32000000000001, 43.0]]]}}, {"id": "2499", "type": "Feature", "properties": {}, "geometry": {"type": "Polygon", "coordinates": [[[-87.16, 43.0], [-87.16, 43.16], [-87.32, 43.16], [-87.32, 43.0], [-87.16, 43.0]]]}}, {"id": "2500", "type": "Feature", "properties": {}, "geometry": {"type": "Polygon", "coordinates": [[[-87.0, 43.0], [-87.0, 43.16], [-87.16, 43.16], [-87.16, 43.0], [-87.0, 43.0]]]}}, {"id": "2501", "type": "Feature", "properties": {}, "geometry": {"type": "Polygon", "coordinates": [[[-86.84, 43.0], [-86.84, 43.16], [-87.0, 43.16], [-87.0, 43.0], [-86.84, 43.0]]]}}, {"id": "2502", "type": "Feature", "properties": {}, "geometry": {"type": "Polygon", "coordinates": [[[-86.67999999999999, 43.0], [-86.67999999999999, 43.16], [-86.83999999999999, 43.16], [-86.83999999999999, 43.0], [-86.67999999999999, 43.0]]]}}, {"id": "2503", "type": "Feature", "properties": {}, "geometry": {"type": "Polygon", "coordinates": [[[-86.52, 43.0], [-86.52, 43.16], [-86.67999999999999, 43.16], [-86.67999999999999, 43.0], [-86.52, 43.0]]]}}, {"id": "2504", "type": "Feature", "properties": {}, "geometry": {"type": "Polygon", "coordinates": [[[-86.36, 43.0], [-86.36, 43.16], [-86.52, 43.16], [-86.52, 43.0], [-86.36, 43.0]]]}}, {"id": "2505", "type": "Feature", "properties": {}, "geometry": {"type": "Polygon", "coordinates": [[[-86.2, 43.0], [-86.2, 43.16], [-86.36, 43.16], [-86.36, 43.0], [-86.2, 43.0]]]}}, {"id": "2506", "type": "Feature", "properties": {}, "geometry": {"type": "Polygon", "coordinates": [[[-86.04, 43.0], [-86.04, 43.16], [-86.2, 43.16], [-86.2, 43.0], [-86.04, 43.0]]]}}, {"id": "2507", "type": "Feature", "properties": {}, "geometry": {"type": "Polygon", "coordinates": [[[-102.84, 42.84], [-102.84, 43.0], [-103.0, 43.0], [-103.0, 42.84], [-102.84, 42.84]]]}}, {"id": "2508", "type": "Feature", "properties": {}, "geometry": {"type": "Polygon", "coordinates": [[[-102.68, 42.84], [-102.68, 43.0], [-102.84, 43.0], [-102.84, 42.84], [-102.68, 42.84]]]}}, {"id": "2509", "type": "Feature", "properties": {}, "geometry": {"type": "Polygon", "coordinates": [[[-102.52, 42.84], [-102.52, 43.0], [-102.67999999999999, 43.0], [-102.67999999999999, 42.84], [-102.52, 42.84]]]}}, {"id": "2510", "type": "Feature", "properties": {}, "geometry": {"type": "Polygon", "coordinates": [[[-102.36, 42.84], [-102.36, 43.0], [-102.52, 43.0], [-102.52, 42.84], [-102.36, 42.84]]]}}, {"id": "2511", "type": "Feature", "properties": {}, "geometry": {"type": "Polygon", "coordinates": [[[-102.2, 42.84], [-102.2, 43.0], [-102.36, 43.0], [-102.36, 42.84], [-102.2, 42.84]]]}}, {"id": "2512", "type": "Feature", "properties": {}, "geometry": {"type": "Polygon", "coordinates": [[[-102.04, 42.84], [-102.04, 43.0], [-102.2, 43.0], [-102.2, 42.84], [-102.04, 42.84]]]}}, {"id": "2513", "type": "Feature", "properties": {}, "geometry": {"type": "Polygon", "coordinates": [[[-101.88, 42.84], [-101.88, 43.0], [-102.03999999999999, 43.0], [-102.03999999999999, 42.84], [-101.88, 42.84]]]}}, {"id": "2514", "type": "Feature", "properties": {}, "geometry": {"type": "Polygon", "coordinates": [[[-101.72, 42.84], [-101.72, 43.0], [-101.88, 43.0], [-101.88, 42.84], [-101.72, 42.84]]]}}, {"id": "2515", "type": "Feature", "properties": {}, "geometry": {"type": "Polygon", "coordinates": [[[-101.56, 42.84], [-101.56, 43.0], [-101.72, 43.0], [-101.72, 42.84], [-101.56, 42.84]]]}}, {"id": "2516", "type": "Feature", "properties": {}, "geometry": {"type": "Polygon", "coordinates": [[[-101.4, 42.84], [-101.4, 43.0], [-101.56, 43.0], [-101.56, 42.84], [-101.4, 42.84]]]}}, {"id": "2517", "type": "Feature", "properties": {}, "geometry": {"type": "Polygon", "coordinates": [[[-101.24, 42.84], [-101.24, 43.0], [-101.39999999999999, 43.0], [-101.39999999999999, 42.84], [-101.24, 42.84]]]}}, {"id": "2518", "type": "Feature", "properties": {}, "geometry": {"type": "Polygon", "coordinates": [[[-101.08, 42.84], [-101.08, 43.0], [-101.24, 43.0], [-101.24, 42.84], [-101.08, 42.84]]]}}, {"id": "2519", "type": "Feature", "properties": {}, "geometry": {"type": "Polygon", "coordinates": [[[-100.92, 42.84], [-100.92, 43.0], [-101.08, 43.0], [-101.08, 42.84], [-100.92, 42.84]]]}}, {"id": "2520", "type": "Feature", "properties": {}, "geometry": {"type": "Polygon", "coordinates": [[[-100.76, 42.84], [-100.76, 43.0], [-100.92, 43.0], [-100.92, 42.84], [-100.76, 42.84]]]}}, {"id": "2521", "type": "Feature", "properties": {}, "geometry": {"type": "Polygon", "coordinates": [[[-100.60000000000001, 42.84], [-100.60000000000001, 43.0], [-100.76, 43.0], [-100.76, 42.84], [-100.60000000000001, 42.84]]]}}, {"id": "2522", "type": "Feature", "properties": {}, "geometry": {"type": "Polygon", "coordinates": [[[-100.44, 42.84], [-100.44, 43.0], [-100.6, 43.0], [-100.6, 42.84], [-100.44, 42.84]]]}}, {"id": "2523", "type": "Feature", "properties": {}, "geometry": {"type": "Polygon", "coordinates": [[[-100.28, 42.84], [-100.28, 43.0], [-100.44, 43.0], [-100.44, 42.84], [-100.28, 42.84]]]}}, {"id": "2524", "type": "Feature", "properties": {}, "geometry": {"type": "Polygon", "coordinates": [[[-100.12, 42.84], [-100.12, 43.0], [-100.28, 43.0], [-100.28, 42.84], [-100.12, 42.84]]]}}, {"id": "2525", "type": "Feature", "properties": {}, "geometry": {"type": "Polygon", "coordinates": [[[-99.96000000000001, 42.84], [-99.96000000000001, 43.0], [-100.12, 43.0], [-100.12, 42.84], [-99.96000000000001, 42.84]]]}}, {"id": "2526", "type": "Feature", "properties": {}, "geometry": {"type": "Polygon", "coordinates": [[[-99.8, 42.84], [-99.8, 43.0], [-99.96, 43.0], [-99.96, 42.84], [-99.8, 42.84]]]}}, {"id": "2527", "type": "Feature", "properties": {}, "geometry": {"type": "Polygon", "coordinates": [[[-99.64, 42.84], [-99.64, 43.0], [-99.8, 43.0], [-99.8, 42.84], [-99.64, 42.84]]]}}, {"id": "2528", "type": "Feature", "properties": {}, "geometry": {"type": "Polygon", "coordinates": [[[-99.48, 42.84], [-99.48, 43.0], [-99.64, 43.0], [-99.64, 42.84], [-99.48, 42.84]]]}}, {"id": "2529", "type": "Feature", "properties": {}, "geometry": {"type": "Polygon", "coordinates": [[[-99.32000000000001, 42.84], [-99.32000000000001, 43.0], [-99.48, 43.0], [-99.48, 42.84], [-99.32000000000001, 42.84]]]}}, {"id": "2530", "type": "Feature", "properties": {}, "geometry": {"type": "Polygon", "coordinates": [[[-99.16, 42.84], [-99.16, 43.0], [-99.32, 43.0], [-99.32, 42.84], [-99.16, 42.84]]]}}, {"id": "2531", "type": "Feature", "properties": {}, "geometry": {"type": "Polygon", "coordinates": [[[-99.0, 42.84], [-99.0, 43.0], [-99.16, 43.0], [-99.16, 42.84], [-99.0, 42.84]]]}}, {"id": "2532", "type": "Feature", "properties": {}, "geometry": {"type": "Polygon", "coordinates": [[[-98.84, 42.84], [-98.84, 43.0], [-99.0, 43.0], [-99.0, 42.84], [-98.84, 42.84]]]}}, {"id": "2533", "type": "Feature", "properties": {}, "geometry": {"type": "Polygon", "coordinates": [[[-98.68, 42.84], [-98.68, 43.0], [-98.84, 43.0], [-98.84, 42.84], [-98.68, 42.84]]]}}, {"id": "2534", "type": "Feature", "properties": {}, "geometry": {"type": "Polygon", "coordinates": [[[-98.52, 42.84], [-98.52, 43.0], [-98.67999999999999, 43.0], [-98.67999999999999, 42.84], [-98.52, 42.84]]]}}, {"id": "2535", "type": "Feature", "properties": {}, "geometry": {"type": "Polygon", "coordinates": [[[-98.36, 42.84], [-98.36, 43.0], [-98.52, 43.0], [-98.52, 42.84], [-98.36, 42.84]]]}}, {"id": "2536", "type": "Feature", "properties": {}, "geometry": {"type": "Polygon", "coordinates": [[[-98.2, 42.84], [-98.2, 43.0], [-98.36, 43.0], [-98.36, 42.84], [-98.2, 42.84]]]}}, {"id": "2537", "type": "Feature", "properties": {}, "geometry": {"type": "Polygon", "coordinates": [[[-98.04, 42.84], [-98.04, 43.0], [-98.2, 43.0], [-98.2, 42.84], [-98.04, 42.84]]]}}, {"id": "2538", "type": "Feature", "properties": {}, "geometry": {"type": "Polygon", "coordinates": [[[-97.88, 42.84], [-97.88, 43.0], [-98.03999999999999, 43.0], [-98.03999999999999, 42.84], [-97.88, 42.84]]]}}, {"id": "2539", "type": "Feature", "properties": {}, "geometry": {"type": "Polygon", "coordinates": [[[-97.72, 42.84], [-97.72, 43.0], [-97.88, 43.0], [-97.88, 42.84], [-97.72, 42.84]]]}}, {"id": "2540", "type": "Feature", "properties": {}, "geometry": {"type": "Polygon", "coordinates": [[[-97.56, 42.84], [-97.56, 43.0], [-97.72, 43.0], [-97.72, 42.84], [-97.56, 42.84]]]}}, {"id": "2541", "type": "Feature", "properties": {}, "geometry": {"type": "Polygon", "coordinates": [[[-97.4, 42.84], [-97.4, 43.0], [-97.56, 43.0], [-97.56, 42.84], [-97.4, 42.84]]]}}, {"id": "2542", "type": "Feature", "properties": {}, "geometry": {"type": "Polygon", "coordinates": [[[-97.24, 42.84], [-97.24, 43.0], [-97.39999999999999, 43.0], [-97.39999999999999, 42.84], [-97.24, 42.84]]]}}, {"id": "2543", "type": "Feature", "properties": {}, "geometry": {"type": "Polygon", "coordinates": [[[-97.08, 42.84], [-97.08, 43.0], [-97.24, 43.0], [-97.24, 42.84], [-97.08, 42.84]]]}}, {"id": "2544", "type": "Feature", "properties": {}, "geometry": {"type": "Polygon", "coordinates": [[[-96.92, 42.84], [-96.92, 43.0], [-97.08, 43.0], [-97.08, 42.84], [-96.92, 42.84]]]}}, {"id": "2545", "type": "Feature", "properties": {}, "geometry": {"type": "Polygon", "coordinates": [[[-96.76, 42.84], [-96.76, 43.0], [-96.92, 43.0], [-96.92, 42.84], [-96.76, 42.84]]]}}, {"id": "2546", "type": "Feature", "properties": {}, "geometry": {"type": "Polygon", "coordinates": [[[-96.60000000000001, 42.84], [-96.60000000000001, 43.0], [-96.76, 43.0], [-96.76, 42.84], [-96.60000000000001, 42.84]]]}}, {"id": "2547", "type": "Feature", "properties": {}, "geometry": {"type": "Polygon", "coordinates": [[[-96.44, 42.84], [-96.44, 43.0], [-96.6, 43.0], [-96.6, 42.84], [-96.44, 42.84]]]}}, {"id": "2548", "type": "Feature", "properties": {}, "geometry": {"type": "Polygon", "coordinates": [[[-96.28, 42.84], [-96.28, 43.0], [-96.44, 43.0], [-96.44, 42.84], [-96.28, 42.84]]]}}, {"id": "2549", "type": "Feature", "properties": {}, "geometry": {"type": "Polygon", "coordinates": [[[-96.12, 42.84], [-96.12, 43.0], [-96.28, 43.0], [-96.28, 42.84], [-96.12, 42.84]]]}}, {"id": "2550", "type": "Feature", "properties": {}, "geometry": {"type": "Polygon", "coordinates": [[[-95.96000000000001, 42.84], [-95.96000000000001, 43.0], [-96.12, 43.0], [-96.12, 42.84], [-95.96000000000001, 42.84]]]}}, {"id": "2551", "type": "Feature", "properties": {}, "geometry": {"type": "Polygon", "coordinates": [[[-95.8, 42.84], [-95.8, 43.0], [-95.96, 43.0], [-95.96, 42.84], [-95.8, 42.84]]]}}, {"id": "2552", "type": "Feature", "properties": {}, "geometry": {"type": "Polygon", "coordinates": [[[-95.64, 42.84], [-95.64, 43.0], [-95.8, 43.0], [-95.8, 42.84], [-95.64, 42.84]]]}}, {"id": "2553", "type": "Feature", "properties": {}, "geometry": {"type": "Polygon", "coordinates": [[[-95.48, 42.84], [-95.48, 43.0], [-95.64, 43.0], [-95.64, 42.84], [-95.48, 42.84]]]}}, {"id": "2554", "type": "Feature", "properties": {}, "geometry": {"type": "Polygon", "coordinates": [[[-95.32000000000001, 42.84], [-95.32000000000001, 43.0], [-95.48, 43.0], [-95.48, 42.84], [-95.32000000000001, 42.84]]]}}, {"id": "2555", "type": "Feature", "properties": {}, "geometry": {"type": "Polygon", "coordinates": [[[-95.16, 42.84], [-95.16, 43.0], [-95.32, 43.0], [-95.32, 42.84], [-95.16, 42.84]]]}}, {"id": "2556", "type": "Feature", "properties": {}, "geometry": {"type": "Polygon", "coordinates": [[[-95.0, 42.84], [-95.0, 43.0], [-95.16, 43.0], [-95.16, 42.84], [-95.0, 42.84]]]}}, {"id": "2557", "type": "Feature", "properties": {}, "geometry": {"type": "Polygon", "coordinates": [[[-94.84, 42.84], [-94.84, 43.0], [-95.0, 43.0], [-95.0, 42.84], [-94.84, 42.84]]]}}, {"id": "2558", "type": "Feature", "properties": {}, "geometry": {"type": "Polygon", "coordinates": [[[-94.68, 42.84], [-94.68, 43.0], [-94.84, 43.0], [-94.84, 42.84], [-94.68, 42.84]]]}}, {"id": "2559", "type": "Feature", "properties": {}, "geometry": {"type": "Polygon", "coordinates": [[[-94.52, 42.84], [-94.52, 43.0], [-94.67999999999999, 43.0], [-94.67999999999999, 42.84], [-94.52, 42.84]]]}}, {"id": "2560", "type": "Feature", "properties": {}, "geometry": {"type": "Polygon", "coordinates": [[[-94.36, 42.84], [-94.36, 43.0], [-94.52, 43.0], [-94.52, 42.84], [-94.36, 42.84]]]}}, {"id": "2561", "type": "Feature", "properties": {}, "geometry": {"type": "Polygon", "coordinates": [[[-94.2, 42.84], [-94.2, 43.0], [-94.36, 43.0], [-94.36, 42.84], [-94.2, 42.84]]]}}, {"id": "2562", "type": "Feature", "properties": {}, "geometry": {"type": "Polygon", "coordinates": [[[-94.04, 42.84], [-94.04, 43.0], [-94.2, 43.0], [-94.2, 42.84], [-94.04, 42.84]]]}}, {"id": "2563", "type": "Feature", "properties": {}, "geometry": {"type": "Polygon", "coordinates": [[[-93.88, 42.84], [-93.88, 43.0], [-94.03999999999999, 43.0], [-94.03999999999999, 42.84], [-93.88, 42.84]]]}}, {"id": "2564", "type": "Feature", "properties": {}, "geometry": {"type": "Polygon", "coordinates": [[[-93.72, 42.84], [-93.72, 43.0], [-93.88, 43.0], [-93.88, 42.84], [-93.72, 42.84]]]}}, {"id": "2565", "type": "Feature", "properties": {}, "geometry": {"type": "Polygon", "coordinates": [[[-93.56, 42.84], [-93.56, 43.0], [-93.72, 43.0], [-93.72, 42.84], [-93.56, 42.84]]]}}, {"id": "2566", "type": "Feature", "properties": {}, "geometry": {"type": "Polygon", "coordinates": [[[-93.4, 42.84], [-93.4, 43.0], [-93.56, 43.0], [-93.56, 42.84], [-93.4, 42.84]]]}}, {"id": "2567", "type": "Feature", "properties": {}, "geometry": {"type": "Polygon", "coordinates": [[[-93.24, 42.84], [-93.24, 43.0], [-93.39999999999999, 43.0], [-93.39999999999999, 42.84], [-93.24, 42.84]]]}}, {"id": "2568", "type": "Feature", "properties": {}, "geometry": {"type": "Polygon", "coordinates": [[[-93.08, 42.84], [-93.08, 43.0], [-93.24, 43.0], [-93.24, 42.84], [-93.08, 42.84]]]}}, {"id": "2569", "type": "Feature", "properties": {}, "geometry": {"type": "Polygon", "coordinates": [[[-87.64, 42.84], [-87.64, 43.0], [-87.8, 43.0], [-87.8, 42.84], [-87.64, 42.84]]]}}, {"id": "2570", "type": "Feature", "properties": {}, "geometry": {"type": "Polygon", "coordinates": [[[-87.48, 42.84], [-87.48, 43.0], [-87.64, 43.0], [-87.64, 42.84], [-87.48, 42.84]]]}}, {"id": "2571", "type": "Feature", "properties": {}, "geometry": {"type": "Polygon", "coordinates": [[[-87.32000000000001, 42.84], [-87.32000000000001, 43.0], [-87.48, 43.0], [-87.48, 42.84], [-87.32000000000001, 42.84]]]}}, {"id": "2572", "type": "Feature", "properties": {}, "geometry": {"type": "Polygon", "coordinates": [[[-87.16, 42.84], [-87.16, 43.0], [-87.32, 43.0], [-87.32, 42.84], [-87.16, 42.84]]]}}, {"id": "2573", "type": "Feature", "properties": {}, "geometry": {"type": "Polygon", "coordinates": [[[-87.0, 42.84], [-87.0, 43.0], [-87.16, 43.0], [-87.16, 42.84], [-87.0, 42.84]]]}}, {"id": "2574", "type": "Feature", "properties": {}, "geometry": {"type": "Polygon", "coordinates": [[[-86.84, 42.84], [-86.84, 43.0], [-87.0, 43.0], [-87.0, 42.84], [-86.84, 42.84]]]}}, {"id": "2575", "type": "Feature", "properties": {}, "geometry": {"type": "Polygon", "coordinates": [[[-86.67999999999999, 42.84], [-86.67999999999999, 43.0], [-86.83999999999999, 43.0], [-86.83999999999999, 42.84], [-86.67999999999999, 42.84]]]}}, {"id": "2576", "type": "Feature", "properties": {}, "geometry": {"type": "Polygon", "coordinates": [[[-86.52, 42.84], [-86.52, 43.0], [-86.67999999999999, 43.0], [-86.67999999999999, 42.84], [-86.52, 42.84]]]}}, {"id": "2577", "type": "Feature", "properties": {}, "geometry": {"type": "Polygon", "coordinates": [[[-86.36, 42.84], [-86.36, 43.0], [-86.52, 43.0], [-86.52, 42.84], [-86.36, 42.84]]]}}, {"id": "2578", "type": "Feature", "properties": {}, "geometry": {"type": "Polygon", "coordinates": [[[-86.2, 42.84], [-86.2, 43.0], [-86.36, 43.0], [-86.36, 42.84], [-86.2, 42.84]]]}}, {"id": "2579", "type": "Feature", "properties": {}, "geometry": {"type": "Polygon", "coordinates": [[[-102.84, 42.68], [-102.84, 42.839999999999996], [-103.0, 42.839999999999996], [-103.0, 42.68], [-102.84, 42.68]]]}}, {"id": "2580", "type": "Feature", "properties": {}, "geometry": {"type": "Polygon", "coordinates": [[[-102.68, 42.68], [-102.68, 42.839999999999996], [-102.84, 42.839999999999996], [-102.84, 42.68], [-102.68, 42.68]]]}}, {"id": "2581", "type": "Feature", "properties": {}, "geometry": {"type": "Polygon", "coordinates": [[[-102.52, 42.68], [-102.52, 42.839999999999996], [-102.67999999999999, 42.839999999999996], [-102.67999999999999, 42.68], [-102.52, 42.68]]]}}, {"id": "2582", "type": "Feature", "properties": {}, "geometry": {"type": "Polygon", "coordinates": [[[-102.36, 42.68], [-102.36, 42.839999999999996], [-102.52, 42.839999999999996], [-102.52, 42.68], [-102.36, 42.68]]]}}, {"id": "2583", "type": "Feature", "properties": {}, "geometry": {"type": "Polygon", "coordinates": [[[-102.2, 42.68], [-102.2, 42.839999999999996], [-102.36, 42.839999999999996], [-102.36, 42.68], [-102.2, 42.68]]]}}, {"id": "2584", "type": "Feature", "properties": {}, "geometry": {"type": "Polygon", "coordinates": [[[-102.04, 42.68], [-102.04, 42.839999999999996], [-102.2, 42.839999999999996], [-102.2, 42.68], [-102.04, 42.68]]]}}, {"id": "2585", "type": "Feature", "properties": {}, "geometry": {"type": "Polygon", "coordinates": [[[-101.88, 42.68], [-101.88, 42.839999999999996], [-102.03999999999999, 42.839999999999996], [-102.03999999999999, 42.68], [-101.88, 42.68]]]}}, {"id": "2586", "type": "Feature", "properties": {}, "geometry": {"type": "Polygon", "coordinates": [[[-101.72, 42.68], [-101.72, 42.839999999999996], [-101.88, 42.839999999999996], [-101.88, 42.68], [-101.72, 42.68]]]}}, {"id": "2587", "type": "Feature", "properties": {}, "geometry": {"type": "Polygon", "coordinates": [[[-101.56, 42.68], [-101.56, 42.839999999999996], [-101.72, 42.839999999999996], [-101.72, 42.68], [-101.56, 42.68]]]}}, {"id": "2588", "type": "Feature", "properties": {}, "geometry": {"type": "Polygon", "coordinates": [[[-101.4, 42.68], [-101.4, 42.839999999999996], [-101.56, 42.839999999999996], [-101.56, 42.68], [-101.4, 42.68]]]}}, {"id": "2589", "type": "Feature", "properties": {}, "geometry": {"type": "Polygon", "coordinates": [[[-101.24, 42.68], [-101.24, 42.839999999999996], [-101.39999999999999, 42.839999999999996], [-101.39999999999999, 42.68], [-101.24, 42.68]]]}}, {"id": "2590", "type": "Feature", "properties": {}, "geometry": {"type": "Polygon", "coordinates": [[[-101.08, 42.68], [-101.08, 42.839999999999996], [-101.24, 42.839999999999996], [-101.24, 42.68], [-101.08, 42.68]]]}}, {"id": "2591", "type": "Feature", "properties": {}, "geometry": {"type": "Polygon", "coordinates": [[[-100.92, 42.68], [-100.92, 42.839999999999996], [-101.08, 42.839999999999996], [-101.08, 42.68], [-100.92, 42.68]]]}}, {"id": "2592", "type": "Feature", "properties": {}, "geometry": {"type": "Polygon", "coordinates": [[[-100.76, 42.68], [-100.76, 42.839999999999996], [-100.92, 42.839999999999996], [-100.92, 42.68], [-100.76, 42.68]]]}}, {"id": "2593", "type": "Feature", "properties": {}, "geometry": {"type": "Polygon", "coordinates": [[[-100.60000000000001, 42.68], [-100.60000000000001, 42.839999999999996], [-100.76, 42.839999999999996], [-100.76, 42.68], [-100.60000000000001, 42.68]]]}}, {"id": "2594", "type": "Feature", "properties": {}, "geometry": {"type": "Polygon", "coordinates": [[[-100.44, 42.68], [-100.44, 42.839999999999996], [-100.6, 42.839999999999996], [-100.6, 42.68], [-100.44, 42.68]]]}}, {"id": "2595", "type": "Feature", "properties": {}, "geometry": {"type": "Polygon", "coordinates": [[[-100.28, 42.68], [-100.28, 42.839999999999996], [-100.44, 42.839999999999996], [-100.44, 42.68], [-100.28, 42.68]]]}}, {"id": "2596", "type": "Feature", "properties": {}, "geometry": {"type": "Polygon", "coordinates": [[[-100.12, 42.68], [-100.12, 42.839999999999996], [-100.28, 42.839999999999996], [-100.28, 42.68], [-100.12, 42.68]]]}}, {"id": "2597", "type": "Feature", "properties": {}, "geometry": {"type": "Polygon", "coordinates": [[[-99.96000000000001, 42.68], [-99.96000000000001, 42.839999999999996], [-100.12, 42.839999999999996], [-100.12, 42.68], [-99.96000000000001, 42.68]]]}}, {"id": "2598", "type": "Feature", "properties": {}, "geometry": {"type": "Polygon", "coordinates": [[[-99.8, 42.68], [-99.8, 42.839999999999996], [-99.96, 42.839999999999996], [-99.96, 42.68], [-99.8, 42.68]]]}}, {"id": "2599", "type": "Feature", "properties": {}, "geometry": {"type": "Polygon", "coordinates": [[[-99.64, 42.68], [-99.64, 42.839999999999996], [-99.8, 42.839999999999996], [-99.8, 42.68], [-99.64, 42.68]]]}}, {"id": "2600", "type": "Feature", "properties": {}, "geometry": {"type": "Polygon", "coordinates": [[[-99.48, 42.68], [-99.48, 42.839999999999996], [-99.64, 42.839999999999996], [-99.64, 42.68], [-99.48, 42.68]]]}}, {"id": "2601", "type": "Feature", "properties": {}, "geometry": {"type": "Polygon", "coordinates": [[[-99.32000000000001, 42.68], [-99.32000000000001, 42.839999999999996], [-99.48, 42.839999999999996], [-99.48, 42.68], [-99.32000000000001, 42.68]]]}}, {"id": "2602", "type": "Feature", "properties": {}, "geometry": {"type": "Polygon", "coordinates": [[[-99.16, 42.68], [-99.16, 42.839999999999996], [-99.32, 42.839999999999996], [-99.32, 42.68], [-99.16, 42.68]]]}}, {"id": "2603", "type": "Feature", "properties": {}, "geometry": {"type": "Polygon", "coordinates": [[[-99.0, 42.68], [-99.0, 42.839999999999996], [-99.16, 42.839999999999996], [-99.16, 42.68], [-99.0, 42.68]]]}}, {"id": "2604", "type": "Feature", "properties": {}, "geometry": {"type": "Polygon", "coordinates": [[[-98.84, 42.68], [-98.84, 42.839999999999996], [-99.0, 42.839999999999996], [-99.0, 42.68], [-98.84, 42.68]]]}}, {"id": "2605", "type": "Feature", "properties": {}, "geometry": {"type": "Polygon", "coordinates": [[[-98.68, 42.68], [-98.68, 42.839999999999996], [-98.84, 42.839999999999996], [-98.84, 42.68], [-98.68, 42.68]]]}}, {"id": "2606", "type": "Feature", "properties": {}, "geometry": {"type": "Polygon", "coordinates": [[[-98.52, 42.68], [-98.52, 42.839999999999996], [-98.67999999999999, 42.839999999999996], [-98.67999999999999, 42.68], [-98.52, 42.68]]]}}, {"id": "2607", "type": "Feature", "properties": {}, "geometry": {"type": "Polygon", "coordinates": [[[-98.36, 42.68], [-98.36, 42.839999999999996], [-98.52, 42.839999999999996], [-98.52, 42.68], [-98.36, 42.68]]]}}, {"id": "2608", "type": "Feature", "properties": {}, "geometry": {"type": "Polygon", "coordinates": [[[-98.2, 42.68], [-98.2, 42.839999999999996], [-98.36, 42.839999999999996], [-98.36, 42.68], [-98.2, 42.68]]]}}, {"id": "2609", "type": "Feature", "properties": {}, "geometry": {"type": "Polygon", "coordinates": [[[-98.04, 42.68], [-98.04, 42.839999999999996], [-98.2, 42.839999999999996], [-98.2, 42.68], [-98.04, 42.68]]]}}, {"id": "2610", "type": "Feature", "properties": {}, "geometry": {"type": "Polygon", "coordinates": [[[-97.88, 42.68], [-97.88, 42.839999999999996], [-98.03999999999999, 42.839999999999996], [-98.03999999999999, 42.68], [-97.88, 42.68]]]}}, {"id": "2611", "type": "Feature", "properties": {}, "geometry": {"type": "Polygon", "coordinates": [[[-97.72, 42.68], [-97.72, 42.839999999999996], [-97.88, 42.839999999999996], [-97.88, 42.68], [-97.72, 42.68]]]}}, {"id": "2612", "type": "Feature", "properties": {}, "geometry": {"type": "Polygon", "coordinates": [[[-97.56, 42.68], [-97.56, 42.839999999999996], [-97.72, 42.839999999999996], [-97.72, 42.68], [-97.56, 42.68]]]}}, {"id": "2613", "type": "Feature", "properties": {}, "geometry": {"type": "Polygon", "coordinates": [[[-97.4, 42.68], [-97.4, 42.839999999999996], [-97.56, 42.839999999999996], [-97.56, 42.68], [-97.4, 42.68]]]}}, {"id": "2614", "type": "Feature", "properties": {}, "geometry": {"type": "Polygon", "coordinates": [[[-97.24, 42.68], [-97.24, 42.839999999999996], [-97.39999999999999, 42.839999999999996], [-97.39999999999999, 42.68], [-97.24, 42.68]]]}}, {"id": "2615", "type": "Feature", "properties": {}, "geometry": {"type": "Polygon", "coordinates": [[[-97.08, 42.68], [-97.08, 42.839999999999996], [-97.24, 42.839999999999996], [-97.24, 42.68], [-97.08, 42.68]]]}}, {"id": "2616", "type": "Feature", "properties": {}, "geometry": {"type": "Polygon", "coordinates": [[[-96.92, 42.68], [-96.92, 42.839999999999996], [-97.08, 42.839999999999996], [-97.08, 42.68], [-96.92, 42.68]]]}}, {"id": "2617", "type": "Feature", "properties": {}, "geometry": {"type": "Polygon", "coordinates": [[[-96.76, 42.68], [-96.76, 42.839999999999996], [-96.92, 42.839999999999996], [-96.92, 42.68], [-96.76, 42.68]]]}}, {"id": "2618", "type": "Feature", "properties": {}, "geometry": {"type": "Polygon", "coordinates": [[[-96.60000000000001, 42.68], [-96.60000000000001, 42.839999999999996], [-96.76, 42.839999999999996], [-96.76, 42.68], [-96.60000000000001, 42.68]]]}}, {"id": "2619", "type": "Feature", "properties": {}, "geometry": {"type": "Polygon", "coordinates": [[[-96.44, 42.68], [-96.44, 42.839999999999996], [-96.6, 42.839999999999996], [-96.6, 42.68], [-96.44, 42.68]]]}}, {"id": "2620", "type": "Feature", "properties": {}, "geometry": {"type": "Polygon", "coordinates": [[[-96.28, 42.68], [-96.28, 42.839999999999996], [-96.44, 42.839999999999996], [-96.44, 42.68], [-96.28, 42.68]]]}}, {"id": "2621", "type": "Feature", "properties": {}, "geometry": {"type": "Polygon", "coordinates": [[[-96.12, 42.68], [-96.12, 42.839999999999996], [-96.28, 42.839999999999996], [-96.28, 42.68], [-96.12, 42.68]]]}}, {"id": "2622", "type": "Feature", "properties": {}, "geometry": {"type": "Polygon", "coordinates": [[[-95.96000000000001, 42.68], [-95.96000000000001, 42.839999999999996], [-96.12, 42.839999999999996], [-96.12, 42.68], [-95.96000000000001, 42.68]]]}}, {"id": "2623", "type": "Feature", "properties": {}, "geometry": {"type": "Polygon", "coordinates": [[[-95.8, 42.68], [-95.8, 42.839999999999996], [-95.96, 42.839999999999996], [-95.96, 42.68], [-95.8, 42.68]]]}}, {"id": "2624", "type": "Feature", "properties": {}, "geometry": {"type": "Polygon", "coordinates": [[[-95.64, 42.68], [-95.64, 42.839999999999996], [-95.8, 42.839999999999996], [-95.8, 42.68], [-95.64, 42.68]]]}}, {"id": "2625", "type": "Feature", "properties": {}, "geometry": {"type": "Polygon", "coordinates": [[[-95.48, 42.68], [-95.48, 42.839999999999996], [-95.64, 42.839999999999996], [-95.64, 42.68], [-95.48, 42.68]]]}}, {"id": "2626", "type": "Feature", "properties": {}, "geometry": {"type": "Polygon", "coordinates": [[[-95.32000000000001, 42.68], [-95.32000000000001, 42.839999999999996], [-95.48, 42.839999999999996], [-95.48, 42.68], [-95.32000000000001, 42.68]]]}}, {"id": "2627", "type": "Feature", "properties": {}, "geometry": {"type": "Polygon", "coordinates": [[[-95.16, 42.68], [-95.16, 42.839999999999996], [-95.32, 42.839999999999996], [-95.32, 42.68], [-95.16, 42.68]]]}}, {"id": "2628", "type": "Feature", "properties": {}, "geometry": {"type": "Polygon", "coordinates": [[[-95.0, 42.68], [-95.0, 42.839999999999996], [-95.16, 42.839999999999996], [-95.16, 42.68], [-95.0, 42.68]]]}}, {"id": "2629", "type": "Feature", "properties": {}, "geometry": {"type": "Polygon", "coordinates": [[[-94.84, 42.68], [-94.84, 42.839999999999996], [-95.0, 42.839999999999996], [-95.0, 42.68], [-94.84, 42.68]]]}}, {"id": "2630", "type": "Feature", "properties": {}, "geometry": {"type": "Polygon", "coordinates": [[[-94.68, 42.68], [-94.68, 42.839999999999996], [-94.84, 42.839999999999996], [-94.84, 42.68], [-94.68, 42.68]]]}}, {"id": "2631", "type": "Feature", "properties": {}, "geometry": {"type": "Polygon", "coordinates": [[[-94.52, 42.68], [-94.52, 42.839999999999996], [-94.67999999999999, 42.839999999999996], [-94.67999999999999, 42.68], [-94.52, 42.68]]]}}, {"id": "2632", "type": "Feature", "properties": {}, "geometry": {"type": "Polygon", "coordinates": [[[-94.36, 42.68], [-94.36, 42.839999999999996], [-94.52, 42.839999999999996], [-94.52, 42.68], [-94.36, 42.68]]]}}, {"id": "2633", "type": "Feature", "properties": {}, "geometry": {"type": "Polygon", "coordinates": [[[-94.2, 42.68], [-94.2, 42.839999999999996], [-94.36, 42.839999999999996], [-94.36, 42.68], [-94.2, 42.68]]]}}, {"id": "2634", "type": "Feature", "properties": {}, "geometry": {"type": "Polygon", "coordinates": [[[-94.04, 42.68], [-94.04, 42.839999999999996], [-94.2, 42.839999999999996], [-94.2, 42.68], [-94.04, 42.68]]]}}, {"id": "2635", "type": "Feature", "properties": {}, "geometry": {"type": "Polygon", "coordinates": [[[-93.88, 42.68], [-93.88, 42.839999999999996], [-94.03999999999999, 42.839999999999996], [-94.03999999999999, 42.68], [-93.88, 42.68]]]}}, {"id": "2636", "type": "Feature", "properties": {}, "geometry": {"type": "Polygon", "coordinates": [[[-93.72, 42.68], [-93.72, 42.839999999999996], [-93.88, 42.839999999999996], [-93.88, 42.68], [-93.72, 42.68]]]}}, {"id": "2637", "type": "Feature", "properties": {}, "geometry": {"type": "Polygon", "coordinates": [[[-93.56, 42.68], [-93.56, 42.839999999999996], [-93.72, 42.839999999999996], [-93.72, 42.68], [-93.56, 42.68]]]}}, {"id": "2638", "type": "Feature", "properties": {}, "geometry": {"type": "Polygon", "coordinates": [[[-93.4, 42.68], [-93.4, 42.839999999999996], [-93.56, 42.839999999999996], [-93.56, 42.68], [-93.4, 42.68]]]}}, {"id": "2639", "type": "Feature", "properties": {}, "geometry": {"type": "Polygon", "coordinates": [[[-87.64, 42.68], [-87.64, 42.839999999999996], [-87.8, 42.839999999999996], [-87.8, 42.68], [-87.64, 42.68]]]}}, {"id": "2640", "type": "Feature", "properties": {}, "geometry": {"type": "Polygon", "coordinates": [[[-87.48, 42.68], [-87.48, 42.839999999999996], [-87.64, 42.839999999999996], [-87.64, 42.68], [-87.48, 42.68]]]}}, {"id": "2641", "type": "Feature", "properties": {}, "geometry": {"type": "Polygon", "coordinates": [[[-87.32000000000001, 42.68], [-87.32000000000001, 42.839999999999996], [-87.48, 42.839999999999996], [-87.48, 42.68], [-87.32000000000001, 42.68]]]}}, {"id": "2642", "type": "Feature", "properties": {}, "geometry": {"type": "Polygon", "coordinates": [[[-87.16, 42.68], [-87.16, 42.839999999999996], [-87.32, 42.839999999999996], [-87.32, 42.68], [-87.16, 42.68]]]}}, {"id": "2643", "type": "Feature", "properties": {}, "geometry": {"type": "Polygon", "coordinates": [[[-87.0, 42.68], [-87.0, 42.839999999999996], [-87.16, 42.839999999999996], [-87.16, 42.68], [-87.0, 42.68]]]}}, {"id": "2644", "type": "Feature", "properties": {}, "geometry": {"type": "Polygon", "coordinates": [[[-86.84, 42.68], [-86.84, 42.839999999999996], [-87.0, 42.839999999999996], [-87.0, 42.68], [-86.84, 42.68]]]}}, {"id": "2645", "type": "Feature", "properties": {}, "geometry": {"type": "Polygon", "coordinates": [[[-86.67999999999999, 42.68], [-86.67999999999999, 42.839999999999996], [-86.83999999999999, 42.839999999999996], [-86.83999999999999, 42.68], [-86.67999999999999, 42.68]]]}}, {"id": "2646", "type": "Feature", "properties": {}, "geometry": {"type": "Polygon", "coordinates": [[[-86.52, 42.68], [-86.52, 42.839999999999996], [-86.67999999999999, 42.839999999999996], [-86.67999999999999, 42.68], [-86.52, 42.68]]]}}, {"id": "2647", "type": "Feature", "properties": {}, "geometry": {"type": "Polygon", "coordinates": [[[-86.36, 42.68], [-86.36, 42.839999999999996], [-86.52, 42.839999999999996], [-86.52, 42.68], [-86.36, 42.68]]]}}, {"id": "2648", "type": "Feature", "properties": {}, "geometry": {"type": "Polygon", "coordinates": [[[-86.2, 42.68], [-86.2, 42.839999999999996], [-86.36, 42.839999999999996], [-86.36, 42.68], [-86.2, 42.68]]]}}, {"id": "2649", "type": "Feature", "properties": {}, "geometry": {"type": "Polygon", "coordinates": [[[-102.84, 42.52], [-102.84, 42.68], [-103.0, 42.68], [-103.0, 42.52], [-102.84, 42.52]]]}}, {"id": "2650", "type": "Feature", "properties": {}, "geometry": {"type": "Polygon", "coordinates": [[[-102.68, 42.52], [-102.68, 42.68], [-102.84, 42.68], [-102.84, 42.52], [-102.68, 42.52]]]}}, {"id": "2651", "type": "Feature", "properties": {}, "geometry": {"type": "Polygon", "coordinates": [[[-102.52, 42.52], [-102.52, 42.68], [-102.67999999999999, 42.68], [-102.67999999999999, 42.52], [-102.52, 42.52]]]}}, {"id": "2652", "type": "Feature", "properties": {}, "geometry": {"type": "Polygon", "coordinates": [[[-102.36, 42.52], [-102.36, 42.68], [-102.52, 42.68], [-102.52, 42.52], [-102.36, 42.52]]]}}, {"id": "2653", "type": "Feature", "properties": {}, "geometry": {"type": "Polygon", "coordinates": [[[-102.2, 42.52], [-102.2, 42.68], [-102.36, 42.68], [-102.36, 42.52], [-102.2, 42.52]]]}}, {"id": "2654", "type": "Feature", "properties": {}, "geometry": {"type": "Polygon", "coordinates": [[[-102.04, 42.52], [-102.04, 42.68], [-102.2, 42.68], [-102.2, 42.52], [-102.04, 42.52]]]}}, {"id": "2655", "type": "Feature", "properties": {}, "geometry": {"type": "Polygon", "coordinates": [[[-101.88, 42.52], [-101.88, 42.68], [-102.03999999999999, 42.68], [-102.03999999999999, 42.52], [-101.88, 42.52]]]}}, {"id": "2656", "type": "Feature", "properties": {}, "geometry": {"type": "Polygon", "coordinates": [[[-101.72, 42.52], [-101.72, 42.68], [-101.88, 42.68], [-101.88, 42.52], [-101.72, 42.52]]]}}, {"id": "2657", "type": "Feature", "properties": {}, "geometry": {"type": "Polygon", "coordinates": [[[-101.56, 42.52], [-101.56, 42.68], [-101.72, 42.68], [-101.72, 42.52], [-101.56, 42.52]]]}}, {"id": "2658", "type": "Feature", "properties": {}, "geometry": {"type": "Polygon", "coordinates": [[[-101.4, 42.52], [-101.4, 42.68], [-101.56, 42.68], [-101.56, 42.52], [-101.4, 42.52]]]}}, {"id": "2659", "type": "Feature", "properties": {}, "geometry": {"type": "Polygon", "coordinates": [[[-101.24, 42.52], [-101.24, 42.68], [-101.39999999999999, 42.68], [-101.39999999999999, 42.52], [-101.24, 42.52]]]}}, {"id": "2660", "type": "Feature", "properties": {}, "geometry": {"type": "Polygon", "coordinates": [[[-101.08, 42.52], [-101.08, 42.68], [-101.24, 42.68], [-101.24, 42.52], [-101.08, 42.52]]]}}, {"id": "2661", "type": "Feature", "properties": {}, "geometry": {"type": "Polygon", "coordinates": [[[-100.92, 42.52], [-100.92, 42.68], [-101.08, 42.68], [-101.08, 42.52], [-100.92, 42.52]]]}}, {"id": "2662", "type": "Feature", "properties": {}, "geometry": {"type": "Polygon", "coordinates": [[[-100.76, 42.52], [-100.76, 42.68], [-100.92, 42.68], [-100.92, 42.52], [-100.76, 42.52]]]}}, {"id": "2663", "type": "Feature", "properties": {}, "geometry": {"type": "Polygon", "coordinates": [[[-100.60000000000001, 42.52], [-100.60000000000001, 42.68], [-100.76, 42.68], [-100.76, 42.52], [-100.60000000000001, 42.52]]]}}, {"id": "2664", "type": "Feature", "properties": {}, "geometry": {"type": "Polygon", "coordinates": [[[-100.44, 42.52], [-100.44, 42.68], [-100.6, 42.68], [-100.6, 42.52], [-100.44, 42.52]]]}}, {"id": "2665", "type": "Feature", "properties": {}, "geometry": {"type": "Polygon", "coordinates": [[[-100.28, 42.52], [-100.28, 42.68], [-100.44, 42.68], [-100.44, 42.52], [-100.28, 42.52]]]}}, {"id": "2666", "type": "Feature", "properties": {}, "geometry": {"type": "Polygon", "coordinates": [[[-100.12, 42.52], [-100.12, 42.68], [-100.28, 42.68], [-100.28, 42.52], [-100.12, 42.52]]]}}, {"id": "2667", "type": "Feature", "properties": {}, "geometry": {"type": "Polygon", "coordinates": [[[-99.96000000000001, 42.52], [-99.96000000000001, 42.68], [-100.12, 42.68], [-100.12, 42.52], [-99.96000000000001, 42.52]]]}}, {"id": "2668", "type": "Feature", "properties": {}, "geometry": {"type": "Polygon", "coordinates": [[[-99.8, 42.52], [-99.8, 42.68], [-99.96, 42.68], [-99.96, 42.52], [-99.8, 42.52]]]}}, {"id": "2669", "type": "Feature", "properties": {}, "geometry": {"type": "Polygon", "coordinates": [[[-99.64, 42.52], [-99.64, 42.68], [-99.8, 42.68], [-99.8, 42.52], [-99.64, 42.52]]]}}, {"id": "2670", "type": "Feature", "properties": {}, "geometry": {"type": "Polygon", "coordinates": [[[-99.48, 42.52], [-99.48, 42.68], [-99.64, 42.68], [-99.64, 42.52], [-99.48, 42.52]]]}}, {"id": "2671", "type": "Feature", "properties": {}, "geometry": {"type": "Polygon", "coordinates": [[[-99.32000000000001, 42.52], [-99.32000000000001, 42.68], [-99.48, 42.68], [-99.48, 42.52], [-99.32000000000001, 42.52]]]}}, {"id": "2672", "type": "Feature", "properties": {}, "geometry": {"type": "Polygon", "coordinates": [[[-99.16, 42.52], [-99.16, 42.68], [-99.32, 42.68], [-99.32, 42.52], [-99.16, 42.52]]]}}, {"id": "2673", "type": "Feature", "properties": {}, "geometry": {"type": "Polygon", "coordinates": [[[-99.0, 42.52], [-99.0, 42.68], [-99.16, 42.68], [-99.16, 42.52], [-99.0, 42.52]]]}}, {"id": "2674", "type": "Feature", "properties": {}, "geometry": {"type": "Polygon", "coordinates": [[[-98.84, 42.52], [-98.84, 42.68], [-99.0, 42.68], [-99.0, 42.52], [-98.84, 42.52]]]}}, {"id": "2675", "type": "Feature", "properties": {}, "geometry": {"type": "Polygon", "coordinates": [[[-98.68, 42.52], [-98.68, 42.68], [-98.84, 42.68], [-98.84, 42.52], [-98.68, 42.52]]]}}, {"id": "2676", "type": "Feature", "properties": {}, "geometry": {"type": "Polygon", "coordinates": [[[-98.52, 42.52], [-98.52, 42.68], [-98.67999999999999, 42.68], [-98.67999999999999, 42.52], [-98.52, 42.52]]]}}, {"id": "2677", "type": "Feature", "properties": {}, "geometry": {"type": "Polygon", "coordinates": [[[-98.36, 42.52], [-98.36, 42.68], [-98.52, 42.68], [-98.52, 42.52], [-98.36, 42.52]]]}}, {"id": "2678", "type": "Feature", "properties": {}, "geometry": {"type": "Polygon", "coordinates": [[[-98.2, 42.52], [-98.2, 42.68], [-98.36, 42.68], [-98.36, 42.52], [-98.2, 42.52]]]}}, {"id": "2679", "type": "Feature", "properties": {}, "geometry": {"type": "Polygon", "coordinates": [[[-98.04, 42.52], [-98.04, 42.68], [-98.2, 42.68], [-98.2, 42.52], [-98.04, 42.52]]]}}, {"id": "2680", "type": "Feature", "properties": {}, "geometry": {"type": "Polygon", "coordinates": [[[-97.88, 42.52], [-97.88, 42.68], [-98.03999999999999, 42.68], [-98.03999999999999, 42.52], [-97.88, 42.52]]]}}, {"id": "2681", "type": "Feature", "properties": {}, "geometry": {"type": "Polygon", "coordinates": [[[-97.72, 42.52], [-97.72, 42.68], [-97.88, 42.68], [-97.88, 42.52], [-97.72, 42.52]]]}}, {"id": "2682", "type": "Feature", "properties": {}, "geometry": {"type": "Polygon", "coordinates": [[[-97.56, 42.52], [-97.56, 42.68], [-97.72, 42.68], [-97.72, 42.52], [-97.56, 42.52]]]}}, {"id": "2683", "type": "Feature", "properties": {}, "geometry": {"type": "Polygon", "coordinates": [[[-97.4, 42.52], [-97.4, 42.68], [-97.56, 42.68], [-97.56, 42.52], [-97.4, 42.52]]]}}, {"id": "2684", "type": "Feature", "properties": {}, "geometry": {"type": "Polygon", "coordinates": [[[-97.24, 42.52], [-97.24, 42.68], [-97.39999999999999, 42.68], [-97.39999999999999, 42.52], [-97.24, 42.52]]]}}, {"id": "2685", "type": "Feature", "properties": {}, "geometry": {"type": "Polygon", "coordinates": [[[-97.08, 42.52], [-97.08, 42.68], [-97.24, 42.68], [-97.24, 42.52], [-97.08, 42.52]]]}}, {"id": "2686", "type": "Feature", "properties": {}, "geometry": {"type": "Polygon", "coordinates": [[[-96.92, 42.52], [-96.92, 42.68], [-97.08, 42.68], [-97.08, 42.52], [-96.92, 42.52]]]}}, {"id": "2687", "type": "Feature", "properties": {}, "geometry": {"type": "Polygon", "coordinates": [[[-96.76, 42.52], [-96.76, 42.68], [-96.92, 42.68], [-96.92, 42.52], [-96.76, 42.52]]]}}, {"id": "2688", "type": "Feature", "properties": {}, "geometry": {"type": "Polygon", "coordinates": [[[-96.60000000000001, 42.52], [-96.60000000000001, 42.68], [-96.76, 42.68], [-96.76, 42.52], [-96.60000000000001, 42.52]]]}}, {"id": "2689", "type": "Feature", "properties": {}, "geometry": {"type": "Polygon", "coordinates": [[[-96.44, 42.52], [-96.44, 42.68], [-96.6, 42.68], [-96.6, 42.52], [-96.44, 42.52]]]}}, {"id": "2690", "type": "Feature", "properties": {}, "geometry": {"type": "Polygon", "coordinates": [[[-96.28, 42.52], [-96.28, 42.68], [-96.44, 42.68], [-96.44, 42.52], [-96.28, 42.52]]]}}, {"id": "2691", "type": "Feature", "properties": {}, "geometry": {"type": "Polygon", "coordinates": [[[-96.12, 42.52], [-96.12, 42.68], [-96.28, 42.68], [-96.28, 42.52], [-96.12, 42.52]]]}}, {"id": "2692", "type": "Feature", "properties": {}, "geometry": {"type": "Polygon", "coordinates": [[[-95.96000000000001, 42.52], [-95.96000000000001, 42.68], [-96.12, 42.68], [-96.12, 42.52], [-95.96000000000001, 42.52]]]}}, {"id": "2693", "type": "Feature", "properties": {}, "geometry": {"type": "Polygon", "coordinates": [[[-95.8, 42.52], [-95.8, 42.68], [-95.96, 42.68], [-95.96, 42.52], [-95.8, 42.52]]]}}, {"id": "2694", "type": "Feature", "properties": {}, "geometry": {"type": "Polygon", "coordinates": [[[-95.64, 42.52], [-95.64, 42.68], [-95.8, 42.68], [-95.8, 42.52], [-95.64, 42.52]]]}}, {"id": "2695", "type": "Feature", "properties": {}, "geometry": {"type": "Polygon", "coordinates": [[[-95.48, 42.52], [-95.48, 42.68], [-95.64, 42.68], [-95.64, 42.52], [-95.48, 42.52]]]}}, {"id": "2696", "type": "Feature", "properties": {}, "geometry": {"type": "Polygon", "coordinates": [[[-95.32000000000001, 42.52], [-95.32000000000001, 42.68], [-95.48, 42.68], [-95.48, 42.52], [-95.32000000000001, 42.52]]]}}, {"id": "2697", "type": "Feature", "properties": {}, "geometry": {"type": "Polygon", "coordinates": [[[-95.16, 42.52], [-95.16, 42.68], [-95.32, 42.68], [-95.32, 42.52], [-95.16, 42.52]]]}}, {"id": "2698", "type": "Feature", "properties": {}, "geometry": {"type": "Polygon", "coordinates": [[[-95.0, 42.52], [-95.0, 42.68], [-95.16, 42.68], [-95.16, 42.52], [-95.0, 42.52]]]}}, {"id": "2699", "type": "Feature", "properties": {}, "geometry": {"type": "Polygon", "coordinates": [[[-94.84, 42.52], [-94.84, 42.68], [-95.0, 42.68], [-95.0, 42.52], [-94.84, 42.52]]]}}, {"id": "2700", "type": "Feature", "properties": {}, "geometry": {"type": "Polygon", "coordinates": [[[-94.68, 42.52], [-94.68, 42.68], [-94.84, 42.68], [-94.84, 42.52], [-94.68, 42.52]]]}}, {"id": "2701", "type": "Feature", "properties": {}, "geometry": {"type": "Polygon", "coordinates": [[[-94.52, 42.52], [-94.52, 42.68], [-94.67999999999999, 42.68], [-94.67999999999999, 42.52], [-94.52, 42.52]]]}}, {"id": "2702", "type": "Feature", "properties": {}, "geometry": {"type": "Polygon", "coordinates": [[[-94.36, 42.52], [-94.36, 42.68], [-94.52, 42.68], [-94.52, 42.52], [-94.36, 42.52]]]}}, {"id": "2703", "type": "Feature", "properties": {}, "geometry": {"type": "Polygon", "coordinates": [[[-94.2, 42.52], [-94.2, 42.68], [-94.36, 42.68], [-94.36, 42.52], [-94.2, 42.52]]]}}, {"id": "2704", "type": "Feature", "properties": {}, "geometry": {"type": "Polygon", "coordinates": [[[-94.04, 42.52], [-94.04, 42.68], [-94.2, 42.68], [-94.2, 42.52], [-94.04, 42.52]]]}}, {"id": "2705", "type": "Feature", "properties": {}, "geometry": {"type": "Polygon", "coordinates": [[[-93.88, 42.52], [-93.88, 42.68], [-94.03999999999999, 42.68], [-94.03999999999999, 42.52], [-93.88, 42.52]]]}}, {"id": "2706", "type": "Feature", "properties": {}, "geometry": {"type": "Polygon", "coordinates": [[[-93.72, 42.52], [-93.72, 42.68], [-93.88, 42.68], [-93.88, 42.52], [-93.72, 42.52]]]}}, {"id": "2707", "type": "Feature", "properties": {}, "geometry": {"type": "Polygon", "coordinates": [[[-93.56, 42.52], [-93.56, 42.68], [-93.72, 42.68], [-93.72, 42.52], [-93.56, 42.52]]]}}, {"id": "2708", "type": "Feature", "properties": {}, "geometry": {"type": "Polygon", "coordinates": [[[-87.64, 42.52], [-87.64, 42.68], [-87.8, 42.68], [-87.8, 42.52], [-87.64, 42.52]]]}}, {"id": "2709", "type": "Feature", "properties": {}, "geometry": {"type": "Polygon", "coordinates": [[[-87.48, 42.52], [-87.48, 42.68], [-87.64, 42.68], [-87.64, 42.52], [-87.48, 42.52]]]}}, {"id": "2710", "type": "Feature", "properties": {}, "geometry": {"type": "Polygon", "coordinates": [[[-87.32000000000001, 42.52], [-87.32000000000001, 42.68], [-87.48, 42.68], [-87.48, 42.52], [-87.32000000000001, 42.52]]]}}, {"id": "2711", "type": "Feature", "properties": {}, "geometry": {"type": "Polygon", "coordinates": [[[-87.16, 42.52], [-87.16, 42.68], [-87.32, 42.68], [-87.32, 42.52], [-87.16, 42.52]]]}}, {"id": "2712", "type": "Feature", "properties": {}, "geometry": {"type": "Polygon", "coordinates": [[[-87.0, 42.52], [-87.0, 42.68], [-87.16, 42.68], [-87.16, 42.52], [-87.0, 42.52]]]}}, {"id": "2713", "type": "Feature", "properties": {}, "geometry": {"type": "Polygon", "coordinates": [[[-86.84, 42.52], [-86.84, 42.68], [-87.0, 42.68], [-87.0, 42.52], [-86.84, 42.52]]]}}, {"id": "2714", "type": "Feature", "properties": {}, "geometry": {"type": "Polygon", "coordinates": [[[-86.67999999999999, 42.52], [-86.67999999999999, 42.68], [-86.83999999999999, 42.68], [-86.83999999999999, 42.52], [-86.67999999999999, 42.52]]]}}, {"id": "2715", "type": "Feature", "properties": {}, "geometry": {"type": "Polygon", "coordinates": [[[-86.52, 42.52], [-86.52, 42.68], [-86.67999999999999, 42.68], [-86.67999999999999, 42.52], [-86.52, 42.52]]]}}, {"id": "2716", "type": "Feature", "properties": {}, "geometry": {"type": "Polygon", "coordinates": [[[-86.36, 42.52], [-86.36, 42.68], [-86.52, 42.68], [-86.52, 42.52], [-86.36, 42.52]]]}}, {"id": "2717", "type": "Feature", "properties": {}, "geometry": {"type": "Polygon", "coordinates": [[[-86.2, 42.52], [-86.2, 42.68], [-86.36, 42.68], [-86.36, 42.52], [-86.2, 42.52]]]}}, {"id": "2718", "type": "Feature", "properties": {}, "geometry": {"type": "Polygon", "coordinates": [[[-85.88000000000001, 42.52], [-85.88000000000001, 42.68], [-86.04, 42.68], [-86.04, 42.52], [-85.88000000000001, 42.52]]]}}, {"id": "2719", "type": "Feature", "properties": {}, "geometry": {"type": "Polygon", "coordinates": [[[-102.84, 42.36], [-102.84, 42.519999999999996], [-103.0, 42.519999999999996], [-103.0, 42.36], [-102.84, 42.36]]]}}, {"id": "2720", "type": "Feature", "properties": {}, "geometry": {"type": "Polygon", "coordinates": [[[-102.68, 42.36], [-102.68, 42.519999999999996], [-102.84, 42.519999999999996], [-102.84, 42.36], [-102.68, 42.36]]]}}, {"id": "2721", "type": "Feature", "properties": {}, "geometry": {"type": "Polygon", "coordinates": [[[-102.52, 42.36], [-102.52, 42.519999999999996], [-102.67999999999999, 42.519999999999996], [-102.67999999999999, 42.36], [-102.52, 42.36]]]}}, {"id": "2722", "type": "Feature", "properties": {}, "geometry": {"type": "Polygon", "coordinates": [[[-102.36, 42.36], [-102.36, 42.519999999999996], [-102.52, 42.519999999999996], [-102.52, 42.36], [-102.36, 42.36]]]}}, {"id": "2723", "type": "Feature", "properties": {}, "geometry": {"type": "Polygon", "coordinates": [[[-102.2, 42.36], [-102.2, 42.519999999999996], [-102.36, 42.519999999999996], [-102.36, 42.36], [-102.2, 42.36]]]}}, {"id": "2724", "type": "Feature", "properties": {}, "geometry": {"type": "Polygon", "coordinates": [[[-102.04, 42.36], [-102.04, 42.519999999999996], [-102.2, 42.519999999999996], [-102.2, 42.36], [-102.04, 42.36]]]}}, {"id": "2725", "type": "Feature", "properties": {}, "geometry": {"type": "Polygon", "coordinates": [[[-101.88, 42.36], [-101.88, 42.519999999999996], [-102.03999999999999, 42.519999999999996], [-102.03999999999999, 42.36], [-101.88, 42.36]]]}}, {"id": "2726", "type": "Feature", "properties": {}, "geometry": {"type": "Polygon", "coordinates": [[[-101.72, 42.36], [-101.72, 42.519999999999996], [-101.88, 42.519999999999996], [-101.88, 42.36], [-101.72, 42.36]]]}}, {"id": "2727", "type": "Feature", "properties": {}, "geometry": {"type": "Polygon", "coordinates": [[[-101.56, 42.36], [-101.56, 42.519999999999996], [-101.72, 42.519999999999996], [-101.72, 42.36], [-101.56, 42.36]]]}}, {"id": "2728", "type": "Feature", "properties": {}, "geometry": {"type": "Polygon", "coordinates": [[[-101.4, 42.36], [-101.4, 42.519999999999996], [-101.56, 42.519999999999996], [-101.56, 42.36], [-101.4, 42.36]]]}}, {"id": "2729", "type": "Feature", "properties": {}, "geometry": {"type": "Polygon", "coordinates": [[[-101.24, 42.36], [-101.24, 42.519999999999996], [-101.39999999999999, 42.519999999999996], [-101.39999999999999, 42.36], [-101.24, 42.36]]]}}, {"id": "2730", "type": "Feature", "properties": {}, "geometry": {"type": "Polygon", "coordinates": [[[-101.08, 42.36], [-101.08, 42.519999999999996], [-101.24, 42.519999999999996], [-101.24, 42.36], [-101.08, 42.36]]]}}, {"id": "2731", "type": "Feature", "properties": {}, "geometry": {"type": "Polygon", "coordinates": [[[-100.92, 42.36], [-100.92, 42.519999999999996], [-101.08, 42.519999999999996], [-101.08, 42.36], [-100.92, 42.36]]]}}, {"id": "2732", "type": "Feature", "properties": {}, "geometry": {"type": "Polygon", "coordinates": [[[-100.76, 42.36], [-100.76, 42.519999999999996], [-100.92, 42.519999999999996], [-100.92, 42.36], [-100.76, 42.36]]]}}, {"id": "2733", "type": "Feature", "properties": {}, "geometry": {"type": "Polygon", "coordinates": [[[-100.60000000000001, 42.36], [-100.60000000000001, 42.519999999999996], [-100.76, 42.519999999999996], [-100.76, 42.36], [-100.60000000000001, 42.36]]]}}, {"id": "2734", "type": "Feature", "properties": {}, "geometry": {"type": "Polygon", "coordinates": [[[-100.44, 42.36], [-100.44, 42.519999999999996], [-100.6, 42.519999999999996], [-100.6, 42.36], [-100.44, 42.36]]]}}, {"id": "2735", "type": "Feature", "properties": {}, "geometry": {"type": "Polygon", "coordinates": [[[-100.28, 42.36], [-100.28, 42.519999999999996], [-100.44, 42.519999999999996], [-100.44, 42.36], [-100.28, 42.36]]]}}, {"id": "2736", "type": "Feature", "properties": {}, "geometry": {"type": "Polygon", "coordinates": [[[-100.12, 42.36], [-100.12, 42.519999999999996], [-100.28, 42.519999999999996], [-100.28, 42.36], [-100.12, 42.36]]]}}, {"id": "2737", "type": "Feature", "properties": {}, "geometry": {"type": "Polygon", "coordinates": [[[-99.96000000000001, 42.36], [-99.96000000000001, 42.519999999999996], [-100.12, 42.519999999999996], [-100.12, 42.36], [-99.96000000000001, 42.36]]]}}, {"id": "2738", "type": "Feature", "properties": {}, "geometry": {"type": "Polygon", "coordinates": [[[-99.8, 42.36], [-99.8, 42.519999999999996], [-99.96, 42.519999999999996], [-99.96, 42.36], [-99.8, 42.36]]]}}, {"id": "2739", "type": "Feature", "properties": {}, "geometry": {"type": "Polygon", "coordinates": [[[-99.64, 42.36], [-99.64, 42.519999999999996], [-99.8, 42.519999999999996], [-99.8, 42.36], [-99.64, 42.36]]]}}, {"id": "2740", "type": "Feature", "properties": {}, "geometry": {"type": "Polygon", "coordinates": [[[-99.48, 42.36], [-99.48, 42.519999999999996], [-99.64, 42.519999999999996], [-99.64, 42.36], [-99.48, 42.36]]]}}, {"id": "2741", "type": "Feature", "properties": {}, "geometry": {"type": "Polygon", "coordinates": [[[-99.32000000000001, 42.36], [-99.32000000000001, 42.519999999999996], [-99.48, 42.519999999999996], [-99.48, 42.36], [-99.32000000000001, 42.36]]]}}, {"id": "2742", "type": "Feature", "properties": {}, "geometry": {"type": "Polygon", "coordinates": [[[-99.16, 42.36], [-99.16, 42.519999999999996], [-99.32, 42.519999999999996], [-99.32, 42.36], [-99.16, 42.36]]]}}, {"id": "2743", "type": "Feature", "properties": {}, "geometry": {"type": "Polygon", "coordinates": [[[-99.0, 42.36], [-99.0, 42.519999999999996], [-99.16, 42.519999999999996], [-99.16, 42.36], [-99.0, 42.36]]]}}, {"id": "2744", "type": "Feature", "properties": {}, "geometry": {"type": "Polygon", "coordinates": [[[-98.84, 42.36], [-98.84, 42.519999999999996], [-99.0, 42.519999999999996], [-99.0, 42.36], [-98.84, 42.36]]]}}, {"id": "2745", "type": "Feature", "properties": {}, "geometry": {"type": "Polygon", "coordinates": [[[-98.68, 42.36], [-98.68, 42.519999999999996], [-98.84, 42.519999999999996], [-98.84, 42.36], [-98.68, 42.36]]]}}, {"id": "2746", "type": "Feature", "properties": {}, "geometry": {"type": "Polygon", "coordinates": [[[-98.52, 42.36], [-98.52, 42.519999999999996], [-98.67999999999999, 42.519999999999996], [-98.67999999999999, 42.36], [-98.52, 42.36]]]}}, {"id": "2747", "type": "Feature", "properties": {}, "geometry": {"type": "Polygon", "coordinates": [[[-98.36, 42.36], [-98.36, 42.519999999999996], [-98.52, 42.519999999999996], [-98.52, 42.36], [-98.36, 42.36]]]}}, {"id": "2748", "type": "Feature", "properties": {}, "geometry": {"type": "Polygon", "coordinates": [[[-98.2, 42.36], [-98.2, 42.519999999999996], [-98.36, 42.519999999999996], [-98.36, 42.36], [-98.2, 42.36]]]}}, {"id": "2749", "type": "Feature", "properties": {}, "geometry": {"type": "Polygon", "coordinates": [[[-98.04, 42.36], [-98.04, 42.519999999999996], [-98.2, 42.519999999999996], [-98.2, 42.36], [-98.04, 42.36]]]}}, {"id": "2750", "type": "Feature", "properties": {}, "geometry": {"type": "Polygon", "coordinates": [[[-97.88, 42.36], [-97.88, 42.519999999999996], [-98.03999999999999, 42.519999999999996], [-98.03999999999999, 42.36], [-97.88, 42.36]]]}}, {"id": "2751", "type": "Feature", "properties": {}, "geometry": {"type": "Polygon", "coordinates": [[[-97.72, 42.36], [-97.72, 42.519999999999996], [-97.88, 42.519999999999996], [-97.88, 42.36], [-97.72, 42.36]]]}}, {"id": "2752", "type": "Feature", "properties": {}, "geometry": {"type": "Polygon", "coordinates": [[[-97.56, 42.36], [-97.56, 42.519999999999996], [-97.72, 42.519999999999996], [-97.72, 42.36], [-97.56, 42.36]]]}}, {"id": "2753", "type": "Feature", "properties": {}, "geometry": {"type": "Polygon", "coordinates": [[[-97.4, 42.36], [-97.4, 42.519999999999996], [-97.56, 42.519999999999996], [-97.56, 42.36], [-97.4, 42.36]]]}}, {"id": "2754", "type": "Feature", "properties": {}, "geometry": {"type": "Polygon", "coordinates": [[[-97.24, 42.36], [-97.24, 42.519999999999996], [-97.39999999999999, 42.519999999999996], [-97.39999999999999, 42.36], [-97.24, 42.36]]]}}, {"id": "2755", "type": "Feature", "properties": {}, "geometry": {"type": "Polygon", "coordinates": [[[-97.08, 42.36], [-97.08, 42.519999999999996], [-97.24, 42.519999999999996], [-97.24, 42.36], [-97.08, 42.36]]]}}, {"id": "2756", "type": "Feature", "properties": {}, "geometry": {"type": "Polygon", "coordinates": [[[-96.92, 42.36], [-96.92, 42.519999999999996], [-97.08, 42.519999999999996], [-97.08, 42.36], [-96.92, 42.36]]]}}, {"id": "2757", "type": "Feature", "properties": {}, "geometry": {"type": "Polygon", "coordinates": [[[-96.76, 42.36], [-96.76, 42.519999999999996], [-96.92, 42.519999999999996], [-96.92, 42.36], [-96.76, 42.36]]]}}, {"id": "2758", "type": "Feature", "properties": {}, "geometry": {"type": "Polygon", "coordinates": [[[-96.60000000000001, 42.36], [-96.60000000000001, 42.519999999999996], [-96.76, 42.519999999999996], [-96.76, 42.36], [-96.60000000000001, 42.36]]]}}, {"id": "2759", "type": "Feature", "properties": {}, "geometry": {"type": "Polygon", "coordinates": [[[-96.44, 42.36], [-96.44, 42.519999999999996], [-96.6, 42.519999999999996], [-96.6, 42.36], [-96.44, 42.36]]]}}, {"id": "2760", "type": "Feature", "properties": {}, "geometry": {"type": "Polygon", "coordinates": [[[-96.28, 42.36], [-96.28, 42.519999999999996], [-96.44, 42.519999999999996], [-96.44, 42.36], [-96.28, 42.36]]]}}, {"id": "2761", "type": "Feature", "properties": {}, "geometry": {"type": "Polygon", "coordinates": [[[-96.12, 42.36], [-96.12, 42.519999999999996], [-96.28, 42.519999999999996], [-96.28, 42.36], [-96.12, 42.36]]]}}, {"id": "2762", "type": "Feature", "properties": {}, "geometry": {"type": "Polygon", "coordinates": [[[-95.96000000000001, 42.36], [-95.96000000000001, 42.519999999999996], [-96.12, 42.519999999999996], [-96.12, 42.36], [-95.96000000000001, 42.36]]]}}, {"id": "2763", "type": "Feature", "properties": {}, "geometry": {"type": "Polygon", "coordinates": [[[-95.8, 42.36], [-95.8, 42.519999999999996], [-95.96, 42.519999999999996], [-95.96, 42.36], [-95.8, 42.36]]]}}, {"id": "2764", "type": "Feature", "properties": {}, "geometry": {"type": "Polygon", "coordinates": [[[-95.64, 42.36], [-95.64, 42.519999999999996], [-95.8, 42.519999999999996], [-95.8, 42.36], [-95.64, 42.36]]]}}, {"id": "2765", "type": "Feature", "properties": {}, "geometry": {"type": "Polygon", "coordinates": [[[-95.48, 42.36], [-95.48, 42.519999999999996], [-95.64, 42.519999999999996], [-95.64, 42.36], [-95.48, 42.36]]]}}, {"id": "2766", "type": "Feature", "properties": {}, "geometry": {"type": "Polygon", "coordinates": [[[-95.32000000000001, 42.36], [-95.32000000000001, 42.519999999999996], [-95.48, 42.519999999999996], [-95.48, 42.36], [-95.32000000000001, 42.36]]]}}, {"id": "2767", "type": "Feature", "properties": {}, "geometry": {"type": "Polygon", "coordinates": [[[-95.16, 42.36], [-95.16, 42.519999999999996], [-95.32, 42.519999999999996], [-95.32, 42.36], [-95.16, 42.36]]]}}, {"id": "2768", "type": "Feature", "properties": {}, "geometry": {"type": "Polygon", "coordinates": [[[-95.0, 42.36], [-95.0, 42.519999999999996], [-95.16, 42.519999999999996], [-95.16, 42.36], [-95.0, 42.36]]]}}, {"id": "2769", "type": "Feature", "properties": {}, "geometry": {"type": "Polygon", "coordinates": [[[-94.84, 42.36], [-94.84, 42.519999999999996], [-95.0, 42.519999999999996], [-95.0, 42.36], [-94.84, 42.36]]]}}, {"id": "2770", "type": "Feature", "properties": {}, "geometry": {"type": "Polygon", "coordinates": [[[-94.68, 42.36], [-94.68, 42.519999999999996], [-94.84, 42.519999999999996], [-94.84, 42.36], [-94.68, 42.36]]]}}, {"id": "2771", "type": "Feature", "properties": {}, "geometry": {"type": "Polygon", "coordinates": [[[-94.52, 42.36], [-94.52, 42.519999999999996], [-94.67999999999999, 42.519999999999996], [-94.67999999999999, 42.36], [-94.52, 42.36]]]}}, {"id": "2772", "type": "Feature", "properties": {}, "geometry": {"type": "Polygon", "coordinates": [[[-94.36, 42.36], [-94.36, 42.519999999999996], [-94.52, 42.519999999999996], [-94.52, 42.36], [-94.36, 42.36]]]}}, {"id": "2773", "type": "Feature", "properties": {}, "geometry": {"type": "Polygon", "coordinates": [[[-94.2, 42.36], [-94.2, 42.519999999999996], [-94.36, 42.519999999999996], [-94.36, 42.36], [-94.2, 42.36]]]}}, {"id": "2774", "type": "Feature", "properties": {}, "geometry": {"type": "Polygon", "coordinates": [[[-94.04, 42.36], [-94.04, 42.519999999999996], [-94.2, 42.519999999999996], [-94.2, 42.36], [-94.04, 42.36]]]}}, {"id": "2775", "type": "Feature", "properties": {}, "geometry": {"type": "Polygon", "coordinates": [[[-93.72, 42.36], [-93.72, 42.519999999999996], [-93.88, 42.519999999999996], [-93.88, 42.36], [-93.72, 42.36]]]}}, {"id": "2776", "type": "Feature", "properties": {}, "geometry": {"type": "Polygon", "coordinates": [[[-87.64, 42.36], [-87.64, 42.519999999999996], [-87.8, 42.519999999999996], [-87.8, 42.36], [-87.64, 42.36]]]}}, {"id": "2777", "type": "Feature", "properties": {}, "geometry": {"type": "Polygon", "coordinates": [[[-87.48, 42.36], [-87.48, 42.519999999999996], [-87.64, 42.519999999999996], [-87.64, 42.36], [-87.48, 42.36]]]}}, {"id": "2778", "type": "Feature", "properties": {}, "geometry": {"type": "Polygon", "coordinates": [[[-87.32000000000001, 42.36], [-87.32000000000001, 42.519999999999996], [-87.48, 42.519999999999996], [-87.48, 42.36], [-87.32000000000001, 42.36]]]}}, {"id": "2779", "type": "Feature", "properties": {}, "geometry": {"type": "Polygon", "coordinates": [[[-87.16, 42.36], [-87.16, 42.519999999999996], [-87.32, 42.519999999999996], [-87.32, 42.36], [-87.16, 42.36]]]}}, {"id": "2780", "type": "Feature", "properties": {}, "geometry": {"type": "Polygon", "coordinates": [[[-87.0, 42.36], [-87.0, 42.519999999999996], [-87.16, 42.519999999999996], [-87.16, 42.36], [-87.0, 42.36]]]}}, {"id": "2781", "type": "Feature", "properties": {}, "geometry": {"type": "Polygon", "coordinates": [[[-86.84, 42.36], [-86.84, 42.519999999999996], [-87.0, 42.519999999999996], [-87.0, 42.36], [-86.84, 42.36]]]}}, {"id": "2782", "type": "Feature", "properties": {}, "geometry": {"type": "Polygon", "coordinates": [[[-86.67999999999999, 42.36], [-86.67999999999999, 42.519999999999996], [-86.83999999999999, 42.519999999999996], [-86.83999999999999, 42.36], [-86.67999999999999, 42.36]]]}}, {"id": "2783", "type": "Feature", "properties": {}, "geometry": {"type": "Polygon", "coordinates": [[[-86.52, 42.36], [-86.52, 42.519999999999996], [-86.67999999999999, 42.519999999999996], [-86.67999999999999, 42.36], [-86.52, 42.36]]]}}, {"id": "2784", "type": "Feature", "properties": {}, "geometry": {"type": "Polygon", "coordinates": [[[-86.36, 42.36], [-86.36, 42.519999999999996], [-86.52, 42.519999999999996], [-86.52, 42.36], [-86.36, 42.36]]]}}, {"id": "2785", "type": "Feature", "properties": {}, "geometry": {"type": "Polygon", "coordinates": [[[-86.2, 42.36], [-86.2, 42.519999999999996], [-86.36, 42.519999999999996], [-86.36, 42.36], [-86.2, 42.36]]]}}, {"id": "2786", "type": "Feature", "properties": {}, "geometry": {"type": "Polygon", "coordinates": [[[-102.84, 42.2], [-102.84, 42.36], [-103.0, 42.36], [-103.0, 42.2], [-102.84, 42.2]]]}}, {"id": "2787", "type": "Feature", "properties": {}, "geometry": {"type": "Polygon", "coordinates": [[[-102.68, 42.2], [-102.68, 42.36], [-102.84, 42.36], [-102.84, 42.2], [-102.68, 42.2]]]}}, {"id": "2788", "type": "Feature", "properties": {}, "geometry": {"type": "Polygon", "coordinates": [[[-102.52, 42.2], [-102.52, 42.36], [-102.67999999999999, 42.36], [-102.67999999999999, 42.2], [-102.52, 42.2]]]}}, {"id": "2789", "type": "Feature", "properties": {}, "geometry": {"type": "Polygon", "coordinates": [[[-102.36, 42.2], [-102.36, 42.36], [-102.52, 42.36], [-102.52, 42.2], [-102.36, 42.2]]]}}, {"id": "2790", "type": "Feature", "properties": {}, "geometry": {"type": "Polygon", "coordinates": [[[-102.2, 42.2], [-102.2, 42.36], [-102.36, 42.36], [-102.36, 42.2], [-102.2, 42.2]]]}}, {"id": "2791", "type": "Feature", "properties": {}, "geometry": {"type": "Polygon", "coordinates": [[[-102.04, 42.2], [-102.04, 42.36], [-102.2, 42.36], [-102.2, 42.2], [-102.04, 42.2]]]}}, {"id": "2792", "type": "Feature", "properties": {}, "geometry": {"type": "Polygon", "coordinates": [[[-101.88, 42.2], [-101.88, 42.36], [-102.03999999999999, 42.36], [-102.03999999999999, 42.2], [-101.88, 42.2]]]}}, {"id": "2793", "type": "Feature", "properties": {}, "geometry": {"type": "Polygon", "coordinates": [[[-101.72, 42.2], [-101.72, 42.36], [-101.88, 42.36], [-101.88, 42.2], [-101.72, 42.2]]]}}, {"id": "2794", "type": "Feature", "properties": {}, "geometry": {"type": "Polygon", "coordinates": [[[-101.56, 42.2], [-101.56, 42.36], [-101.72, 42.36], [-101.72, 42.2], [-101.56, 42.2]]]}}, {"id": "2795", "type": "Feature", "properties": {}, "geometry": {"type": "Polygon", "coordinates": [[[-101.4, 42.2], [-101.4, 42.36], [-101.56, 42.36], [-101.56, 42.2], [-101.4, 42.2]]]}}, {"id": "2796", "type": "Feature", "properties": {}, "geometry": {"type": "Polygon", "coordinates": [[[-101.24, 42.2], [-101.24, 42.36], [-101.39999999999999, 42.36], [-101.39999999999999, 42.2], [-101.24, 42.2]]]}}, {"id": "2797", "type": "Feature", "properties": {}, "geometry": {"type": "Polygon", "coordinates": [[[-101.08, 42.2], [-101.08, 42.36], [-101.24, 42.36], [-101.24, 42.2], [-101.08, 42.2]]]}}, {"id": "2798", "type": "Feature", "properties": {}, "geometry": {"type": "Polygon", "coordinates": [[[-100.92, 42.2], [-100.92, 42.36], [-101.08, 42.36], [-101.08, 42.2], [-100.92, 42.2]]]}}, {"id": "2799", "type": "Feature", "properties": {}, "geometry": {"type": "Polygon", "coordinates": [[[-100.76, 42.2], [-100.76, 42.36], [-100.92, 42.36], [-100.92, 42.2], [-100.76, 42.2]]]}}, {"id": "2800", "type": "Feature", "properties": {}, "geometry": {"type": "Polygon", "coordinates": [[[-100.60000000000001, 42.2], [-100.60000000000001, 42.36], [-100.76, 42.36], [-100.76, 42.2], [-100.60000000000001, 42.2]]]}}, {"id": "2801", "type": "Feature", "properties": {}, "geometry": {"type": "Polygon", "coordinates": [[[-100.44, 42.2], [-100.44, 42.36], [-100.6, 42.36], [-100.6, 42.2], [-100.44, 42.2]]]}}, {"id": "2802", "type": "Feature", "properties": {}, "geometry": {"type": "Polygon", "coordinates": [[[-100.28, 42.2], [-100.28, 42.36], [-100.44, 42.36], [-100.44, 42.2], [-100.28, 42.2]]]}}, {"id": "2803", "type": "Feature", "properties": {}, "geometry": {"type": "Polygon", "coordinates": [[[-100.12, 42.2], [-100.12, 42.36], [-100.28, 42.36], [-100.28, 42.2], [-100.12, 42.2]]]}}, {"id": "2804", "type": "Feature", "properties": {}, "geometry": {"type": "Polygon", "coordinates": [[[-99.96000000000001, 42.2], [-99.96000000000001, 42.36], [-100.12, 42.36], [-100.12, 42.2], [-99.96000000000001, 42.2]]]}}, {"id": "2805", "type": "Feature", "properties": {}, "geometry": {"type": "Polygon", "coordinates": [[[-99.8, 42.2], [-99.8, 42.36], [-99.96, 42.36], [-99.96, 42.2], [-99.8, 42.2]]]}}, {"id": "2806", "type": "Feature", "properties": {}, "geometry": {"type": "Polygon", "coordinates": [[[-99.64, 42.2], [-99.64, 42.36], [-99.8, 42.36], [-99.8, 42.2], [-99.64, 42.2]]]}}, {"id": "2807", "type": "Feature", "properties": {}, "geometry": {"type": "Polygon", "coordinates": [[[-99.48, 42.2], [-99.48, 42.36], [-99.64, 42.36], [-99.64, 42.2], [-99.48, 42.2]]]}}, {"id": "2808", "type": "Feature", "properties": {}, "geometry": {"type": "Polygon", "coordinates": [[[-99.32000000000001, 42.2], [-99.32000000000001, 42.36], [-99.48, 42.36], [-99.48, 42.2], [-99.32000000000001, 42.2]]]}}, {"id": "2809", "type": "Feature", "properties": {}, "geometry": {"type": "Polygon", "coordinates": [[[-99.16, 42.2], [-99.16, 42.36], [-99.32, 42.36], [-99.32, 42.2], [-99.16, 42.2]]]}}, {"id": "2810", "type": "Feature", "properties": {}, "geometry": {"type": "Polygon", "coordinates": [[[-99.0, 42.2], [-99.0, 42.36], [-99.16, 42.36], [-99.16, 42.2], [-99.0, 42.2]]]}}, {"id": "2811", "type": "Feature", "properties": {}, "geometry": {"type": "Polygon", "coordinates": [[[-98.84, 42.2], [-98.84, 42.36], [-99.0, 42.36], [-99.0, 42.2], [-98.84, 42.2]]]}}, {"id": "2812", "type": "Feature", "properties": {}, "geometry": {"type": "Polygon", "coordinates": [[[-98.68, 42.2], [-98.68, 42.36], [-98.84, 42.36], [-98.84, 42.2], [-98.68, 42.2]]]}}, {"id": "2813", "type": "Feature", "properties": {}, "geometry": {"type": "Polygon", "coordinates": [[[-98.52, 42.2], [-98.52, 42.36], [-98.67999999999999, 42.36], [-98.67999999999999, 42.2], [-98.52, 42.2]]]}}, {"id": "2814", "type": "Feature", "properties": {}, "geometry": {"type": "Polygon", "coordinates": [[[-98.36, 42.2], [-98.36, 42.36], [-98.52, 42.36], [-98.52, 42.2], [-98.36, 42.2]]]}}, {"id": "2815", "type": "Feature", "properties": {}, "geometry": {"type": "Polygon", "coordinates": [[[-98.2, 42.2], [-98.2, 42.36], [-98.36, 42.36], [-98.36, 42.2], [-98.2, 42.2]]]}}, {"id": "2816", "type": "Feature", "properties": {}, "geometry": {"type": "Polygon", "coordinates": [[[-98.04, 42.2], [-98.04, 42.36], [-98.2, 42.36], [-98.2, 42.2], [-98.04, 42.2]]]}}, {"id": "2817", "type": "Feature", "properties": {}, "geometry": {"type": "Polygon", "coordinates": [[[-97.88, 42.2], [-97.88, 42.36], [-98.03999999999999, 42.36], [-98.03999999999999, 42.2], [-97.88, 42.2]]]}}, {"id": "2818", "type": "Feature", "properties": {}, "geometry": {"type": "Polygon", "coordinates": [[[-97.72, 42.2], [-97.72, 42.36], [-97.88, 42.36], [-97.88, 42.2], [-97.72, 42.2]]]}}, {"id": "2819", "type": "Feature", "properties": {}, "geometry": {"type": "Polygon", "coordinates": [[[-97.56, 42.2], [-97.56, 42.36], [-97.72, 42.36], [-97.72, 42.2], [-97.56, 42.2]]]}}, {"id": "2820", "type": "Feature", "properties": {}, "geometry": {"type": "Polygon", "coordinates": [[[-97.4, 42.2], [-97.4, 42.36], [-97.56, 42.36], [-97.56, 42.2], [-97.4, 42.2]]]}}, {"id": "2821", "type": "Feature", "properties": {}, "geometry": {"type": "Polygon", "coordinates": [[[-97.24, 42.2], [-97.24, 42.36], [-97.39999999999999, 42.36], [-97.39999999999999, 42.2], [-97.24, 42.2]]]}}, {"id": "2822", "type": "Feature", "properties": {}, "geometry": {"type": "Polygon", "coordinates": [[[-97.08, 42.2], [-97.08, 42.36], [-97.24, 42.36], [-97.24, 42.2], [-97.08, 42.2]]]}}, {"id": "2823", "type": "Feature", "properties": {}, "geometry": {"type": "Polygon", "coordinates": [[[-96.92, 42.2], [-96.92, 42.36], [-97.08, 42.36], [-97.08, 42.2], [-96.92, 42.2]]]}}, {"id": "2824", "type": "Feature", "properties": {}, "geometry": {"type": "Polygon", "coordinates": [[[-96.76, 42.2], [-96.76, 42.36], [-96.92, 42.36], [-96.92, 42.2], [-96.76, 42.2]]]}}, {"id": "2825", "type": "Feature", "properties": {}, "geometry": {"type": "Polygon", "coordinates": [[[-96.60000000000001, 42.2], [-96.60000000000001, 42.36], [-96.76, 42.36], [-96.76, 42.2], [-96.60000000000001, 42.2]]]}}, {"id": "2826", "type": "Feature", "properties": {}, "geometry": {"type": "Polygon", "coordinates": [[[-96.44, 42.2], [-96.44, 42.36], [-96.6, 42.36], [-96.6, 42.2], [-96.44, 42.2]]]}}, {"id": "2827", "type": "Feature", "properties": {}, "geometry": {"type": "Polygon", "coordinates": [[[-96.28, 42.2], [-96.28, 42.36], [-96.44, 42.36], [-96.44, 42.2], [-96.28, 42.2]]]}}, {"id": "2828", "type": "Feature", "properties": {}, "geometry": {"type": "Polygon", "coordinates": [[[-96.12, 42.2], [-96.12, 42.36], [-96.28, 42.36], [-96.28, 42.2], [-96.12, 42.2]]]}}, {"id": "2829", "type": "Feature", "properties": {}, "geometry": {"type": "Polygon", "coordinates": [[[-95.96000000000001, 42.2], [-95.96000000000001, 42.36], [-96.12, 42.36], [-96.12, 42.2], [-95.96000000000001, 42.2]]]}}, {"id": "2830", "type": "Feature", "properties": {}, "geometry": {"type": "Polygon", "coordinates": [[[-95.8, 42.2], [-95.8, 42.36], [-95.96, 42.36], [-95.96, 42.2], [-95.8, 42.2]]]}}, {"id": "2831", "type": "Feature", "properties": {}, "geometry": {"type": "Polygon", "coordinates": [[[-95.64, 42.2], [-95.64, 42.36], [-95.8, 42.36], [-95.8, 42.2], [-95.64, 42.2]]]}}, {"id": "2832", "type": "Feature", "properties": {}, "geometry": {"type": "Polygon", "coordinates": [[[-95.48, 42.2], [-95.48, 42.36], [-95.64, 42.36], [-95.64, 42.2], [-95.48, 42.2]]]}}, {"id": "2833", "type": "Feature", "properties": {}, "geometry": {"type": "Polygon", "coordinates": [[[-95.32000000000001, 42.2], [-95.32000000000001, 42.36], [-95.48, 42.36], [-95.48, 42.2], [-95.32000000000001, 42.2]]]}}, {"id": "2834", "type": "Feature", "properties": {}, "geometry": {"type": "Polygon", "coordinates": [[[-95.16, 42.2], [-95.16, 42.36], [-95.32, 42.36], [-95.32, 42.2], [-95.16, 42.2]]]}}, {"id": "2835", "type": "Feature", "properties": {}, "geometry": {"type": "Polygon", "coordinates": [[[-95.0, 42.2], [-95.0, 42.36], [-95.16, 42.36], [-95.16, 42.2], [-95.0, 42.2]]]}}, {"id": "2836", "type": "Feature", "properties": {}, "geometry": {"type": "Polygon", "coordinates": [[[-94.84, 42.2], [-94.84, 42.36], [-95.0, 42.36], [-95.0, 42.2], [-94.84, 42.2]]]}}, {"id": "2837", "type": "Feature", "properties": {}, "geometry": {"type": "Polygon", "coordinates": [[[-94.68, 42.2], [-94.68, 42.36], [-94.84, 42.36], [-94.84, 42.2], [-94.68, 42.2]]]}}, {"id": "2838", "type": "Feature", "properties": {}, "geometry": {"type": "Polygon", "coordinates": [[[-94.52, 42.2], [-94.52, 42.36], [-94.67999999999999, 42.36], [-94.67999999999999, 42.2], [-94.52, 42.2]]]}}, {"id": "2839", "type": "Feature", "properties": {}, "geometry": {"type": "Polygon", "coordinates": [[[-93.88, 42.2], [-93.88, 42.36], [-94.03999999999999, 42.36], [-94.03999999999999, 42.2], [-93.88, 42.2]]]}}, {"id": "2840", "type": "Feature", "properties": {}, "geometry": {"type": "Polygon", "coordinates": [[[-87.64, 42.2], [-87.64, 42.36], [-87.8, 42.36], [-87.8, 42.2], [-87.64, 42.2]]]}}, {"id": "2841", "type": "Feature", "properties": {}, "geometry": {"type": "Polygon", "coordinates": [[[-87.48, 42.2], [-87.48, 42.36], [-87.64, 42.36], [-87.64, 42.2], [-87.48, 42.2]]]}}, {"id": "2842", "type": "Feature", "properties": {}, "geometry": {"type": "Polygon", "coordinates": [[[-87.32000000000001, 42.2], [-87.32000000000001, 42.36], [-87.48, 42.36], [-87.48, 42.2], [-87.32000000000001, 42.2]]]}}, {"id": "2843", "type": "Feature", "properties": {}, "geometry": {"type": "Polygon", "coordinates": [[[-87.16, 42.2], [-87.16, 42.36], [-87.32, 42.36], [-87.32, 42.2], [-87.16, 42.2]]]}}, {"id": "2844", "type": "Feature", "properties": {}, "geometry": {"type": "Polygon", "coordinates": [[[-87.0, 42.2], [-87.0, 42.36], [-87.16, 42.36], [-87.16, 42.2], [-87.0, 42.2]]]}}, {"id": "2845", "type": "Feature", "properties": {}, "geometry": {"type": "Polygon", "coordinates": [[[-86.84, 42.2], [-86.84, 42.36], [-87.0, 42.36], [-87.0, 42.2], [-86.84, 42.2]]]}}, {"id": "2846", "type": "Feature", "properties": {}, "geometry": {"type": "Polygon", "coordinates": [[[-86.67999999999999, 42.2], [-86.67999999999999, 42.36], [-86.83999999999999, 42.36], [-86.83999999999999, 42.2], [-86.67999999999999, 42.2]]]}}, {"id": "2847", "type": "Feature", "properties": {}, "geometry": {"type": "Polygon", "coordinates": [[[-86.52, 42.2], [-86.52, 42.36], [-86.67999999999999, 42.36], [-86.67999999999999, 42.2], [-86.52, 42.2]]]}}, {"id": "2848", "type": "Feature", "properties": {}, "geometry": {"type": "Polygon", "coordinates": [[[-86.36, 42.2], [-86.36, 42.36], [-86.52, 42.36], [-86.52, 42.2], [-86.36, 42.2]]]}}, {"id": "2849", "type": "Feature", "properties": {}, "geometry": {"type": "Polygon", "coordinates": [[[-102.84, 42.04], [-102.84, 42.199999999999996], [-103.0, 42.199999999999996], [-103.0, 42.04], [-102.84, 42.04]]]}}, {"id": "2850", "type": "Feature", "properties": {}, "geometry": {"type": "Polygon", "coordinates": [[[-102.68, 42.04], [-102.68, 42.199999999999996], [-102.84, 42.199999999999996], [-102.84, 42.04], [-102.68, 42.04]]]}}, {"id": "2851", "type": "Feature", "properties": {}, "geometry": {"type": "Polygon", "coordinates": [[[-102.52, 42.04], [-102.52, 42.199999999999996], [-102.67999999999999, 42.199999999999996], [-102.67999999999999, 42.04], [-102.52, 42.04]]]}}, {"id": "2852", "type": "Feature", "properties": {}, "geometry": {"type": "Polygon", "coordinates": [[[-102.36, 42.04], [-102.36, 42.199999999999996], [-102.52, 42.199999999999996], [-102.52, 42.04], [-102.36, 42.04]]]}}, {"id": "2853", "type": "Feature", "properties": {}, "geometry": {"type": "Polygon", "coordinates": [[[-102.2, 42.04], [-102.2, 42.199999999999996], [-102.36, 42.199999999999996], [-102.36, 42.04], [-102.2, 42.04]]]}}, {"id": "2854", "type": "Feature", "properties": {}, "geometry": {"type": "Polygon", "coordinates": [[[-102.04, 42.04], [-102.04, 42.199999999999996], [-102.2, 42.199999999999996], [-102.2, 42.04], [-102.04, 42.04]]]}}, {"id": "2855", "type": "Feature", "properties": {}, "geometry": {"type": "Polygon", "coordinates": [[[-101.88, 42.04], [-101.88, 42.199999999999996], [-102.03999999999999, 42.199999999999996], [-102.03999999999999, 42.04], [-101.88, 42.04]]]}}, {"id": "2856", "type": "Feature", "properties": {}, "geometry": {"type": "Polygon", "coordinates": [[[-101.72, 42.04], [-101.72, 42.199999999999996], [-101.88, 42.199999999999996], [-101.88, 42.04], [-101.72, 42.04]]]}}, {"id": "2857", "type": "Feature", "properties": {}, "geometry": {"type": "Polygon", "coordinates": [[[-101.56, 42.04], [-101.56, 42.199999999999996], [-101.72, 42.199999999999996], [-101.72, 42.04], [-101.56, 42.04]]]}}, {"id": "2858", "type": "Feature", "properties": {}, "geometry": {"type": "Polygon", "coordinates": [[[-101.4, 42.04], [-101.4, 42.199999999999996], [-101.56, 42.199999999999996], [-101.56, 42.04], [-101.4, 42.04]]]}}, {"id": "2859", "type": "Feature", "properties": {}, "geometry": {"type": "Polygon", "coordinates": [[[-101.24, 42.04], [-101.24, 42.199999999999996], [-101.39999999999999, 42.199999999999996], [-101.39999999999999, 42.04], [-101.24, 42.04]]]}}, {"id": "2860", "type": "Feature", "properties": {}, "geometry": {"type": "Polygon", "coordinates": [[[-101.08, 42.04], [-101.08, 42.199999999999996], [-101.24, 42.199999999999996], [-101.24, 42.04], [-101.08, 42.04]]]}}, {"id": "2861", "type": "Feature", "properties": {}, "geometry": {"type": "Polygon", "coordinates": [[[-100.92, 42.04], [-100.92, 42.199999999999996], [-101.08, 42.199999999999996], [-101.08, 42.04], [-100.92, 42.04]]]}}, {"id": "2862", "type": "Feature", "properties": {}, "geometry": {"type": "Polygon", "coordinates": [[[-100.76, 42.04], [-100.76, 42.199999999999996], [-100.92, 42.199999999999996], [-100.92, 42.04], [-100.76, 42.04]]]}}, {"id": "2863", "type": "Feature", "properties": {}, "geometry": {"type": "Polygon", "coordinates": [[[-100.60000000000001, 42.04], [-100.60000000000001, 42.199999999999996], [-100.76, 42.199999999999996], [-100.76, 42.04], [-100.60000000000001, 42.04]]]}}, {"id": "2864", "type": "Feature", "properties": {}, "geometry": {"type": "Polygon", "coordinates": [[[-100.44, 42.04], [-100.44, 42.199999999999996], [-100.6, 42.199999999999996], [-100.6, 42.04], [-100.44, 42.04]]]}}, {"id": "2865", "type": "Feature", "properties": {}, "geometry": {"type": "Polygon", "coordinates": [[[-100.28, 42.04], [-100.28, 42.199999999999996], [-100.44, 42.199999999999996], [-100.44, 42.04], [-100.28, 42.04]]]}}, {"id": "2866", "type": "Feature", "properties": {}, "geometry": {"type": "Polygon", "coordinates": [[[-100.12, 42.04], [-100.12, 42.199999999999996], [-100.28, 42.199999999999996], [-100.28, 42.04], [-100.12, 42.04]]]}}, {"id": "2867", "type": "Feature", "properties": {}, "geometry": {"type": "Polygon", "coordinates": [[[-99.96000000000001, 42.04], [-99.96000000000001, 42.199999999999996], [-100.12, 42.199999999999996], [-100.12, 42.04], [-99.96000000000001, 42.04]]]}}, {"id": "2868", "type": "Feature", "properties": {}, "geometry": {"type": "Polygon", "coordinates": [[[-99.8, 42.04], [-99.8, 42.199999999999996], [-99.96, 42.199999999999996], [-99.96, 42.04], [-99.8, 42.04]]]}}, {"id": "2869", "type": "Feature", "properties": {}, "geometry": {"type": "Polygon", "coordinates": [[[-99.64, 42.04], [-99.64, 42.199999999999996], [-99.8, 42.199999999999996], [-99.8, 42.04], [-99.64, 42.04]]]}}, {"id": "2870", "type": "Feature", "properties": {}, "geometry": {"type": "Polygon", "coordinates": [[[-99.48, 42.04], [-99.48, 42.199999999999996], [-99.64, 42.199999999999996], [-99.64, 42.04], [-99.48, 42.04]]]}}, {"id": "2871", "type": "Feature", "properties": {}, "geometry": {"type": "Polygon", "coordinates": [[[-99.32000000000001, 42.04], [-99.32000000000001, 42.199999999999996], [-99.48, 42.199999999999996], [-99.48, 42.04], [-99.32000000000001, 42.04]]]}}, {"id": "2872", "type": "Feature", "properties": {}, "geometry": {"type": "Polygon", "coordinates": [[[-99.16, 42.04], [-99.16, 42.199999999999996], [-99.32, 42.199999999999996], [-99.32, 42.04], [-99.16, 42.04]]]}}, {"id": "2873", "type": "Feature", "properties": {}, "geometry": {"type": "Polygon", "coordinates": [[[-99.0, 42.04], [-99.0, 42.199999999999996], [-99.16, 42.199999999999996], [-99.16, 42.04], [-99.0, 42.04]]]}}, {"id": "2874", "type": "Feature", "properties": {}, "geometry": {"type": "Polygon", "coordinates": [[[-98.84, 42.04], [-98.84, 42.199999999999996], [-99.0, 42.199999999999996], [-99.0, 42.04], [-98.84, 42.04]]]}}, {"id": "2875", "type": "Feature", "properties": {}, "geometry": {"type": "Polygon", "coordinates": [[[-98.68, 42.04], [-98.68, 42.199999999999996], [-98.84, 42.199999999999996], [-98.84, 42.04], [-98.68, 42.04]]]}}, {"id": "2876", "type": "Feature", "properties": {}, "geometry": {"type": "Polygon", "coordinates": [[[-98.52, 42.04], [-98.52, 42.199999999999996], [-98.67999999999999, 42.199999999999996], [-98.67999999999999, 42.04], [-98.52, 42.04]]]}}, {"id": "2877", "type": "Feature", "properties": {}, "geometry": {"type": "Polygon", "coordinates": [[[-98.36, 42.04], [-98.36, 42.199999999999996], [-98.52, 42.199999999999996], [-98.52, 42.04], [-98.36, 42.04]]]}}, {"id": "2878", "type": "Feature", "properties": {}, "geometry": {"type": "Polygon", "coordinates": [[[-98.2, 42.04], [-98.2, 42.199999999999996], [-98.36, 42.199999999999996], [-98.36, 42.04], [-98.2, 42.04]]]}}, {"id": "2879", "type": "Feature", "properties": {}, "geometry": {"type": "Polygon", "coordinates": [[[-98.04, 42.04], [-98.04, 42.199999999999996], [-98.2, 42.199999999999996], [-98.2, 42.04], [-98.04, 42.04]]]}}, {"id": "2880", "type": "Feature", "properties": {}, "geometry": {"type": "Polygon", "coordinates": [[[-97.88, 42.04], [-97.88, 42.199999999999996], [-98.03999999999999, 42.199999999999996], [-98.03999999999999, 42.04], [-97.88, 42.04]]]}}, {"id": "2881", "type": "Feature", "properties": {}, "geometry": {"type": "Polygon", "coordinates": [[[-97.72, 42.04], [-97.72, 42.199999999999996], [-97.88, 42.199999999999996], [-97.88, 42.04], [-97.72, 42.04]]]}}, {"id": "2882", "type": "Feature", "properties": {}, "geometry": {"type": "Polygon", "coordinates": [[[-97.56, 42.04], [-97.56, 42.199999999999996], [-97.72, 42.199999999999996], [-97.72, 42.04], [-97.56, 42.04]]]}}, {"id": "2883", "type": "Feature", "properties": {}, "geometry": {"type": "Polygon", "coordinates": [[[-97.4, 42.04], [-97.4, 42.199999999999996], [-97.56, 42.199999999999996], [-97.56, 42.04], [-97.4, 42.04]]]}}, {"id": "2884", "type": "Feature", "properties": {}, "geometry": {"type": "Polygon", "coordinates": [[[-97.24, 42.04], [-97.24, 42.199999999999996], [-97.39999999999999, 42.199999999999996], [-97.39999999999999, 42.04], [-97.24, 42.04]]]}}, {"id": "2885", "type": "Feature", "properties": {}, "geometry": {"type": "Polygon", "coordinates": [[[-97.08, 42.04], [-97.08, 42.199999999999996], [-97.24, 42.199999999999996], [-97.24, 42.04], [-97.08, 42.04]]]}}, {"id": "2886", "type": "Feature", "properties": {}, "geometry": {"type": "Polygon", "coordinates": [[[-96.92, 42.04], [-96.92, 42.199999999999996], [-97.08, 42.199999999999996], [-97.08, 42.04], [-96.92, 42.04]]]}}, {"id": "2887", "type": "Feature", "properties": {}, "geometry": {"type": "Polygon", "coordinates": [[[-96.76, 42.04], [-96.76, 42.199999999999996], [-96.92, 42.199999999999996], [-96.92, 42.04], [-96.76, 42.04]]]}}, {"id": "2888", "type": "Feature", "properties": {}, "geometry": {"type": "Polygon", "coordinates": [[[-96.60000000000001, 42.04], [-96.60000000000001, 42.199999999999996], [-96.76, 42.199999999999996], [-96.76, 42.04], [-96.60000000000001, 42.04]]]}}, {"id": "2889", "type": "Feature", "properties": {}, "geometry": {"type": "Polygon", "coordinates": [[[-96.44, 42.04], [-96.44, 42.199999999999996], [-96.6, 42.199999999999996], [-96.6, 42.04], [-96.44, 42.04]]]}}, {"id": "2890", "type": "Feature", "properties": {}, "geometry": {"type": "Polygon", "coordinates": [[[-96.28, 42.04], [-96.28, 42.199999999999996], [-96.44, 42.199999999999996], [-96.44, 42.04], [-96.28, 42.04]]]}}, {"id": "2891", "type": "Feature", "properties": {}, "geometry": {"type": "Polygon", "coordinates": [[[-96.12, 42.04], [-96.12, 42.199999999999996], [-96.28, 42.199999999999996], [-96.28, 42.04], [-96.12, 42.04]]]}}, {"id": "2892", "type": "Feature", "properties": {}, "geometry": {"type": "Polygon", "coordinates": [[[-95.96000000000001, 42.04], [-95.96000000000001, 42.199999999999996], [-96.12, 42.199999999999996], [-96.12, 42.04], [-95.96000000000001, 42.04]]]}}, {"id": "2893", "type": "Feature", "properties": {}, "geometry": {"type": "Polygon", "coordinates": [[[-95.8, 42.04], [-95.8, 42.199999999999996], [-95.96, 42.199999999999996], [-95.96, 42.04], [-95.8, 42.04]]]}}, {"id": "2894", "type": "Feature", "properties": {}, "geometry": {"type": "Polygon", "coordinates": [[[-95.64, 42.04], [-95.64, 42.199999999999996], [-95.8, 42.199999999999996], [-95.8, 42.04], [-95.64, 42.04]]]}}, {"id": "2895", "type": "Feature", "properties": {}, "geometry": {"type": "Polygon", "coordinates": [[[-95.48, 42.04], [-95.48, 42.199999999999996], [-95.64, 42.199999999999996], [-95.64, 42.04], [-95.48, 42.04]]]}}, {"id": "2896", "type": "Feature", "properties": {}, "geometry": {"type": "Polygon", "coordinates": [[[-95.32000000000001, 42.04], [-95.32000000000001, 42.199999999999996], [-95.48, 42.199999999999996], [-95.48, 42.04], [-95.32000000000001, 42.04]]]}}, {"id": "2897", "type": "Feature", "properties": {}, "geometry": {"type": "Polygon", "coordinates": [[[-95.16, 42.04], [-95.16, 42.199999999999996], [-95.32, 42.199999999999996], [-95.32, 42.04], [-95.16, 42.04]]]}}, {"id": "2898", "type": "Feature", "properties": {}, "geometry": {"type": "Polygon", "coordinates": [[[-95.0, 42.04], [-95.0, 42.199999999999996], [-95.16, 42.199999999999996], [-95.16, 42.04], [-95.0, 42.04]]]}}, {"id": "2899", "type": "Feature", "properties": {}, "geometry": {"type": "Polygon", "coordinates": [[[-94.84, 42.04], [-94.84, 42.199999999999996], [-95.0, 42.199999999999996], [-95.0, 42.04], [-94.84, 42.04]]]}}, {"id": "2900", "type": "Feature", "properties": {}, "geometry": {"type": "Polygon", "coordinates": [[[-94.68, 42.04], [-94.68, 42.199999999999996], [-94.84, 42.199999999999996], [-94.84, 42.04], [-94.68, 42.04]]]}}, {"id": "2901", "type": "Feature", "properties": {}, "geometry": {"type": "Polygon", "coordinates": [[[-94.52, 42.04], [-94.52, 42.199999999999996], [-94.67999999999999, 42.199999999999996], [-94.67999999999999, 42.04], [-94.52, 42.04]]]}}, {"id": "2902", "type": "Feature", "properties": {}, "geometry": {"type": "Polygon", "coordinates": [[[-94.36, 42.04], [-94.36, 42.199999999999996], [-94.52, 42.199999999999996], [-94.52, 42.04], [-94.36, 42.04]]]}}, {"id": "2903", "type": "Feature", "properties": {}, "geometry": {"type": "Polygon", "coordinates": [[[-93.88, 42.04], [-93.88, 42.199999999999996], [-94.03999999999999, 42.199999999999996], [-94.03999999999999, 42.04], [-93.88, 42.04]]]}}, {"id": "2904", "type": "Feature", "properties": {}, "geometry": {"type": "Polygon", "coordinates": [[[-87.64, 42.04], [-87.64, 42.199999999999996], [-87.8, 42.199999999999996], [-87.8, 42.04], [-87.64, 42.04]]]}}, {"id": "2905", "type": "Feature", "properties": {}, "geometry": {"type": "Polygon", "coordinates": [[[-87.48, 42.04], [-87.48, 42.199999999999996], [-87.64, 42.199999999999996], [-87.64, 42.04], [-87.48, 42.04]]]}}, {"id": "2906", "type": "Feature", "properties": {}, "geometry": {"type": "Polygon", "coordinates": [[[-87.32000000000001, 42.04], [-87.32000000000001, 42.199999999999996], [-87.48, 42.199999999999996], [-87.48, 42.04], [-87.32000000000001, 42.04]]]}}, {"id": "2907", "type": "Feature", "properties": {}, "geometry": {"type": "Polygon", "coordinates": [[[-87.16, 42.04], [-87.16, 42.199999999999996], [-87.32, 42.199999999999996], [-87.32, 42.04], [-87.16, 42.04]]]}}, {"id": "2908", "type": "Feature", "properties": {}, "geometry": {"type": "Polygon", "coordinates": [[[-87.0, 42.04], [-87.0, 42.199999999999996], [-87.16, 42.199999999999996], [-87.16, 42.04], [-87.0, 42.04]]]}}, {"id": "2909", "type": "Feature", "properties": {}, "geometry": {"type": "Polygon", "coordinates": [[[-86.84, 42.04], [-86.84, 42.199999999999996], [-87.0, 42.199999999999996], [-87.0, 42.04], [-86.84, 42.04]]]}}, {"id": "2910", "type": "Feature", "properties": {}, "geometry": {"type": "Polygon", "coordinates": [[[-86.67999999999999, 42.04], [-86.67999999999999, 42.199999999999996], [-86.83999999999999, 42.199999999999996], [-86.83999999999999, 42.04], [-86.67999999999999, 42.04]]]}}, {"id": "2911", "type": "Feature", "properties": {}, "geometry": {"type": "Polygon", "coordinates": [[[-86.52, 42.04], [-86.52, 42.199999999999996], [-86.67999999999999, 42.199999999999996], [-86.67999999999999, 42.04], [-86.52, 42.04]]]}}, {"id": "2912", "type": "Feature", "properties": {}, "geometry": {"type": "Polygon", "coordinates": [[[-102.84, 41.88], [-102.84, 42.04], [-103.0, 42.04], [-103.0, 41.88], [-102.84, 41.88]]]}}, {"id": "2913", "type": "Feature", "properties": {}, "geometry": {"type": "Polygon", "coordinates": [[[-102.68, 41.88], [-102.68, 42.04], [-102.84, 42.04], [-102.84, 41.88], [-102.68, 41.88]]]}}, {"id": "2914", "type": "Feature", "properties": {}, "geometry": {"type": "Polygon", "coordinates": [[[-102.52, 41.88], [-102.52, 42.04], [-102.67999999999999, 42.04], [-102.67999999999999, 41.88], [-102.52, 41.88]]]}}, {"id": "2915", "type": "Feature", "properties": {}, "geometry": {"type": "Polygon", "coordinates": [[[-102.36, 41.88], [-102.36, 42.04], [-102.52, 42.04], [-102.52, 41.88], [-102.36, 41.88]]]}}, {"id": "2916", "type": "Feature", "properties": {}, "geometry": {"type": "Polygon", "coordinates": [[[-102.2, 41.88], [-102.2, 42.04], [-102.36, 42.04], [-102.36, 41.88], [-102.2, 41.88]]]}}, {"id": "2917", "type": "Feature", "properties": {}, "geometry": {"type": "Polygon", "coordinates": [[[-102.04, 41.88], [-102.04, 42.04], [-102.2, 42.04], [-102.2, 41.88], [-102.04, 41.88]]]}}, {"id": "2918", "type": "Feature", "properties": {}, "geometry": {"type": "Polygon", "coordinates": [[[-101.88, 41.88], [-101.88, 42.04], [-102.03999999999999, 42.04], [-102.03999999999999, 41.88], [-101.88, 41.88]]]}}, {"id": "2919", "type": "Feature", "properties": {}, "geometry": {"type": "Polygon", "coordinates": [[[-101.72, 41.88], [-101.72, 42.04], [-101.88, 42.04], [-101.88, 41.88], [-101.72, 41.88]]]}}, {"id": "2920", "type": "Feature", "properties": {}, "geometry": {"type": "Polygon", "coordinates": [[[-101.56, 41.88], [-101.56, 42.04], [-101.72, 42.04], [-101.72, 41.88], [-101.56, 41.88]]]}}, {"id": "2921", "type": "Feature", "properties": {}, "geometry": {"type": "Polygon", "coordinates": [[[-101.4, 41.88], [-101.4, 42.04], [-101.56, 42.04], [-101.56, 41.88], [-101.4, 41.88]]]}}, {"id": "2922", "type": "Feature", "properties": {}, "geometry": {"type": "Polygon", "coordinates": [[[-101.24, 41.88], [-101.24, 42.04], [-101.39999999999999, 42.04], [-101.39999999999999, 41.88], [-101.24, 41.88]]]}}, {"id": "2923", "type": "Feature", "properties": {}, "geometry": {"type": "Polygon", "coordinates": [[[-101.08, 41.88], [-101.08, 42.04], [-101.24, 42.04], [-101.24, 41.88], [-101.08, 41.88]]]}}, {"id": "2924", "type": "Feature", "properties": {}, "geometry": {"type": "Polygon", "coordinates": [[[-100.92, 41.88], [-100.92, 42.04], [-101.08, 42.04], [-101.08, 41.88], [-100.92, 41.88]]]}}, {"id": "2925", "type": "Feature", "properties": {}, "geometry": {"type": "Polygon", "coordinates": [[[-100.76, 41.88], [-100.76, 42.04], [-100.92, 42.04], [-100.92, 41.88], [-100.76, 41.88]]]}}, {"id": "2926", "type": "Feature", "properties": {}, "geometry": {"type": "Polygon", "coordinates": [[[-100.60000000000001, 41.88], [-100.60000000000001, 42.04], [-100.76, 42.04], [-100.76, 41.88], [-100.60000000000001, 41.88]]]}}, {"id": "2927", "type": "Feature", "properties": {}, "geometry": {"type": "Polygon", "coordinates": [[[-100.44, 41.88], [-100.44, 42.04], [-100.6, 42.04], [-100.6, 41.88], [-100.44, 41.88]]]}}, {"id": "2928", "type": "Feature", "properties": {}, "geometry": {"type": "Polygon", "coordinates": [[[-100.28, 41.88], [-100.28, 42.04], [-100.44, 42.04], [-100.44, 41.88], [-100.28, 41.88]]]}}, {"id": "2929", "type": "Feature", "properties": {}, "geometry": {"type": "Polygon", "coordinates": [[[-100.12, 41.88], [-100.12, 42.04], [-100.28, 42.04], [-100.28, 41.88], [-100.12, 41.88]]]}}, {"id": "2930", "type": "Feature", "properties": {}, "geometry": {"type": "Polygon", "coordinates": [[[-99.96000000000001, 41.88], [-99.96000000000001, 42.04], [-100.12, 42.04], [-100.12, 41.88], [-99.96000000000001, 41.88]]]}}, {"id": "2931", "type": "Feature", "properties": {}, "geometry": {"type": "Polygon", "coordinates": [[[-99.8, 41.88], [-99.8, 42.04], [-99.96, 42.04], [-99.96, 41.88], [-99.8, 41.88]]]}}, {"id": "2932", "type": "Feature", "properties": {}, "geometry": {"type": "Polygon", "coordinates": [[[-99.64, 41.88], [-99.64, 42.04], [-99.8, 42.04], [-99.8, 41.88], [-99.64, 41.88]]]}}, {"id": "2933", "type": "Feature", "properties": {}, "geometry": {"type": "Polygon", "coordinates": [[[-99.48, 41.88], [-99.48, 42.04], [-99.64, 42.04], [-99.64, 41.88], [-99.48, 41.88]]]}}, {"id": "2934", "type": "Feature", "properties": {}, "geometry": {"type": "Polygon", "coordinates": [[[-99.32000000000001, 41.88], [-99.32000000000001, 42.04], [-99.48, 42.04], [-99.48, 41.88], [-99.32000000000001, 41.88]]]}}, {"id": "2935", "type": "Feature", "properties": {}, "geometry": {"type": "Polygon", "coordinates": [[[-99.16, 41.88], [-99.16, 42.04], [-99.32, 42.04], [-99.32, 41.88], [-99.16, 41.88]]]}}, {"id": "2936", "type": "Feature", "properties": {}, "geometry": {"type": "Polygon", "coordinates": [[[-99.0, 41.88], [-99.0, 42.04], [-99.16, 42.04], [-99.16, 41.88], [-99.0, 41.88]]]}}, {"id": "2937", "type": "Feature", "properties": {}, "geometry": {"type": "Polygon", "coordinates": [[[-98.84, 41.88], [-98.84, 42.04], [-99.0, 42.04], [-99.0, 41.88], [-98.84, 41.88]]]}}, {"id": "2938", "type": "Feature", "properties": {}, "geometry": {"type": "Polygon", "coordinates": [[[-98.68, 41.88], [-98.68, 42.04], [-98.84, 42.04], [-98.84, 41.88], [-98.68, 41.88]]]}}, {"id": "2939", "type": "Feature", "properties": {}, "geometry": {"type": "Polygon", "coordinates": [[[-98.52, 41.88], [-98.52, 42.04], [-98.67999999999999, 42.04], [-98.67999999999999, 41.88], [-98.52, 41.88]]]}}, {"id": "2940", "type": "Feature", "properties": {}, "geometry": {"type": "Polygon", "coordinates": [[[-98.36, 41.88], [-98.36, 42.04], [-98.52, 42.04], [-98.52, 41.88], [-98.36, 41.88]]]}}, {"id": "2941", "type": "Feature", "properties": {}, "geometry": {"type": "Polygon", "coordinates": [[[-98.2, 41.88], [-98.2, 42.04], [-98.36, 42.04], [-98.36, 41.88], [-98.2, 41.88]]]}}, {"id": "2942", "type": "Feature", "properties": {}, "geometry": {"type": "Polygon", "coordinates": [[[-98.04, 41.88], [-98.04, 42.04], [-98.2, 42.04], [-98.2, 41.88], [-98.04, 41.88]]]}}, {"id": "2943", "type": "Feature", "properties": {}, "geometry": {"type": "Polygon", "coordinates": [[[-97.88, 41.88], [-97.88, 42.04], [-98.03999999999999, 42.04], [-98.03999999999999, 41.88], [-97.88, 41.88]]]}}, {"id": "2944", "type": "Feature", "properties": {}, "geometry": {"type": "Polygon", "coordinates": [[[-97.72, 41.88], [-97.72, 42.04], [-97.88, 42.04], [-97.88, 41.88], [-97.72, 41.88]]]}}, {"id": "2945", "type": "Feature", "properties": {}, "geometry": {"type": "Polygon", "coordinates": [[[-97.56, 41.88], [-97.56, 42.04], [-97.72, 42.04], [-97.72, 41.88], [-97.56, 41.88]]]}}, {"id": "2946", "type": "Feature", "properties": {}, "geometry": {"type": "Polygon", "coordinates": [[[-97.4, 41.88], [-97.4, 42.04], [-97.56, 42.04], [-97.56, 41.88], [-97.4, 41.88]]]}}, {"id": "2947", "type": "Feature", "properties": {}, "geometry": {"type": "Polygon", "coordinates": [[[-97.24, 41.88], [-97.24, 42.04], [-97.39999999999999, 42.04], [-97.39999999999999, 41.88], [-97.24, 41.88]]]}}, {"id": "2948", "type": "Feature", "properties": {}, "geometry": {"type": "Polygon", "coordinates": [[[-97.08, 41.88], [-97.08, 42.04], [-97.24, 42.04], [-97.24, 41.88], [-97.08, 41.88]]]}}, {"id": "2949", "type": "Feature", "properties": {}, "geometry": {"type": "Polygon", "coordinates": [[[-96.92, 41.88], [-96.92, 42.04], [-97.08, 42.04], [-97.08, 41.88], [-96.92, 41.88]]]}}, {"id": "2950", "type": "Feature", "properties": {}, "geometry": {"type": "Polygon", "coordinates": [[[-96.76, 41.88], [-96.76, 42.04], [-96.92, 42.04], [-96.92, 41.88], [-96.76, 41.88]]]}}, {"id": "2951", "type": "Feature", "properties": {}, "geometry": {"type": "Polygon", "coordinates": [[[-96.60000000000001, 41.88], [-96.60000000000001, 42.04], [-96.76, 42.04], [-96.76, 41.88], [-96.60000000000001, 41.88]]]}}, {"id": "2952", "type": "Feature", "properties": {}, "geometry": {"type": "Polygon", "coordinates": [[[-96.44, 41.88], [-96.44, 42.04], [-96.6, 42.04], [-96.6, 41.88], [-96.44, 41.88]]]}}, {"id": "2953", "type": "Feature", "properties": {}, "geometry": {"type": "Polygon", "coordinates": [[[-96.28, 41.88], [-96.28, 42.04], [-96.44, 42.04], [-96.44, 41.88], [-96.28, 41.88]]]}}, {"id": "2954", "type": "Feature", "properties": {}, "geometry": {"type": "Polygon", "coordinates": [[[-96.12, 41.88], [-96.12, 42.04], [-96.28, 42.04], [-96.28, 41.88], [-96.12, 41.88]]]}}, {"id": "2955", "type": "Feature", "properties": {}, "geometry": {"type": "Polygon", "coordinates": [[[-95.96000000000001, 41.88], [-95.96000000000001, 42.04], [-96.12, 42.04], [-96.12, 41.88], [-95.96000000000001, 41.88]]]}}, {"id": "2956", "type": "Feature", "properties": {}, "geometry": {"type": "Polygon", "coordinates": [[[-95.8, 41.88], [-95.8, 42.04], [-95.96, 42.04], [-95.96, 41.88], [-95.8, 41.88]]]}}, {"id": "2957", "type": "Feature", "properties": {}, "geometry": {"type": "Polygon", "coordinates": [[[-95.64, 41.88], [-95.64, 42.04], [-95.8, 42.04], [-95.8, 41.88], [-95.64, 41.88]]]}}, {"id": "2958", "type": "Feature", "properties": {}, "geometry": {"type": "Polygon", "coordinates": [[[-95.48, 41.88], [-95.48, 42.04], [-95.64, 42.04], [-95.64, 41.88], [-95.48, 41.88]]]}}, {"id": "2959", "type": "Feature", "properties": {}, "geometry": {"type": "Polygon", "coordinates": [[[-95.32000000000001, 41.88], [-95.32000000000001, 42.04], [-95.48, 42.04], [-95.48, 41.88], [-95.32000000000001, 41.88]]]}}, {"id": "2960", "type": "Feature", "properties": {}, "geometry": {"type": "Polygon", "coordinates": [[[-95.16, 41.88], [-95.16, 42.04], [-95.32, 42.04], [-95.32, 41.88], [-95.16, 41.88]]]}}, {"id": "2961", "type": "Feature", "properties": {}, "geometry": {"type": "Polygon", "coordinates": [[[-95.0, 41.88], [-95.0, 42.04], [-95.16, 42.04], [-95.16, 41.88], [-95.0, 41.88]]]}}, {"id": "2962", "type": "Feature", "properties": {}, "geometry": {"type": "Polygon", "coordinates": [[[-94.84, 41.88], [-94.84, 42.04], [-95.0, 42.04], [-95.0, 41.88], [-94.84, 41.88]]]}}, {"id": "2963", "type": "Feature", "properties": {}, "geometry": {"type": "Polygon", "coordinates": [[[-94.68, 41.88], [-94.68, 42.04], [-94.84, 42.04], [-94.84, 41.88], [-94.68, 41.88]]]}}, {"id": "2964", "type": "Feature", "properties": {}, "geometry": {"type": "Polygon", "coordinates": [[[-94.52, 41.88], [-94.52, 42.04], [-94.67999999999999, 42.04], [-94.67999999999999, 41.88], [-94.52, 41.88]]]}}, {"id": "2965", "type": "Feature", "properties": {}, "geometry": {"type": "Polygon", "coordinates": [[[-94.36, 41.88], [-94.36, 42.04], [-94.52, 42.04], [-94.52, 41.88], [-94.36, 41.88]]]}}, {"id": "2966", "type": "Feature", "properties": {}, "geometry": {"type": "Polygon", "coordinates": [[[-94.2, 41.88], [-94.2, 42.04], [-94.36, 42.04], [-94.36, 41.88], [-94.2, 41.88]]]}}, {"id": "2967", "type": "Feature", "properties": {}, "geometry": {"type": "Polygon", "coordinates": [[[-87.48, 41.88], [-87.48, 42.04], [-87.64, 42.04], [-87.64, 41.88], [-87.48, 41.88]]]}}, {"id": "2968", "type": "Feature", "properties": {}, "geometry": {"type": "Polygon", "coordinates": [[[-87.32000000000001, 41.88], [-87.32000000000001, 42.04], [-87.48, 42.04], [-87.48, 41.88], [-87.32000000000001, 41.88]]]}}, {"id": "2969", "type": "Feature", "properties": {}, "geometry": {"type": "Polygon", "coordinates": [[[-87.16, 41.88], [-87.16, 42.04], [-87.32, 42.04], [-87.32, 41.88], [-87.16, 41.88]]]}}, {"id": "2970", "type": "Feature", "properties": {}, "geometry": {"type": "Polygon", "coordinates": [[[-87.0, 41.88], [-87.0, 42.04], [-87.16, 42.04], [-87.16, 41.88], [-87.0, 41.88]]]}}, {"id": "2971", "type": "Feature", "properties": {}, "geometry": {"type": "Polygon", "coordinates": [[[-86.84, 41.88], [-86.84, 42.04], [-87.0, 42.04], [-87.0, 41.88], [-86.84, 41.88]]]}}, {"id": "2972", "type": "Feature", "properties": {}, "geometry": {"type": "Polygon", "coordinates": [[[-102.84, 41.72], [-102.84, 41.879999999999995], [-103.0, 41.879999999999995], [-103.0, 41.72], [-102.84, 41.72]]]}}, {"id": "2973", "type": "Feature", "properties": {}, "geometry": {"type": "Polygon", "coordinates": [[[-102.68, 41.72], [-102.68, 41.879999999999995], [-102.84, 41.879999999999995], [-102.84, 41.72], [-102.68, 41.72]]]}}, {"id": "2974", "type": "Feature", "properties": {}, "geometry": {"type": "Polygon", "coordinates": [[[-102.52, 41.72], [-102.52, 41.879999999999995], [-102.67999999999999, 41.879999999999995], [-102.67999999999999, 41.72], [-102.52, 41.72]]]}}, {"id": "2975", "type": "Feature", "properties": {}, "geometry": {"type": "Polygon", "coordinates": [[[-102.36, 41.72], [-102.36, 41.879999999999995], [-102.52, 41.879999999999995], [-102.52, 41.72], [-102.36, 41.72]]]}}, {"id": "2976", "type": "Feature", "properties": {}, "geometry": {"type": "Polygon", "coordinates": [[[-102.2, 41.72], [-102.2, 41.879999999999995], [-102.36, 41.879999999999995], [-102.36, 41.72], [-102.2, 41.72]]]}}, {"id": "2977", "type": "Feature", "properties": {}, "geometry": {"type": "Polygon", "coordinates": [[[-102.04, 41.72], [-102.04, 41.879999999999995], [-102.2, 41.879999999999995], [-102.2, 41.72], [-102.04, 41.72]]]}}, {"id": "2978", "type": "Feature", "properties": {}, "geometry": {"type": "Polygon", "coordinates": [[[-101.88, 41.72], [-101.88, 41.879999999999995], [-102.03999999999999, 41.879999999999995], [-102.03999999999999, 41.72], [-101.88, 41.72]]]}}, {"id": "2979", "type": "Feature", "properties": {}, "geometry": {"type": "Polygon", "coordinates": [[[-101.72, 41.72], [-101.72, 41.879999999999995], [-101.88, 41.879999999999995], [-101.88, 41.72], [-101.72, 41.72]]]}}, {"id": "2980", "type": "Feature", "properties": {}, "geometry": {"type": "Polygon", "coordinates": [[[-101.56, 41.72], [-101.56, 41.879999999999995], [-101.72, 41.879999999999995], [-101.72, 41.72], [-101.56, 41.72]]]}}, {"id": "2981", "type": "Feature", "properties": {}, "geometry": {"type": "Polygon", "coordinates": [[[-101.4, 41.72], [-101.4, 41.879999999999995], [-101.56, 41.879999999999995], [-101.56, 41.72], [-101.4, 41.72]]]}}, {"id": "2982", "type": "Feature", "properties": {}, "geometry": {"type": "Polygon", "coordinates": [[[-101.24, 41.72], [-101.24, 41.879999999999995], [-101.39999999999999, 41.879999999999995], [-101.39999999999999, 41.72], [-101.24, 41.72]]]}}, {"id": "2983", "type": "Feature", "properties": {}, "geometry": {"type": "Polygon", "coordinates": [[[-101.08, 41.72], [-101.08, 41.879999999999995], [-101.24, 41.879999999999995], [-101.24, 41.72], [-101.08, 41.72]]]}}, {"id": "2984", "type": "Feature", "properties": {}, "geometry": {"type": "Polygon", "coordinates": [[[-100.92, 41.72], [-100.92, 41.879999999999995], [-101.08, 41.879999999999995], [-101.08, 41.72], [-100.92, 41.72]]]}}, {"id": "2985", "type": "Feature", "properties": {}, "geometry": {"type": "Polygon", "coordinates": [[[-100.76, 41.72], [-100.76, 41.879999999999995], [-100.92, 41.879999999999995], [-100.92, 41.72], [-100.76, 41.72]]]}}, {"id": "2986", "type": "Feature", "properties": {}, "geometry": {"type": "Polygon", "coordinates": [[[-100.60000000000001, 41.72], [-100.60000000000001, 41.879999999999995], [-100.76, 41.879999999999995], [-100.76, 41.72], [-100.60000000000001, 41.72]]]}}, {"id": "2987", "type": "Feature", "properties": {}, "geometry": {"type": "Polygon", "coordinates": [[[-100.44, 41.72], [-100.44, 41.879999999999995], [-100.6, 41.879999999999995], [-100.6, 41.72], [-100.44, 41.72]]]}}, {"id": "2988", "type": "Feature", "properties": {}, "geometry": {"type": "Polygon", "coordinates": [[[-100.28, 41.72], [-100.28, 41.879999999999995], [-100.44, 41.879999999999995], [-100.44, 41.72], [-100.28, 41.72]]]}}, {"id": "2989", "type": "Feature", "properties": {}, "geometry": {"type": "Polygon", "coordinates": [[[-100.12, 41.72], [-100.12, 41.879999999999995], [-100.28, 41.879999999999995], [-100.28, 41.72], [-100.12, 41.72]]]}}, {"id": "2990", "type": "Feature", "properties": {}, "geometry": {"type": "Polygon", "coordinates": [[[-99.96000000000001, 41.72], [-99.96000000000001, 41.879999999999995], [-100.12, 41.879999999999995], [-100.12, 41.72], [-99.96000000000001, 41.72]]]}}, {"id": "2991", "type": "Feature", "properties": {}, "geometry": {"type": "Polygon", "coordinates": [[[-99.8, 41.72], [-99.8, 41.879999999999995], [-99.96, 41.879999999999995], [-99.96, 41.72], [-99.8, 41.72]]]}}, {"id": "2992", "type": "Feature", "properties": {}, "geometry": {"type": "Polygon", "coordinates": [[[-99.64, 41.72], [-99.64, 41.879999999999995], [-99.8, 41.879999999999995], [-99.8, 41.72], [-99.64, 41.72]]]}}, {"id": "2993", "type": "Feature", "properties": {}, "geometry": {"type": "Polygon", "coordinates": [[[-99.48, 41.72], [-99.48, 41.879999999999995], [-99.64, 41.879999999999995], [-99.64, 41.72], [-99.48, 41.72]]]}}, {"id": "2994", "type": "Feature", "properties": {}, "geometry": {"type": "Polygon", "coordinates": [[[-99.32000000000001, 41.72], [-99.32000000000001, 41.879999999999995], [-99.48, 41.879999999999995], [-99.48, 41.72], [-99.32000000000001, 41.72]]]}}, {"id": "2995", "type": "Feature", "properties": {}, "geometry": {"type": "Polygon", "coordinates": [[[-99.16, 41.72], [-99.16, 41.879999999999995], [-99.32, 41.879999999999995], [-99.32, 41.72], [-99.16, 41.72]]]}}, {"id": "2996", "type": "Feature", "properties": {}, "geometry": {"type": "Polygon", "coordinates": [[[-99.0, 41.72], [-99.0, 41.879999999999995], [-99.16, 41.879999999999995], [-99.16, 41.72], [-99.0, 41.72]]]}}, {"id": "2997", "type": "Feature", "properties": {}, "geometry": {"type": "Polygon", "coordinates": [[[-98.84, 41.72], [-98.84, 41.879999999999995], [-99.0, 41.879999999999995], [-99.0, 41.72], [-98.84, 41.72]]]}}, {"id": "2998", "type": "Feature", "properties": {}, "geometry": {"type": "Polygon", "coordinates": [[[-98.68, 41.72], [-98.68, 41.879999999999995], [-98.84, 41.879999999999995], [-98.84, 41.72], [-98.68, 41.72]]]}}, {"id": "2999", "type": "Feature", "properties": {}, "geometry": {"type": "Polygon", "coordinates": [[[-98.52, 41.72], [-98.52, 41.879999999999995], [-98.67999999999999, 41.879999999999995], [-98.67999999999999, 41.72], [-98.52, 41.72]]]}}, {"id": "3000", "type": "Feature", "properties": {}, "geometry": {"type": "Polygon", "coordinates": [[[-98.36, 41.72], [-98.36, 41.879999999999995], [-98.52, 41.879999999999995], [-98.52, 41.72], [-98.36, 41.72]]]}}, {"id": "3001", "type": "Feature", "properties": {}, "geometry": {"type": "Polygon", "coordinates": [[[-98.2, 41.72], [-98.2, 41.879999999999995], [-98.36, 41.879999999999995], [-98.36, 41.72], [-98.2, 41.72]]]}}, {"id": "3002", "type": "Feature", "properties": {}, "geometry": {"type": "Polygon", "coordinates": [[[-98.04, 41.72], [-98.04, 41.879999999999995], [-98.2, 41.879999999999995], [-98.2, 41.72], [-98.04, 41.72]]]}}, {"id": "3003", "type": "Feature", "properties": {}, "geometry": {"type": "Polygon", "coordinates": [[[-97.88, 41.72], [-97.88, 41.879999999999995], [-98.03999999999999, 41.879999999999995], [-98.03999999999999, 41.72], [-97.88, 41.72]]]}}, {"id": "3004", "type": "Feature", "properties": {}, "geometry": {"type": "Polygon", "coordinates": [[[-97.72, 41.72], [-97.72, 41.879999999999995], [-97.88, 41.879999999999995], [-97.88, 41.72], [-97.72, 41.72]]]}}, {"id": "3005", "type": "Feature", "properties": {}, "geometry": {"type": "Polygon", "coordinates": [[[-97.56, 41.72], [-97.56, 41.879999999999995], [-97.72, 41.879999999999995], [-97.72, 41.72], [-97.56, 41.72]]]}}, {"id": "3006", "type": "Feature", "properties": {}, "geometry": {"type": "Polygon", "coordinates": [[[-97.4, 41.72], [-97.4, 41.879999999999995], [-97.56, 41.879999999999995], [-97.56, 41.72], [-97.4, 41.72]]]}}, {"id": "3007", "type": "Feature", "properties": {}, "geometry": {"type": "Polygon", "coordinates": [[[-97.24, 41.72], [-97.24, 41.879999999999995], [-97.39999999999999, 41.879999999999995], [-97.39999999999999, 41.72], [-97.24, 41.72]]]}}, {"id": "3008", "type": "Feature", "properties": {}, "geometry": {"type": "Polygon", "coordinates": [[[-97.08, 41.72], [-97.08, 41.879999999999995], [-97.24, 41.879999999999995], [-97.24, 41.72], [-97.08, 41.72]]]}}, {"id": "3009", "type": "Feature", "properties": {}, "geometry": {"type": "Polygon", "coordinates": [[[-96.92, 41.72], [-96.92, 41.879999999999995], [-97.08, 41.879999999999995], [-97.08, 41.72], [-96.92, 41.72]]]}}, {"id": "3010", "type": "Feature", "properties": {}, "geometry": {"type": "Polygon", "coordinates": [[[-96.76, 41.72], [-96.76, 41.879999999999995], [-96.92, 41.879999999999995], [-96.92, 41.72], [-96.76, 41.72]]]}}, {"id": "3011", "type": "Feature", "properties": {}, "geometry": {"type": "Polygon", "coordinates": [[[-96.60000000000001, 41.72], [-96.60000000000001, 41.879999999999995], [-96.76, 41.879999999999995], [-96.76, 41.72], [-96.60000000000001, 41.72]]]}}, {"id": "3012", "type": "Feature", "properties": {}, "geometry": {"type": "Polygon", "coordinates": [[[-96.44, 41.72], [-96.44, 41.879999999999995], [-96.6, 41.879999999999995], [-96.6, 41.72], [-96.44, 41.72]]]}}, {"id": "3013", "type": "Feature", "properties": {}, "geometry": {"type": "Polygon", "coordinates": [[[-96.28, 41.72], [-96.28, 41.879999999999995], [-96.44, 41.879999999999995], [-96.44, 41.72], [-96.28, 41.72]]]}}, {"id": "3014", "type": "Feature", "properties": {}, "geometry": {"type": "Polygon", "coordinates": [[[-96.12, 41.72], [-96.12, 41.879999999999995], [-96.28, 41.879999999999995], [-96.28, 41.72], [-96.12, 41.72]]]}}, {"id": "3015", "type": "Feature", "properties": {}, "geometry": {"type": "Polygon", "coordinates": [[[-95.96000000000001, 41.72], [-95.96000000000001, 41.879999999999995], [-96.12, 41.879999999999995], [-96.12, 41.72], [-95.96000000000001, 41.72]]]}}, {"id": "3016", "type": "Feature", "properties": {}, "geometry": {"type": "Polygon", "coordinates": [[[-95.8, 41.72], [-95.8, 41.879999999999995], [-95.96, 41.879999999999995], [-95.96, 41.72], [-95.8, 41.72]]]}}, {"id": "3017", "type": "Feature", "properties": {}, "geometry": {"type": "Polygon", "coordinates": [[[-95.64, 41.72], [-95.64, 41.879999999999995], [-95.8, 41.879999999999995], [-95.8, 41.72], [-95.64, 41.72]]]}}, {"id": "3018", "type": "Feature", "properties": {}, "geometry": {"type": "Polygon", "coordinates": [[[-95.48, 41.72], [-95.48, 41.879999999999995], [-95.64, 41.879999999999995], [-95.64, 41.72], [-95.48, 41.72]]]}}, {"id": "3019", "type": "Feature", "properties": {}, "geometry": {"type": "Polygon", "coordinates": [[[-95.32000000000001, 41.72], [-95.32000000000001, 41.879999999999995], [-95.48, 41.879999999999995], [-95.48, 41.72], [-95.32000000000001, 41.72]]]}}, {"id": "3020", "type": "Feature", "properties": {}, "geometry": {"type": "Polygon", "coordinates": [[[-95.16, 41.72], [-95.16, 41.879999999999995], [-95.32, 41.879999999999995], [-95.32, 41.72], [-95.16, 41.72]]]}}, {"id": "3021", "type": "Feature", "properties": {}, "geometry": {"type": "Polygon", "coordinates": [[[-95.0, 41.72], [-95.0, 41.879999999999995], [-95.16, 41.879999999999995], [-95.16, 41.72], [-95.0, 41.72]]]}}, {"id": "3022", "type": "Feature", "properties": {}, "geometry": {"type": "Polygon", "coordinates": [[[-94.84, 41.72], [-94.84, 41.879999999999995], [-95.0, 41.879999999999995], [-95.0, 41.72], [-94.84, 41.72]]]}}, {"id": "3023", "type": "Feature", "properties": {}, "geometry": {"type": "Polygon", "coordinates": [[[-94.68, 41.72], [-94.68, 41.879999999999995], [-94.84, 41.879999999999995], [-94.84, 41.72], [-94.68, 41.72]]]}}, {"id": "3024", "type": "Feature", "properties": {}, "geometry": {"type": "Polygon", "coordinates": [[[-94.52, 41.72], [-94.52, 41.879999999999995], [-94.67999999999999, 41.879999999999995], [-94.67999999999999, 41.72], [-94.52, 41.72]]]}}, {"id": "3025", "type": "Feature", "properties": {}, "geometry": {"type": "Polygon", "coordinates": [[[-94.36, 41.72], [-94.36, 41.879999999999995], [-94.52, 41.879999999999995], [-94.52, 41.72], [-94.36, 41.72]]]}}, {"id": "3026", "type": "Feature", "properties": {}, "geometry": {"type": "Polygon", "coordinates": [[[-94.2, 41.72], [-94.2, 41.879999999999995], [-94.36, 41.879999999999995], [-94.36, 41.72], [-94.2, 41.72]]]}}, {"id": "3027", "type": "Feature", "properties": {}, "geometry": {"type": "Polygon", "coordinates": [[[-94.04, 41.72], [-94.04, 41.879999999999995], [-94.2, 41.879999999999995], [-94.2, 41.72], [-94.04, 41.72]]]}}, {"id": "3028", "type": "Feature", "properties": {}, "geometry": {"type": "Polygon", "coordinates": [[[-93.88, 41.72], [-93.88, 41.879999999999995], [-94.03999999999999, 41.879999999999995], [-94.03999999999999, 41.72], [-93.88, 41.72]]]}}, {"id": "3029", "type": "Feature", "properties": {}, "geometry": {"type": "Polygon", "coordinates": [[[-87.32000000000001, 41.72], [-87.32000000000001, 41.879999999999995], [-87.48, 41.879999999999995], [-87.48, 41.72], [-87.32000000000001, 41.72]]]}}, {"id": "3030", "type": "Feature", "properties": {}, "geometry": {"type": "Polygon", "coordinates": [[[-87.16, 41.72], [-87.16, 41.879999999999995], [-87.32, 41.879999999999995], [-87.32, 41.72], [-87.16, 41.72]]]}}, {"id": "3031", "type": "Feature", "properties": {}, "geometry": {"type": "Polygon", "coordinates": [[[-87.0, 41.72], [-87.0, 41.879999999999995], [-87.16, 41.879999999999995], [-87.16, 41.72], [-87.0, 41.72]]]}}, {"id": "3032", "type": "Feature", "properties": {}, "geometry": {"type": "Polygon", "coordinates": [[[-86.84, 41.72], [-86.84, 41.879999999999995], [-87.0, 41.879999999999995], [-87.0, 41.72], [-86.84, 41.72]]]}}, {"id": "3033", "type": "Feature", "properties": {}, "geometry": {"type": "Polygon", "coordinates": [[[-86.67999999999999, 41.72], [-86.67999999999999, 41.879999999999995], [-86.83999999999999, 41.879999999999995], [-86.83999999999999, 41.72], [-86.67999999999999, 41.72]]]}}, {"id": "3034", "type": "Feature", "properties": {}, "geometry": {"type": "Polygon", "coordinates": [[[-102.84, 41.56], [-102.84, 41.72], [-103.0, 41.72], [-103.0, 41.56], [-102.84, 41.56]]]}}, {"id": "3035", "type": "Feature", "properties": {}, "geometry": {"type": "Polygon", "coordinates": [[[-102.68, 41.56], [-102.68, 41.72], [-102.84, 41.72], [-102.84, 41.56], [-102.68, 41.56]]]}}, {"id": "3036", "type": "Feature", "properties": {}, "geometry": {"type": "Polygon", "coordinates": [[[-102.52, 41.56], [-102.52, 41.72], [-102.67999999999999, 41.72], [-102.67999999999999, 41.56], [-102.52, 41.56]]]}}, {"id": "3037", "type": "Feature", "properties": {}, "geometry": {"type": "Polygon", "coordinates": [[[-102.36, 41.56], [-102.36, 41.72], [-102.52, 41.72], [-102.52, 41.56], [-102.36, 41.56]]]}}, {"id": "3038", "type": "Feature", "properties": {}, "geometry": {"type": "Polygon", "coordinates": [[[-102.2, 41.56], [-102.2, 41.72], [-102.36, 41.72], [-102.36, 41.56], [-102.2, 41.56]]]}}, {"id": "3039", "type": "Feature", "properties": {}, "geometry": {"type": "Polygon", "coordinates": [[[-102.04, 41.56], [-102.04, 41.72], [-102.2, 41.72], [-102.2, 41.56], [-102.04, 41.56]]]}}, {"id": "3040", "type": "Feature", "properties": {}, "geometry": {"type": "Polygon", "coordinates": [[[-101.88, 41.56], [-101.88, 41.72], [-102.03999999999999, 41.72], [-102.03999999999999, 41.56], [-101.88, 41.56]]]}}, {"id": "3041", "type": "Feature", "properties": {}, "geometry": {"type": "Polygon", "coordinates": [[[-101.72, 41.56], [-101.72, 41.72], [-101.88, 41.72], [-101.88, 41.56], [-101.72, 41.56]]]}}, {"id": "3042", "type": "Feature", "properties": {}, "geometry": {"type": "Polygon", "coordinates": [[[-101.56, 41.56], [-101.56, 41.72], [-101.72, 41.72], [-101.72, 41.56], [-101.56, 41.56]]]}}, {"id": "3043", "type": "Feature", "properties": {}, "geometry": {"type": "Polygon", "coordinates": [[[-101.4, 41.56], [-101.4, 41.72], [-101.56, 41.72], [-101.56, 41.56], [-101.4, 41.56]]]}}, {"id": "3044", "type": "Feature", "properties": {}, "geometry": {"type": "Polygon", "coordinates": [[[-101.24, 41.56], [-101.24, 41.72], [-101.39999999999999, 41.72], [-101.39999999999999, 41.56], [-101.24, 41.56]]]}}, {"id": "3045", "type": "Feature", "properties": {}, "geometry": {"type": "Polygon", "coordinates": [[[-101.08, 41.56], [-101.08, 41.72], [-101.24, 41.72], [-101.24, 41.56], [-101.08, 41.56]]]}}, {"id": "3046", "type": "Feature", "properties": {}, "geometry": {"type": "Polygon", "coordinates": [[[-100.92, 41.56], [-100.92, 41.72], [-101.08, 41.72], [-101.08, 41.56], [-100.92, 41.56]]]}}, {"id": "3047", "type": "Feature", "properties": {}, "geometry": {"type": "Polygon", "coordinates": [[[-100.76, 41.56], [-100.76, 41.72], [-100.92, 41.72], [-100.92, 41.56], [-100.76, 41.56]]]}}, {"id": "3048", "type": "Feature", "properties": {}, "geometry": {"type": "Polygon", "coordinates": [[[-100.60000000000001, 41.56], [-100.60000000000001, 41.72], [-100.76, 41.72], [-100.76, 41.56], [-100.60000000000001, 41.56]]]}}, {"id": "3049", "type": "Feature", "properties": {}, "geometry": {"type": "Polygon", "coordinates": [[[-100.44, 41.56], [-100.44, 41.72], [-100.6, 41.72], [-100.6, 41.56], [-100.44, 41.56]]]}}, {"id": "3050", "type": "Feature", "properties": {}, "geometry": {"type": "Polygon", "coordinates": [[[-100.28, 41.56], [-100.28, 41.72], [-100.44, 41.72], [-100.44, 41.56], [-100.28, 41.56]]]}}, {"id": "3051", "type": "Feature", "properties": {}, "geometry": {"type": "Polygon", "coordinates": [[[-100.12, 41.56], [-100.12, 41.72], [-100.28, 41.72], [-100.28, 41.56], [-100.12, 41.56]]]}}, {"id": "3052", "type": "Feature", "properties": {}, "geometry": {"type": "Polygon", "coordinates": [[[-99.96000000000001, 41.56], [-99.96000000000001, 41.72], [-100.12, 41.72], [-100.12, 41.56], [-99.96000000000001, 41.56]]]}}, {"id": "3053", "type": "Feature", "properties": {}, "geometry": {"type": "Polygon", "coordinates": [[[-99.8, 41.56], [-99.8, 41.72], [-99.96, 41.72], [-99.96, 41.56], [-99.8, 41.56]]]}}, {"id": "3054", "type": "Feature", "properties": {}, "geometry": {"type": "Polygon", "coordinates": [[[-99.64, 41.56], [-99.64, 41.72], [-99.8, 41.72], [-99.8, 41.56], [-99.64, 41.56]]]}}, {"id": "3055", "type": "Feature", "properties": {}, "geometry": {"type": "Polygon", "coordinates": [[[-99.48, 41.56], [-99.48, 41.72], [-99.64, 41.72], [-99.64, 41.56], [-99.48, 41.56]]]}}, {"id": "3056", "type": "Feature", "properties": {}, "geometry": {"type": "Polygon", "coordinates": [[[-99.32000000000001, 41.56], [-99.32000000000001, 41.72], [-99.48, 41.72], [-99.48, 41.56], [-99.32000000000001, 41.56]]]}}, {"id": "3057", "type": "Feature", "properties": {}, "geometry": {"type": "Polygon", "coordinates": [[[-99.16, 41.56], [-99.16, 41.72], [-99.32, 41.72], [-99.32, 41.56], [-99.16, 41.56]]]}}, {"id": "3058", "type": "Feature", "properties": {}, "geometry": {"type": "Polygon", "coordinates": [[[-99.0, 41.56], [-99.0, 41.72], [-99.16, 41.72], [-99.16, 41.56], [-99.0, 41.56]]]}}, {"id": "3059", "type": "Feature", "properties": {}, "geometry": {"type": "Polygon", "coordinates": [[[-98.84, 41.56], [-98.84, 41.72], [-99.0, 41.72], [-99.0, 41.56], [-98.84, 41.56]]]}}, {"id": "3060", "type": "Feature", "properties": {}, "geometry": {"type": "Polygon", "coordinates": [[[-98.68, 41.56], [-98.68, 41.72], [-98.84, 41.72], [-98.84, 41.56], [-98.68, 41.56]]]}}, {"id": "3061", "type": "Feature", "properties": {}, "geometry": {"type": "Polygon", "coordinates": [[[-98.52, 41.56], [-98.52, 41.72], [-98.67999999999999, 41.72], [-98.67999999999999, 41.56], [-98.52, 41.56]]]}}, {"id": "3062", "type": "Feature", "properties": {}, "geometry": {"type": "Polygon", "coordinates": [[[-98.36, 41.56], [-98.36, 41.72], [-98.52, 41.72], [-98.52, 41.56], [-98.36, 41.56]]]}}, {"id": "3063", "type": "Feature", "properties": {}, "geometry": {"type": "Polygon", "coordinates": [[[-98.2, 41.56], [-98.2, 41.72], [-98.36, 41.72], [-98.36, 41.56], [-98.2, 41.56]]]}}, {"id": "3064", "type": "Feature", "properties": {}, "geometry": {"type": "Polygon", "coordinates": [[[-98.04, 41.56], [-98.04, 41.72], [-98.2, 41.72], [-98.2, 41.56], [-98.04, 41.56]]]}}, {"id": "3065", "type": "Feature", "properties": {}, "geometry": {"type": "Polygon", "coordinates": [[[-97.88, 41.56], [-97.88, 41.72], [-98.03999999999999, 41.72], [-98.03999999999999, 41.56], [-97.88, 41.56]]]}}, {"id": "3066", "type": "Feature", "properties": {}, "geometry": {"type": "Polygon", "coordinates": [[[-97.72, 41.56], [-97.72, 41.72], [-97.88, 41.72], [-97.88, 41.56], [-97.72, 41.56]]]}}, {"id": "3067", "type": "Feature", "properties": {}, "geometry": {"type": "Polygon", "coordinates": [[[-97.56, 41.56], [-97.56, 41.72], [-97.72, 41.72], [-97.72, 41.56], [-97.56, 41.56]]]}}, {"id": "3068", "type": "Feature", "properties": {}, "geometry": {"type": "Polygon", "coordinates": [[[-97.4, 41.56], [-97.4, 41.72], [-97.56, 41.72], [-97.56, 41.56], [-97.4, 41.56]]]}}, {"id": "3069", "type": "Feature", "properties": {}, "geometry": {"type": "Polygon", "coordinates": [[[-97.24, 41.56], [-97.24, 41.72], [-97.39999999999999, 41.72], [-97.39999999999999, 41.56], [-97.24, 41.56]]]}}, {"id": "3070", "type": "Feature", "properties": {}, "geometry": {"type": "Polygon", "coordinates": [[[-97.08, 41.56], [-97.08, 41.72], [-97.24, 41.72], [-97.24, 41.56], [-97.08, 41.56]]]}}, {"id": "3071", "type": "Feature", "properties": {}, "geometry": {"type": "Polygon", "coordinates": [[[-96.92, 41.56], [-96.92, 41.72], [-97.08, 41.72], [-97.08, 41.56], [-96.92, 41.56]]]}}, {"id": "3072", "type": "Feature", "properties": {}, "geometry": {"type": "Polygon", "coordinates": [[[-96.76, 41.56], [-96.76, 41.72], [-96.92, 41.72], [-96.92, 41.56], [-96.76, 41.56]]]}}, {"id": "3073", "type": "Feature", "properties": {}, "geometry": {"type": "Polygon", "coordinates": [[[-96.60000000000001, 41.56], [-96.60000000000001, 41.72], [-96.76, 41.72], [-96.76, 41.56], [-96.60000000000001, 41.56]]]}}, {"id": "3074", "type": "Feature", "properties": {}, "geometry": {"type": "Polygon", "coordinates": [[[-96.44, 41.56], [-96.44, 41.72], [-96.6, 41.72], [-96.6, 41.56], [-96.44, 41.56]]]}}, {"id": "3075", "type": "Feature", "properties": {}, "geometry": {"type": "Polygon", "coordinates": [[[-96.28, 41.56], [-96.28, 41.72], [-96.44, 41.72], [-96.44, 41.56], [-96.28, 41.56]]]}}, {"id": "3076", "type": "Feature", "properties": {}, "geometry": {"type": "Polygon", "coordinates": [[[-96.12, 41.56], [-96.12, 41.72], [-96.28, 41.72], [-96.28, 41.56], [-96.12, 41.56]]]}}, {"id": "3077", "type": "Feature", "properties": {}, "geometry": {"type": "Polygon", "coordinates": [[[-95.96000000000001, 41.56], [-95.96000000000001, 41.72], [-96.12, 41.72], [-96.12, 41.56], [-95.96000000000001, 41.56]]]}}, {"id": "3078", "type": "Feature", "properties": {}, "geometry": {"type": "Polygon", "coordinates": [[[-95.8, 41.56], [-95.8, 41.72], [-95.96, 41.72], [-95.96, 41.56], [-95.8, 41.56]]]}}, {"id": "3079", "type": "Feature", "properties": {}, "geometry": {"type": "Polygon", "coordinates": [[[-95.64, 41.56], [-95.64, 41.72], [-95.8, 41.72], [-95.8, 41.56], [-95.64, 41.56]]]}}, {"id": "3080", "type": "Feature", "properties": {}, "geometry": {"type": "Polygon", "coordinates": [[[-95.48, 41.56], [-95.48, 41.72], [-95.64, 41.72], [-95.64, 41.56], [-95.48, 41.56]]]}}, {"id": "3081", "type": "Feature", "properties": {}, "geometry": {"type": "Polygon", "coordinates": [[[-95.32000000000001, 41.56], [-95.32000000000001, 41.72], [-95.48, 41.72], [-95.48, 41.56], [-95.32000000000001, 41.56]]]}}, {"id": "3082", "type": "Feature", "properties": {}, "geometry": {"type": "Polygon", "coordinates": [[[-95.16, 41.56], [-95.16, 41.72], [-95.32, 41.72], [-95.32, 41.56], [-95.16, 41.56]]]}}, {"id": "3083", "type": "Feature", "properties": {}, "geometry": {"type": "Polygon", "coordinates": [[[-95.0, 41.56], [-95.0, 41.72], [-95.16, 41.72], [-95.16, 41.56], [-95.0, 41.56]]]}}, {"id": "3084", "type": "Feature", "properties": {}, "geometry": {"type": "Polygon", "coordinates": [[[-94.84, 41.56], [-94.84, 41.72], [-95.0, 41.72], [-95.0, 41.56], [-94.84, 41.56]]]}}, {"id": "3085", "type": "Feature", "properties": {}, "geometry": {"type": "Polygon", "coordinates": [[[-94.68, 41.56], [-94.68, 41.72], [-94.84, 41.72], [-94.84, 41.56], [-94.68, 41.56]]]}}, {"id": "3086", "type": "Feature", "properties": {}, "geometry": {"type": "Polygon", "coordinates": [[[-94.52, 41.56], [-94.52, 41.72], [-94.67999999999999, 41.72], [-94.67999999999999, 41.56], [-94.52, 41.56]]]}}, {"id": "3087", "type": "Feature", "properties": {}, "geometry": {"type": "Polygon", "coordinates": [[[-94.36, 41.56], [-94.36, 41.72], [-94.52, 41.72], [-94.52, 41.56], [-94.36, 41.56]]]}}, {"id": "3088", "type": "Feature", "properties": {}, "geometry": {"type": "Polygon", "coordinates": [[[-94.2, 41.56], [-94.2, 41.72], [-94.36, 41.72], [-94.36, 41.56], [-94.2, 41.56]]]}}, {"id": "3089", "type": "Feature", "properties": {}, "geometry": {"type": "Polygon", "coordinates": [[[-94.04, 41.56], [-94.04, 41.72], [-94.2, 41.72], [-94.2, 41.56], [-94.04, 41.56]]]}}, {"id": "3090", "type": "Feature", "properties": {}, "geometry": {"type": "Polygon", "coordinates": [[[-93.88, 41.56], [-93.88, 41.72], [-94.03999999999999, 41.72], [-94.03999999999999, 41.56], [-93.88, 41.56]]]}}, {"id": "3091", "type": "Feature", "properties": {}, "geometry": {"type": "Polygon", "coordinates": [[[-93.72, 41.56], [-93.72, 41.72], [-93.88, 41.72], [-93.88, 41.56], [-93.72, 41.56]]]}}, {"id": "3092", "type": "Feature", "properties": {}, "geometry": {"type": "Polygon", "coordinates": [[[-87.32000000000001, 41.56], [-87.32000000000001, 41.72], [-87.48, 41.72], [-87.48, 41.56], [-87.32000000000001, 41.56]]]}}, {"id": "3093", "type": "Feature", "properties": {}, "geometry": {"type": "Polygon", "coordinates": [[[-87.16, 41.56], [-87.16, 41.72], [-87.32, 41.72], [-87.32, 41.56], [-87.16, 41.56]]]}}, {"id": "3094", "type": "Feature", "properties": {}, "geometry": {"type": "Polygon", "coordinates": [[[-87.0, 41.56], [-87.0, 41.72], [-87.16, 41.72], [-87.16, 41.56], [-87.0, 41.56]]]}}, {"id": "3095", "type": "Feature", "properties": {}, "geometry": {"type": "Polygon", "coordinates": [[[-102.84, 41.4], [-102.84, 41.559999999999995], [-103.0, 41.559999999999995], [-103.0, 41.4], [-102.84, 41.4]]]}}, {"id": "3096", "type": "Feature", "properties": {}, "geometry": {"type": "Polygon", "coordinates": [[[-102.68, 41.4], [-102.68, 41.559999999999995], [-102.84, 41.559999999999995], [-102.84, 41.4], [-102.68, 41.4]]]}}, {"id": "3097", "type": "Feature", "properties": {}, "geometry": {"type": "Polygon", "coordinates": [[[-102.52, 41.4], [-102.52, 41.559999999999995], [-102.67999999999999, 41.559999999999995], [-102.67999999999999, 41.4], [-102.52, 41.4]]]}}, {"id": "3098", "type": "Feature", "properties": {}, "geometry": {"type": "Polygon", "coordinates": [[[-102.36, 41.4], [-102.36, 41.559999999999995], [-102.52, 41.559999999999995], [-102.52, 41.4], [-102.36, 41.4]]]}}, {"id": "3099", "type": "Feature", "properties": {}, "geometry": {"type": "Polygon", "coordinates": [[[-102.2, 41.4], [-102.2, 41.559999999999995], [-102.36, 41.559999999999995], [-102.36, 41.4], [-102.2, 41.4]]]}}, {"id": "3100", "type": "Feature", "properties": {}, "geometry": {"type": "Polygon", "coordinates": [[[-102.04, 41.4], [-102.04, 41.559999999999995], [-102.2, 41.559999999999995], [-102.2, 41.4], [-102.04, 41.4]]]}}, {"id": "3101", "type": "Feature", "properties": {}, "geometry": {"type": "Polygon", "coordinates": [[[-101.88, 41.4], [-101.88, 41.559999999999995], [-102.03999999999999, 41.559999999999995], [-102.03999999999999, 41.4], [-101.88, 41.4]]]}}, {"id": "3102", "type": "Feature", "properties": {}, "geometry": {"type": "Polygon", "coordinates": [[[-101.72, 41.4], [-101.72, 41.559999999999995], [-101.88, 41.559999999999995], [-101.88, 41.4], [-101.72, 41.4]]]}}, {"id": "3103", "type": "Feature", "properties": {}, "geometry": {"type": "Polygon", "coordinates": [[[-101.56, 41.4], [-101.56, 41.559999999999995], [-101.72, 41.559999999999995], [-101.72, 41.4], [-101.56, 41.4]]]}}, {"id": "3104", "type": "Feature", "properties": {}, "geometry": {"type": "Polygon", "coordinates": [[[-101.4, 41.4], [-101.4, 41.559999999999995], [-101.56, 41.559999999999995], [-101.56, 41.4], [-101.4, 41.4]]]}}, {"id": "3105", "type": "Feature", "properties": {}, "geometry": {"type": "Polygon", "coordinates": [[[-101.24, 41.4], [-101.24, 41.559999999999995], [-101.39999999999999, 41.559999999999995], [-101.39999999999999, 41.4], [-101.24, 41.4]]]}}, {"id": "3106", "type": "Feature", "properties": {}, "geometry": {"type": "Polygon", "coordinates": [[[-101.08, 41.4], [-101.08, 41.559999999999995], [-101.24, 41.559999999999995], [-101.24, 41.4], [-101.08, 41.4]]]}}, {"id": "3107", "type": "Feature", "properties": {}, "geometry": {"type": "Polygon", "coordinates": [[[-100.92, 41.4], [-100.92, 41.559999999999995], [-101.08, 41.559999999999995], [-101.08, 41.4], [-100.92, 41.4]]]}}, {"id": "3108", "type": "Feature", "properties": {}, "geometry": {"type": "Polygon", "coordinates": [[[-100.76, 41.4], [-100.76, 41.559999999999995], [-100.92, 41.559999999999995], [-100.92, 41.4], [-100.76, 41.4]]]}}, {"id": "3109", "type": "Feature", "properties": {}, "geometry": {"type": "Polygon", "coordinates": [[[-100.60000000000001, 41.4], [-100.60000000000001, 41.559999999999995], [-100.76, 41.559999999999995], [-100.76, 41.4], [-100.60000000000001, 41.4]]]}}, {"id": "3110", "type": "Feature", "properties": {}, "geometry": {"type": "Polygon", "coordinates": [[[-100.44, 41.4], [-100.44, 41.559999999999995], [-100.6, 41.559999999999995], [-100.6, 41.4], [-100.44, 41.4]]]}}, {"id": "3111", "type": "Feature", "properties": {}, "geometry": {"type": "Polygon", "coordinates": [[[-100.28, 41.4], [-100.28, 41.559999999999995], [-100.44, 41.559999999999995], [-100.44, 41.4], [-100.28, 41.4]]]}}, {"id": "3112", "type": "Feature", "properties": {}, "geometry": {"type": "Polygon", "coordinates": [[[-100.12, 41.4], [-100.12, 41.559999999999995], [-100.28, 41.559999999999995], [-100.28, 41.4], [-100.12, 41.4]]]}}, {"id": "3113", "type": "Feature", "properties": {}, "geometry": {"type": "Polygon", "coordinates": [[[-99.96000000000001, 41.4], [-99.96000000000001, 41.559999999999995], [-100.12, 41.559999999999995], [-100.12, 41.4], [-99.96000000000001, 41.4]]]}}, {"id": "3114", "type": "Feature", "properties": {}, "geometry": {"type": "Polygon", "coordinates": [[[-99.8, 41.4], [-99.8, 41.559999999999995], [-99.96, 41.559999999999995], [-99.96, 41.4], [-99.8, 41.4]]]}}, {"id": "3115", "type": "Feature", "properties": {}, "geometry": {"type": "Polygon", "coordinates": [[[-99.64, 41.4], [-99.64, 41.559999999999995], [-99.8, 41.559999999999995], [-99.8, 41.4], [-99.64, 41.4]]]}}, {"id": "3116", "type": "Feature", "properties": {}, "geometry": {"type": "Polygon", "coordinates": [[[-99.48, 41.4], [-99.48, 41.559999999999995], [-99.64, 41.559999999999995], [-99.64, 41.4], [-99.48, 41.4]]]}}, {"id": "3117", "type": "Feature", "properties": {}, "geometry": {"type": "Polygon", "coordinates": [[[-99.32000000000001, 41.4], [-99.32000000000001, 41.559999999999995], [-99.48, 41.559999999999995], [-99.48, 41.4], [-99.32000000000001, 41.4]]]}}, {"id": "3118", "type": "Feature", "properties": {}, "geometry": {"type": "Polygon", "coordinates": [[[-99.16, 41.4], [-99.16, 41.559999999999995], [-99.32, 41.559999999999995], [-99.32, 41.4], [-99.16, 41.4]]]}}, {"id": "3119", "type": "Feature", "properties": {}, "geometry": {"type": "Polygon", "coordinates": [[[-99.0, 41.4], [-99.0, 41.559999999999995], [-99.16, 41.559999999999995], [-99.16, 41.4], [-99.0, 41.4]]]}}, {"id": "3120", "type": "Feature", "properties": {}, "geometry": {"type": "Polygon", "coordinates": [[[-98.84, 41.4], [-98.84, 41.559999999999995], [-99.0, 41.559999999999995], [-99.0, 41.4], [-98.84, 41.4]]]}}, {"id": "3121", "type": "Feature", "properties": {}, "geometry": {"type": "Polygon", "coordinates": [[[-98.68, 41.4], [-98.68, 41.559999999999995], [-98.84, 41.559999999999995], [-98.84, 41.4], [-98.68, 41.4]]]}}, {"id": "3122", "type": "Feature", "properties": {}, "geometry": {"type": "Polygon", "coordinates": [[[-98.52, 41.4], [-98.52, 41.559999999999995], [-98.67999999999999, 41.559999999999995], [-98.67999999999999, 41.4], [-98.52, 41.4]]]}}, {"id": "3123", "type": "Feature", "properties": {}, "geometry": {"type": "Polygon", "coordinates": [[[-98.36, 41.4], [-98.36, 41.559999999999995], [-98.52, 41.559999999999995], [-98.52, 41.4], [-98.36, 41.4]]]}}, {"id": "3124", "type": "Feature", "properties": {}, "geometry": {"type": "Polygon", "coordinates": [[[-98.2, 41.4], [-98.2, 41.559999999999995], [-98.36, 41.559999999999995], [-98.36, 41.4], [-98.2, 41.4]]]}}, {"id": "3125", "type": "Feature", "properties": {}, "geometry": {"type": "Polygon", "coordinates": [[[-98.04, 41.4], [-98.04, 41.559999999999995], [-98.2, 41.559999999999995], [-98.2, 41.4], [-98.04, 41.4]]]}}, {"id": "3126", "type": "Feature", "properties": {}, "geometry": {"type": "Polygon", "coordinates": [[[-97.88, 41.4], [-97.88, 41.559999999999995], [-98.03999999999999, 41.559999999999995], [-98.03999999999999, 41.4], [-97.88, 41.4]]]}}, {"id": "3127", "type": "Feature", "properties": {}, "geometry": {"type": "Polygon", "coordinates": [[[-97.72, 41.4], [-97.72, 41.559999999999995], [-97.88, 41.559999999999995], [-97.88, 41.4], [-97.72, 41.4]]]}}, {"id": "3128", "type": "Feature", "properties": {}, "geometry": {"type": "Polygon", "coordinates": [[[-97.56, 41.4], [-97.56, 41.559999999999995], [-97.72, 41.559999999999995], [-97.72, 41.4], [-97.56, 41.4]]]}}, {"id": "3129", "type": "Feature", "properties": {}, "geometry": {"type": "Polygon", "coordinates": [[[-97.4, 41.4], [-97.4, 41.559999999999995], [-97.56, 41.559999999999995], [-97.56, 41.4], [-97.4, 41.4]]]}}, {"id": "3130", "type": "Feature", "properties": {}, "geometry": {"type": "Polygon", "coordinates": [[[-97.24, 41.4], [-97.24, 41.559999999999995], [-97.39999999999999, 41.559999999999995], [-97.39999999999999, 41.4], [-97.24, 41.4]]]}}, {"id": "3131", "type": "Feature", "properties": {}, "geometry": {"type": "Polygon", "coordinates": [[[-97.08, 41.4], [-97.08, 41.559999999999995], [-97.24, 41.559999999999995], [-97.24, 41.4], [-97.08, 41.4]]]}}, {"id": "3132", "type": "Feature", "properties": {}, "geometry": {"type": "Polygon", "coordinates": [[[-96.92, 41.4], [-96.92, 41.559999999999995], [-97.08, 41.559999999999995], [-97.08, 41.4], [-96.92, 41.4]]]}}, {"id": "3133", "type": "Feature", "properties": {}, "geometry": {"type": "Polygon", "coordinates": [[[-96.76, 41.4], [-96.76, 41.559999999999995], [-96.92, 41.559999999999995], [-96.92, 41.4], [-96.76, 41.4]]]}}, {"id": "3134", "type": "Feature", "properties": {}, "geometry": {"type": "Polygon", "coordinates": [[[-96.60000000000001, 41.4], [-96.60000000000001, 41.559999999999995], [-96.76, 41.559999999999995], [-96.76, 41.4], [-96.60000000000001, 41.4]]]}}, {"id": "3135", "type": "Feature", "properties": {}, "geometry": {"type": "Polygon", "coordinates": [[[-96.44, 41.4], [-96.44, 41.559999999999995], [-96.6, 41.559999999999995], [-96.6, 41.4], [-96.44, 41.4]]]}}, {"id": "3136", "type": "Feature", "properties": {}, "geometry": {"type": "Polygon", "coordinates": [[[-96.28, 41.4], [-96.28, 41.559999999999995], [-96.44, 41.559999999999995], [-96.44, 41.4], [-96.28, 41.4]]]}}, {"id": "3137", "type": "Feature", "properties": {}, "geometry": {"type": "Polygon", "coordinates": [[[-96.12, 41.4], [-96.12, 41.559999999999995], [-96.28, 41.559999999999995], [-96.28, 41.4], [-96.12, 41.4]]]}}, {"id": "3138", "type": "Feature", "properties": {}, "geometry": {"type": "Polygon", "coordinates": [[[-95.96000000000001, 41.4], [-95.96000000000001, 41.559999999999995], [-96.12, 41.559999999999995], [-96.12, 41.4], [-95.96000000000001, 41.4]]]}}, {"id": "3139", "type": "Feature", "properties": {}, "geometry": {"type": "Polygon", "coordinates": [[[-95.8, 41.4], [-95.8, 41.559999999999995], [-95.96, 41.559999999999995], [-95.96, 41.4], [-95.8, 41.4]]]}}, {"id": "3140", "type": "Feature", "properties": {}, "geometry": {"type": "Polygon", "coordinates": [[[-95.64, 41.4], [-95.64, 41.559999999999995], [-95.8, 41.559999999999995], [-95.8, 41.4], [-95.64, 41.4]]]}}, {"id": "3141", "type": "Feature", "properties": {}, "geometry": {"type": "Polygon", "coordinates": [[[-95.48, 41.4], [-95.48, 41.559999999999995], [-95.64, 41.559999999999995], [-95.64, 41.4], [-95.48, 41.4]]]}}, {"id": "3142", "type": "Feature", "properties": {}, "geometry": {"type": "Polygon", "coordinates": [[[-95.32000000000001, 41.4], [-95.32000000000001, 41.559999999999995], [-95.48, 41.559999999999995], [-95.48, 41.4], [-95.32000000000001, 41.4]]]}}, {"id": "3143", "type": "Feature", "properties": {}, "geometry": {"type": "Polygon", "coordinates": [[[-95.16, 41.4], [-95.16, 41.559999999999995], [-95.32, 41.559999999999995], [-95.32, 41.4], [-95.16, 41.4]]]}}, {"id": "3144", "type": "Feature", "properties": {}, "geometry": {"type": "Polygon", "coordinates": [[[-95.0, 41.4], [-95.0, 41.559999999999995], [-95.16, 41.559999999999995], [-95.16, 41.4], [-95.0, 41.4]]]}}, {"id": "3145", "type": "Feature", "properties": {}, "geometry": {"type": "Polygon", "coordinates": [[[-94.84, 41.4], [-94.84, 41.559999999999995], [-95.0, 41.559999999999995], [-95.0, 41.4], [-94.84, 41.4]]]}}, {"id": "3146", "type": "Feature", "properties": {}, "geometry": {"type": "Polygon", "coordinates": [[[-94.68, 41.4], [-94.68, 41.559999999999995], [-94.84, 41.559999999999995], [-94.84, 41.4], [-94.68, 41.4]]]}}, {"id": "3147", "type": "Feature", "properties": {}, "geometry": {"type": "Polygon", "coordinates": [[[-94.52, 41.4], [-94.52, 41.559999999999995], [-94.67999999999999, 41.559999999999995], [-94.67999999999999, 41.4], [-94.52, 41.4]]]}}, {"id": "3148", "type": "Feature", "properties": {}, "geometry": {"type": "Polygon", "coordinates": [[[-94.36, 41.4], [-94.36, 41.559999999999995], [-94.52, 41.559999999999995], [-94.52, 41.4], [-94.36, 41.4]]]}}, {"id": "3149", "type": "Feature", "properties": {}, "geometry": {"type": "Polygon", "coordinates": [[[-94.2, 41.4], [-94.2, 41.559999999999995], [-94.36, 41.559999999999995], [-94.36, 41.4], [-94.2, 41.4]]]}}, {"id": "3150", "type": "Feature", "properties": {}, "geometry": {"type": "Polygon", "coordinates": [[[-94.04, 41.4], [-94.04, 41.559999999999995], [-94.2, 41.559999999999995], [-94.2, 41.4], [-94.04, 41.4]]]}}, {"id": "3151", "type": "Feature", "properties": {}, "geometry": {"type": "Polygon", "coordinates": [[[-93.88, 41.4], [-93.88, 41.559999999999995], [-94.03999999999999, 41.559999999999995], [-94.03999999999999, 41.4], [-93.88, 41.4]]]}}, {"id": "3152", "type": "Feature", "properties": {}, "geometry": {"type": "Polygon", "coordinates": [[[-93.72, 41.4], [-93.72, 41.559999999999995], [-93.88, 41.559999999999995], [-93.88, 41.4], [-93.72, 41.4]]]}}, {"id": "3153", "type": "Feature", "properties": {}, "geometry": {"type": "Polygon", "coordinates": [[[-93.56, 41.4], [-93.56, 41.559999999999995], [-93.72, 41.559999999999995], [-93.72, 41.4], [-93.56, 41.4]]]}}, {"id": "3154", "type": "Feature", "properties": {}, "geometry": {"type": "Polygon", "coordinates": [[[-93.4, 41.4], [-93.4, 41.559999999999995], [-93.56, 41.559999999999995], [-93.56, 41.4], [-93.4, 41.4]]]}}, {"id": "3155", "type": "Feature", "properties": {}, "geometry": {"type": "Polygon", "coordinates": [[[-102.84, 41.24], [-102.84, 41.4], [-103.0, 41.4], [-103.0, 41.24], [-102.84, 41.24]]]}}, {"id": "3156", "type": "Feature", "properties": {}, "geometry": {"type": "Polygon", "coordinates": [[[-102.68, 41.24], [-102.68, 41.4], [-102.84, 41.4], [-102.84, 41.24], [-102.68, 41.24]]]}}, {"id": "3157", "type": "Feature", "properties": {}, "geometry": {"type": "Polygon", "coordinates": [[[-102.52, 41.24], [-102.52, 41.4], [-102.67999999999999, 41.4], [-102.67999999999999, 41.24], [-102.52, 41.24]]]}}, {"id": "3158", "type": "Feature", "properties": {}, "geometry": {"type": "Polygon", "coordinates": [[[-102.36, 41.24], [-102.36, 41.4], [-102.52, 41.4], [-102.52, 41.24], [-102.36, 41.24]]]}}, {"id": "3159", "type": "Feature", "properties": {}, "geometry": {"type": "Polygon", "coordinates": [[[-102.2, 41.24], [-102.2, 41.4], [-102.36, 41.4], [-102.36, 41.24], [-102.2, 41.24]]]}}, {"id": "3160", "type": "Feature", "properties": {}, "geometry": {"type": "Polygon", "coordinates": [[[-102.04, 41.24], [-102.04, 41.4], [-102.2, 41.4], [-102.2, 41.24], [-102.04, 41.24]]]}}, {"id": "3161", "type": "Feature", "properties": {}, "geometry": {"type": "Polygon", "coordinates": [[[-101.88, 41.24], [-101.88, 41.4], [-102.03999999999999, 41.4], [-102.03999999999999, 41.24], [-101.88, 41.24]]]}}, {"id": "3162", "type": "Feature", "properties": {}, "geometry": {"type": "Polygon", "coordinates": [[[-101.72, 41.24], [-101.72, 41.4], [-101.88, 41.4], [-101.88, 41.24], [-101.72, 41.24]]]}}, {"id": "3163", "type": "Feature", "properties": {}, "geometry": {"type": "Polygon", "coordinates": [[[-101.56, 41.24], [-101.56, 41.4], [-101.72, 41.4], [-101.72, 41.24], [-101.56, 41.24]]]}}, {"id": "3164", "type": "Feature", "properties": {}, "geometry": {"type": "Polygon", "coordinates": [[[-101.4, 41.24], [-101.4, 41.4], [-101.56, 41.4], [-101.56, 41.24], [-101.4, 41.24]]]}}, {"id": "3165", "type": "Feature", "properties": {}, "geometry": {"type": "Polygon", "coordinates": [[[-101.24, 41.24], [-101.24, 41.4], [-101.39999999999999, 41.4], [-101.39999999999999, 41.24], [-101.24, 41.24]]]}}, {"id": "3166", "type": "Feature", "properties": {}, "geometry": {"type": "Polygon", "coordinates": [[[-101.08, 41.24], [-101.08, 41.4], [-101.24, 41.4], [-101.24, 41.24], [-101.08, 41.24]]]}}, {"id": "3167", "type": "Feature", "properties": {}, "geometry": {"type": "Polygon", "coordinates": [[[-100.92, 41.24], [-100.92, 41.4], [-101.08, 41.4], [-101.08, 41.24], [-100.92, 41.24]]]}}, {"id": "3168", "type": "Feature", "properties": {}, "geometry": {"type": "Polygon", "coordinates": [[[-100.76, 41.24], [-100.76, 41.4], [-100.92, 41.4], [-100.92, 41.24], [-100.76, 41.24]]]}}, {"id": "3169", "type": "Feature", "properties": {}, "geometry": {"type": "Polygon", "coordinates": [[[-100.60000000000001, 41.24], [-100.60000000000001, 41.4], [-100.76, 41.4], [-100.76, 41.24], [-100.60000000000001, 41.24]]]}}, {"id": "3170", "type": "Feature", "properties": {}, "geometry": {"type": "Polygon", "coordinates": [[[-100.44, 41.24], [-100.44, 41.4], [-100.6, 41.4], [-100.6, 41.24], [-100.44, 41.24]]]}}, {"id": "3171", "type": "Feature", "properties": {}, "geometry": {"type": "Polygon", "coordinates": [[[-100.28, 41.24], [-100.28, 41.4], [-100.44, 41.4], [-100.44, 41.24], [-100.28, 41.24]]]}}, {"id": "3172", "type": "Feature", "properties": {}, "geometry": {"type": "Polygon", "coordinates": [[[-100.12, 41.24], [-100.12, 41.4], [-100.28, 41.4], [-100.28, 41.24], [-100.12, 41.24]]]}}, {"id": "3173", "type": "Feature", "properties": {}, "geometry": {"type": "Polygon", "coordinates": [[[-99.96000000000001, 41.24], [-99.96000000000001, 41.4], [-100.12, 41.4], [-100.12, 41.24], [-99.96000000000001, 41.24]]]}}, {"id": "3174", "type": "Feature", "properties": {}, "geometry": {"type": "Polygon", "coordinates": [[[-99.8, 41.24], [-99.8, 41.4], [-99.96, 41.4], [-99.96, 41.24], [-99.8, 41.24]]]}}, {"id": "3175", "type": "Feature", "properties": {}, "geometry": {"type": "Polygon", "coordinates": [[[-99.64, 41.24], [-99.64, 41.4], [-99.8, 41.4], [-99.8, 41.24], [-99.64, 41.24]]]}}, {"id": "3176", "type": "Feature", "properties": {}, "geometry": {"type": "Polygon", "coordinates": [[[-99.48, 41.24], [-99.48, 41.4], [-99.64, 41.4], [-99.64, 41.24], [-99.48, 41.24]]]}}, {"id": "3177", "type": "Feature", "properties": {}, "geometry": {"type": "Polygon", "coordinates": [[[-99.32000000000001, 41.24], [-99.32000000000001, 41.4], [-99.48, 41.4], [-99.48, 41.24], [-99.32000000000001, 41.24]]]}}, {"id": "3178", "type": "Feature", "properties": {}, "geometry": {"type": "Polygon", "coordinates": [[[-99.16, 41.24], [-99.16, 41.4], [-99.32, 41.4], [-99.32, 41.24], [-99.16, 41.24]]]}}, {"id": "3179", "type": "Feature", "properties": {}, "geometry": {"type": "Polygon", "coordinates": [[[-99.0, 41.24], [-99.0, 41.4], [-99.16, 41.4], [-99.16, 41.24], [-99.0, 41.24]]]}}, {"id": "3180", "type": "Feature", "properties": {}, "geometry": {"type": "Polygon", "coordinates": [[[-98.84, 41.24], [-98.84, 41.4], [-99.0, 41.4], [-99.0, 41.24], [-98.84, 41.24]]]}}, {"id": "3181", "type": "Feature", "properties": {}, "geometry": {"type": "Polygon", "coordinates": [[[-98.68, 41.24], [-98.68, 41.4], [-98.84, 41.4], [-98.84, 41.24], [-98.68, 41.24]]]}}, {"id": "3182", "type": "Feature", "properties": {}, "geometry": {"type": "Polygon", "coordinates": [[[-98.52, 41.24], [-98.52, 41.4], [-98.67999999999999, 41.4], [-98.67999999999999, 41.24], [-98.52, 41.24]]]}}, {"id": "3183", "type": "Feature", "properties": {}, "geometry": {"type": "Polygon", "coordinates": [[[-98.36, 41.24], [-98.36, 41.4], [-98.52, 41.4], [-98.52, 41.24], [-98.36, 41.24]]]}}, {"id": "3184", "type": "Feature", "properties": {}, "geometry": {"type": "Polygon", "coordinates": [[[-98.2, 41.24], [-98.2, 41.4], [-98.36, 41.4], [-98.36, 41.24], [-98.2, 41.24]]]}}, {"id": "3185", "type": "Feature", "properties": {}, "geometry": {"type": "Polygon", "coordinates": [[[-98.04, 41.24], [-98.04, 41.4], [-98.2, 41.4], [-98.2, 41.24], [-98.04, 41.24]]]}}, {"id": "3186", "type": "Feature", "properties": {}, "geometry": {"type": "Polygon", "coordinates": [[[-97.88, 41.24], [-97.88, 41.4], [-98.03999999999999, 41.4], [-98.03999999999999, 41.24], [-97.88, 41.24]]]}}, {"id": "3187", "type": "Feature", "properties": {}, "geometry": {"type": "Polygon", "coordinates": [[[-97.72, 41.24], [-97.72, 41.4], [-97.88, 41.4], [-97.88, 41.24], [-97.72, 41.24]]]}}, {"id": "3188", "type": "Feature", "properties": {}, "geometry": {"type": "Polygon", "coordinates": [[[-97.56, 41.24], [-97.56, 41.4], [-97.72, 41.4], [-97.72, 41.24], [-97.56, 41.24]]]}}, {"id": "3189", "type": "Feature", "properties": {}, "geometry": {"type": "Polygon", "coordinates": [[[-97.4, 41.24], [-97.4, 41.4], [-97.56, 41.4], [-97.56, 41.24], [-97.4, 41.24]]]}}, {"id": "3190", "type": "Feature", "properties": {}, "geometry": {"type": "Polygon", "coordinates": [[[-97.24, 41.24], [-97.24, 41.4], [-97.39999999999999, 41.4], [-97.39999999999999, 41.24], [-97.24, 41.24]]]}}, {"id": "3191", "type": "Feature", "properties": {}, "geometry": {"type": "Polygon", "coordinates": [[[-97.08, 41.24], [-97.08, 41.4], [-97.24, 41.4], [-97.24, 41.24], [-97.08, 41.24]]]}}, {"id": "3192", "type": "Feature", "properties": {}, "geometry": {"type": "Polygon", "coordinates": [[[-96.92, 41.24], [-96.92, 41.4], [-97.08, 41.4], [-97.08, 41.24], [-96.92, 41.24]]]}}, {"id": "3193", "type": "Feature", "properties": {}, "geometry": {"type": "Polygon", "coordinates": [[[-96.76, 41.24], [-96.76, 41.4], [-96.92, 41.4], [-96.92, 41.24], [-96.76, 41.24]]]}}, {"id": "3194", "type": "Feature", "properties": {}, "geometry": {"type": "Polygon", "coordinates": [[[-96.60000000000001, 41.24], [-96.60000000000001, 41.4], [-96.76, 41.4], [-96.76, 41.24], [-96.60000000000001, 41.24]]]}}, {"id": "3195", "type": "Feature", "properties": {}, "geometry": {"type": "Polygon", "coordinates": [[[-96.44, 41.24], [-96.44, 41.4], [-96.6, 41.4], [-96.6, 41.24], [-96.44, 41.24]]]}}, {"id": "3196", "type": "Feature", "properties": {}, "geometry": {"type": "Polygon", "coordinates": [[[-96.28, 41.24], [-96.28, 41.4], [-96.44, 41.4], [-96.44, 41.24], [-96.28, 41.24]]]}}, {"id": "3197", "type": "Feature", "properties": {}, "geometry": {"type": "Polygon", "coordinates": [[[-96.12, 41.24], [-96.12, 41.4], [-96.28, 41.4], [-96.28, 41.24], [-96.12, 41.24]]]}}, {"id": "3198", "type": "Feature", "properties": {}, "geometry": {"type": "Polygon", "coordinates": [[[-95.96000000000001, 41.24], [-95.96000000000001, 41.4], [-96.12, 41.4], [-96.12, 41.24], [-95.96000000000001, 41.24]]]}}, {"id": "3199", "type": "Feature", "properties": {}, "geometry": {"type": "Polygon", "coordinates": [[[-95.8, 41.24], [-95.8, 41.4], [-95.96, 41.4], [-95.96, 41.24], [-95.8, 41.24]]]}}, {"id": "3200", "type": "Feature", "properties": {}, "geometry": {"type": "Polygon", "coordinates": [[[-95.64, 41.24], [-95.64, 41.4], [-95.8, 41.4], [-95.8, 41.24], [-95.64, 41.24]]]}}, {"id": "3201", "type": "Feature", "properties": {}, "geometry": {"type": "Polygon", "coordinates": [[[-95.48, 41.24], [-95.48, 41.4], [-95.64, 41.4], [-95.64, 41.24], [-95.48, 41.24]]]}}, {"id": "3202", "type": "Feature", "properties": {}, "geometry": {"type": "Polygon", "coordinates": [[[-95.32000000000001, 41.24], [-95.32000000000001, 41.4], [-95.48, 41.4], [-95.48, 41.24], [-95.32000000000001, 41.24]]]}}, {"id": "3203", "type": "Feature", "properties": {}, "geometry": {"type": "Polygon", "coordinates": [[[-95.16, 41.24], [-95.16, 41.4], [-95.32, 41.4], [-95.32, 41.24], [-95.16, 41.24]]]}}, {"id": "3204", "type": "Feature", "properties": {}, "geometry": {"type": "Polygon", "coordinates": [[[-95.0, 41.24], [-95.0, 41.4], [-95.16, 41.4], [-95.16, 41.24], [-95.0, 41.24]]]}}, {"id": "3205", "type": "Feature", "properties": {}, "geometry": {"type": "Polygon", "coordinates": [[[-94.84, 41.24], [-94.84, 41.4], [-95.0, 41.4], [-95.0, 41.24], [-94.84, 41.24]]]}}, {"id": "3206", "type": "Feature", "properties": {}, "geometry": {"type": "Polygon", "coordinates": [[[-94.68, 41.24], [-94.68, 41.4], [-94.84, 41.4], [-94.84, 41.24], [-94.68, 41.24]]]}}, {"id": "3207", "type": "Feature", "properties": {}, "geometry": {"type": "Polygon", "coordinates": [[[-94.52, 41.24], [-94.52, 41.4], [-94.67999999999999, 41.4], [-94.67999999999999, 41.24], [-94.52, 41.24]]]}}, {"id": "3208", "type": "Feature", "properties": {}, "geometry": {"type": "Polygon", "coordinates": [[[-94.36, 41.24], [-94.36, 41.4], [-94.52, 41.4], [-94.52, 41.24], [-94.36, 41.24]]]}}, {"id": "3209", "type": "Feature", "properties": {}, "geometry": {"type": "Polygon", "coordinates": [[[-94.2, 41.24], [-94.2, 41.4], [-94.36, 41.4], [-94.36, 41.24], [-94.2, 41.24]]]}}, {"id": "3210", "type": "Feature", "properties": {}, "geometry": {"type": "Polygon", "coordinates": [[[-94.04, 41.24], [-94.04, 41.4], [-94.2, 41.4], [-94.2, 41.24], [-94.04, 41.24]]]}}, {"id": "3211", "type": "Feature", "properties": {}, "geometry": {"type": "Polygon", "coordinates": [[[-93.88, 41.24], [-93.88, 41.4], [-94.03999999999999, 41.4], [-94.03999999999999, 41.24], [-93.88, 41.24]]]}}, {"id": "3212", "type": "Feature", "properties": {}, "geometry": {"type": "Polygon", "coordinates": [[[-93.72, 41.24], [-93.72, 41.4], [-93.88, 41.4], [-93.88, 41.24], [-93.72, 41.24]]]}}, {"id": "3213", "type": "Feature", "properties": {}, "geometry": {"type": "Polygon", "coordinates": [[[-93.56, 41.24], [-93.56, 41.4], [-93.72, 41.4], [-93.72, 41.24], [-93.56, 41.24]]]}}, {"id": "3214", "type": "Feature", "properties": {}, "geometry": {"type": "Polygon", "coordinates": [[[-93.4, 41.24], [-93.4, 41.4], [-93.56, 41.4], [-93.56, 41.24], [-93.4, 41.24]]]}}, {"id": "3215", "type": "Feature", "properties": {}, "geometry": {"type": "Polygon", "coordinates": [[[-93.24, 41.24], [-93.24, 41.4], [-93.39999999999999, 41.4], [-93.39999999999999, 41.24], [-93.24, 41.24]]]}}, {"id": "3216", "type": "Feature", "properties": {}, "geometry": {"type": "Polygon", "coordinates": [[[-102.84, 41.08], [-102.84, 41.239999999999995], [-103.0, 41.239999999999995], [-103.0, 41.08], [-102.84, 41.08]]]}}, {"id": "3217", "type": "Feature", "properties": {}, "geometry": {"type": "Polygon", "coordinates": [[[-102.68, 41.08], [-102.68, 41.239999999999995], [-102.84, 41.239999999999995], [-102.84, 41.08], [-102.68, 41.08]]]}}, {"id": "3218", "type": "Feature", "properties": {}, "geometry": {"type": "Polygon", "coordinates": [[[-102.52, 41.08], [-102.52, 41.239999999999995], [-102.67999999999999, 41.239999999999995], [-102.67999999999999, 41.08], [-102.52, 41.08]]]}}, {"id": "3219", "type": "Feature", "properties": {}, "geometry": {"type": "Polygon", "coordinates": [[[-102.36, 41.08], [-102.36, 41.239999999999995], [-102.52, 41.239999999999995], [-102.52, 41.08], [-102.36, 41.08]]]}}, {"id": "3220", "type": "Feature", "properties": {}, "geometry": {"type": "Polygon", "coordinates": [[[-102.2, 41.08], [-102.2, 41.239999999999995], [-102.36, 41.239999999999995], [-102.36, 41.08], [-102.2, 41.08]]]}}, {"id": "3221", "type": "Feature", "properties": {}, "geometry": {"type": "Polygon", "coordinates": [[[-102.04, 41.08], [-102.04, 41.239999999999995], [-102.2, 41.239999999999995], [-102.2, 41.08], [-102.04, 41.08]]]}}, {"id": "3222", "type": "Feature", "properties": {}, "geometry": {"type": "Polygon", "coordinates": [[[-101.88, 41.08], [-101.88, 41.239999999999995], [-102.03999999999999, 41.239999999999995], [-102.03999999999999, 41.08], [-101.88, 41.08]]]}}, {"id": "3223", "type": "Feature", "properties": {}, "geometry": {"type": "Polygon", "coordinates": [[[-101.72, 41.08], [-101.72, 41.239999999999995], [-101.88, 41.239999999999995], [-101.88, 41.08], [-101.72, 41.08]]]}}, {"id": "3224", "type": "Feature", "properties": {}, "geometry": {"type": "Polygon", "coordinates": [[[-101.56, 41.08], [-101.56, 41.239999999999995], [-101.72, 41.239999999999995], [-101.72, 41.08], [-101.56, 41.08]]]}}, {"id": "3225", "type": "Feature", "properties": {}, "geometry": {"type": "Polygon", "coordinates": [[[-101.4, 41.08], [-101.4, 41.239999999999995], [-101.56, 41.239999999999995], [-101.56, 41.08], [-101.4, 41.08]]]}}, {"id": "3226", "type": "Feature", "properties": {}, "geometry": {"type": "Polygon", "coordinates": [[[-101.24, 41.08], [-101.24, 41.239999999999995], [-101.39999999999999, 41.239999999999995], [-101.39999999999999, 41.08], [-101.24, 41.08]]]}}, {"id": "3227", "type": "Feature", "properties": {}, "geometry": {"type": "Polygon", "coordinates": [[[-101.08, 41.08], [-101.08, 41.239999999999995], [-101.24, 41.239999999999995], [-101.24, 41.08], [-101.08, 41.08]]]}}, {"id": "3228", "type": "Feature", "properties": {}, "geometry": {"type": "Polygon", "coordinates": [[[-100.92, 41.08], [-100.92, 41.239999999999995], [-101.08, 41.239999999999995], [-101.08, 41.08], [-100.92, 41.08]]]}}, {"id": "3229", "type": "Feature", "properties": {}, "geometry": {"type": "Polygon", "coordinates": [[[-100.76, 41.08], [-100.76, 41.239999999999995], [-100.92, 41.239999999999995], [-100.92, 41.08], [-100.76, 41.08]]]}}, {"id": "3230", "type": "Feature", "properties": {}, "geometry": {"type": "Polygon", "coordinates": [[[-100.60000000000001, 41.08], [-100.60000000000001, 41.239999999999995], [-100.76, 41.239999999999995], [-100.76, 41.08], [-100.60000000000001, 41.08]]]}}, {"id": "3231", "type": "Feature", "properties": {}, "geometry": {"type": "Polygon", "coordinates": [[[-100.44, 41.08], [-100.44, 41.239999999999995], [-100.6, 41.239999999999995], [-100.6, 41.08], [-100.44, 41.08]]]}}, {"id": "3232", "type": "Feature", "properties": {}, "geometry": {"type": "Polygon", "coordinates": [[[-100.28, 41.08], [-100.28, 41.239999999999995], [-100.44, 41.239999999999995], [-100.44, 41.08], [-100.28, 41.08]]]}}, {"id": "3233", "type": "Feature", "properties": {}, "geometry": {"type": "Polygon", "coordinates": [[[-100.12, 41.08], [-100.12, 41.239999999999995], [-100.28, 41.239999999999995], [-100.28, 41.08], [-100.12, 41.08]]]}}, {"id": "3234", "type": "Feature", "properties": {}, "geometry": {"type": "Polygon", "coordinates": [[[-99.96000000000001, 41.08], [-99.96000000000001, 41.239999999999995], [-100.12, 41.239999999999995], [-100.12, 41.08], [-99.96000000000001, 41.08]]]}}, {"id": "3235", "type": "Feature", "properties": {}, "geometry": {"type": "Polygon", "coordinates": [[[-99.8, 41.08], [-99.8, 41.239999999999995], [-99.96, 41.239999999999995], [-99.96, 41.08], [-99.8, 41.08]]]}}, {"id": "3236", "type": "Feature", "properties": {}, "geometry": {"type": "Polygon", "coordinates": [[[-99.64, 41.08], [-99.64, 41.239999999999995], [-99.8, 41.239999999999995], [-99.8, 41.08], [-99.64, 41.08]]]}}, {"id": "3237", "type": "Feature", "properties": {}, "geometry": {"type": "Polygon", "coordinates": [[[-99.48, 41.08], [-99.48, 41.239999999999995], [-99.64, 41.239999999999995], [-99.64, 41.08], [-99.48, 41.08]]]}}, {"id": "3238", "type": "Feature", "properties": {}, "geometry": {"type": "Polygon", "coordinates": [[[-99.32000000000001, 41.08], [-99.32000000000001, 41.239999999999995], [-99.48, 41.239999999999995], [-99.48, 41.08], [-99.32000000000001, 41.08]]]}}, {"id": "3239", "type": "Feature", "properties": {}, "geometry": {"type": "Polygon", "coordinates": [[[-99.16, 41.08], [-99.16, 41.239999999999995], [-99.32, 41.239999999999995], [-99.32, 41.08], [-99.16, 41.08]]]}}, {"id": "3240", "type": "Feature", "properties": {}, "geometry": {"type": "Polygon", "coordinates": [[[-99.0, 41.08], [-99.0, 41.239999999999995], [-99.16, 41.239999999999995], [-99.16, 41.08], [-99.0, 41.08]]]}}, {"id": "3241", "type": "Feature", "properties": {}, "geometry": {"type": "Polygon", "coordinates": [[[-98.84, 41.08], [-98.84, 41.239999999999995], [-99.0, 41.239999999999995], [-99.0, 41.08], [-98.84, 41.08]]]}}, {"id": "3242", "type": "Feature", "properties": {}, "geometry": {"type": "Polygon", "coordinates": [[[-98.68, 41.08], [-98.68, 41.239999999999995], [-98.84, 41.239999999999995], [-98.84, 41.08], [-98.68, 41.08]]]}}, {"id": "3243", "type": "Feature", "properties": {}, "geometry": {"type": "Polygon", "coordinates": [[[-98.52, 41.08], [-98.52, 41.239999999999995], [-98.67999999999999, 41.239999999999995], [-98.67999999999999, 41.08], [-98.52, 41.08]]]}}, {"id": "3244", "type": "Feature", "properties": {}, "geometry": {"type": "Polygon", "coordinates": [[[-98.36, 41.08], [-98.36, 41.239999999999995], [-98.52, 41.239999999999995], [-98.52, 41.08], [-98.36, 41.08]]]}}, {"id": "3245", "type": "Feature", "properties": {}, "geometry": {"type": "Polygon", "coordinates": [[[-98.2, 41.08], [-98.2, 41.239999999999995], [-98.36, 41.239999999999995], [-98.36, 41.08], [-98.2, 41.08]]]}}, {"id": "3246", "type": "Feature", "properties": {}, "geometry": {"type": "Polygon", "coordinates": [[[-98.04, 41.08], [-98.04, 41.239999999999995], [-98.2, 41.239999999999995], [-98.2, 41.08], [-98.04, 41.08]]]}}, {"id": "3247", "type": "Feature", "properties": {}, "geometry": {"type": "Polygon", "coordinates": [[[-97.88, 41.08], [-97.88, 41.239999999999995], [-98.03999999999999, 41.239999999999995], [-98.03999999999999, 41.08], [-97.88, 41.08]]]}}, {"id": "3248", "type": "Feature", "properties": {}, "geometry": {"type": "Polygon", "coordinates": [[[-97.72, 41.08], [-97.72, 41.239999999999995], [-97.88, 41.239999999999995], [-97.88, 41.08], [-97.72, 41.08]]]}}, {"id": "3249", "type": "Feature", "properties": {}, "geometry": {"type": "Polygon", "coordinates": [[[-97.56, 41.08], [-97.56, 41.239999999999995], [-97.72, 41.239999999999995], [-97.72, 41.08], [-97.56, 41.08]]]}}, {"id": "3250", "type": "Feature", "properties": {}, "geometry": {"type": "Polygon", "coordinates": [[[-97.4, 41.08], [-97.4, 41.239999999999995], [-97.56, 41.239999999999995], [-97.56, 41.08], [-97.4, 41.08]]]}}, {"id": "3251", "type": "Feature", "properties": {}, "geometry": {"type": "Polygon", "coordinates": [[[-97.24, 41.08], [-97.24, 41.239999999999995], [-97.39999999999999, 41.239999999999995], [-97.39999999999999, 41.08], [-97.24, 41.08]]]}}, {"id": "3252", "type": "Feature", "properties": {}, "geometry": {"type": "Polygon", "coordinates": [[[-97.08, 41.08], [-97.08, 41.239999999999995], [-97.24, 41.239999999999995], [-97.24, 41.08], [-97.08, 41.08]]]}}, {"id": "3253", "type": "Feature", "properties": {}, "geometry": {"type": "Polygon", "coordinates": [[[-96.92, 41.08], [-96.92, 41.239999999999995], [-97.08, 41.239999999999995], [-97.08, 41.08], [-96.92, 41.08]]]}}, {"id": "3254", "type": "Feature", "properties": {}, "geometry": {"type": "Polygon", "coordinates": [[[-96.76, 41.08], [-96.76, 41.239999999999995], [-96.92, 41.239999999999995], [-96.92, 41.08], [-96.76, 41.08]]]}}, {"id": "3255", "type": "Feature", "properties": {}, "geometry": {"type": "Polygon", "coordinates": [[[-96.60000000000001, 41.08], [-96.60000000000001, 41.239999999999995], [-96.76, 41.239999999999995], [-96.76, 41.08], [-96.60000000000001, 41.08]]]}}, {"id": "3256", "type": "Feature", "properties": {}, "geometry": {"type": "Polygon", "coordinates": [[[-96.44, 41.08], [-96.44, 41.239999999999995], [-96.6, 41.239999999999995], [-96.6, 41.08], [-96.44, 41.08]]]}}, {"id": "3257", "type": "Feature", "properties": {}, "geometry": {"type": "Polygon", "coordinates": [[[-96.28, 41.08], [-96.28, 41.239999999999995], [-96.44, 41.239999999999995], [-96.44, 41.08], [-96.28, 41.08]]]}}, {"id": "3258", "type": "Feature", "properties": {}, "geometry": {"type": "Polygon", "coordinates": [[[-96.12, 41.08], [-96.12, 41.239999999999995], [-96.28, 41.239999999999995], [-96.28, 41.08], [-96.12, 41.08]]]}}, {"id": "3259", "type": "Feature", "properties": {}, "geometry": {"type": "Polygon", "coordinates": [[[-95.96000000000001, 41.08], [-95.96000000000001, 41.239999999999995], [-96.12, 41.239999999999995], [-96.12, 41.08], [-95.96000000000001, 41.08]]]}}, {"id": "3260", "type": "Feature", "properties": {}, "geometry": {"type": "Polygon", "coordinates": [[[-95.8, 41.08], [-95.8, 41.239999999999995], [-95.96, 41.239999999999995], [-95.96, 41.08], [-95.8, 41.08]]]}}, {"id": "3261", "type": "Feature", "properties": {}, "geometry": {"type": "Polygon", "coordinates": [[[-95.64, 41.08], [-95.64, 41.239999999999995], [-95.8, 41.239999999999995], [-95.8, 41.08], [-95.64, 41.08]]]}}, {"id": "3262", "type": "Feature", "properties": {}, "geometry": {"type": "Polygon", "coordinates": [[[-95.48, 41.08], [-95.48, 41.239999999999995], [-95.64, 41.239999999999995], [-95.64, 41.08], [-95.48, 41.08]]]}}, {"id": "3263", "type": "Feature", "properties": {}, "geometry": {"type": "Polygon", "coordinates": [[[-95.32000000000001, 41.08], [-95.32000000000001, 41.239999999999995], [-95.48, 41.239999999999995], [-95.48, 41.08], [-95.32000000000001, 41.08]]]}}, {"id": "3264", "type": "Feature", "properties": {}, "geometry": {"type": "Polygon", "coordinates": [[[-95.16, 41.08], [-95.16, 41.239999999999995], [-95.32, 41.239999999999995], [-95.32, 41.08], [-95.16, 41.08]]]}}, {"id": "3265", "type": "Feature", "properties": {}, "geometry": {"type": "Polygon", "coordinates": [[[-95.0, 41.08], [-95.0, 41.239999999999995], [-95.16, 41.239999999999995], [-95.16, 41.08], [-95.0, 41.08]]]}}, {"id": "3266", "type": "Feature", "properties": {}, "geometry": {"type": "Polygon", "coordinates": [[[-94.84, 41.08], [-94.84, 41.239999999999995], [-95.0, 41.239999999999995], [-95.0, 41.08], [-94.84, 41.08]]]}}, {"id": "3267", "type": "Feature", "properties": {}, "geometry": {"type": "Polygon", "coordinates": [[[-94.68, 41.08], [-94.68, 41.239999999999995], [-94.84, 41.239999999999995], [-94.84, 41.08], [-94.68, 41.08]]]}}, {"id": "3268", "type": "Feature", "properties": {}, "geometry": {"type": "Polygon", "coordinates": [[[-94.52, 41.08], [-94.52, 41.239999999999995], [-94.67999999999999, 41.239999999999995], [-94.67999999999999, 41.08], [-94.52, 41.08]]]}}, {"id": "3269", "type": "Feature", "properties": {}, "geometry": {"type": "Polygon", "coordinates": [[[-94.36, 41.08], [-94.36, 41.239999999999995], [-94.52, 41.239999999999995], [-94.52, 41.08], [-94.36, 41.08]]]}}, {"id": "3270", "type": "Feature", "properties": {}, "geometry": {"type": "Polygon", "coordinates": [[[-94.2, 41.08], [-94.2, 41.239999999999995], [-94.36, 41.239999999999995], [-94.36, 41.08], [-94.2, 41.08]]]}}, {"id": "3271", "type": "Feature", "properties": {}, "geometry": {"type": "Polygon", "coordinates": [[[-94.04, 41.08], [-94.04, 41.239999999999995], [-94.2, 41.239999999999995], [-94.2, 41.08], [-94.04, 41.08]]]}}, {"id": "3272", "type": "Feature", "properties": {}, "geometry": {"type": "Polygon", "coordinates": [[[-93.88, 41.08], [-93.88, 41.239999999999995], [-94.03999999999999, 41.239999999999995], [-94.03999999999999, 41.08], [-93.88, 41.08]]]}}, {"id": "3273", "type": "Feature", "properties": {}, "geometry": {"type": "Polygon", "coordinates": [[[-93.72, 41.08], [-93.72, 41.239999999999995], [-93.88, 41.239999999999995], [-93.88, 41.08], [-93.72, 41.08]]]}}, {"id": "3274", "type": "Feature", "properties": {}, "geometry": {"type": "Polygon", "coordinates": [[[-93.56, 41.08], [-93.56, 41.239999999999995], [-93.72, 41.239999999999995], [-93.72, 41.08], [-93.56, 41.08]]]}}, {"id": "3275", "type": "Feature", "properties": {}, "geometry": {"type": "Polygon", "coordinates": [[[-93.4, 41.08], [-93.4, 41.239999999999995], [-93.56, 41.239999999999995], [-93.56, 41.08], [-93.4, 41.08]]]}}, {"id": "3276", "type": "Feature", "properties": {}, "geometry": {"type": "Polygon", "coordinates": [[[-93.24, 41.08], [-93.24, 41.239999999999995], [-93.39999999999999, 41.239999999999995], [-93.39999999999999, 41.08], [-93.24, 41.08]]]}}, {"id": "3277", "type": "Feature", "properties": {}, "geometry": {"type": "Polygon", "coordinates": [[[-93.08, 41.08], [-93.08, 41.239999999999995], [-93.24, 41.239999999999995], [-93.24, 41.08], [-93.08, 41.08]]]}}, {"id": "3278", "type": "Feature", "properties": {}, "geometry": {"type": "Polygon", "coordinates": [[[-92.92, 41.08], [-92.92, 41.239999999999995], [-93.08, 41.239999999999995], [-93.08, 41.08], [-92.92, 41.08]]]}}, {"id": "3279", "type": "Feature", "properties": {}, "geometry": {"type": "Polygon", "coordinates": [[[-102.84, 40.92], [-102.84, 41.08], [-103.0, 41.08], [-103.0, 40.92], [-102.84, 40.92]]]}}, {"id": "3280", "type": "Feature", "properties": {}, "geometry": {"type": "Polygon", "coordinates": [[[-102.68, 40.92], [-102.68, 41.08], [-102.84, 41.08], [-102.84, 40.92], [-102.68, 40.92]]]}}, {"id": "3281", "type": "Feature", "properties": {}, "geometry": {"type": "Polygon", "coordinates": [[[-102.52, 40.92], [-102.52, 41.08], [-102.67999999999999, 41.08], [-102.67999999999999, 40.92], [-102.52, 40.92]]]}}, {"id": "3282", "type": "Feature", "properties": {}, "geometry": {"type": "Polygon", "coordinates": [[[-102.36, 40.92], [-102.36, 41.08], [-102.52, 41.08], [-102.52, 40.92], [-102.36, 40.92]]]}}, {"id": "3283", "type": "Feature", "properties": {}, "geometry": {"type": "Polygon", "coordinates": [[[-102.2, 40.92], [-102.2, 41.08], [-102.36, 41.08], [-102.36, 40.92], [-102.2, 40.92]]]}}, {"id": "3284", "type": "Feature", "properties": {}, "geometry": {"type": "Polygon", "coordinates": [[[-102.04, 40.92], [-102.04, 41.08], [-102.2, 41.08], [-102.2, 40.92], [-102.04, 40.92]]]}}, {"id": "3285", "type": "Feature", "properties": {}, "geometry": {"type": "Polygon", "coordinates": [[[-101.88, 40.92], [-101.88, 41.08], [-102.03999999999999, 41.08], [-102.03999999999999, 40.92], [-101.88, 40.92]]]}}, {"id": "3286", "type": "Feature", "properties": {}, "geometry": {"type": "Polygon", "coordinates": [[[-101.72, 40.92], [-101.72, 41.08], [-101.88, 41.08], [-101.88, 40.92], [-101.72, 40.92]]]}}, {"id": "3287", "type": "Feature", "properties": {}, "geometry": {"type": "Polygon", "coordinates": [[[-101.56, 40.92], [-101.56, 41.08], [-101.72, 41.08], [-101.72, 40.92], [-101.56, 40.92]]]}}, {"id": "3288", "type": "Feature", "properties": {}, "geometry": {"type": "Polygon", "coordinates": [[[-101.4, 40.92], [-101.4, 41.08], [-101.56, 41.08], [-101.56, 40.92], [-101.4, 40.92]]]}}, {"id": "3289", "type": "Feature", "properties": {}, "geometry": {"type": "Polygon", "coordinates": [[[-101.24, 40.92], [-101.24, 41.08], [-101.39999999999999, 41.08], [-101.39999999999999, 40.92], [-101.24, 40.92]]]}}, {"id": "3290", "type": "Feature", "properties": {}, "geometry": {"type": "Polygon", "coordinates": [[[-101.08, 40.92], [-101.08, 41.08], [-101.24, 41.08], [-101.24, 40.92], [-101.08, 40.92]]]}}, {"id": "3291", "type": "Feature", "properties": {}, "geometry": {"type": "Polygon", "coordinates": [[[-100.92, 40.92], [-100.92, 41.08], [-101.08, 41.08], [-101.08, 40.92], [-100.92, 40.92]]]}}, {"id": "3292", "type": "Feature", "properties": {}, "geometry": {"type": "Polygon", "coordinates": [[[-100.76, 40.92], [-100.76, 41.08], [-100.92, 41.08], [-100.92, 40.92], [-100.76, 40.92]]]}}, {"id": "3293", "type": "Feature", "properties": {}, "geometry": {"type": "Polygon", "coordinates": [[[-100.60000000000001, 40.92], [-100.60000000000001, 41.08], [-100.76, 41.08], [-100.76, 40.92], [-100.60000000000001, 40.92]]]}}, {"id": "3294", "type": "Feature", "properties": {}, "geometry": {"type": "Polygon", "coordinates": [[[-100.44, 40.92], [-100.44, 41.08], [-100.6, 41.08], [-100.6, 40.92], [-100.44, 40.92]]]}}, {"id": "3295", "type": "Feature", "properties": {}, "geometry": {"type": "Polygon", "coordinates": [[[-100.28, 40.92], [-100.28, 41.08], [-100.44, 41.08], [-100.44, 40.92], [-100.28, 40.92]]]}}, {"id": "3296", "type": "Feature", "properties": {}, "geometry": {"type": "Polygon", "coordinates": [[[-100.12, 40.92], [-100.12, 41.08], [-100.28, 41.08], [-100.28, 40.92], [-100.12, 40.92]]]}}, {"id": "3297", "type": "Feature", "properties": {}, "geometry": {"type": "Polygon", "coordinates": [[[-99.96000000000001, 40.92], [-99.96000000000001, 41.08], [-100.12, 41.08], [-100.12, 40.92], [-99.96000000000001, 40.92]]]}}, {"id": "3298", "type": "Feature", "properties": {}, "geometry": {"type": "Polygon", "coordinates": [[[-99.8, 40.92], [-99.8, 41.08], [-99.96, 41.08], [-99.96, 40.92], [-99.8, 40.92]]]}}, {"id": "3299", "type": "Feature", "properties": {}, "geometry": {"type": "Polygon", "coordinates": [[[-99.64, 40.92], [-99.64, 41.08], [-99.8, 41.08], [-99.8, 40.92], [-99.64, 40.92]]]}}, {"id": "3300", "type": "Feature", "properties": {}, "geometry": {"type": "Polygon", "coordinates": [[[-99.48, 40.92], [-99.48, 41.08], [-99.64, 41.08], [-99.64, 40.92], [-99.48, 40.92]]]}}, {"id": "3301", "type": "Feature", "properties": {}, "geometry": {"type": "Polygon", "coordinates": [[[-99.32000000000001, 40.92], [-99.32000000000001, 41.08], [-99.48, 41.08], [-99.48, 40.92], [-99.32000000000001, 40.92]]]}}, {"id": "3302", "type": "Feature", "properties": {}, "geometry": {"type": "Polygon", "coordinates": [[[-99.16, 40.92], [-99.16, 41.08], [-99.32, 41.08], [-99.32, 40.92], [-99.16, 40.92]]]}}, {"id": "3303", "type": "Feature", "properties": {}, "geometry": {"type": "Polygon", "coordinates": [[[-99.0, 40.92], [-99.0, 41.08], [-99.16, 41.08], [-99.16, 40.92], [-99.0, 40.92]]]}}, {"id": "3304", "type": "Feature", "properties": {}, "geometry": {"type": "Polygon", "coordinates": [[[-98.84, 40.92], [-98.84, 41.08], [-99.0, 41.08], [-99.0, 40.92], [-98.84, 40.92]]]}}, {"id": "3305", "type": "Feature", "properties": {}, "geometry": {"type": "Polygon", "coordinates": [[[-98.68, 40.92], [-98.68, 41.08], [-98.84, 41.08], [-98.84, 40.92], [-98.68, 40.92]]]}}, {"id": "3306", "type": "Feature", "properties": {}, "geometry": {"type": "Polygon", "coordinates": [[[-98.52, 40.92], [-98.52, 41.08], [-98.67999999999999, 41.08], [-98.67999999999999, 40.92], [-98.52, 40.92]]]}}, {"id": "3307", "type": "Feature", "properties": {}, "geometry": {"type": "Polygon", "coordinates": [[[-98.36, 40.92], [-98.36, 41.08], [-98.52, 41.08], [-98.52, 40.92], [-98.36, 40.92]]]}}, {"id": "3308", "type": "Feature", "properties": {}, "geometry": {"type": "Polygon", "coordinates": [[[-98.2, 40.92], [-98.2, 41.08], [-98.36, 41.08], [-98.36, 40.92], [-98.2, 40.92]]]}}, {"id": "3309", "type": "Feature", "properties": {}, "geometry": {"type": "Polygon", "coordinates": [[[-98.04, 40.92], [-98.04, 41.08], [-98.2, 41.08], [-98.2, 40.92], [-98.04, 40.92]]]}}, {"id": "3310", "type": "Feature", "properties": {}, "geometry": {"type": "Polygon", "coordinates": [[[-97.88, 40.92], [-97.88, 41.08], [-98.03999999999999, 41.08], [-98.03999999999999, 40.92], [-97.88, 40.92]]]}}, {"id": "3311", "type": "Feature", "properties": {}, "geometry": {"type": "Polygon", "coordinates": [[[-97.72, 40.92], [-97.72, 41.08], [-97.88, 41.08], [-97.88, 40.92], [-97.72, 40.92]]]}}, {"id": "3312", "type": "Feature", "properties": {}, "geometry": {"type": "Polygon", "coordinates": [[[-97.56, 40.92], [-97.56, 41.08], [-97.72, 41.08], [-97.72, 40.92], [-97.56, 40.92]]]}}, {"id": "3313", "type": "Feature", "properties": {}, "geometry": {"type": "Polygon", "coordinates": [[[-97.4, 40.92], [-97.4, 41.08], [-97.56, 41.08], [-97.56, 40.92], [-97.4, 40.92]]]}}, {"id": "3314", "type": "Feature", "properties": {}, "geometry": {"type": "Polygon", "coordinates": [[[-97.24, 40.92], [-97.24, 41.08], [-97.39999999999999, 41.08], [-97.39999999999999, 40.92], [-97.24, 40.92]]]}}, {"id": "3315", "type": "Feature", "properties": {}, "geometry": {"type": "Polygon", "coordinates": [[[-97.08, 40.92], [-97.08, 41.08], [-97.24, 41.08], [-97.24, 40.92], [-97.08, 40.92]]]}}, {"id": "3316", "type": "Feature", "properties": {}, "geometry": {"type": "Polygon", "coordinates": [[[-96.92, 40.92], [-96.92, 41.08], [-97.08, 41.08], [-97.08, 40.92], [-96.92, 40.92]]]}}, {"id": "3317", "type": "Feature", "properties": {}, "geometry": {"type": "Polygon", "coordinates": [[[-96.76, 40.92], [-96.76, 41.08], [-96.92, 41.08], [-96.92, 40.92], [-96.76, 40.92]]]}}, {"id": "3318", "type": "Feature", "properties": {}, "geometry": {"type": "Polygon", "coordinates": [[[-96.60000000000001, 40.92], [-96.60000000000001, 41.08], [-96.76, 41.08], [-96.76, 40.92], [-96.60000000000001, 40.92]]]}}, {"id": "3319", "type": "Feature", "properties": {}, "geometry": {"type": "Polygon", "coordinates": [[[-96.44, 40.92], [-96.44, 41.08], [-96.6, 41.08], [-96.6, 40.92], [-96.44, 40.92]]]}}, {"id": "3320", "type": "Feature", "properties": {}, "geometry": {"type": "Polygon", "coordinates": [[[-96.28, 40.92], [-96.28, 41.08], [-96.44, 41.08], [-96.44, 40.92], [-96.28, 40.92]]]}}, {"id": "3321", "type": "Feature", "properties": {}, "geometry": {"type": "Polygon", "coordinates": [[[-96.12, 40.92], [-96.12, 41.08], [-96.28, 41.08], [-96.28, 40.92], [-96.12, 40.92]]]}}, {"id": "3322", "type": "Feature", "properties": {}, "geometry": {"type": "Polygon", "coordinates": [[[-95.96000000000001, 40.92], [-95.96000000000001, 41.08], [-96.12, 41.08], [-96.12, 40.92], [-95.96000000000001, 40.92]]]}}, {"id": "3323", "type": "Feature", "properties": {}, "geometry": {"type": "Polygon", "coordinates": [[[-95.8, 40.92], [-95.8, 41.08], [-95.96, 41.08], [-95.96, 40.92], [-95.8, 40.92]]]}}, {"id": "3324", "type": "Feature", "properties": {}, "geometry": {"type": "Polygon", "coordinates": [[[-95.64, 40.92], [-95.64, 41.08], [-95.8, 41.08], [-95.8, 40.92], [-95.64, 40.92]]]}}, {"id": "3325", "type": "Feature", "properties": {}, "geometry": {"type": "Polygon", "coordinates": [[[-95.48, 40.92], [-95.48, 41.08], [-95.64, 41.08], [-95.64, 40.92], [-95.48, 40.92]]]}}, {"id": "3326", "type": "Feature", "properties": {}, "geometry": {"type": "Polygon", "coordinates": [[[-95.32000000000001, 40.92], [-95.32000000000001, 41.08], [-95.48, 41.08], [-95.48, 40.92], [-95.32000000000001, 40.92]]]}}, {"id": "3327", "type": "Feature", "properties": {}, "geometry": {"type": "Polygon", "coordinates": [[[-95.16, 40.92], [-95.16, 41.08], [-95.32, 41.08], [-95.32, 40.92], [-95.16, 40.92]]]}}, {"id": "3328", "type": "Feature", "properties": {}, "geometry": {"type": "Polygon", "coordinates": [[[-95.0, 40.92], [-95.0, 41.08], [-95.16, 41.08], [-95.16, 40.92], [-95.0, 40.92]]]}}, {"id": "3329", "type": "Feature", "properties": {}, "geometry": {"type": "Polygon", "coordinates": [[[-94.84, 40.92], [-94.84, 41.08], [-95.0, 41.08], [-95.0, 40.92], [-94.84, 40.92]]]}}, {"id": "3330", "type": "Feature", "properties": {}, "geometry": {"type": "Polygon", "coordinates": [[[-94.68, 40.92], [-94.68, 41.08], [-94.84, 41.08], [-94.84, 40.92], [-94.68, 40.92]]]}}, {"id": "3331", "type": "Feature", "properties": {}, "geometry": {"type": "Polygon", "coordinates": [[[-94.52, 40.92], [-94.52, 41.08], [-94.67999999999999, 41.08], [-94.67999999999999, 40.92], [-94.52, 40.92]]]}}, {"id": "3332", "type": "Feature", "properties": {}, "geometry": {"type": "Polygon", "coordinates": [[[-94.36, 40.92], [-94.36, 41.08], [-94.52, 41.08], [-94.52, 40.92], [-94.36, 40.92]]]}}, {"id": "3333", "type": "Feature", "properties": {}, "geometry": {"type": "Polygon", "coordinates": [[[-94.2, 40.92], [-94.2, 41.08], [-94.36, 41.08], [-94.36, 40.92], [-94.2, 40.92]]]}}, {"id": "3334", "type": "Feature", "properties": {}, "geometry": {"type": "Polygon", "coordinates": [[[-94.04, 40.92], [-94.04, 41.08], [-94.2, 41.08], [-94.2, 40.92], [-94.04, 40.92]]]}}, {"id": "3335", "type": "Feature", "properties": {}, "geometry": {"type": "Polygon", "coordinates": [[[-93.88, 40.92], [-93.88, 41.08], [-94.03999999999999, 41.08], [-94.03999999999999, 40.92], [-93.88, 40.92]]]}}, {"id": "3336", "type": "Feature", "properties": {}, "geometry": {"type": "Polygon", "coordinates": [[[-93.72, 40.92], [-93.72, 41.08], [-93.88, 41.08], [-93.88, 40.92], [-93.72, 40.92]]]}}, {"id": "3337", "type": "Feature", "properties": {}, "geometry": {"type": "Polygon", "coordinates": [[[-93.56, 40.92], [-93.56, 41.08], [-93.72, 41.08], [-93.72, 40.92], [-93.56, 40.92]]]}}, {"id": "3338", "type": "Feature", "properties": {}, "geometry": {"type": "Polygon", "coordinates": [[[-93.4, 40.92], [-93.4, 41.08], [-93.56, 41.08], [-93.56, 40.92], [-93.4, 40.92]]]}}, {"id": "3339", "type": "Feature", "properties": {}, "geometry": {"type": "Polygon", "coordinates": [[[-93.24, 40.92], [-93.24, 41.08], [-93.39999999999999, 41.08], [-93.39999999999999, 40.92], [-93.24, 40.92]]]}}, {"id": "3340", "type": "Feature", "properties": {}, "geometry": {"type": "Polygon", "coordinates": [[[-93.08, 40.92], [-93.08, 41.08], [-93.24, 41.08], [-93.24, 40.92], [-93.08, 40.92]]]}}, {"id": "3341", "type": "Feature", "properties": {}, "geometry": {"type": "Polygon", "coordinates": [[[-92.92, 40.92], [-92.92, 41.08], [-93.08, 41.08], [-93.08, 40.92], [-92.92, 40.92]]]}}, {"id": "3342", "type": "Feature", "properties": {}, "geometry": {"type": "Polygon", "coordinates": [[[-92.76, 40.92], [-92.76, 41.08], [-92.92, 41.08], [-92.92, 40.92], [-92.76, 40.92]]]}}, {"id": "3343", "type": "Feature", "properties": {}, "geometry": {"type": "Polygon", "coordinates": [[[-102.84, 40.760000000000005], [-102.84, 40.92], [-103.0, 40.92], [-103.0, 40.760000000000005], [-102.84, 40.760000000000005]]]}}, {"id": "3344", "type": "Feature", "properties": {}, "geometry": {"type": "Polygon", "coordinates": [[[-102.68, 40.760000000000005], [-102.68, 40.92], [-102.84, 40.92], [-102.84, 40.760000000000005], [-102.68, 40.760000000000005]]]}}, {"id": "3345", "type": "Feature", "properties": {}, "geometry": {"type": "Polygon", "coordinates": [[[-102.52, 40.760000000000005], [-102.52, 40.92], [-102.67999999999999, 40.92], [-102.67999999999999, 40.760000000000005], [-102.52, 40.760000000000005]]]}}, {"id": "3346", "type": "Feature", "properties": {}, "geometry": {"type": "Polygon", "coordinates": [[[-102.36, 40.760000000000005], [-102.36, 40.92], [-102.52, 40.92], [-102.52, 40.760000000000005], [-102.36, 40.760000000000005]]]}}, {"id": "3347", "type": "Feature", "properties": {}, "geometry": {"type": "Polygon", "coordinates": [[[-102.2, 40.760000000000005], [-102.2, 40.92], [-102.36, 40.92], [-102.36, 40.760000000000005], [-102.2, 40.760000000000005]]]}}, {"id": "3348", "type": "Feature", "properties": {}, "geometry": {"type": "Polygon", "coordinates": [[[-102.04, 40.760000000000005], [-102.04, 40.92], [-102.2, 40.92], [-102.2, 40.760000000000005], [-102.04, 40.760000000000005]]]}}, {"id": "3349", "type": "Feature", "properties": {}, "geometry": {"type": "Polygon", "coordinates": [[[-101.88, 40.760000000000005], [-101.88, 40.92], [-102.03999999999999, 40.92], [-102.03999999999999, 40.760000000000005], [-101.88, 40.760000000000005]]]}}, {"id": "3350", "type": "Feature", "properties": {}, "geometry": {"type": "Polygon", "coordinates": [[[-101.72, 40.760000000000005], [-101.72, 40.92], [-101.88, 40.92], [-101.88, 40.760000000000005], [-101.72, 40.760000000000005]]]}}, {"id": "3351", "type": "Feature", "properties": {}, "geometry": {"type": "Polygon", "coordinates": [[[-101.56, 40.760000000000005], [-101.56, 40.92], [-101.72, 40.92], [-101.72, 40.760000000000005], [-101.56, 40.760000000000005]]]}}, {"id": "3352", "type": "Feature", "properties": {}, "geometry": {"type": "Polygon", "coordinates": [[[-101.4, 40.760000000000005], [-101.4, 40.92], [-101.56, 40.92], [-101.56, 40.760000000000005], [-101.4, 40.760000000000005]]]}}, {"id": "3353", "type": "Feature", "properties": {}, "geometry": {"type": "Polygon", "coordinates": [[[-101.24, 40.760000000000005], [-101.24, 40.92], [-101.39999999999999, 40.92], [-101.39999999999999, 40.760000000000005], [-101.24, 40.760000000000005]]]}}, {"id": "3354", "type": "Feature", "properties": {}, "geometry": {"type": "Polygon", "coordinates": [[[-101.08, 40.760000000000005], [-101.08, 40.92], [-101.24, 40.92], [-101.24, 40.760000000000005], [-101.08, 40.760000000000005]]]}}, {"id": "3355", "type": "Feature", "properties": {}, "geometry": {"type": "Polygon", "coordinates": [[[-100.92, 40.760000000000005], [-100.92, 40.92], [-101.08, 40.92], [-101.08, 40.760000000000005], [-100.92, 40.760000000000005]]]}}, {"id": "3356", "type": "Feature", "properties": {}, "geometry": {"type": "Polygon", "coordinates": [[[-100.76, 40.760000000000005], [-100.76, 40.92], [-100.92, 40.92], [-100.92, 40.760000000000005], [-100.76, 40.760000000000005]]]}}, {"id": "3357", "type": "Feature", "properties": {}, "geometry": {"type": "Polygon", "coordinates": [[[-100.60000000000001, 40.760000000000005], [-100.60000000000001, 40.92], [-100.76, 40.92], [-100.76, 40.760000000000005], [-100.60000000000001, 40.760000000000005]]]}}, {"id": "3358", "type": "Feature", "properties": {}, "geometry": {"type": "Polygon", "coordinates": [[[-100.44, 40.760000000000005], [-100.44, 40.92], [-100.6, 40.92], [-100.6, 40.760000000000005], [-100.44, 40.760000000000005]]]}}, {"id": "3359", "type": "Feature", "properties": {}, "geometry": {"type": "Polygon", "coordinates": [[[-100.28, 40.760000000000005], [-100.28, 40.92], [-100.44, 40.92], [-100.44, 40.760000000000005], [-100.28, 40.760000000000005]]]}}, {"id": "3360", "type": "Feature", "properties": {}, "geometry": {"type": "Polygon", "coordinates": [[[-100.12, 40.760000000000005], [-100.12, 40.92], [-100.28, 40.92], [-100.28, 40.760000000000005], [-100.12, 40.760000000000005]]]}}, {"id": "3361", "type": "Feature", "properties": {}, "geometry": {"type": "Polygon", "coordinates": [[[-99.96000000000001, 40.760000000000005], [-99.96000000000001, 40.92], [-100.12, 40.92], [-100.12, 40.760000000000005], [-99.96000000000001, 40.760000000000005]]]}}, {"id": "3362", "type": "Feature", "properties": {}, "geometry": {"type": "Polygon", "coordinates": [[[-99.8, 40.760000000000005], [-99.8, 40.92], [-99.96, 40.92], [-99.96, 40.760000000000005], [-99.8, 40.760000000000005]]]}}, {"id": "3363", "type": "Feature", "properties": {}, "geometry": {"type": "Polygon", "coordinates": [[[-99.64, 40.760000000000005], [-99.64, 40.92], [-99.8, 40.92], [-99.8, 40.760000000000005], [-99.64, 40.760000000000005]]]}}, {"id": "3364", "type": "Feature", "properties": {}, "geometry": {"type": "Polygon", "coordinates": [[[-99.48, 40.760000000000005], [-99.48, 40.92], [-99.64, 40.92], [-99.64, 40.760000000000005], [-99.48, 40.760000000000005]]]}}, {"id": "3365", "type": "Feature", "properties": {}, "geometry": {"type": "Polygon", "coordinates": [[[-99.32000000000001, 40.760000000000005], [-99.32000000000001, 40.92], [-99.48, 40.92], [-99.48, 40.760000000000005], [-99.32000000000001, 40.760000000000005]]]}}, {"id": "3366", "type": "Feature", "properties": {}, "geometry": {"type": "Polygon", "coordinates": [[[-99.16, 40.760000000000005], [-99.16, 40.92], [-99.32, 40.92], [-99.32, 40.760000000000005], [-99.16, 40.760000000000005]]]}}, {"id": "3367", "type": "Feature", "properties": {}, "geometry": {"type": "Polygon", "coordinates": [[[-99.0, 40.760000000000005], [-99.0, 40.92], [-99.16, 40.92], [-99.16, 40.760000000000005], [-99.0, 40.760000000000005]]]}}, {"id": "3368", "type": "Feature", "properties": {}, "geometry": {"type": "Polygon", "coordinates": [[[-98.84, 40.760000000000005], [-98.84, 40.92], [-99.0, 40.92], [-99.0, 40.760000000000005], [-98.84, 40.760000000000005]]]}}, {"id": "3369", "type": "Feature", "properties": {}, "geometry": {"type": "Polygon", "coordinates": [[[-98.68, 40.760000000000005], [-98.68, 40.92], [-98.84, 40.92], [-98.84, 40.760000000000005], [-98.68, 40.760000000000005]]]}}, {"id": "3370", "type": "Feature", "properties": {}, "geometry": {"type": "Polygon", "coordinates": [[[-98.52, 40.760000000000005], [-98.52, 40.92], [-98.67999999999999, 40.92], [-98.67999999999999, 40.760000000000005], [-98.52, 40.760000000000005]]]}}, {"id": "3371", "type": "Feature", "properties": {}, "geometry": {"type": "Polygon", "coordinates": [[[-98.36, 40.760000000000005], [-98.36, 40.92], [-98.52, 40.92], [-98.52, 40.760000000000005], [-98.36, 40.760000000000005]]]}}, {"id": "3372", "type": "Feature", "properties": {}, "geometry": {"type": "Polygon", "coordinates": [[[-98.2, 40.760000000000005], [-98.2, 40.92], [-98.36, 40.92], [-98.36, 40.760000000000005], [-98.2, 40.760000000000005]]]}}, {"id": "3373", "type": "Feature", "properties": {}, "geometry": {"type": "Polygon", "coordinates": [[[-98.04, 40.760000000000005], [-98.04, 40.92], [-98.2, 40.92], [-98.2, 40.760000000000005], [-98.04, 40.760000000000005]]]}}, {"id": "3374", "type": "Feature", "properties": {}, "geometry": {"type": "Polygon", "coordinates": [[[-97.88, 40.760000000000005], [-97.88, 40.92], [-98.03999999999999, 40.92], [-98.03999999999999, 40.760000000000005], [-97.88, 40.760000000000005]]]}}, {"id": "3375", "type": "Feature", "properties": {}, "geometry": {"type": "Polygon", "coordinates": [[[-97.72, 40.760000000000005], [-97.72, 40.92], [-97.88, 40.92], [-97.88, 40.760000000000005], [-97.72, 40.760000000000005]]]}}, {"id": "3376", "type": "Feature", "properties": {}, "geometry": {"type": "Polygon", "coordinates": [[[-97.56, 40.760000000000005], [-97.56, 40.92], [-97.72, 40.92], [-97.72, 40.760000000000005], [-97.56, 40.760000000000005]]]}}, {"id": "3377", "type": "Feature", "properties": {}, "geometry": {"type": "Polygon", "coordinates": [[[-97.4, 40.760000000000005], [-97.4, 40.92], [-97.56, 40.92], [-97.56, 40.760000000000005], [-97.4, 40.760000000000005]]]}}, {"id": "3378", "type": "Feature", "properties": {}, "geometry": {"type": "Polygon", "coordinates": [[[-97.24, 40.760000000000005], [-97.24, 40.92], [-97.39999999999999, 40.92], [-97.39999999999999, 40.760000000000005], [-97.24, 40.760000000000005]]]}}, {"id": "3379", "type": "Feature", "properties": {}, "geometry": {"type": "Polygon", "coordinates": [[[-97.08, 40.760000000000005], [-97.08, 40.92], [-97.24, 40.92], [-97.24, 40.760000000000005], [-97.08, 40.760000000000005]]]}}, {"id": "3380", "type": "Feature", "properties": {}, "geometry": {"type": "Polygon", "coordinates": [[[-96.92, 40.760000000000005], [-96.92, 40.92], [-97.08, 40.92], [-97.08, 40.760000000000005], [-96.92, 40.760000000000005]]]}}, {"id": "3381", "type": "Feature", "properties": {}, "geometry": {"type": "Polygon", "coordinates": [[[-96.76, 40.760000000000005], [-96.76, 40.92], [-96.92, 40.92], [-96.92, 40.760000000000005], [-96.76, 40.760000000000005]]]}}, {"id": "3382", "type": "Feature", "properties": {}, "geometry": {"type": "Polygon", "coordinates": [[[-96.60000000000001, 40.760000000000005], [-96.60000000000001, 40.92], [-96.76, 40.92], [-96.76, 40.760000000000005], [-96.60000000000001, 40.760000000000005]]]}}, {"id": "3383", "type": "Feature", "properties": {}, "geometry": {"type": "Polygon", "coordinates": [[[-96.44, 40.760000000000005], [-96.44, 40.92], [-96.6, 40.92], [-96.6, 40.760000000000005], [-96.44, 40.760000000000005]]]}}, {"id": "3384", "type": "Feature", "properties": {}, "geometry": {"type": "Polygon", "coordinates": [[[-96.28, 40.760000000000005], [-96.28, 40.92], [-96.44, 40.92], [-96.44, 40.760000000000005], [-96.28, 40.760000000000005]]]}}, {"id": "3385", "type": "Feature", "properties": {}, "geometry": {"type": "Polygon", "coordinates": [[[-96.12, 40.760000000000005], [-96.12, 40.92], [-96.28, 40.92], [-96.28, 40.760000000000005], [-96.12, 40.760000000000005]]]}}, {"id": "3386", "type": "Feature", "properties": {}, "geometry": {"type": "Polygon", "coordinates": [[[-95.96000000000001, 40.760000000000005], [-95.96000000000001, 40.92], [-96.12, 40.92], [-96.12, 40.760000000000005], [-95.96000000000001, 40.760000000000005]]]}}, {"id": "3387", "type": "Feature", "properties": {}, "geometry": {"type": "Polygon", "coordinates": [[[-95.8, 40.760000000000005], [-95.8, 40.92], [-95.96, 40.92], [-95.96, 40.760000000000005], [-95.8, 40.760000000000005]]]}}, {"id": "3388", "type": "Feature", "properties": {}, "geometry": {"type": "Polygon", "coordinates": [[[-95.64, 40.760000000000005], [-95.64, 40.92], [-95.8, 40.92], [-95.8, 40.760000000000005], [-95.64, 40.760000000000005]]]}}, {"id": "3389", "type": "Feature", "properties": {}, "geometry": {"type": "Polygon", "coordinates": [[[-95.48, 40.760000000000005], [-95.48, 40.92], [-95.64, 40.92], [-95.64, 40.760000000000005], [-95.48, 40.760000000000005]]]}}, {"id": "3390", "type": "Feature", "properties": {}, "geometry": {"type": "Polygon", "coordinates": [[[-95.32000000000001, 40.760000000000005], [-95.32000000000001, 40.92], [-95.48, 40.92], [-95.48, 40.760000000000005], [-95.32000000000001, 40.760000000000005]]]}}, {"id": "3391", "type": "Feature", "properties": {}, "geometry": {"type": "Polygon", "coordinates": [[[-95.16, 40.760000000000005], [-95.16, 40.92], [-95.32, 40.92], [-95.32, 40.760000000000005], [-95.16, 40.760000000000005]]]}}, {"id": "3392", "type": "Feature", "properties": {}, "geometry": {"type": "Polygon", "coordinates": [[[-95.0, 40.760000000000005], [-95.0, 40.92], [-95.16, 40.92], [-95.16, 40.760000000000005], [-95.0, 40.760000000000005]]]}}, {"id": "3393", "type": "Feature", "properties": {}, "geometry": {"type": "Polygon", "coordinates": [[[-94.84, 40.760000000000005], [-94.84, 40.92], [-95.0, 40.92], [-95.0, 40.760000000000005], [-94.84, 40.760000000000005]]]}}, {"id": "3394", "type": "Feature", "properties": {}, "geometry": {"type": "Polygon", "coordinates": [[[-94.68, 40.760000000000005], [-94.68, 40.92], [-94.84, 40.92], [-94.84, 40.760000000000005], [-94.68, 40.760000000000005]]]}}, {"id": "3395", "type": "Feature", "properties": {}, "geometry": {"type": "Polygon", "coordinates": [[[-94.52, 40.760000000000005], [-94.52, 40.92], [-94.67999999999999, 40.92], [-94.67999999999999, 40.760000000000005], [-94.52, 40.760000000000005]]]}}, {"id": "3396", "type": "Feature", "properties": {}, "geometry": {"type": "Polygon", "coordinates": [[[-94.36, 40.760000000000005], [-94.36, 40.92], [-94.52, 40.92], [-94.52, 40.760000000000005], [-94.36, 40.760000000000005]]]}}, {"id": "3397", "type": "Feature", "properties": {}, "geometry": {"type": "Polygon", "coordinates": [[[-94.2, 40.760000000000005], [-94.2, 40.92], [-94.36, 40.92], [-94.36, 40.760000000000005], [-94.2, 40.760000000000005]]]}}, {"id": "3398", "type": "Feature", "properties": {}, "geometry": {"type": "Polygon", "coordinates": [[[-94.04, 40.760000000000005], [-94.04, 40.92], [-94.2, 40.92], [-94.2, 40.760000000000005], [-94.04, 40.760000000000005]]]}}, {"id": "3399", "type": "Feature", "properties": {}, "geometry": {"type": "Polygon", "coordinates": [[[-93.88, 40.760000000000005], [-93.88, 40.92], [-94.03999999999999, 40.92], [-94.03999999999999, 40.760000000000005], [-93.88, 40.760000000000005]]]}}, {"id": "3400", "type": "Feature", "properties": {}, "geometry": {"type": "Polygon", "coordinates": [[[-93.72, 40.760000000000005], [-93.72, 40.92], [-93.88, 40.92], [-93.88, 40.760000000000005], [-93.72, 40.760000000000005]]]}}, {"id": "3401", "type": "Feature", "properties": {}, "geometry": {"type": "Polygon", "coordinates": [[[-93.56, 40.760000000000005], [-93.56, 40.92], [-93.72, 40.92], [-93.72, 40.760000000000005], [-93.56, 40.760000000000005]]]}}, {"id": "3402", "type": "Feature", "properties": {}, "geometry": {"type": "Polygon", "coordinates": [[[-93.4, 40.760000000000005], [-93.4, 40.92], [-93.56, 40.92], [-93.56, 40.760000000000005], [-93.4, 40.760000000000005]]]}}, {"id": "3403", "type": "Feature", "properties": {}, "geometry": {"type": "Polygon", "coordinates": [[[-93.24, 40.760000000000005], [-93.24, 40.92], [-93.39999999999999, 40.92], [-93.39999999999999, 40.760000000000005], [-93.24, 40.760000000000005]]]}}, {"id": "3404", "type": "Feature", "properties": {}, "geometry": {"type": "Polygon", "coordinates": [[[-93.08, 40.760000000000005], [-93.08, 40.92], [-93.24, 40.92], [-93.24, 40.760000000000005], [-93.08, 40.760000000000005]]]}}, {"id": "3405", "type": "Feature", "properties": {}, "geometry": {"type": "Polygon", "coordinates": [[[-92.92, 40.760000000000005], [-92.92, 40.92], [-93.08, 40.92], [-93.08, 40.760000000000005], [-92.92, 40.760000000000005]]]}}, {"id": "3406", "type": "Feature", "properties": {}, "geometry": {"type": "Polygon", "coordinates": [[[-92.76, 40.760000000000005], [-92.76, 40.92], [-92.92, 40.92], [-92.92, 40.760000000000005], [-92.76, 40.760000000000005]]]}}, {"id": "3407", "type": "Feature", "properties": {}, "geometry": {"type": "Polygon", "coordinates": [[[-92.60000000000001, 40.760000000000005], [-92.60000000000001, 40.92], [-92.76, 40.92], [-92.76, 40.760000000000005], [-92.60000000000001, 40.760000000000005]]]}}, {"id": "3408", "type": "Feature", "properties": {}, "geometry": {"type": "Polygon", "coordinates": [[[-102.84, 40.6], [-102.84, 40.76], [-103.0, 40.76], [-103.0, 40.6], [-102.84, 40.6]]]}}, {"id": "3409", "type": "Feature", "properties": {}, "geometry": {"type": "Polygon", "coordinates": [[[-102.68, 40.6], [-102.68, 40.76], [-102.84, 40.76], [-102.84, 40.6], [-102.68, 40.6]]]}}, {"id": "3410", "type": "Feature", "properties": {}, "geometry": {"type": "Polygon", "coordinates": [[[-102.52, 40.6], [-102.52, 40.76], [-102.67999999999999, 40.76], [-102.67999999999999, 40.6], [-102.52, 40.6]]]}}, {"id": "3411", "type": "Feature", "properties": {}, "geometry": {"type": "Polygon", "coordinates": [[[-102.36, 40.6], [-102.36, 40.76], [-102.52, 40.76], [-102.52, 40.6], [-102.36, 40.6]]]}}, {"id": "3412", "type": "Feature", "properties": {}, "geometry": {"type": "Polygon", "coordinates": [[[-102.2, 40.6], [-102.2, 40.76], [-102.36, 40.76], [-102.36, 40.6], [-102.2, 40.6]]]}}, {"id": "3413", "type": "Feature", "properties": {}, "geometry": {"type": "Polygon", "coordinates": [[[-102.04, 40.6], [-102.04, 40.76], [-102.2, 40.76], [-102.2, 40.6], [-102.04, 40.6]]]}}, {"id": "3414", "type": "Feature", "properties": {}, "geometry": {"type": "Polygon", "coordinates": [[[-101.88, 40.6], [-101.88, 40.76], [-102.03999999999999, 40.76], [-102.03999999999999, 40.6], [-101.88, 40.6]]]}}, {"id": "3415", "type": "Feature", "properties": {}, "geometry": {"type": "Polygon", "coordinates": [[[-101.72, 40.6], [-101.72, 40.76], [-101.88, 40.76], [-101.88, 40.6], [-101.72, 40.6]]]}}, {"id": "3416", "type": "Feature", "properties": {}, "geometry": {"type": "Polygon", "coordinates": [[[-101.56, 40.6], [-101.56, 40.76], [-101.72, 40.76], [-101.72, 40.6], [-101.56, 40.6]]]}}, {"id": "3417", "type": "Feature", "properties": {}, "geometry": {"type": "Polygon", "coordinates": [[[-101.4, 40.6], [-101.4, 40.76], [-101.56, 40.76], [-101.56, 40.6], [-101.4, 40.6]]]}}, {"id": "3418", "type": "Feature", "properties": {}, "geometry": {"type": "Polygon", "coordinates": [[[-101.24, 40.6], [-101.24, 40.76], [-101.39999999999999, 40.76], [-101.39999999999999, 40.6], [-101.24, 40.6]]]}}, {"id": "3419", "type": "Feature", "properties": {}, "geometry": {"type": "Polygon", "coordinates": [[[-101.08, 40.6], [-101.08, 40.76], [-101.24, 40.76], [-101.24, 40.6], [-101.08, 40.6]]]}}, {"id": "3420", "type": "Feature", "properties": {}, "geometry": {"type": "Polygon", "coordinates": [[[-100.92, 40.6], [-100.92, 40.76], [-101.08, 40.76], [-101.08, 40.6], [-100.92, 40.6]]]}}, {"id": "3421", "type": "Feature", "properties": {}, "geometry": {"type": "Polygon", "coordinates": [[[-100.76, 40.6], [-100.76, 40.76], [-100.92, 40.76], [-100.92, 40.6], [-100.76, 40.6]]]}}, {"id": "3422", "type": "Feature", "properties": {}, "geometry": {"type": "Polygon", "coordinates": [[[-100.60000000000001, 40.6], [-100.60000000000001, 40.76], [-100.76, 40.76], [-100.76, 40.6], [-100.60000000000001, 40.6]]]}}, {"id": "3423", "type": "Feature", "properties": {}, "geometry": {"type": "Polygon", "coordinates": [[[-100.44, 40.6], [-100.44, 40.76], [-100.6, 40.76], [-100.6, 40.6], [-100.44, 40.6]]]}}, {"id": "3424", "type": "Feature", "properties": {}, "geometry": {"type": "Polygon", "coordinates": [[[-100.28, 40.6], [-100.28, 40.76], [-100.44, 40.76], [-100.44, 40.6], [-100.28, 40.6]]]}}, {"id": "3425", "type": "Feature", "properties": {}, "geometry": {"type": "Polygon", "coordinates": [[[-100.12, 40.6], [-100.12, 40.76], [-100.28, 40.76], [-100.28, 40.6], [-100.12, 40.6]]]}}, {"id": "3426", "type": "Feature", "properties": {}, "geometry": {"type": "Polygon", "coordinates": [[[-99.96000000000001, 40.6], [-99.96000000000001, 40.76], [-100.12, 40.76], [-100.12, 40.6], [-99.96000000000001, 40.6]]]}}, {"id": "3427", "type": "Feature", "properties": {}, "geometry": {"type": "Polygon", "coordinates": [[[-99.8, 40.6], [-99.8, 40.76], [-99.96, 40.76], [-99.96, 40.6], [-99.8, 40.6]]]}}, {"id": "3428", "type": "Feature", "properties": {}, "geometry": {"type": "Polygon", "coordinates": [[[-99.64, 40.6], [-99.64, 40.76], [-99.8, 40.76], [-99.8, 40.6], [-99.64, 40.6]]]}}, {"id": "3429", "type": "Feature", "properties": {}, "geometry": {"type": "Polygon", "coordinates": [[[-99.48, 40.6], [-99.48, 40.76], [-99.64, 40.76], [-99.64, 40.6], [-99.48, 40.6]]]}}, {"id": "3430", "type": "Feature", "properties": {}, "geometry": {"type": "Polygon", "coordinates": [[[-99.32000000000001, 40.6], [-99.32000000000001, 40.76], [-99.48, 40.76], [-99.48, 40.6], [-99.32000000000001, 40.6]]]}}, {"id": "3431", "type": "Feature", "properties": {}, "geometry": {"type": "Polygon", "coordinates": [[[-99.16, 40.6], [-99.16, 40.76], [-99.32, 40.76], [-99.32, 40.6], [-99.16, 40.6]]]}}, {"id": "3432", "type": "Feature", "properties": {}, "geometry": {"type": "Polygon", "coordinates": [[[-99.0, 40.6], [-99.0, 40.76], [-99.16, 40.76], [-99.16, 40.6], [-99.0, 40.6]]]}}, {"id": "3433", "type": "Feature", "properties": {}, "geometry": {"type": "Polygon", "coordinates": [[[-98.84, 40.6], [-98.84, 40.76], [-99.0, 40.76], [-99.0, 40.6], [-98.84, 40.6]]]}}, {"id": "3434", "type": "Feature", "properties": {}, "geometry": {"type": "Polygon", "coordinates": [[[-98.68, 40.6], [-98.68, 40.76], [-98.84, 40.76], [-98.84, 40.6], [-98.68, 40.6]]]}}, {"id": "3435", "type": "Feature", "properties": {}, "geometry": {"type": "Polygon", "coordinates": [[[-98.52, 40.6], [-98.52, 40.76], [-98.67999999999999, 40.76], [-98.67999999999999, 40.6], [-98.52, 40.6]]]}}, {"id": "3436", "type": "Feature", "properties": {}, "geometry": {"type": "Polygon", "coordinates": [[[-98.36, 40.6], [-98.36, 40.76], [-98.52, 40.76], [-98.52, 40.6], [-98.36, 40.6]]]}}, {"id": "3437", "type": "Feature", "properties": {}, "geometry": {"type": "Polygon", "coordinates": [[[-98.2, 40.6], [-98.2, 40.76], [-98.36, 40.76], [-98.36, 40.6], [-98.2, 40.6]]]}}, {"id": "3438", "type": "Feature", "properties": {}, "geometry": {"type": "Polygon", "coordinates": [[[-98.04, 40.6], [-98.04, 40.76], [-98.2, 40.76], [-98.2, 40.6], [-98.04, 40.6]]]}}, {"id": "3439", "type": "Feature", "properties": {}, "geometry": {"type": "Polygon", "coordinates": [[[-97.88, 40.6], [-97.88, 40.76], [-98.03999999999999, 40.76], [-98.03999999999999, 40.6], [-97.88, 40.6]]]}}, {"id": "3440", "type": "Feature", "properties": {}, "geometry": {"type": "Polygon", "coordinates": [[[-97.72, 40.6], [-97.72, 40.76], [-97.88, 40.76], [-97.88, 40.6], [-97.72, 40.6]]]}}, {"id": "3441", "type": "Feature", "properties": {}, "geometry": {"type": "Polygon", "coordinates": [[[-97.56, 40.6], [-97.56, 40.76], [-97.72, 40.76], [-97.72, 40.6], [-97.56, 40.6]]]}}, {"id": "3442", "type": "Feature", "properties": {}, "geometry": {"type": "Polygon", "coordinates": [[[-97.4, 40.6], [-97.4, 40.76], [-97.56, 40.76], [-97.56, 40.6], [-97.4, 40.6]]]}}, {"id": "3443", "type": "Feature", "properties": {}, "geometry": {"type": "Polygon", "coordinates": [[[-97.24, 40.6], [-97.24, 40.76], [-97.39999999999999, 40.76], [-97.39999999999999, 40.6], [-97.24, 40.6]]]}}, {"id": "3444", "type": "Feature", "properties": {}, "geometry": {"type": "Polygon", "coordinates": [[[-97.08, 40.6], [-97.08, 40.76], [-97.24, 40.76], [-97.24, 40.6], [-97.08, 40.6]]]}}, {"id": "3445", "type": "Feature", "properties": {}, "geometry": {"type": "Polygon", "coordinates": [[[-96.92, 40.6], [-96.92, 40.76], [-97.08, 40.76], [-97.08, 40.6], [-96.92, 40.6]]]}}, {"id": "3446", "type": "Feature", "properties": {}, "geometry": {"type": "Polygon", "coordinates": [[[-96.76, 40.6], [-96.76, 40.76], [-96.92, 40.76], [-96.92, 40.6], [-96.76, 40.6]]]}}, {"id": "3447", "type": "Feature", "properties": {}, "geometry": {"type": "Polygon", "coordinates": [[[-96.60000000000001, 40.6], [-96.60000000000001, 40.76], [-96.76, 40.76], [-96.76, 40.6], [-96.60000000000001, 40.6]]]}}, {"id": "3448", "type": "Feature", "properties": {}, "geometry": {"type": "Polygon", "coordinates": [[[-96.44, 40.6], [-96.44, 40.76], [-96.6, 40.76], [-96.6, 40.6], [-96.44, 40.6]]]}}, {"id": "3449", "type": "Feature", "properties": {}, "geometry": {"type": "Polygon", "coordinates": [[[-96.28, 40.6], [-96.28, 40.76], [-96.44, 40.76], [-96.44, 40.6], [-96.28, 40.6]]]}}, {"id": "3450", "type": "Feature", "properties": {}, "geometry": {"type": "Polygon", "coordinates": [[[-96.12, 40.6], [-96.12, 40.76], [-96.28, 40.76], [-96.28, 40.6], [-96.12, 40.6]]]}}, {"id": "3451", "type": "Feature", "properties": {}, "geometry": {"type": "Polygon", "coordinates": [[[-95.96000000000001, 40.6], [-95.96000000000001, 40.76], [-96.12, 40.76], [-96.12, 40.6], [-95.96000000000001, 40.6]]]}}, {"id": "3452", "type": "Feature", "properties": {}, "geometry": {"type": "Polygon", "coordinates": [[[-95.8, 40.6], [-95.8, 40.76], [-95.96, 40.76], [-95.96, 40.6], [-95.8, 40.6]]]}}, {"id": "3453", "type": "Feature", "properties": {}, "geometry": {"type": "Polygon", "coordinates": [[[-95.64, 40.6], [-95.64, 40.76], [-95.8, 40.76], [-95.8, 40.6], [-95.64, 40.6]]]}}, {"id": "3454", "type": "Feature", "properties": {}, "geometry": {"type": "Polygon", "coordinates": [[[-95.48, 40.6], [-95.48, 40.76], [-95.64, 40.76], [-95.64, 40.6], [-95.48, 40.6]]]}}, {"id": "3455", "type": "Feature", "properties": {}, "geometry": {"type": "Polygon", "coordinates": [[[-95.32000000000001, 40.6], [-95.32000000000001, 40.76], [-95.48, 40.76], [-95.48, 40.6], [-95.32000000000001, 40.6]]]}}, {"id": "3456", "type": "Feature", "properties": {}, "geometry": {"type": "Polygon", "coordinates": [[[-95.16, 40.6], [-95.16, 40.76], [-95.32, 40.76], [-95.32, 40.6], [-95.16, 40.6]]]}}, {"id": "3457", "type": "Feature", "properties": {}, "geometry": {"type": "Polygon", "coordinates": [[[-95.0, 40.6], [-95.0, 40.76], [-95.16, 40.76], [-95.16, 40.6], [-95.0, 40.6]]]}}, {"id": "3458", "type": "Feature", "properties": {}, "geometry": {"type": "Polygon", "coordinates": [[[-94.84, 40.6], [-94.84, 40.76], [-95.0, 40.76], [-95.0, 40.6], [-94.84, 40.6]]]}}, {"id": "3459", "type": "Feature", "properties": {}, "geometry": {"type": "Polygon", "coordinates": [[[-94.68, 40.6], [-94.68, 40.76], [-94.84, 40.76], [-94.84, 40.6], [-94.68, 40.6]]]}}, {"id": "3460", "type": "Feature", "properties": {}, "geometry": {"type": "Polygon", "coordinates": [[[-94.52, 40.6], [-94.52, 40.76], [-94.67999999999999, 40.76], [-94.67999999999999, 40.6], [-94.52, 40.6]]]}}, {"id": "3461", "type": "Feature", "properties": {}, "geometry": {"type": "Polygon", "coordinates": [[[-94.36, 40.6], [-94.36, 40.76], [-94.52, 40.76], [-94.52, 40.6], [-94.36, 40.6]]]}}, {"id": "3462", "type": "Feature", "properties": {}, "geometry": {"type": "Polygon", "coordinates": [[[-94.2, 40.6], [-94.2, 40.76], [-94.36, 40.76], [-94.36, 40.6], [-94.2, 40.6]]]}}, {"id": "3463", "type": "Feature", "properties": {}, "geometry": {"type": "Polygon", "coordinates": [[[-94.04, 40.6], [-94.04, 40.76], [-94.2, 40.76], [-94.2, 40.6], [-94.04, 40.6]]]}}, {"id": "3464", "type": "Feature", "properties": {}, "geometry": {"type": "Polygon", "coordinates": [[[-93.88, 40.6], [-93.88, 40.76], [-94.03999999999999, 40.76], [-94.03999999999999, 40.6], [-93.88, 40.6]]]}}, {"id": "3465", "type": "Feature", "properties": {}, "geometry": {"type": "Polygon", "coordinates": [[[-93.72, 40.6], [-93.72, 40.76], [-93.88, 40.76], [-93.88, 40.6], [-93.72, 40.6]]]}}, {"id": "3466", "type": "Feature", "properties": {}, "geometry": {"type": "Polygon", "coordinates": [[[-93.56, 40.6], [-93.56, 40.76], [-93.72, 40.76], [-93.72, 40.6], [-93.56, 40.6]]]}}, {"id": "3467", "type": "Feature", "properties": {}, "geometry": {"type": "Polygon", "coordinates": [[[-93.4, 40.6], [-93.4, 40.76], [-93.56, 40.76], [-93.56, 40.6], [-93.4, 40.6]]]}}, {"id": "3468", "type": "Feature", "properties": {}, "geometry": {"type": "Polygon", "coordinates": [[[-93.24, 40.6], [-93.24, 40.76], [-93.39999999999999, 40.76], [-93.39999999999999, 40.6], [-93.24, 40.6]]]}}, {"id": "3469", "type": "Feature", "properties": {}, "geometry": {"type": "Polygon", "coordinates": [[[-93.08, 40.6], [-93.08, 40.76], [-93.24, 40.76], [-93.24, 40.6], [-93.08, 40.6]]]}}, {"id": "3470", "type": "Feature", "properties": {}, "geometry": {"type": "Polygon", "coordinates": [[[-92.92, 40.6], [-92.92, 40.76], [-93.08, 40.76], [-93.08, 40.6], [-92.92, 40.6]]]}}, {"id": "3471", "type": "Feature", "properties": {}, "geometry": {"type": "Polygon", "coordinates": [[[-92.76, 40.6], [-92.76, 40.76], [-92.92, 40.76], [-92.92, 40.6], [-92.76, 40.6]]]}}, {"id": "3472", "type": "Feature", "properties": {}, "geometry": {"type": "Polygon", "coordinates": [[[-92.60000000000001, 40.6], [-92.60000000000001, 40.76], [-92.76, 40.76], [-92.76, 40.6], [-92.60000000000001, 40.6]]]}}, {"id": "3473", "type": "Feature", "properties": {}, "geometry": {"type": "Polygon", "coordinates": [[[-92.44, 40.6], [-92.44, 40.76], [-92.6, 40.76], [-92.6, 40.6], [-92.44, 40.6]]]}}, {"id": "3474", "type": "Feature", "properties": {}, "geometry": {"type": "Polygon", "coordinates": [[[-92.28, 40.6], [-92.28, 40.76], [-92.44, 40.76], [-92.44, 40.6], [-92.28, 40.6]]]}}, {"id": "3475", "type": "Feature", "properties": {}, "geometry": {"type": "Polygon", "coordinates": [[[-102.84, 40.44], [-102.84, 40.599999999999994], [-103.0, 40.599999999999994], [-103.0, 40.44], [-102.84, 40.44]]]}}, {"id": "3476", "type": "Feature", "properties": {}, "geometry": {"type": "Polygon", "coordinates": [[[-102.68, 40.44], [-102.68, 40.599999999999994], [-102.84, 40.599999999999994], [-102.84, 40.44], [-102.68, 40.44]]]}}, {"id": "3477", "type": "Feature", "properties": {}, "geometry": {"type": "Polygon", "coordinates": [[[-102.52, 40.44], [-102.52, 40.599999999999994], [-102.67999999999999, 40.599999999999994], [-102.67999999999999, 40.44], [-102.52, 40.44]]]}}, {"id": "3478", "type": "Feature", "properties": {}, "geometry": {"type": "Polygon", "coordinates": [[[-102.36, 40.44], [-102.36, 40.599999999999994], [-102.52, 40.599999999999994], [-102.52, 40.44], [-102.36, 40.44]]]}}, {"id": "3479", "type": "Feature", "properties": {}, "geometry": {"type": "Polygon", "coordinates": [[[-102.2, 40.44], [-102.2, 40.599999999999994], [-102.36, 40.599999999999994], [-102.36, 40.44], [-102.2, 40.44]]]}}, {"id": "3480", "type": "Feature", "properties": {}, "geometry": {"type": "Polygon", "coordinates": [[[-102.04, 40.44], [-102.04, 40.599999999999994], [-102.2, 40.599999999999994], [-102.2, 40.44], [-102.04, 40.44]]]}}, {"id": "3481", "type": "Feature", "properties": {}, "geometry": {"type": "Polygon", "coordinates": [[[-101.88, 40.44], [-101.88, 40.599999999999994], [-102.03999999999999, 40.599999999999994], [-102.03999999999999, 40.44], [-101.88, 40.44]]]}}, {"id": "3482", "type": "Feature", "properties": {}, "geometry": {"type": "Polygon", "coordinates": [[[-101.72, 40.44], [-101.72, 40.599999999999994], [-101.88, 40.599999999999994], [-101.88, 40.44], [-101.72, 40.44]]]}}, {"id": "3483", "type": "Feature", "properties": {}, "geometry": {"type": "Polygon", "coordinates": [[[-101.56, 40.44], [-101.56, 40.599999999999994], [-101.72, 40.599999999999994], [-101.72, 40.44], [-101.56, 40.44]]]}}, {"id": "3484", "type": "Feature", "properties": {}, "geometry": {"type": "Polygon", "coordinates": [[[-101.4, 40.44], [-101.4, 40.599999999999994], [-101.56, 40.599999999999994], [-101.56, 40.44], [-101.4, 40.44]]]}}, {"id": "3485", "type": "Feature", "properties": {}, "geometry": {"type": "Polygon", "coordinates": [[[-101.24, 40.44], [-101.24, 40.599999999999994], [-101.39999999999999, 40.599999999999994], [-101.39999999999999, 40.44], [-101.24, 40.44]]]}}, {"id": "3486", "type": "Feature", "properties": {}, "geometry": {"type": "Polygon", "coordinates": [[[-101.08, 40.44], [-101.08, 40.599999999999994], [-101.24, 40.599999999999994], [-101.24, 40.44], [-101.08, 40.44]]]}}, {"id": "3487", "type": "Feature", "properties": {}, "geometry": {"type": "Polygon", "coordinates": [[[-100.92, 40.44], [-100.92, 40.599999999999994], [-101.08, 40.599999999999994], [-101.08, 40.44], [-100.92, 40.44]]]}}, {"id": "3488", "type": "Feature", "properties": {}, "geometry": {"type": "Polygon", "coordinates": [[[-100.76, 40.44], [-100.76, 40.599999999999994], [-100.92, 40.599999999999994], [-100.92, 40.44], [-100.76, 40.44]]]}}, {"id": "3489", "type": "Feature", "properties": {}, "geometry": {"type": "Polygon", "coordinates": [[[-100.60000000000001, 40.44], [-100.60000000000001, 40.599999999999994], [-100.76, 40.599999999999994], [-100.76, 40.44], [-100.60000000000001, 40.44]]]}}, {"id": "3490", "type": "Feature", "properties": {}, "geometry": {"type": "Polygon", "coordinates": [[[-100.44, 40.44], [-100.44, 40.599999999999994], [-100.6, 40.599999999999994], [-100.6, 40.44], [-100.44, 40.44]]]}}, {"id": "3491", "type": "Feature", "properties": {}, "geometry": {"type": "Polygon", "coordinates": [[[-100.28, 40.44], [-100.28, 40.599999999999994], [-100.44, 40.599999999999994], [-100.44, 40.44], [-100.28, 40.44]]]}}, {"id": "3492", "type": "Feature", "properties": {}, "geometry": {"type": "Polygon", "coordinates": [[[-100.12, 40.44], [-100.12, 40.599999999999994], [-100.28, 40.599999999999994], [-100.28, 40.44], [-100.12, 40.44]]]}}, {"id": "3493", "type": "Feature", "properties": {}, "geometry": {"type": "Polygon", "coordinates": [[[-99.96000000000001, 40.44], [-99.96000000000001, 40.599999999999994], [-100.12, 40.599999999999994], [-100.12, 40.44], [-99.96000000000001, 40.44]]]}}, {"id": "3494", "type": "Feature", "properties": {}, "geometry": {"type": "Polygon", "coordinates": [[[-99.8, 40.44], [-99.8, 40.599999999999994], [-99.96, 40.599999999999994], [-99.96, 40.44], [-99.8, 40.44]]]}}, {"id": "3495", "type": "Feature", "properties": {}, "geometry": {"type": "Polygon", "coordinates": [[[-99.64, 40.44], [-99.64, 40.599999999999994], [-99.8, 40.599999999999994], [-99.8, 40.44], [-99.64, 40.44]]]}}, {"id": "3496", "type": "Feature", "properties": {}, "geometry": {"type": "Polygon", "coordinates": [[[-99.48, 40.44], [-99.48, 40.599999999999994], [-99.64, 40.599999999999994], [-99.64, 40.44], [-99.48, 40.44]]]}}, {"id": "3497", "type": "Feature", "properties": {}, "geometry": {"type": "Polygon", "coordinates": [[[-99.32000000000001, 40.44], [-99.32000000000001, 40.599999999999994], [-99.48, 40.599999999999994], [-99.48, 40.44], [-99.32000000000001, 40.44]]]}}, {"id": "3498", "type": "Feature", "properties": {}, "geometry": {"type": "Polygon", "coordinates": [[[-99.16, 40.44], [-99.16, 40.599999999999994], [-99.32, 40.599999999999994], [-99.32, 40.44], [-99.16, 40.44]]]}}, {"id": "3499", "type": "Feature", "properties": {}, "geometry": {"type": "Polygon", "coordinates": [[[-99.0, 40.44], [-99.0, 40.599999999999994], [-99.16, 40.599999999999994], [-99.16, 40.44], [-99.0, 40.44]]]}}, {"id": "3500", "type": "Feature", "properties": {}, "geometry": {"type": "Polygon", "coordinates": [[[-98.84, 40.44], [-98.84, 40.599999999999994], [-99.0, 40.599999999999994], [-99.0, 40.44], [-98.84, 40.44]]]}}, {"id": "3501", "type": "Feature", "properties": {}, "geometry": {"type": "Polygon", "coordinates": [[[-98.68, 40.44], [-98.68, 40.599999999999994], [-98.84, 40.599999999999994], [-98.84, 40.44], [-98.68, 40.44]]]}}, {"id": "3502", "type": "Feature", "properties": {}, "geometry": {"type": "Polygon", "coordinates": [[[-98.52, 40.44], [-98.52, 40.599999999999994], [-98.67999999999999, 40.599999999999994], [-98.67999999999999, 40.44], [-98.52, 40.44]]]}}, {"id": "3503", "type": "Feature", "properties": {}, "geometry": {"type": "Polygon", "coordinates": [[[-98.36, 40.44], [-98.36, 40.599999999999994], [-98.52, 40.599999999999994], [-98.52, 40.44], [-98.36, 40.44]]]}}, {"id": "3504", "type": "Feature", "properties": {}, "geometry": {"type": "Polygon", "coordinates": [[[-98.2, 40.44], [-98.2, 40.599999999999994], [-98.36, 40.599999999999994], [-98.36, 40.44], [-98.2, 40.44]]]}}, {"id": "3505", "type": "Feature", "properties": {}, "geometry": {"type": "Polygon", "coordinates": [[[-98.04, 40.44], [-98.04, 40.599999999999994], [-98.2, 40.599999999999994], [-98.2, 40.44], [-98.04, 40.44]]]}}, {"id": "3506", "type": "Feature", "properties": {}, "geometry": {"type": "Polygon", "coordinates": [[[-97.88, 40.44], [-97.88, 40.599999999999994], [-98.03999999999999, 40.599999999999994], [-98.03999999999999, 40.44], [-97.88, 40.44]]]}}, {"id": "3507", "type": "Feature", "properties": {}, "geometry": {"type": "Polygon", "coordinates": [[[-97.72, 40.44], [-97.72, 40.599999999999994], [-97.88, 40.599999999999994], [-97.88, 40.44], [-97.72, 40.44]]]}}, {"id": "3508", "type": "Feature", "properties": {}, "geometry": {"type": "Polygon", "coordinates": [[[-97.56, 40.44], [-97.56, 40.599999999999994], [-97.72, 40.599999999999994], [-97.72, 40.44], [-97.56, 40.44]]]}}, {"id": "3509", "type": "Feature", "properties": {}, "geometry": {"type": "Polygon", "coordinates": [[[-97.4, 40.44], [-97.4, 40.599999999999994], [-97.56, 40.599999999999994], [-97.56, 40.44], [-97.4, 40.44]]]}}, {"id": "3510", "type": "Feature", "properties": {}, "geometry": {"type": "Polygon", "coordinates": [[[-97.24, 40.44], [-97.24, 40.599999999999994], [-97.39999999999999, 40.599999999999994], [-97.39999999999999, 40.44], [-97.24, 40.44]]]}}, {"id": "3511", "type": "Feature", "properties": {}, "geometry": {"type": "Polygon", "coordinates": [[[-97.08, 40.44], [-97.08, 40.599999999999994], [-97.24, 40.599999999999994], [-97.24, 40.44], [-97.08, 40.44]]]}}, {"id": "3512", "type": "Feature", "properties": {}, "geometry": {"type": "Polygon", "coordinates": [[[-96.92, 40.44], [-96.92, 40.599999999999994], [-97.08, 40.599999999999994], [-97.08, 40.44], [-96.92, 40.44]]]}}, {"id": "3513", "type": "Feature", "properties": {}, "geometry": {"type": "Polygon", "coordinates": [[[-96.76, 40.44], [-96.76, 40.599999999999994], [-96.92, 40.599999999999994], [-96.92, 40.44], [-96.76, 40.44]]]}}, {"id": "3514", "type": "Feature", "properties": {}, "geometry": {"type": "Polygon", "coordinates": [[[-96.60000000000001, 40.44], [-96.60000000000001, 40.599999999999994], [-96.76, 40.599999999999994], [-96.76, 40.44], [-96.60000000000001, 40.44]]]}}, {"id": "3515", "type": "Feature", "properties": {}, "geometry": {"type": "Polygon", "coordinates": [[[-96.44, 40.44], [-96.44, 40.599999999999994], [-96.6, 40.599999999999994], [-96.6, 40.44], [-96.44, 40.44]]]}}, {"id": "3516", "type": "Feature", "properties": {}, "geometry": {"type": "Polygon", "coordinates": [[[-96.28, 40.44], [-96.28, 40.599999999999994], [-96.44, 40.599999999999994], [-96.44, 40.44], [-96.28, 40.44]]]}}, {"id": "3517", "type": "Feature", "properties": {}, "geometry": {"type": "Polygon", "coordinates": [[[-96.12, 40.44], [-96.12, 40.599999999999994], [-96.28, 40.599999999999994], [-96.28, 40.44], [-96.12, 40.44]]]}}, {"id": "3518", "type": "Feature", "properties": {}, "geometry": {"type": "Polygon", "coordinates": [[[-95.96000000000001, 40.44], [-95.96000000000001, 40.599999999999994], [-96.12, 40.599999999999994], [-96.12, 40.44], [-95.96000000000001, 40.44]]]}}, {"id": "3519", "type": "Feature", "properties": {}, "geometry": {"type": "Polygon", "coordinates": [[[-95.8, 40.44], [-95.8, 40.599999999999994], [-95.96, 40.599999999999994], [-95.96, 40.44], [-95.8, 40.44]]]}}, {"id": "3520", "type": "Feature", "properties": {}, "geometry": {"type": "Polygon", "coordinates": [[[-95.64, 40.44], [-95.64, 40.599999999999994], [-95.8, 40.599999999999994], [-95.8, 40.44], [-95.64, 40.44]]]}}, {"id": "3521", "type": "Feature", "properties": {}, "geometry": {"type": "Polygon", "coordinates": [[[-95.48, 40.44], [-95.48, 40.599999999999994], [-95.64, 40.599999999999994], [-95.64, 40.44], [-95.48, 40.44]]]}}, {"id": "3522", "type": "Feature", "properties": {}, "geometry": {"type": "Polygon", "coordinates": [[[-95.32000000000001, 40.44], [-95.32000000000001, 40.599999999999994], [-95.48, 40.599999999999994], [-95.48, 40.44], [-95.32000000000001, 40.44]]]}}, {"id": "3523", "type": "Feature", "properties": {}, "geometry": {"type": "Polygon", "coordinates": [[[-95.16, 40.44], [-95.16, 40.599999999999994], [-95.32, 40.599999999999994], [-95.32, 40.44], [-95.16, 40.44]]]}}, {"id": "3524", "type": "Feature", "properties": {}, "geometry": {"type": "Polygon", "coordinates": [[[-95.0, 40.44], [-95.0, 40.599999999999994], [-95.16, 40.599999999999994], [-95.16, 40.44], [-95.0, 40.44]]]}}, {"id": "3525", "type": "Feature", "properties": {}, "geometry": {"type": "Polygon", "coordinates": [[[-94.84, 40.44], [-94.84, 40.599999999999994], [-95.0, 40.599999999999994], [-95.0, 40.44], [-94.84, 40.44]]]}}, {"id": "3526", "type": "Feature", "properties": {}, "geometry": {"type": "Polygon", "coordinates": [[[-94.68, 40.44], [-94.68, 40.599999999999994], [-94.84, 40.599999999999994], [-94.84, 40.44], [-94.68, 40.44]]]}}, {"id": "3527", "type": "Feature", "properties": {}, "geometry": {"type": "Polygon", "coordinates": [[[-94.52, 40.44], [-94.52, 40.599999999999994], [-94.67999999999999, 40.599999999999994], [-94.67999999999999, 40.44], [-94.52, 40.44]]]}}, {"id": "3528", "type": "Feature", "properties": {}, "geometry": {"type": "Polygon", "coordinates": [[[-94.36, 40.44], [-94.36, 40.599999999999994], [-94.52, 40.599999999999994], [-94.52, 40.44], [-94.36, 40.44]]]}}, {"id": "3529", "type": "Feature", "properties": {}, "geometry": {"type": "Polygon", "coordinates": [[[-94.2, 40.44], [-94.2, 40.599999999999994], [-94.36, 40.599999999999994], [-94.36, 40.44], [-94.2, 40.44]]]}}, {"id": "3530", "type": "Feature", "properties": {}, "geometry": {"type": "Polygon", "coordinates": [[[-94.04, 40.44], [-94.04, 40.599999999999994], [-94.2, 40.599999999999994], [-94.2, 40.44], [-94.04, 40.44]]]}}, {"id": "3531", "type": "Feature", "properties": {}, "geometry": {"type": "Polygon", "coordinates": [[[-93.88, 40.44], [-93.88, 40.599999999999994], [-94.03999999999999, 40.599999999999994], [-94.03999999999999, 40.44], [-93.88, 40.44]]]}}, {"id": "3532", "type": "Feature", "properties": {}, "geometry": {"type": "Polygon", "coordinates": [[[-93.72, 40.44], [-93.72, 40.599999999999994], [-93.88, 40.599999999999994], [-93.88, 40.44], [-93.72, 40.44]]]}}, {"id": "3533", "type": "Feature", "properties": {}, "geometry": {"type": "Polygon", "coordinates": [[[-93.56, 40.44], [-93.56, 40.599999999999994], [-93.72, 40.599999999999994], [-93.72, 40.44], [-93.56, 40.44]]]}}, {"id": "3534", "type": "Feature", "properties": {}, "geometry": {"type": "Polygon", "coordinates": [[[-93.4, 40.44], [-93.4, 40.599999999999994], [-93.56, 40.599999999999994], [-93.56, 40.44], [-93.4, 40.44]]]}}, {"id": "3535", "type": "Feature", "properties": {}, "geometry": {"type": "Polygon", "coordinates": [[[-93.24, 40.44], [-93.24, 40.599999999999994], [-93.39999999999999, 40.599999999999994], [-93.39999999999999, 40.44], [-93.24, 40.44]]]}}, {"id": "3536", "type": "Feature", "properties": {}, "geometry": {"type": "Polygon", "coordinates": [[[-93.08, 40.44], [-93.08, 40.599999999999994], [-93.24, 40.599999999999994], [-93.24, 40.44], [-93.08, 40.44]]]}}, {"id": "3537", "type": "Feature", "properties": {}, "geometry": {"type": "Polygon", "coordinates": [[[-92.92, 40.44], [-92.92, 40.599999999999994], [-93.08, 40.599999999999994], [-93.08, 40.44], [-92.92, 40.44]]]}}, {"id": "3538", "type": "Feature", "properties": {}, "geometry": {"type": "Polygon", "coordinates": [[[-92.76, 40.44], [-92.76, 40.599999999999994], [-92.92, 40.599999999999994], [-92.92, 40.44], [-92.76, 40.44]]]}}, {"id": "3539", "type": "Feature", "properties": {}, "geometry": {"type": "Polygon", "coordinates": [[[-92.60000000000001, 40.44], [-92.60000000000001, 40.599999999999994], [-92.76, 40.599999999999994], [-92.76, 40.44], [-92.60000000000001, 40.44]]]}}, {"id": "3540", "type": "Feature", "properties": {}, "geometry": {"type": "Polygon", "coordinates": [[[-92.44, 40.44], [-92.44, 40.599999999999994], [-92.6, 40.599999999999994], [-92.6, 40.44], [-92.44, 40.44]]]}}, {"id": "3541", "type": "Feature", "properties": {}, "geometry": {"type": "Polygon", "coordinates": [[[-92.28, 40.44], [-92.28, 40.599999999999994], [-92.44, 40.599999999999994], [-92.44, 40.44], [-92.28, 40.44]]]}}, {"id": "3542", "type": "Feature", "properties": {}, "geometry": {"type": "Polygon", "coordinates": [[[-92.12, 40.44], [-92.12, 40.599999999999994], [-92.28, 40.599999999999994], [-92.28, 40.44], [-92.12, 40.44]]]}}, {"id": "3543", "type": "Feature", "properties": {}, "geometry": {"type": "Polygon", "coordinates": [[[-102.84, 40.28], [-102.84, 40.44], [-103.0, 40.44], [-103.0, 40.28], [-102.84, 40.28]]]}}, {"id": "3544", "type": "Feature", "properties": {}, "geometry": {"type": "Polygon", "coordinates": [[[-102.68, 40.28], [-102.68, 40.44], [-102.84, 40.44], [-102.84, 40.28], [-102.68, 40.28]]]}}, {"id": "3545", "type": "Feature", "properties": {}, "geometry": {"type": "Polygon", "coordinates": [[[-102.52, 40.28], [-102.52, 40.44], [-102.67999999999999, 40.44], [-102.67999999999999, 40.28], [-102.52, 40.28]]]}}, {"id": "3546", "type": "Feature", "properties": {}, "geometry": {"type": "Polygon", "coordinates": [[[-102.36, 40.28], [-102.36, 40.44], [-102.52, 40.44], [-102.52, 40.28], [-102.36, 40.28]]]}}, {"id": "3547", "type": "Feature", "properties": {}, "geometry": {"type": "Polygon", "coordinates": [[[-102.2, 40.28], [-102.2, 40.44], [-102.36, 40.44], [-102.36, 40.28], [-102.2, 40.28]]]}}, {"id": "3548", "type": "Feature", "properties": {}, "geometry": {"type": "Polygon", "coordinates": [[[-102.04, 40.28], [-102.04, 40.44], [-102.2, 40.44], [-102.2, 40.28], [-102.04, 40.28]]]}}, {"id": "3549", "type": "Feature", "properties": {}, "geometry": {"type": "Polygon", "coordinates": [[[-101.88, 40.28], [-101.88, 40.44], [-102.03999999999999, 40.44], [-102.03999999999999, 40.28], [-101.88, 40.28]]]}}, {"id": "3550", "type": "Feature", "properties": {}, "geometry": {"type": "Polygon", "coordinates": [[[-101.72, 40.28], [-101.72, 40.44], [-101.88, 40.44], [-101.88, 40.28], [-101.72, 40.28]]]}}, {"id": "3551", "type": "Feature", "properties": {}, "geometry": {"type": "Polygon", "coordinates": [[[-101.56, 40.28], [-101.56, 40.44], [-101.72, 40.44], [-101.72, 40.28], [-101.56, 40.28]]]}}, {"id": "3552", "type": "Feature", "properties": {}, "geometry": {"type": "Polygon", "coordinates": [[[-101.4, 40.28], [-101.4, 40.44], [-101.56, 40.44], [-101.56, 40.28], [-101.4, 40.28]]]}}, {"id": "3553", "type": "Feature", "properties": {}, "geometry": {"type": "Polygon", "coordinates": [[[-101.24, 40.28], [-101.24, 40.44], [-101.39999999999999, 40.44], [-101.39999999999999, 40.28], [-101.24, 40.28]]]}}, {"id": "3554", "type": "Feature", "properties": {}, "geometry": {"type": "Polygon", "coordinates": [[[-101.08, 40.28], [-101.08, 40.44], [-101.24, 40.44], [-101.24, 40.28], [-101.08, 40.28]]]}}, {"id": "3555", "type": "Feature", "properties": {}, "geometry": {"type": "Polygon", "coordinates": [[[-100.92, 40.28], [-100.92, 40.44], [-101.08, 40.44], [-101.08, 40.28], [-100.92, 40.28]]]}}, {"id": "3556", "type": "Feature", "properties": {}, "geometry": {"type": "Polygon", "coordinates": [[[-100.76, 40.28], [-100.76, 40.44], [-100.92, 40.44], [-100.92, 40.28], [-100.76, 40.28]]]}}, {"id": "3557", "type": "Feature", "properties": {}, "geometry": {"type": "Polygon", "coordinates": [[[-100.60000000000001, 40.28], [-100.60000000000001, 40.44], [-100.76, 40.44], [-100.76, 40.28], [-100.60000000000001, 40.28]]]}}, {"id": "3558", "type": "Feature", "properties": {}, "geometry": {"type": "Polygon", "coordinates": [[[-100.44, 40.28], [-100.44, 40.44], [-100.6, 40.44], [-100.6, 40.28], [-100.44, 40.28]]]}}, {"id": "3559", "type": "Feature", "properties": {}, "geometry": {"type": "Polygon", "coordinates": [[[-100.28, 40.28], [-100.28, 40.44], [-100.44, 40.44], [-100.44, 40.28], [-100.28, 40.28]]]}}, {"id": "3560", "type": "Feature", "properties": {}, "geometry": {"type": "Polygon", "coordinates": [[[-100.12, 40.28], [-100.12, 40.44], [-100.28, 40.44], [-100.28, 40.28], [-100.12, 40.28]]]}}, {"id": "3561", "type": "Feature", "properties": {}, "geometry": {"type": "Polygon", "coordinates": [[[-99.96000000000001, 40.28], [-99.96000000000001, 40.44], [-100.12, 40.44], [-100.12, 40.28], [-99.96000000000001, 40.28]]]}}, {"id": "3562", "type": "Feature", "properties": {}, "geometry": {"type": "Polygon", "coordinates": [[[-99.8, 40.28], [-99.8, 40.44], [-99.96, 40.44], [-99.96, 40.28], [-99.8, 40.28]]]}}, {"id": "3563", "type": "Feature", "properties": {}, "geometry": {"type": "Polygon", "coordinates": [[[-99.64, 40.28], [-99.64, 40.44], [-99.8, 40.44], [-99.8, 40.28], [-99.64, 40.28]]]}}, {"id": "3564", "type": "Feature", "properties": {}, "geometry": {"type": "Polygon", "coordinates": [[[-99.48, 40.28], [-99.48, 40.44], [-99.64, 40.44], [-99.64, 40.28], [-99.48, 40.28]]]}}, {"id": "3565", "type": "Feature", "properties": {}, "geometry": {"type": "Polygon", "coordinates": [[[-99.32000000000001, 40.28], [-99.32000000000001, 40.44], [-99.48, 40.44], [-99.48, 40.28], [-99.32000000000001, 40.28]]]}}, {"id": "3566", "type": "Feature", "properties": {}, "geometry": {"type": "Polygon", "coordinates": [[[-99.16, 40.28], [-99.16, 40.44], [-99.32, 40.44], [-99.32, 40.28], [-99.16, 40.28]]]}}, {"id": "3567", "type": "Feature", "properties": {}, "geometry": {"type": "Polygon", "coordinates": [[[-99.0, 40.28], [-99.0, 40.44], [-99.16, 40.44], [-99.16, 40.28], [-99.0, 40.28]]]}}, {"id": "3568", "type": "Feature", "properties": {}, "geometry": {"type": "Polygon", "coordinates": [[[-98.84, 40.28], [-98.84, 40.44], [-99.0, 40.44], [-99.0, 40.28], [-98.84, 40.28]]]}}, {"id": "3569", "type": "Feature", "properties": {}, "geometry": {"type": "Polygon", "coordinates": [[[-98.68, 40.28], [-98.68, 40.44], [-98.84, 40.44], [-98.84, 40.28], [-98.68, 40.28]]]}}, {"id": "3570", "type": "Feature", "properties": {}, "geometry": {"type": "Polygon", "coordinates": [[[-98.52, 40.28], [-98.52, 40.44], [-98.67999999999999, 40.44], [-98.67999999999999, 40.28], [-98.52, 40.28]]]}}, {"id": "3571", "type": "Feature", "properties": {}, "geometry": {"type": "Polygon", "coordinates": [[[-98.36, 40.28], [-98.36, 40.44], [-98.52, 40.44], [-98.52, 40.28], [-98.36, 40.28]]]}}, {"id": "3572", "type": "Feature", "properties": {}, "geometry": {"type": "Polygon", "coordinates": [[[-98.2, 40.28], [-98.2, 40.44], [-98.36, 40.44], [-98.36, 40.28], [-98.2, 40.28]]]}}, {"id": "3573", "type": "Feature", "properties": {}, "geometry": {"type": "Polygon", "coordinates": [[[-98.04, 40.28], [-98.04, 40.44], [-98.2, 40.44], [-98.2, 40.28], [-98.04, 40.28]]]}}, {"id": "3574", "type": "Feature", "properties": {}, "geometry": {"type": "Polygon", "coordinates": [[[-97.88, 40.28], [-97.88, 40.44], [-98.03999999999999, 40.44], [-98.03999999999999, 40.28], [-97.88, 40.28]]]}}, {"id": "3575", "type": "Feature", "properties": {}, "geometry": {"type": "Polygon", "coordinates": [[[-97.72, 40.28], [-97.72, 40.44], [-97.88, 40.44], [-97.88, 40.28], [-97.72, 40.28]]]}}, {"id": "3576", "type": "Feature", "properties": {}, "geometry": {"type": "Polygon", "coordinates": [[[-97.56, 40.28], [-97.56, 40.44], [-97.72, 40.44], [-97.72, 40.28], [-97.56, 40.28]]]}}, {"id": "3577", "type": "Feature", "properties": {}, "geometry": {"type": "Polygon", "coordinates": [[[-97.4, 40.28], [-97.4, 40.44], [-97.56, 40.44], [-97.56, 40.28], [-97.4, 40.28]]]}}, {"id": "3578", "type": "Feature", "properties": {}, "geometry": {"type": "Polygon", "coordinates": [[[-97.24, 40.28], [-97.24, 40.44], [-97.39999999999999, 40.44], [-97.39999999999999, 40.28], [-97.24, 40.28]]]}}, {"id": "3579", "type": "Feature", "properties": {}, "geometry": {"type": "Polygon", "coordinates": [[[-97.08, 40.28], [-97.08, 40.44], [-97.24, 40.44], [-97.24, 40.28], [-97.08, 40.28]]]}}, {"id": "3580", "type": "Feature", "properties": {}, "geometry": {"type": "Polygon", "coordinates": [[[-96.92, 40.28], [-96.92, 40.44], [-97.08, 40.44], [-97.08, 40.28], [-96.92, 40.28]]]}}, {"id": "3581", "type": "Feature", "properties": {}, "geometry": {"type": "Polygon", "coordinates": [[[-96.76, 40.28], [-96.76, 40.44], [-96.92, 40.44], [-96.92, 40.28], [-96.76, 40.28]]]}}, {"id": "3582", "type": "Feature", "properties": {}, "geometry": {"type": "Polygon", "coordinates": [[[-96.60000000000001, 40.28], [-96.60000000000001, 40.44], [-96.76, 40.44], [-96.76, 40.28], [-96.60000000000001, 40.28]]]}}, {"id": "3583", "type": "Feature", "properties": {}, "geometry": {"type": "Polygon", "coordinates": [[[-96.44, 40.28], [-96.44, 40.44], [-96.6, 40.44], [-96.6, 40.28], [-96.44, 40.28]]]}}, {"id": "3584", "type": "Feature", "properties": {}, "geometry": {"type": "Polygon", "coordinates": [[[-96.28, 40.28], [-96.28, 40.44], [-96.44, 40.44], [-96.44, 40.28], [-96.28, 40.28]]]}}, {"id": "3585", "type": "Feature", "properties": {}, "geometry": {"type": "Polygon", "coordinates": [[[-96.12, 40.28], [-96.12, 40.44], [-96.28, 40.44], [-96.28, 40.28], [-96.12, 40.28]]]}}, {"id": "3586", "type": "Feature", "properties": {}, "geometry": {"type": "Polygon", "coordinates": [[[-95.96000000000001, 40.28], [-95.96000000000001, 40.44], [-96.12, 40.44], [-96.12, 40.28], [-95.96000000000001, 40.28]]]}}, {"id": "3587", "type": "Feature", "properties": {}, "geometry": {"type": "Polygon", "coordinates": [[[-95.8, 40.28], [-95.8, 40.44], [-95.96, 40.44], [-95.96, 40.28], [-95.8, 40.28]]]}}, {"id": "3588", "type": "Feature", "properties": {}, "geometry": {"type": "Polygon", "coordinates": [[[-95.64, 40.28], [-95.64, 40.44], [-95.8, 40.44], [-95.8, 40.28], [-95.64, 40.28]]]}}, {"id": "3589", "type": "Feature", "properties": {}, "geometry": {"type": "Polygon", "coordinates": [[[-95.48, 40.28], [-95.48, 40.44], [-95.64, 40.44], [-95.64, 40.28], [-95.48, 40.28]]]}}, {"id": "3590", "type": "Feature", "properties": {}, "geometry": {"type": "Polygon", "coordinates": [[[-95.32000000000001, 40.28], [-95.32000000000001, 40.44], [-95.48, 40.44], [-95.48, 40.28], [-95.32000000000001, 40.28]]]}}, {"id": "3591", "type": "Feature", "properties": {}, "geometry": {"type": "Polygon", "coordinates": [[[-95.16, 40.28], [-95.16, 40.44], [-95.32, 40.44], [-95.32, 40.28], [-95.16, 40.28]]]}}, {"id": "3592", "type": "Feature", "properties": {}, "geometry": {"type": "Polygon", "coordinates": [[[-95.0, 40.28], [-95.0, 40.44], [-95.16, 40.44], [-95.16, 40.28], [-95.0, 40.28]]]}}, {"id": "3593", "type": "Feature", "properties": {}, "geometry": {"type": "Polygon", "coordinates": [[[-94.84, 40.28], [-94.84, 40.44], [-95.0, 40.44], [-95.0, 40.28], [-94.84, 40.28]]]}}, {"id": "3594", "type": "Feature", "properties": {}, "geometry": {"type": "Polygon", "coordinates": [[[-94.68, 40.28], [-94.68, 40.44], [-94.84, 40.44], [-94.84, 40.28], [-94.68, 40.28]]]}}, {"id": "3595", "type": "Feature", "properties": {}, "geometry": {"type": "Polygon", "coordinates": [[[-94.52, 40.28], [-94.52, 40.44], [-94.67999999999999, 40.44], [-94.67999999999999, 40.28], [-94.52, 40.28]]]}}, {"id": "3596", "type": "Feature", "properties": {}, "geometry": {"type": "Polygon", "coordinates": [[[-94.36, 40.28], [-94.36, 40.44], [-94.52, 40.44], [-94.52, 40.28], [-94.36, 40.28]]]}}, {"id": "3597", "type": "Feature", "properties": {}, "geometry": {"type": "Polygon", "coordinates": [[[-94.2, 40.28], [-94.2, 40.44], [-94.36, 40.44], [-94.36, 40.28], [-94.2, 40.28]]]}}, {"id": "3598", "type": "Feature", "properties": {}, "geometry": {"type": "Polygon", "coordinates": [[[-94.04, 40.28], [-94.04, 40.44], [-94.2, 40.44], [-94.2, 40.28], [-94.04, 40.28]]]}}, {"id": "3599", "type": "Feature", "properties": {}, "geometry": {"type": "Polygon", "coordinates": [[[-93.88, 40.28], [-93.88, 40.44], [-94.03999999999999, 40.44], [-94.03999999999999, 40.28], [-93.88, 40.28]]]}}, {"id": "3600", "type": "Feature", "properties": {}, "geometry": {"type": "Polygon", "coordinates": [[[-93.72, 40.28], [-93.72, 40.44], [-93.88, 40.44], [-93.88, 40.28], [-93.72, 40.28]]]}}, {"id": "3601", "type": "Feature", "properties": {}, "geometry": {"type": "Polygon", "coordinates": [[[-93.56, 40.28], [-93.56, 40.44], [-93.72, 40.44], [-93.72, 40.28], [-93.56, 40.28]]]}}, {"id": "3602", "type": "Feature", "properties": {}, "geometry": {"type": "Polygon", "coordinates": [[[-93.4, 40.28], [-93.4, 40.44], [-93.56, 40.44], [-93.56, 40.28], [-93.4, 40.28]]]}}, {"id": "3603", "type": "Feature", "properties": {}, "geometry": {"type": "Polygon", "coordinates": [[[-93.24, 40.28], [-93.24, 40.44], [-93.39999999999999, 40.44], [-93.39999999999999, 40.28], [-93.24, 40.28]]]}}, {"id": "3604", "type": "Feature", "properties": {}, "geometry": {"type": "Polygon", "coordinates": [[[-93.08, 40.28], [-93.08, 40.44], [-93.24, 40.44], [-93.24, 40.28], [-93.08, 40.28]]]}}, {"id": "3605", "type": "Feature", "properties": {}, "geometry": {"type": "Polygon", "coordinates": [[[-92.92, 40.28], [-92.92, 40.44], [-93.08, 40.44], [-93.08, 40.28], [-92.92, 40.28]]]}}, {"id": "3606", "type": "Feature", "properties": {}, "geometry": {"type": "Polygon", "coordinates": [[[-92.76, 40.28], [-92.76, 40.44], [-92.92, 40.44], [-92.92, 40.28], [-92.76, 40.28]]]}}, {"id": "3607", "type": "Feature", "properties": {}, "geometry": {"type": "Polygon", "coordinates": [[[-92.60000000000001, 40.28], [-92.60000000000001, 40.44], [-92.76, 40.44], [-92.76, 40.28], [-92.60000000000001, 40.28]]]}}, {"id": "3608", "type": "Feature", "properties": {}, "geometry": {"type": "Polygon", "coordinates": [[[-92.44, 40.28], [-92.44, 40.44], [-92.6, 40.44], [-92.6, 40.28], [-92.44, 40.28]]]}}, {"id": "3609", "type": "Feature", "properties": {}, "geometry": {"type": "Polygon", "coordinates": [[[-92.28, 40.28], [-92.28, 40.44], [-92.44, 40.44], [-92.44, 40.28], [-92.28, 40.28]]]}}, {"id": "3610", "type": "Feature", "properties": {}, "geometry": {"type": "Polygon", "coordinates": [[[-92.12, 40.28], [-92.12, 40.44], [-92.28, 40.44], [-92.28, 40.28], [-92.12, 40.28]]]}}, {"id": "3611", "type": "Feature", "properties": {}, "geometry": {"type": "Polygon", "coordinates": [[[-91.96, 40.28], [-91.96, 40.44], [-92.11999999999999, 40.44], [-92.11999999999999, 40.28], [-91.96, 40.28]]]}}, {"id": "3612", "type": "Feature", "properties": {}, "geometry": {"type": "Polygon", "coordinates": [[[-91.8, 40.28], [-91.8, 40.44], [-91.96, 40.44], [-91.96, 40.28], [-91.8, 40.28]]]}}, {"id": "3613", "type": "Feature", "properties": {}, "geometry": {"type": "Polygon", "coordinates": [[[-102.84, 40.120000000000005], [-102.84, 40.28], [-103.0, 40.28], [-103.0, 40.120000000000005], [-102.84, 40.120000000000005]]]}}, {"id": "3614", "type": "Feature", "properties": {}, "geometry": {"type": "Polygon", "coordinates": [[[-102.68, 40.120000000000005], [-102.68, 40.28], [-102.84, 40.28], [-102.84, 40.120000000000005], [-102.68, 40.120000000000005]]]}}, {"id": "3615", "type": "Feature", "properties": {}, "geometry": {"type": "Polygon", "coordinates": [[[-102.52, 40.120000000000005], [-102.52, 40.28], [-102.67999999999999, 40.28], [-102.67999999999999, 40.120000000000005], [-102.52, 40.120000000000005]]]}}, {"id": "3616", "type": "Feature", "properties": {}, "geometry": {"type": "Polygon", "coordinates": [[[-102.36, 40.120000000000005], [-102.36, 40.28], [-102.52, 40.28], [-102.52, 40.120000000000005], [-102.36, 40.120000000000005]]]}}, {"id": "3617", "type": "Feature", "properties": {}, "geometry": {"type": "Polygon", "coordinates": [[[-102.2, 40.120000000000005], [-102.2, 40.28], [-102.36, 40.28], [-102.36, 40.120000000000005], [-102.2, 40.120000000000005]]]}}, {"id": "3618", "type": "Feature", "properties": {}, "geometry": {"type": "Polygon", "coordinates": [[[-102.04, 40.120000000000005], [-102.04, 40.28], [-102.2, 40.28], [-102.2, 40.120000000000005], [-102.04, 40.120000000000005]]]}}, {"id": "3619", "type": "Feature", "properties": {}, "geometry": {"type": "Polygon", "coordinates": [[[-101.88, 40.120000000000005], [-101.88, 40.28], [-102.03999999999999, 40.28], [-102.03999999999999, 40.120000000000005], [-101.88, 40.120000000000005]]]}}, {"id": "3620", "type": "Feature", "properties": {}, "geometry": {"type": "Polygon", "coordinates": [[[-101.72, 40.120000000000005], [-101.72, 40.28], [-101.88, 40.28], [-101.88, 40.120000000000005], [-101.72, 40.120000000000005]]]}}, {"id": "3621", "type": "Feature", "properties": {}, "geometry": {"type": "Polygon", "coordinates": [[[-101.56, 40.120000000000005], [-101.56, 40.28], [-101.72, 40.28], [-101.72, 40.120000000000005], [-101.56, 40.120000000000005]]]}}, {"id": "3622", "type": "Feature", "properties": {}, "geometry": {"type": "Polygon", "coordinates": [[[-101.4, 40.120000000000005], [-101.4, 40.28], [-101.56, 40.28], [-101.56, 40.120000000000005], [-101.4, 40.120000000000005]]]}}, {"id": "3623", "type": "Feature", "properties": {}, "geometry": {"type": "Polygon", "coordinates": [[[-101.24, 40.120000000000005], [-101.24, 40.28], [-101.39999999999999, 40.28], [-101.39999999999999, 40.120000000000005], [-101.24, 40.120000000000005]]]}}, {"id": "3624", "type": "Feature", "properties": {}, "geometry": {"type": "Polygon", "coordinates": [[[-101.08, 40.120000000000005], [-101.08, 40.28], [-101.24, 40.28], [-101.24, 40.120000000000005], [-101.08, 40.120000000000005]]]}}, {"id": "3625", "type": "Feature", "properties": {}, "geometry": {"type": "Polygon", "coordinates": [[[-100.92, 40.120000000000005], [-100.92, 40.28], [-101.08, 40.28], [-101.08, 40.120000000000005], [-100.92, 40.120000000000005]]]}}, {"id": "3626", "type": "Feature", "properties": {}, "geometry": {"type": "Polygon", "coordinates": [[[-100.76, 40.120000000000005], [-100.76, 40.28], [-100.92, 40.28], [-100.92, 40.120000000000005], [-100.76, 40.120000000000005]]]}}, {"id": "3627", "type": "Feature", "properties": {}, "geometry": {"type": "Polygon", "coordinates": [[[-100.60000000000001, 40.120000000000005], [-100.60000000000001, 40.28], [-100.76, 40.28], [-100.76, 40.120000000000005], [-100.60000000000001, 40.120000000000005]]]}}, {"id": "3628", "type": "Feature", "properties": {}, "geometry": {"type": "Polygon", "coordinates": [[[-100.44, 40.120000000000005], [-100.44, 40.28], [-100.6, 40.28], [-100.6, 40.120000000000005], [-100.44, 40.120000000000005]]]}}, {"id": "3629", "type": "Feature", "properties": {}, "geometry": {"type": "Polygon", "coordinates": [[[-100.28, 40.120000000000005], [-100.28, 40.28], [-100.44, 40.28], [-100.44, 40.120000000000005], [-100.28, 40.120000000000005]]]}}, {"id": "3630", "type": "Feature", "properties": {}, "geometry": {"type": "Polygon", "coordinates": [[[-100.12, 40.120000000000005], [-100.12, 40.28], [-100.28, 40.28], [-100.28, 40.120000000000005], [-100.12, 40.120000000000005]]]}}, {"id": "3631", "type": "Feature", "properties": {}, "geometry": {"type": "Polygon", "coordinates": [[[-99.96000000000001, 40.120000000000005], [-99.96000000000001, 40.28], [-100.12, 40.28], [-100.12, 40.120000000000005], [-99.96000000000001, 40.120000000000005]]]}}, {"id": "3632", "type": "Feature", "properties": {}, "geometry": {"type": "Polygon", "coordinates": [[[-99.8, 40.120000000000005], [-99.8, 40.28], [-99.96, 40.28], [-99.96, 40.120000000000005], [-99.8, 40.120000000000005]]]}}, {"id": "3633", "type": "Feature", "properties": {}, "geometry": {"type": "Polygon", "coordinates": [[[-99.64, 40.120000000000005], [-99.64, 40.28], [-99.8, 40.28], [-99.8, 40.120000000000005], [-99.64, 40.120000000000005]]]}}, {"id": "3634", "type": "Feature", "properties": {}, "geometry": {"type": "Polygon", "coordinates": [[[-99.48, 40.120000000000005], [-99.48, 40.28], [-99.64, 40.28], [-99.64, 40.120000000000005], [-99.48, 40.120000000000005]]]}}, {"id": "3635", "type": "Feature", "properties": {}, "geometry": {"type": "Polygon", "coordinates": [[[-99.32000000000001, 40.120000000000005], [-99.32000000000001, 40.28], [-99.48, 40.28], [-99.48, 40.120000000000005], [-99.32000000000001, 40.120000000000005]]]}}, {"id": "3636", "type": "Feature", "properties": {}, "geometry": {"type": "Polygon", "coordinates": [[[-99.16, 40.120000000000005], [-99.16, 40.28], [-99.32, 40.28], [-99.32, 40.120000000000005], [-99.16, 40.120000000000005]]]}}, {"id": "3637", "type": "Feature", "properties": {}, "geometry": {"type": "Polygon", "coordinates": [[[-99.0, 40.120000000000005], [-99.0, 40.28], [-99.16, 40.28], [-99.16, 40.120000000000005], [-99.0, 40.120000000000005]]]}}, {"id": "3638", "type": "Feature", "properties": {}, "geometry": {"type": "Polygon", "coordinates": [[[-98.84, 40.120000000000005], [-98.84, 40.28], [-99.0, 40.28], [-99.0, 40.120000000000005], [-98.84, 40.120000000000005]]]}}, {"id": "3639", "type": "Feature", "properties": {}, "geometry": {"type": "Polygon", "coordinates": [[[-98.68, 40.120000000000005], [-98.68, 40.28], [-98.84, 40.28], [-98.84, 40.120000000000005], [-98.68, 40.120000000000005]]]}}, {"id": "3640", "type": "Feature", "properties": {}, "geometry": {"type": "Polygon", "coordinates": [[[-98.52, 40.120000000000005], [-98.52, 40.28], [-98.67999999999999, 40.28], [-98.67999999999999, 40.120000000000005], [-98.52, 40.120000000000005]]]}}, {"id": "3641", "type": "Feature", "properties": {}, "geometry": {"type": "Polygon", "coordinates": [[[-98.36, 40.120000000000005], [-98.36, 40.28], [-98.52, 40.28], [-98.52, 40.120000000000005], [-98.36, 40.120000000000005]]]}}, {"id": "3642", "type": "Feature", "properties": {}, "geometry": {"type": "Polygon", "coordinates": [[[-98.2, 40.120000000000005], [-98.2, 40.28], [-98.36, 40.28], [-98.36, 40.120000000000005], [-98.2, 40.120000000000005]]]}}, {"id": "3643", "type": "Feature", "properties": {}, "geometry": {"type": "Polygon", "coordinates": [[[-98.04, 40.120000000000005], [-98.04, 40.28], [-98.2, 40.28], [-98.2, 40.120000000000005], [-98.04, 40.120000000000005]]]}}, {"id": "3644", "type": "Feature", "properties": {}, "geometry": {"type": "Polygon", "coordinates": [[[-97.88, 40.120000000000005], [-97.88, 40.28], [-98.03999999999999, 40.28], [-98.03999999999999, 40.120000000000005], [-97.88, 40.120000000000005]]]}}, {"id": "3645", "type": "Feature", "properties": {}, "geometry": {"type": "Polygon", "coordinates": [[[-97.72, 40.120000000000005], [-97.72, 40.28], [-97.88, 40.28], [-97.88, 40.120000000000005], [-97.72, 40.120000000000005]]]}}, {"id": "3646", "type": "Feature", "properties": {}, "geometry": {"type": "Polygon", "coordinates": [[[-97.56, 40.120000000000005], [-97.56, 40.28], [-97.72, 40.28], [-97.72, 40.120000000000005], [-97.56, 40.120000000000005]]]}}, {"id": "3647", "type": "Feature", "properties": {}, "geometry": {"type": "Polygon", "coordinates": [[[-97.4, 40.120000000000005], [-97.4, 40.28], [-97.56, 40.28], [-97.56, 40.120000000000005], [-97.4, 40.120000000000005]]]}}, {"id": "3648", "type": "Feature", "properties": {}, "geometry": {"type": "Polygon", "coordinates": [[[-97.24, 40.120000000000005], [-97.24, 40.28], [-97.39999999999999, 40.28], [-97.39999999999999, 40.120000000000005], [-97.24, 40.120000000000005]]]}}, {"id": "3649", "type": "Feature", "properties": {}, "geometry": {"type": "Polygon", "coordinates": [[[-97.08, 40.120000000000005], [-97.08, 40.28], [-97.24, 40.28], [-97.24, 40.120000000000005], [-97.08, 40.120000000000005]]]}}, {"id": "3650", "type": "Feature", "properties": {}, "geometry": {"type": "Polygon", "coordinates": [[[-96.92, 40.120000000000005], [-96.92, 40.28], [-97.08, 40.28], [-97.08, 40.120000000000005], [-96.92, 40.120000000000005]]]}}, {"id": "3651", "type": "Feature", "properties": {}, "geometry": {"type": "Polygon", "coordinates": [[[-96.76, 40.120000000000005], [-96.76, 40.28], [-96.92, 40.28], [-96.92, 40.120000000000005], [-96.76, 40.120000000000005]]]}}, {"id": "3652", "type": "Feature", "properties": {}, "geometry": {"type": "Polygon", "coordinates": [[[-96.60000000000001, 40.120000000000005], [-96.60000000000001, 40.28], [-96.76, 40.28], [-96.76, 40.120000000000005], [-96.60000000000001, 40.120000000000005]]]}}, {"id": "3653", "type": "Feature", "properties": {}, "geometry": {"type": "Polygon", "coordinates": [[[-96.44, 40.120000000000005], [-96.44, 40.28], [-96.6, 40.28], [-96.6, 40.120000000000005], [-96.44, 40.120000000000005]]]}}, {"id": "3654", "type": "Feature", "properties": {}, "geometry": {"type": "Polygon", "coordinates": [[[-96.28, 40.120000000000005], [-96.28, 40.28], [-96.44, 40.28], [-96.44, 40.120000000000005], [-96.28, 40.120000000000005]]]}}, {"id": "3655", "type": "Feature", "properties": {}, "geometry": {"type": "Polygon", "coordinates": [[[-96.12, 40.120000000000005], [-96.12, 40.28], [-96.28, 40.28], [-96.28, 40.120000000000005], [-96.12, 40.120000000000005]]]}}, {"id": "3656", "type": "Feature", "properties": {}, "geometry": {"type": "Polygon", "coordinates": [[[-95.96000000000001, 40.120000000000005], [-95.96000000000001, 40.28], [-96.12, 40.28], [-96.12, 40.120000000000005], [-95.96000000000001, 40.120000000000005]]]}}, {"id": "3657", "type": "Feature", "properties": {}, "geometry": {"type": "Polygon", "coordinates": [[[-95.8, 40.120000000000005], [-95.8, 40.28], [-95.96, 40.28], [-95.96, 40.120000000000005], [-95.8, 40.120000000000005]]]}}, {"id": "3658", "type": "Feature", "properties": {}, "geometry": {"type": "Polygon", "coordinates": [[[-95.64, 40.120000000000005], [-95.64, 40.28], [-95.8, 40.28], [-95.8, 40.120000000000005], [-95.64, 40.120000000000005]]]}}, {"id": "3659", "type": "Feature", "properties": {}, "geometry": {"type": "Polygon", "coordinates": [[[-95.48, 40.120000000000005], [-95.48, 40.28], [-95.64, 40.28], [-95.64, 40.120000000000005], [-95.48, 40.120000000000005]]]}}, {"id": "3660", "type": "Feature", "properties": {}, "geometry": {"type": "Polygon", "coordinates": [[[-95.32000000000001, 40.120000000000005], [-95.32000000000001, 40.28], [-95.48, 40.28], [-95.48, 40.120000000000005], [-95.32000000000001, 40.120000000000005]]]}}, {"id": "3661", "type": "Feature", "properties": {}, "geometry": {"type": "Polygon", "coordinates": [[[-95.16, 40.120000000000005], [-95.16, 40.28], [-95.32, 40.28], [-95.32, 40.120000000000005], [-95.16, 40.120000000000005]]]}}, {"id": "3662", "type": "Feature", "properties": {}, "geometry": {"type": "Polygon", "coordinates": [[[-95.0, 40.120000000000005], [-95.0, 40.28], [-95.16, 40.28], [-95.16, 40.120000000000005], [-95.0, 40.120000000000005]]]}}, {"id": "3663", "type": "Feature", "properties": {}, "geometry": {"type": "Polygon", "coordinates": [[[-94.84, 40.120000000000005], [-94.84, 40.28], [-95.0, 40.28], [-95.0, 40.120000000000005], [-94.84, 40.120000000000005]]]}}, {"id": "3664", "type": "Feature", "properties": {}, "geometry": {"type": "Polygon", "coordinates": [[[-94.68, 40.120000000000005], [-94.68, 40.28], [-94.84, 40.28], [-94.84, 40.120000000000005], [-94.68, 40.120000000000005]]]}}, {"id": "3665", "type": "Feature", "properties": {}, "geometry": {"type": "Polygon", "coordinates": [[[-94.52, 40.120000000000005], [-94.52, 40.28], [-94.67999999999999, 40.28], [-94.67999999999999, 40.120000000000005], [-94.52, 40.120000000000005]]]}}, {"id": "3666", "type": "Feature", "properties": {}, "geometry": {"type": "Polygon", "coordinates": [[[-94.36, 40.120000000000005], [-94.36, 40.28], [-94.52, 40.28], [-94.52, 40.120000000000005], [-94.36, 40.120000000000005]]]}}, {"id": "3667", "type": "Feature", "properties": {}, "geometry": {"type": "Polygon", "coordinates": [[[-94.2, 40.120000000000005], [-94.2, 40.28], [-94.36, 40.28], [-94.36, 40.120000000000005], [-94.2, 40.120000000000005]]]}}, {"id": "3668", "type": "Feature", "properties": {}, "geometry": {"type": "Polygon", "coordinates": [[[-94.04, 40.120000000000005], [-94.04, 40.28], [-94.2, 40.28], [-94.2, 40.120000000000005], [-94.04, 40.120000000000005]]]}}, {"id": "3669", "type": "Feature", "properties": {}, "geometry": {"type": "Polygon", "coordinates": [[[-93.88, 40.120000000000005], [-93.88, 40.28], [-94.03999999999999, 40.28], [-94.03999999999999, 40.120000000000005], [-93.88, 40.120000000000005]]]}}, {"id": "3670", "type": "Feature", "properties": {}, "geometry": {"type": "Polygon", "coordinates": [[[-93.72, 40.120000000000005], [-93.72, 40.28], [-93.88, 40.28], [-93.88, 40.120000000000005], [-93.72, 40.120000000000005]]]}}, {"id": "3671", "type": "Feature", "properties": {}, "geometry": {"type": "Polygon", "coordinates": [[[-93.56, 40.120000000000005], [-93.56, 40.28], [-93.72, 40.28], [-93.72, 40.120000000000005], [-93.56, 40.120000000000005]]]}}, {"id": "3672", "type": "Feature", "properties": {}, "geometry": {"type": "Polygon", "coordinates": [[[-93.4, 40.120000000000005], [-93.4, 40.28], [-93.56, 40.28], [-93.56, 40.120000000000005], [-93.4, 40.120000000000005]]]}}, {"id": "3673", "type": "Feature", "properties": {}, "geometry": {"type": "Polygon", "coordinates": [[[-93.24, 40.120000000000005], [-93.24, 40.28], [-93.39999999999999, 40.28], [-93.39999999999999, 40.120000000000005], [-93.24, 40.120000000000005]]]}}, {"id": "3674", "type": "Feature", "properties": {}, "geometry": {"type": "Polygon", "coordinates": [[[-93.08, 40.120000000000005], [-93.08, 40.28], [-93.24, 40.28], [-93.24, 40.120000000000005], [-93.08, 40.120000000000005]]]}}, {"id": "3675", "type": "Feature", "properties": {}, "geometry": {"type": "Polygon", "coordinates": [[[-92.92, 40.120000000000005], [-92.92, 40.28], [-93.08, 40.28], [-93.08, 40.120000000000005], [-92.92, 40.120000000000005]]]}}, {"id": "3676", "type": "Feature", "properties": {}, "geometry": {"type": "Polygon", "coordinates": [[[-92.76, 40.120000000000005], [-92.76, 40.28], [-92.92, 40.28], [-92.92, 40.120000000000005], [-92.76, 40.120000000000005]]]}}, {"id": "3677", "type": "Feature", "properties": {}, "geometry": {"type": "Polygon", "coordinates": [[[-92.60000000000001, 40.120000000000005], [-92.60000000000001, 40.28], [-92.76, 40.28], [-92.76, 40.120000000000005], [-92.60000000000001, 40.120000000000005]]]}}, {"id": "3678", "type": "Feature", "properties": {}, "geometry": {"type": "Polygon", "coordinates": [[[-92.44, 40.120000000000005], [-92.44, 40.28], [-92.6, 40.28], [-92.6, 40.120000000000005], [-92.44, 40.120000000000005]]]}}, {"id": "3679", "type": "Feature", "properties": {}, "geometry": {"type": "Polygon", "coordinates": [[[-92.28, 40.120000000000005], [-92.28, 40.28], [-92.44, 40.28], [-92.44, 40.120000000000005], [-92.28, 40.120000000000005]]]}}, {"id": "3680", "type": "Feature", "properties": {}, "geometry": {"type": "Polygon", "coordinates": [[[-92.12, 40.120000000000005], [-92.12, 40.28], [-92.28, 40.28], [-92.28, 40.120000000000005], [-92.12, 40.120000000000005]]]}}, {"id": "3681", "type": "Feature", "properties": {}, "geometry": {"type": "Polygon", "coordinates": [[[-91.96, 40.120000000000005], [-91.96, 40.28], [-92.11999999999999, 40.28], [-92.11999999999999, 40.120000000000005], [-91.96, 40.120000000000005]]]}}, {"id": "3682", "type": "Feature", "properties": {}, "geometry": {"type": "Polygon", "coordinates": [[[-91.8, 40.120000000000005], [-91.8, 40.28], [-91.96, 40.28], [-91.96, 40.120000000000005], [-91.8, 40.120000000000005]]]}}, {"id": "3683", "type": "Feature", "properties": {}, "geometry": {"type": "Polygon", "coordinates": [[[-91.64, 40.120000000000005], [-91.64, 40.28], [-91.8, 40.28], [-91.8, 40.120000000000005], [-91.64, 40.120000000000005]]]}}, {"id": "3684", "type": "Feature", "properties": {}, "geometry": {"type": "Polygon", "coordinates": [[[-102.84, 39.96], [-102.84, 40.12], [-103.0, 40.12], [-103.0, 39.96], [-102.84, 39.96]]]}}, {"id": "3685", "type": "Feature", "properties": {}, "geometry": {"type": "Polygon", "coordinates": [[[-102.68, 39.96], [-102.68, 40.12], [-102.84, 40.12], [-102.84, 39.96], [-102.68, 39.96]]]}}, {"id": "3686", "type": "Feature", "properties": {}, "geometry": {"type": "Polygon", "coordinates": [[[-102.52, 39.96], [-102.52, 40.12], [-102.67999999999999, 40.12], [-102.67999999999999, 39.96], [-102.52, 39.96]]]}}, {"id": "3687", "type": "Feature", "properties": {}, "geometry": {"type": "Polygon", "coordinates": [[[-102.36, 39.96], [-102.36, 40.12], [-102.52, 40.12], [-102.52, 39.96], [-102.36, 39.96]]]}}, {"id": "3688", "type": "Feature", "properties": {}, "geometry": {"type": "Polygon", "coordinates": [[[-102.2, 39.96], [-102.2, 40.12], [-102.36, 40.12], [-102.36, 39.96], [-102.2, 39.96]]]}}, {"id": "3689", "type": "Feature", "properties": {}, "geometry": {"type": "Polygon", "coordinates": [[[-102.04, 39.96], [-102.04, 40.12], [-102.2, 40.12], [-102.2, 39.96], [-102.04, 39.96]]]}}, {"id": "3690", "type": "Feature", "properties": {}, "geometry": {"type": "Polygon", "coordinates": [[[-101.88, 39.96], [-101.88, 40.12], [-102.03999999999999, 40.12], [-102.03999999999999, 39.96], [-101.88, 39.96]]]}}, {"id": "3691", "type": "Feature", "properties": {}, "geometry": {"type": "Polygon", "coordinates": [[[-101.72, 39.96], [-101.72, 40.12], [-101.88, 40.12], [-101.88, 39.96], [-101.72, 39.96]]]}}, {"id": "3692", "type": "Feature", "properties": {}, "geometry": {"type": "Polygon", "coordinates": [[[-101.56, 39.96], [-101.56, 40.12], [-101.72, 40.12], [-101.72, 39.96], [-101.56, 39.96]]]}}, {"id": "3693", "type": "Feature", "properties": {}, "geometry": {"type": "Polygon", "coordinates": [[[-101.4, 39.96], [-101.4, 40.12], [-101.56, 40.12], [-101.56, 39.96], [-101.4, 39.96]]]}}, {"id": "3694", "type": "Feature", "properties": {}, "geometry": {"type": "Polygon", "coordinates": [[[-101.24, 39.96], [-101.24, 40.12], [-101.39999999999999, 40.12], [-101.39999999999999, 39.96], [-101.24, 39.96]]]}}, {"id": "3695", "type": "Feature", "properties": {}, "geometry": {"type": "Polygon", "coordinates": [[[-101.08, 39.96], [-101.08, 40.12], [-101.24, 40.12], [-101.24, 39.96], [-101.08, 39.96]]]}}, {"id": "3696", "type": "Feature", "properties": {}, "geometry": {"type": "Polygon", "coordinates": [[[-100.92, 39.96], [-100.92, 40.12], [-101.08, 40.12], [-101.08, 39.96], [-100.92, 39.96]]]}}, {"id": "3697", "type": "Feature", "properties": {}, "geometry": {"type": "Polygon", "coordinates": [[[-100.76, 39.96], [-100.76, 40.12], [-100.92, 40.12], [-100.92, 39.96], [-100.76, 39.96]]]}}, {"id": "3698", "type": "Feature", "properties": {}, "geometry": {"type": "Polygon", "coordinates": [[[-100.60000000000001, 39.96], [-100.60000000000001, 40.12], [-100.76, 40.12], [-100.76, 39.96], [-100.60000000000001, 39.96]]]}}, {"id": "3699", "type": "Feature", "properties": {}, "geometry": {"type": "Polygon", "coordinates": [[[-100.44, 39.96], [-100.44, 40.12], [-100.6, 40.12], [-100.6, 39.96], [-100.44, 39.96]]]}}, {"id": "3700", "type": "Feature", "properties": {}, "geometry": {"type": "Polygon", "coordinates": [[[-100.28, 39.96], [-100.28, 40.12], [-100.44, 40.12], [-100.44, 39.96], [-100.28, 39.96]]]}}, {"id": "3701", "type": "Feature", "properties": {}, "geometry": {"type": "Polygon", "coordinates": [[[-100.12, 39.96], [-100.12, 40.12], [-100.28, 40.12], [-100.28, 39.96], [-100.12, 39.96]]]}}, {"id": "3702", "type": "Feature", "properties": {}, "geometry": {"type": "Polygon", "coordinates": [[[-99.96000000000001, 39.96], [-99.96000000000001, 40.12], [-100.12, 40.12], [-100.12, 39.96], [-99.96000000000001, 39.96]]]}}, {"id": "3703", "type": "Feature", "properties": {}, "geometry": {"type": "Polygon", "coordinates": [[[-99.8, 39.96], [-99.8, 40.12], [-99.96, 40.12], [-99.96, 39.96], [-99.8, 39.96]]]}}, {"id": "3704", "type": "Feature", "properties": {}, "geometry": {"type": "Polygon", "coordinates": [[[-99.64, 39.96], [-99.64, 40.12], [-99.8, 40.12], [-99.8, 39.96], [-99.64, 39.96]]]}}, {"id": "3705", "type": "Feature", "properties": {}, "geometry": {"type": "Polygon", "coordinates": [[[-99.48, 39.96], [-99.48, 40.12], [-99.64, 40.12], [-99.64, 39.96], [-99.48, 39.96]]]}}, {"id": "3706", "type": "Feature", "properties": {}, "geometry": {"type": "Polygon", "coordinates": [[[-99.32000000000001, 39.96], [-99.32000000000001, 40.12], [-99.48, 40.12], [-99.48, 39.96], [-99.32000000000001, 39.96]]]}}, {"id": "3707", "type": "Feature", "properties": {}, "geometry": {"type": "Polygon", "coordinates": [[[-99.16, 39.96], [-99.16, 40.12], [-99.32, 40.12], [-99.32, 39.96], [-99.16, 39.96]]]}}, {"id": "3708", "type": "Feature", "properties": {}, "geometry": {"type": "Polygon", "coordinates": [[[-99.0, 39.96], [-99.0, 40.12], [-99.16, 40.12], [-99.16, 39.96], [-99.0, 39.96]]]}}, {"id": "3709", "type": "Feature", "properties": {}, "geometry": {"type": "Polygon", "coordinates": [[[-98.84, 39.96], [-98.84, 40.12], [-99.0, 40.12], [-99.0, 39.96], [-98.84, 39.96]]]}}, {"id": "3710", "type": "Feature", "properties": {}, "geometry": {"type": "Polygon", "coordinates": [[[-98.68, 39.96], [-98.68, 40.12], [-98.84, 40.12], [-98.84, 39.96], [-98.68, 39.96]]]}}, {"id": "3711", "type": "Feature", "properties": {}, "geometry": {"type": "Polygon", "coordinates": [[[-98.52, 39.96], [-98.52, 40.12], [-98.67999999999999, 40.12], [-98.67999999999999, 39.96], [-98.52, 39.96]]]}}, {"id": "3712", "type": "Feature", "properties": {}, "geometry": {"type": "Polygon", "coordinates": [[[-98.36, 39.96], [-98.36, 40.12], [-98.52, 40.12], [-98.52, 39.96], [-98.36, 39.96]]]}}, {"id": "3713", "type": "Feature", "properties": {}, "geometry": {"type": "Polygon", "coordinates": [[[-98.2, 39.96], [-98.2, 40.12], [-98.36, 40.12], [-98.36, 39.96], [-98.2, 39.96]]]}}, {"id": "3714", "type": "Feature", "properties": {}, "geometry": {"type": "Polygon", "coordinates": [[[-98.04, 39.96], [-98.04, 40.12], [-98.2, 40.12], [-98.2, 39.96], [-98.04, 39.96]]]}}, {"id": "3715", "type": "Feature", "properties": {}, "geometry": {"type": "Polygon", "coordinates": [[[-97.88, 39.96], [-97.88, 40.12], [-98.03999999999999, 40.12], [-98.03999999999999, 39.96], [-97.88, 39.96]]]}}, {"id": "3716", "type": "Feature", "properties": {}, "geometry": {"type": "Polygon", "coordinates": [[[-97.72, 39.96], [-97.72, 40.12], [-97.88, 40.12], [-97.88, 39.96], [-97.72, 39.96]]]}}, {"id": "3717", "type": "Feature", "properties": {}, "geometry": {"type": "Polygon", "coordinates": [[[-97.56, 39.96], [-97.56, 40.12], [-97.72, 40.12], [-97.72, 39.96], [-97.56, 39.96]]]}}, {"id": "3718", "type": "Feature", "properties": {}, "geometry": {"type": "Polygon", "coordinates": [[[-97.4, 39.96], [-97.4, 40.12], [-97.56, 40.12], [-97.56, 39.96], [-97.4, 39.96]]]}}, {"id": "3719", "type": "Feature", "properties": {}, "geometry": {"type": "Polygon", "coordinates": [[[-97.24, 39.96], [-97.24, 40.12], [-97.39999999999999, 40.12], [-97.39999999999999, 39.96], [-97.24, 39.96]]]}}, {"id": "3720", "type": "Feature", "properties": {}, "geometry": {"type": "Polygon", "coordinates": [[[-97.08, 39.96], [-97.08, 40.12], [-97.24, 40.12], [-97.24, 39.96], [-97.08, 39.96]]]}}, {"id": "3721", "type": "Feature", "properties": {}, "geometry": {"type": "Polygon", "coordinates": [[[-96.92, 39.96], [-96.92, 40.12], [-97.08, 40.12], [-97.08, 39.96], [-96.92, 39.96]]]}}, {"id": "3722", "type": "Feature", "properties": {}, "geometry": {"type": "Polygon", "coordinates": [[[-96.76, 39.96], [-96.76, 40.12], [-96.92, 40.12], [-96.92, 39.96], [-96.76, 39.96]]]}}, {"id": "3723", "type": "Feature", "properties": {}, "geometry": {"type": "Polygon", "coordinates": [[[-96.60000000000001, 39.96], [-96.60000000000001, 40.12], [-96.76, 40.12], [-96.76, 39.96], [-96.60000000000001, 39.96]]]}}, {"id": "3724", "type": "Feature", "properties": {}, "geometry": {"type": "Polygon", "coordinates": [[[-96.44, 39.96], [-96.44, 40.12], [-96.6, 40.12], [-96.6, 39.96], [-96.44, 39.96]]]}}, {"id": "3725", "type": "Feature", "properties": {}, "geometry": {"type": "Polygon", "coordinates": [[[-96.28, 39.96], [-96.28, 40.12], [-96.44, 40.12], [-96.44, 39.96], [-96.28, 39.96]]]}}, {"id": "3726", "type": "Feature", "properties": {}, "geometry": {"type": "Polygon", "coordinates": [[[-96.12, 39.96], [-96.12, 40.12], [-96.28, 40.12], [-96.28, 39.96], [-96.12, 39.96]]]}}, {"id": "3727", "type": "Feature", "properties": {}, "geometry": {"type": "Polygon", "coordinates": [[[-95.96000000000001, 39.96], [-95.96000000000001, 40.12], [-96.12, 40.12], [-96.12, 39.96], [-95.96000000000001, 39.96]]]}}, {"id": "3728", "type": "Feature", "properties": {}, "geometry": {"type": "Polygon", "coordinates": [[[-95.8, 39.96], [-95.8, 40.12], [-95.96, 40.12], [-95.96, 39.96], [-95.8, 39.96]]]}}, {"id": "3729", "type": "Feature", "properties": {}, "geometry": {"type": "Polygon", "coordinates": [[[-95.64, 39.96], [-95.64, 40.12], [-95.8, 40.12], [-95.8, 39.96], [-95.64, 39.96]]]}}, {"id": "3730", "type": "Feature", "properties": {}, "geometry": {"type": "Polygon", "coordinates": [[[-95.48, 39.96], [-95.48, 40.12], [-95.64, 40.12], [-95.64, 39.96], [-95.48, 39.96]]]}}, {"id": "3731", "type": "Feature", "properties": {}, "geometry": {"type": "Polygon", "coordinates": [[[-95.32000000000001, 39.96], [-95.32000000000001, 40.12], [-95.48, 40.12], [-95.48, 39.96], [-95.32000000000001, 39.96]]]}}, {"id": "3732", "type": "Feature", "properties": {}, "geometry": {"type": "Polygon", "coordinates": [[[-95.16, 39.96], [-95.16, 40.12], [-95.32, 40.12], [-95.32, 39.96], [-95.16, 39.96]]]}}, {"id": "3733", "type": "Feature", "properties": {}, "geometry": {"type": "Polygon", "coordinates": [[[-95.0, 39.96], [-95.0, 40.12], [-95.16, 40.12], [-95.16, 39.96], [-95.0, 39.96]]]}}, {"id": "3734", "type": "Feature", "properties": {}, "geometry": {"type": "Polygon", "coordinates": [[[-94.84, 39.96], [-94.84, 40.12], [-95.0, 40.12], [-95.0, 39.96], [-94.84, 39.96]]]}}, {"id": "3735", "type": "Feature", "properties": {}, "geometry": {"type": "Polygon", "coordinates": [[[-94.68, 39.96], [-94.68, 40.12], [-94.84, 40.12], [-94.84, 39.96], [-94.68, 39.96]]]}}, {"id": "3736", "type": "Feature", "properties": {}, "geometry": {"type": "Polygon", "coordinates": [[[-94.52, 39.96], [-94.52, 40.12], [-94.67999999999999, 40.12], [-94.67999999999999, 39.96], [-94.52, 39.96]]]}}, {"id": "3737", "type": "Feature", "properties": {}, "geometry": {"type": "Polygon", "coordinates": [[[-94.36, 39.96], [-94.36, 40.12], [-94.52, 40.12], [-94.52, 39.96], [-94.36, 39.96]]]}}, {"id": "3738", "type": "Feature", "properties": {}, "geometry": {"type": "Polygon", "coordinates": [[[-94.2, 39.96], [-94.2, 40.12], [-94.36, 40.12], [-94.36, 39.96], [-94.2, 39.96]]]}}, {"id": "3739", "type": "Feature", "properties": {}, "geometry": {"type": "Polygon", "coordinates": [[[-94.04, 39.96], [-94.04, 40.12], [-94.2, 40.12], [-94.2, 39.96], [-94.04, 39.96]]]}}, {"id": "3740", "type": "Feature", "properties": {}, "geometry": {"type": "Polygon", "coordinates": [[[-93.88, 39.96], [-93.88, 40.12], [-94.03999999999999, 40.12], [-94.03999999999999, 39.96], [-93.88, 39.96]]]}}, {"id": "3741", "type": "Feature", "properties": {}, "geometry": {"type": "Polygon", "coordinates": [[[-93.72, 39.96], [-93.72, 40.12], [-93.88, 40.12], [-93.88, 39.96], [-93.72, 39.96]]]}}, {"id": "3742", "type": "Feature", "properties": {}, "geometry": {"type": "Polygon", "coordinates": [[[-93.56, 39.96], [-93.56, 40.12], [-93.72, 40.12], [-93.72, 39.96], [-93.56, 39.96]]]}}, {"id": "3743", "type": "Feature", "properties": {}, "geometry": {"type": "Polygon", "coordinates": [[[-93.4, 39.96], [-93.4, 40.12], [-93.56, 40.12], [-93.56, 39.96], [-93.4, 39.96]]]}}, {"id": "3744", "type": "Feature", "properties": {}, "geometry": {"type": "Polygon", "coordinates": [[[-93.24, 39.96], [-93.24, 40.12], [-93.39999999999999, 40.12], [-93.39999999999999, 39.96], [-93.24, 39.96]]]}}, {"id": "3745", "type": "Feature", "properties": {}, "geometry": {"type": "Polygon", "coordinates": [[[-93.08, 39.96], [-93.08, 40.12], [-93.24, 40.12], [-93.24, 39.96], [-93.08, 39.96]]]}}, {"id": "3746", "type": "Feature", "properties": {}, "geometry": {"type": "Polygon", "coordinates": [[[-92.92, 39.96], [-92.92, 40.12], [-93.08, 40.12], [-93.08, 39.96], [-92.92, 39.96]]]}}, {"id": "3747", "type": "Feature", "properties": {}, "geometry": {"type": "Polygon", "coordinates": [[[-92.76, 39.96], [-92.76, 40.12], [-92.92, 40.12], [-92.92, 39.96], [-92.76, 39.96]]]}}, {"id": "3748", "type": "Feature", "properties": {}, "geometry": {"type": "Polygon", "coordinates": [[[-92.60000000000001, 39.96], [-92.60000000000001, 40.12], [-92.76, 40.12], [-92.76, 39.96], [-92.60000000000001, 39.96]]]}}, {"id": "3749", "type": "Feature", "properties": {}, "geometry": {"type": "Polygon", "coordinates": [[[-92.44, 39.96], [-92.44, 40.12], [-92.6, 40.12], [-92.6, 39.96], [-92.44, 39.96]]]}}, {"id": "3750", "type": "Feature", "properties": {}, "geometry": {"type": "Polygon", "coordinates": [[[-92.28, 39.96], [-92.28, 40.12], [-92.44, 40.12], [-92.44, 39.96], [-92.28, 39.96]]]}}, {"id": "3751", "type": "Feature", "properties": {}, "geometry": {"type": "Polygon", "coordinates": [[[-92.12, 39.96], [-92.12, 40.12], [-92.28, 40.12], [-92.28, 39.96], [-92.12, 39.96]]]}}, {"id": "3752", "type": "Feature", "properties": {}, "geometry": {"type": "Polygon", "coordinates": [[[-91.96, 39.96], [-91.96, 40.12], [-92.11999999999999, 40.12], [-92.11999999999999, 39.96], [-91.96, 39.96]]]}}, {"id": "3753", "type": "Feature", "properties": {}, "geometry": {"type": "Polygon", "coordinates": [[[-91.8, 39.96], [-91.8, 40.12], [-91.96, 40.12], [-91.96, 39.96], [-91.8, 39.96]]]}}, {"id": "3754", "type": "Feature", "properties": {}, "geometry": {"type": "Polygon", "coordinates": [[[-91.64, 39.96], [-91.64, 40.12], [-91.8, 40.12], [-91.8, 39.96], [-91.64, 39.96]]]}}, {"id": "3755", "type": "Feature", "properties": {}, "geometry": {"type": "Polygon", "coordinates": [[[-91.48, 39.96], [-91.48, 40.12], [-91.64, 40.12], [-91.64, 39.96], [-91.48, 39.96]]]}}, {"id": "3756", "type": "Feature", "properties": {}, "geometry": {"type": "Polygon", "coordinates": [[[-102.84, 39.800000000000004], [-102.84, 39.96], [-103.0, 39.96], [-103.0, 39.800000000000004], [-102.84, 39.800000000000004]]]}}, {"id": "3757", "type": "Feature", "properties": {}, "geometry": {"type": "Polygon", "coordinates": [[[-102.68, 39.800000000000004], [-102.68, 39.96], [-102.84, 39.96], [-102.84, 39.800000000000004], [-102.68, 39.800000000000004]]]}}, {"id": "3758", "type": "Feature", "properties": {}, "geometry": {"type": "Polygon", "coordinates": [[[-102.52, 39.800000000000004], [-102.52, 39.96], [-102.67999999999999, 39.96], [-102.67999999999999, 39.800000000000004], [-102.52, 39.800000000000004]]]}}, {"id": "3759", "type": "Feature", "properties": {}, "geometry": {"type": "Polygon", "coordinates": [[[-102.36, 39.800000000000004], [-102.36, 39.96], [-102.52, 39.96], [-102.52, 39.800000000000004], [-102.36, 39.800000000000004]]]}}, {"id": "3760", "type": "Feature", "properties": {}, "geometry": {"type": "Polygon", "coordinates": [[[-102.2, 39.800000000000004], [-102.2, 39.96], [-102.36, 39.96], [-102.36, 39.800000000000004], [-102.2, 39.800000000000004]]]}}, {"id": "3761", "type": "Feature", "properties": {}, "geometry": {"type": "Polygon", "coordinates": [[[-102.04, 39.800000000000004], [-102.04, 39.96], [-102.2, 39.96], [-102.2, 39.800000000000004], [-102.04, 39.800000000000004]]]}}, {"id": "3762", "type": "Feature", "properties": {}, "geometry": {"type": "Polygon", "coordinates": [[[-101.88, 39.800000000000004], [-101.88, 39.96], [-102.03999999999999, 39.96], [-102.03999999999999, 39.800000000000004], [-101.88, 39.800000000000004]]]}}, {"id": "3763", "type": "Feature", "properties": {}, "geometry": {"type": "Polygon", "coordinates": [[[-101.72, 39.800000000000004], [-101.72, 39.96], [-101.88, 39.96], [-101.88, 39.800000000000004], [-101.72, 39.800000000000004]]]}}, {"id": "3764", "type": "Feature", "properties": {}, "geometry": {"type": "Polygon", "coordinates": [[[-101.56, 39.800000000000004], [-101.56, 39.96], [-101.72, 39.96], [-101.72, 39.800000000000004], [-101.56, 39.800000000000004]]]}}, {"id": "3765", "type": "Feature", "properties": {}, "geometry": {"type": "Polygon", "coordinates": [[[-101.4, 39.800000000000004], [-101.4, 39.96], [-101.56, 39.96], [-101.56, 39.800000000000004], [-101.4, 39.800000000000004]]]}}, {"id": "3766", "type": "Feature", "properties": {}, "geometry": {"type": "Polygon", "coordinates": [[[-101.24, 39.800000000000004], [-101.24, 39.96], [-101.39999999999999, 39.96], [-101.39999999999999, 39.800000000000004], [-101.24, 39.800000000000004]]]}}, {"id": "3767", "type": "Feature", "properties": {}, "geometry": {"type": "Polygon", "coordinates": [[[-101.08, 39.800000000000004], [-101.08, 39.96], [-101.24, 39.96], [-101.24, 39.800000000000004], [-101.08, 39.800000000000004]]]}}, {"id": "3768", "type": "Feature", "properties": {}, "geometry": {"type": "Polygon", "coordinates": [[[-100.92, 39.800000000000004], [-100.92, 39.96], [-101.08, 39.96], [-101.08, 39.800000000000004], [-100.92, 39.800000000000004]]]}}, {"id": "3769", "type": "Feature", "properties": {}, "geometry": {"type": "Polygon", "coordinates": [[[-100.76, 39.800000000000004], [-100.76, 39.96], [-100.92, 39.96], [-100.92, 39.800000000000004], [-100.76, 39.800000000000004]]]}}, {"id": "3770", "type": "Feature", "properties": {}, "geometry": {"type": "Polygon", "coordinates": [[[-100.60000000000001, 39.800000000000004], [-100.60000000000001, 39.96], [-100.76, 39.96], [-100.76, 39.800000000000004], [-100.60000000000001, 39.800000000000004]]]}}, {"id": "3771", "type": "Feature", "properties": {}, "geometry": {"type": "Polygon", "coordinates": [[[-100.44, 39.800000000000004], [-100.44, 39.96], [-100.6, 39.96], [-100.6, 39.800000000000004], [-100.44, 39.800000000000004]]]}}, {"id": "3772", "type": "Feature", "properties": {}, "geometry": {"type": "Polygon", "coordinates": [[[-100.28, 39.800000000000004], [-100.28, 39.96], [-100.44, 39.96], [-100.44, 39.800000000000004], [-100.28, 39.800000000000004]]]}}, {"id": "3773", "type": "Feature", "properties": {}, "geometry": {"type": "Polygon", "coordinates": [[[-100.12, 39.800000000000004], [-100.12, 39.96], [-100.28, 39.96], [-100.28, 39.800000000000004], [-100.12, 39.800000000000004]]]}}, {"id": "3774", "type": "Feature", "properties": {}, "geometry": {"type": "Polygon", "coordinates": [[[-99.96000000000001, 39.800000000000004], [-99.96000000000001, 39.96], [-100.12, 39.96], [-100.12, 39.800000000000004], [-99.96000000000001, 39.800000000000004]]]}}, {"id": "3775", "type": "Feature", "properties": {}, "geometry": {"type": "Polygon", "coordinates": [[[-99.8, 39.800000000000004], [-99.8, 39.96], [-99.96, 39.96], [-99.96, 39.800000000000004], [-99.8, 39.800000000000004]]]}}, {"id": "3776", "type": "Feature", "properties": {}, "geometry": {"type": "Polygon", "coordinates": [[[-99.64, 39.800000000000004], [-99.64, 39.96], [-99.8, 39.96], [-99.8, 39.800000000000004], [-99.64, 39.800000000000004]]]}}, {"id": "3777", "type": "Feature", "properties": {}, "geometry": {"type": "Polygon", "coordinates": [[[-99.48, 39.800000000000004], [-99.48, 39.96], [-99.64, 39.96], [-99.64, 39.800000000000004], [-99.48, 39.800000000000004]]]}}, {"id": "3778", "type": "Feature", "properties": {}, "geometry": {"type": "Polygon", "coordinates": [[[-99.32000000000001, 39.800000000000004], [-99.32000000000001, 39.96], [-99.48, 39.96], [-99.48, 39.800000000000004], [-99.32000000000001, 39.800000000000004]]]}}, {"id": "3779", "type": "Feature", "properties": {}, "geometry": {"type": "Polygon", "coordinates": [[[-99.16, 39.800000000000004], [-99.16, 39.96], [-99.32, 39.96], [-99.32, 39.800000000000004], [-99.16, 39.800000000000004]]]}}, {"id": "3780", "type": "Feature", "properties": {}, "geometry": {"type": "Polygon", "coordinates": [[[-99.0, 39.800000000000004], [-99.0, 39.96], [-99.16, 39.96], [-99.16, 39.800000000000004], [-99.0, 39.800000000000004]]]}}, {"id": "3781", "type": "Feature", "properties": {}, "geometry": {"type": "Polygon", "coordinates": [[[-98.84, 39.800000000000004], [-98.84, 39.96], [-99.0, 39.96], [-99.0, 39.800000000000004], [-98.84, 39.800000000000004]]]}}, {"id": "3782", "type": "Feature", "properties": {}, "geometry": {"type": "Polygon", "coordinates": [[[-98.68, 39.800000000000004], [-98.68, 39.96], [-98.84, 39.96], [-98.84, 39.800000000000004], [-98.68, 39.800000000000004]]]}}, {"id": "3783", "type": "Feature", "properties": {}, "geometry": {"type": "Polygon", "coordinates": [[[-98.52, 39.800000000000004], [-98.52, 39.96], [-98.67999999999999, 39.96], [-98.67999999999999, 39.800000000000004], [-98.52, 39.800000000000004]]]}}, {"id": "3784", "type": "Feature", "properties": {}, "geometry": {"type": "Polygon", "coordinates": [[[-98.36, 39.800000000000004], [-98.36, 39.96], [-98.52, 39.96], [-98.52, 39.800000000000004], [-98.36, 39.800000000000004]]]}}, {"id": "3785", "type": "Feature", "properties": {}, "geometry": {"type": "Polygon", "coordinates": [[[-98.2, 39.800000000000004], [-98.2, 39.96], [-98.36, 39.96], [-98.36, 39.800000000000004], [-98.2, 39.800000000000004]]]}}, {"id": "3786", "type": "Feature", "properties": {}, "geometry": {"type": "Polygon", "coordinates": [[[-98.04, 39.800000000000004], [-98.04, 39.96], [-98.2, 39.96], [-98.2, 39.800000000000004], [-98.04, 39.800000000000004]]]}}, {"id": "3787", "type": "Feature", "properties": {}, "geometry": {"type": "Polygon", "coordinates": [[[-97.88, 39.800000000000004], [-97.88, 39.96], [-98.03999999999999, 39.96], [-98.03999999999999, 39.800000000000004], [-97.88, 39.800000000000004]]]}}, {"id": "3788", "type": "Feature", "properties": {}, "geometry": {"type": "Polygon", "coordinates": [[[-97.72, 39.800000000000004], [-97.72, 39.96], [-97.88, 39.96], [-97.88, 39.800000000000004], [-97.72, 39.800000000000004]]]}}, {"id": "3789", "type": "Feature", "properties": {}, "geometry": {"type": "Polygon", "coordinates": [[[-97.56, 39.800000000000004], [-97.56, 39.96], [-97.72, 39.96], [-97.72, 39.800000000000004], [-97.56, 39.800000000000004]]]}}, {"id": "3790", "type": "Feature", "properties": {}, "geometry": {"type": "Polygon", "coordinates": [[[-97.4, 39.800000000000004], [-97.4, 39.96], [-97.56, 39.96], [-97.56, 39.800000000000004], [-97.4, 39.800000000000004]]]}}, {"id": "3791", "type": "Feature", "properties": {}, "geometry": {"type": "Polygon", "coordinates": [[[-97.24, 39.800000000000004], [-97.24, 39.96], [-97.39999999999999, 39.96], [-97.39999999999999, 39.800000000000004], [-97.24, 39.800000000000004]]]}}, {"id": "3792", "type": "Feature", "properties": {}, "geometry": {"type": "Polygon", "coordinates": [[[-97.08, 39.800000000000004], [-97.08, 39.96], [-97.24, 39.96], [-97.24, 39.800000000000004], [-97.08, 39.800000000000004]]]}}, {"id": "3793", "type": "Feature", "properties": {}, "geometry": {"type": "Polygon", "coordinates": [[[-96.92, 39.800000000000004], [-96.92, 39.96], [-97.08, 39.96], [-97.08, 39.800000000000004], [-96.92, 39.800000000000004]]]}}, {"id": "3794", "type": "Feature", "properties": {}, "geometry": {"type": "Polygon", "coordinates": [[[-96.76, 39.800000000000004], [-96.76, 39.96], [-96.92, 39.96], [-96.92, 39.800000000000004], [-96.76, 39.800000000000004]]]}}, {"id": "3795", "type": "Feature", "properties": {}, "geometry": {"type": "Polygon", "coordinates": [[[-96.60000000000001, 39.800000000000004], [-96.60000000000001, 39.96], [-96.76, 39.96], [-96.76, 39.800000000000004], [-96.60000000000001, 39.800000000000004]]]}}, {"id": "3796", "type": "Feature", "properties": {}, "geometry": {"type": "Polygon", "coordinates": [[[-96.44, 39.800000000000004], [-96.44, 39.96], [-96.6, 39.96], [-96.6, 39.800000000000004], [-96.44, 39.800000000000004]]]}}, {"id": "3797", "type": "Feature", "properties": {}, "geometry": {"type": "Polygon", "coordinates": [[[-96.28, 39.800000000000004], [-96.28, 39.96], [-96.44, 39.96], [-96.44, 39.800000000000004], [-96.28, 39.800000000000004]]]}}, {"id": "3798", "type": "Feature", "properties": {}, "geometry": {"type": "Polygon", "coordinates": [[[-96.12, 39.800000000000004], [-96.12, 39.96], [-96.28, 39.96], [-96.28, 39.800000000000004], [-96.12, 39.800000000000004]]]}}, {"id": "3799", "type": "Feature", "properties": {}, "geometry": {"type": "Polygon", "coordinates": [[[-95.96000000000001, 39.800000000000004], [-95.96000000000001, 39.96], [-96.12, 39.96], [-96.12, 39.800000000000004], [-95.96000000000001, 39.800000000000004]]]}}, {"id": "3800", "type": "Feature", "properties": {}, "geometry": {"type": "Polygon", "coordinates": [[[-95.8, 39.800000000000004], [-95.8, 39.96], [-95.96, 39.96], [-95.96, 39.800000000000004], [-95.8, 39.800000000000004]]]}}, {"id": "3801", "type": "Feature", "properties": {}, "geometry": {"type": "Polygon", "coordinates": [[[-95.64, 39.800000000000004], [-95.64, 39.96], [-95.8, 39.96], [-95.8, 39.800000000000004], [-95.64, 39.800000000000004]]]}}, {"id": "3802", "type": "Feature", "properties": {}, "geometry": {"type": "Polygon", "coordinates": [[[-95.48, 39.800000000000004], [-95.48, 39.96], [-95.64, 39.96], [-95.64, 39.800000000000004], [-95.48, 39.800000000000004]]]}}, {"id": "3803", "type": "Feature", "properties": {}, "geometry": {"type": "Polygon", "coordinates": [[[-95.32000000000001, 39.800000000000004], [-95.32000000000001, 39.96], [-95.48, 39.96], [-95.48, 39.800000000000004], [-95.32000000000001, 39.800000000000004]]]}}, {"id": "3804", "type": "Feature", "properties": {}, "geometry": {"type": "Polygon", "coordinates": [[[-95.16, 39.800000000000004], [-95.16, 39.96], [-95.32, 39.96], [-95.32, 39.800000000000004], [-95.16, 39.800000000000004]]]}}, {"id": "3805", "type": "Feature", "properties": {}, "geometry": {"type": "Polygon", "coordinates": [[[-95.0, 39.800000000000004], [-95.0, 39.96], [-95.16, 39.96], [-95.16, 39.800000000000004], [-95.0, 39.800000000000004]]]}}, {"id": "3806", "type": "Feature", "properties": {}, "geometry": {"type": "Polygon", "coordinates": [[[-94.84, 39.800000000000004], [-94.84, 39.96], [-95.0, 39.96], [-95.0, 39.800000000000004], [-94.84, 39.800000000000004]]]}}, {"id": "3807", "type": "Feature", "properties": {}, "geometry": {"type": "Polygon", "coordinates": [[[-94.68, 39.800000000000004], [-94.68, 39.96], [-94.84, 39.96], [-94.84, 39.800000000000004], [-94.68, 39.800000000000004]]]}}, {"id": "3808", "type": "Feature", "properties": {}, "geometry": {"type": "Polygon", "coordinates": [[[-94.52, 39.800000000000004], [-94.52, 39.96], [-94.67999999999999, 39.96], [-94.67999999999999, 39.800000000000004], [-94.52, 39.800000000000004]]]}}, {"id": "3809", "type": "Feature", "properties": {}, "geometry": {"type": "Polygon", "coordinates": [[[-94.36, 39.800000000000004], [-94.36, 39.96], [-94.52, 39.96], [-94.52, 39.800000000000004], [-94.36, 39.800000000000004]]]}}, {"id": "3810", "type": "Feature", "properties": {}, "geometry": {"type": "Polygon", "coordinates": [[[-94.2, 39.800000000000004], [-94.2, 39.96], [-94.36, 39.96], [-94.36, 39.800000000000004], [-94.2, 39.800000000000004]]]}}, {"id": "3811", "type": "Feature", "properties": {}, "geometry": {"type": "Polygon", "coordinates": [[[-94.04, 39.800000000000004], [-94.04, 39.96], [-94.2, 39.96], [-94.2, 39.800000000000004], [-94.04, 39.800000000000004]]]}}, {"id": "3812", "type": "Feature", "properties": {}, "geometry": {"type": "Polygon", "coordinates": [[[-93.88, 39.800000000000004], [-93.88, 39.96], [-94.03999999999999, 39.96], [-94.03999999999999, 39.800000000000004], [-93.88, 39.800000000000004]]]}}, {"id": "3813", "type": "Feature", "properties": {}, "geometry": {"type": "Polygon", "coordinates": [[[-93.72, 39.800000000000004], [-93.72, 39.96], [-93.88, 39.96], [-93.88, 39.800000000000004], [-93.72, 39.800000000000004]]]}}, {"id": "3814", "type": "Feature", "properties": {}, "geometry": {"type": "Polygon", "coordinates": [[[-93.56, 39.800000000000004], [-93.56, 39.96], [-93.72, 39.96], [-93.72, 39.800000000000004], [-93.56, 39.800000000000004]]]}}, {"id": "3815", "type": "Feature", "properties": {}, "geometry": {"type": "Polygon", "coordinates": [[[-93.4, 39.800000000000004], [-93.4, 39.96], [-93.56, 39.96], [-93.56, 39.800000000000004], [-93.4, 39.800000000000004]]]}}, {"id": "3816", "type": "Feature", "properties": {}, "geometry": {"type": "Polygon", "coordinates": [[[-93.24, 39.800000000000004], [-93.24, 39.96], [-93.39999999999999, 39.96], [-93.39999999999999, 39.800000000000004], [-93.24, 39.800000000000004]]]}}, {"id": "3817", "type": "Feature", "properties": {}, "geometry": {"type": "Polygon", "coordinates": [[[-93.08, 39.800000000000004], [-93.08, 39.96], [-93.24, 39.96], [-93.24, 39.800000000000004], [-93.08, 39.800000000000004]]]}}, {"id": "3818", "type": "Feature", "properties": {}, "geometry": {"type": "Polygon", "coordinates": [[[-92.92, 39.800000000000004], [-92.92, 39.96], [-93.08, 39.96], [-93.08, 39.800000000000004], [-92.92, 39.800000000000004]]]}}, {"id": "3819", "type": "Feature", "properties": {}, "geometry": {"type": "Polygon", "coordinates": [[[-92.76, 39.800000000000004], [-92.76, 39.96], [-92.92, 39.96], [-92.92, 39.800000000000004], [-92.76, 39.800000000000004]]]}}, {"id": "3820", "type": "Feature", "properties": {}, "geometry": {"type": "Polygon", "coordinates": [[[-92.60000000000001, 39.800000000000004], [-92.60000000000001, 39.96], [-92.76, 39.96], [-92.76, 39.800000000000004], [-92.60000000000001, 39.800000000000004]]]}}, {"id": "3821", "type": "Feature", "properties": {}, "geometry": {"type": "Polygon", "coordinates": [[[-92.44, 39.800000000000004], [-92.44, 39.96], [-92.6, 39.96], [-92.6, 39.800000000000004], [-92.44, 39.800000000000004]]]}}, {"id": "3822", "type": "Feature", "properties": {}, "geometry": {"type": "Polygon", "coordinates": [[[-92.28, 39.800000000000004], [-92.28, 39.96], [-92.44, 39.96], [-92.44, 39.800000000000004], [-92.28, 39.800000000000004]]]}}, {"id": "3823", "type": "Feature", "properties": {}, "geometry": {"type": "Polygon", "coordinates": [[[-92.12, 39.800000000000004], [-92.12, 39.96], [-92.28, 39.96], [-92.28, 39.800000000000004], [-92.12, 39.800000000000004]]]}}, {"id": "3824", "type": "Feature", "properties": {}, "geometry": {"type": "Polygon", "coordinates": [[[-91.96, 39.800000000000004], [-91.96, 39.96], [-92.11999999999999, 39.96], [-92.11999999999999, 39.800000000000004], [-91.96, 39.800000000000004]]]}}, {"id": "3825", "type": "Feature", "properties": {}, "geometry": {"type": "Polygon", "coordinates": [[[-91.8, 39.800000000000004], [-91.8, 39.96], [-91.96, 39.96], [-91.96, 39.800000000000004], [-91.8, 39.800000000000004]]]}}, {"id": "3826", "type": "Feature", "properties": {}, "geometry": {"type": "Polygon", "coordinates": [[[-91.64, 39.800000000000004], [-91.64, 39.96], [-91.8, 39.96], [-91.8, 39.800000000000004], [-91.64, 39.800000000000004]]]}}, {"id": "3827", "type": "Feature", "properties": {}, "geometry": {"type": "Polygon", "coordinates": [[[-91.48, 39.800000000000004], [-91.48, 39.96], [-91.64, 39.96], [-91.64, 39.800000000000004], [-91.48, 39.800000000000004]]]}}, {"id": "3828", "type": "Feature", "properties": {}, "geometry": {"type": "Polygon", "coordinates": [[[-91.32000000000001, 39.800000000000004], [-91.32000000000001, 39.96], [-91.48, 39.96], [-91.48, 39.800000000000004], [-91.32000000000001, 39.800000000000004]]]}}, {"id": "3829", "type": "Feature", "properties": {}, "geometry": {"type": "Polygon", "coordinates": [[[-91.16, 39.800000000000004], [-91.16, 39.96], [-91.32, 39.96], [-91.32, 39.800000000000004], [-91.16, 39.800000000000004]]]}}, {"id": "3830", "type": "Feature", "properties": {}, "geometry": {"type": "Polygon", "coordinates": [[[-91.0, 39.800000000000004], [-91.0, 39.96], [-91.16, 39.96], [-91.16, 39.800000000000004], [-91.0, 39.800000000000004]]]}}, {"id": "3831", "type": "Feature", "properties": {}, "geometry": {"type": "Polygon", "coordinates": [[[-90.84, 39.800000000000004], [-90.84, 39.96], [-91.0, 39.96], [-91.0, 39.800000000000004], [-90.84, 39.800000000000004]]]}}, {"id": "3832", "type": "Feature", "properties": {}, "geometry": {"type": "Polygon", "coordinates": [[[-90.68, 39.800000000000004], [-90.68, 39.96], [-90.84, 39.96], [-90.84, 39.800000000000004], [-90.68, 39.800000000000004]]]}}, {"id": "3833", "type": "Feature", "properties": {}, "geometry": {"type": "Polygon", "coordinates": [[[-90.52, 39.800000000000004], [-90.52, 39.96], [-90.67999999999999, 39.96], [-90.67999999999999, 39.800000000000004], [-90.52, 39.800000000000004]]]}}, {"id": "3834", "type": "Feature", "properties": {}, "geometry": {"type": "Polygon", "coordinates": [[[-90.36, 39.800000000000004], [-90.36, 39.96], [-90.52, 39.96], [-90.52, 39.800000000000004], [-90.36, 39.800000000000004]]]}}, {"id": "3835", "type": "Feature", "properties": {}, "geometry": {"type": "Polygon", "coordinates": [[[-90.2, 39.800000000000004], [-90.2, 39.96], [-90.36, 39.96], [-90.36, 39.800000000000004], [-90.2, 39.800000000000004]]]}}, {"id": "3836", "type": "Feature", "properties": {}, "geometry": {"type": "Polygon", "coordinates": [[[-90.04, 39.800000000000004], [-90.04, 39.96], [-90.2, 39.96], [-90.2, 39.800000000000004], [-90.04, 39.800000000000004]]]}}, {"id": "3837", "type": "Feature", "properties": {}, "geometry": {"type": "Polygon", "coordinates": [[[-89.88, 39.800000000000004], [-89.88, 39.96], [-90.03999999999999, 39.96], [-90.03999999999999, 39.800000000000004], [-89.88, 39.800000000000004]]]}}, {"id": "3838", "type": "Feature", "properties": {}, "geometry": {"type": "Polygon", "coordinates": [[[-89.72, 39.800000000000004], [-89.72, 39.96], [-89.88, 39.96], [-89.88, 39.800000000000004], [-89.72, 39.800000000000004]]]}}, {"id": "3839", "type": "Feature", "properties": {}, "geometry": {"type": "Polygon", "coordinates": [[[-89.56, 39.800000000000004], [-89.56, 39.96], [-89.72, 39.96], [-89.72, 39.800000000000004], [-89.56, 39.800000000000004]]]}}, {"id": "3840", "type": "Feature", "properties": {}, "geometry": {"type": "Polygon", "coordinates": [[[-89.4, 39.800000000000004], [-89.4, 39.96], [-89.56, 39.96], [-89.56, 39.800000000000004], [-89.4, 39.800000000000004]]]}}, {"id": "3841", "type": "Feature", "properties": {}, "geometry": {"type": "Polygon", "coordinates": [[[-89.24, 39.800000000000004], [-89.24, 39.96], [-89.39999999999999, 39.96], [-89.39999999999999, 39.800000000000004], [-89.24, 39.800000000000004]]]}}, {"id": "3842", "type": "Feature", "properties": {}, "geometry": {"type": "Polygon", "coordinates": [[[-89.08, 39.800000000000004], [-89.08, 39.96], [-89.24, 39.96], [-89.24, 39.800000000000004], [-89.08, 39.800000000000004]]]}}, {"id": "3843", "type": "Feature", "properties": {}, "geometry": {"type": "Polygon", "coordinates": [[[-88.92, 39.800000000000004], [-88.92, 39.96], [-89.08, 39.96], [-89.08, 39.800000000000004], [-88.92, 39.800000000000004]]]}}, {"id": "3844", "type": "Feature", "properties": {}, "geometry": {"type": "Polygon", "coordinates": [[[-88.76, 39.800000000000004], [-88.76, 39.96], [-88.92, 39.96], [-88.92, 39.800000000000004], [-88.76, 39.800000000000004]]]}}, {"id": "3845", "type": "Feature", "properties": {}, "geometry": {"type": "Polygon", "coordinates": [[[-88.60000000000001, 39.800000000000004], [-88.60000000000001, 39.96], [-88.76, 39.96], [-88.76, 39.800000000000004], [-88.60000000000001, 39.800000000000004]]]}}, {"id": "3846", "type": "Feature", "properties": {}, "geometry": {"type": "Polygon", "coordinates": [[[-88.44, 39.800000000000004], [-88.44, 39.96], [-88.6, 39.96], [-88.6, 39.800000000000004], [-88.44, 39.800000000000004]]]}}, {"id": "3847", "type": "Feature", "properties": {}, "geometry": {"type": "Polygon", "coordinates": [[[-88.28, 39.800000000000004], [-88.28, 39.96], [-88.44, 39.96], [-88.44, 39.800000000000004], [-88.28, 39.800000000000004]]]}}, {"id": "3848", "type": "Feature", "properties": {}, "geometry": {"type": "Polygon", "coordinates": [[[-88.12, 39.800000000000004], [-88.12, 39.96], [-88.28, 39.96], [-88.28, 39.800000000000004], [-88.12, 39.800000000000004]]]}}, {"id": "3849", "type": "Feature", "properties": {}, "geometry": {"type": "Polygon", "coordinates": [[[-87.96, 39.800000000000004], [-87.96, 39.96], [-88.11999999999999, 39.96], [-88.11999999999999, 39.800000000000004], [-87.96, 39.800000000000004]]]}}, {"id": "3850", "type": "Feature", "properties": {}, "geometry": {"type": "Polygon", "coordinates": [[[-87.8, 39.800000000000004], [-87.8, 39.96], [-87.96, 39.96], [-87.96, 39.800000000000004], [-87.8, 39.800000000000004]]]}}, {"id": "3851", "type": "Feature", "properties": {}, "geometry": {"type": "Polygon", "coordinates": [[[-87.64, 39.800000000000004], [-87.64, 39.96], [-87.8, 39.96], [-87.8, 39.800000000000004], [-87.64, 39.800000000000004]]]}}, {"id": "3852", "type": "Feature", "properties": {}, "geometry": {"type": "Polygon", "coordinates": [[[-87.48, 39.800000000000004], [-87.48, 39.96], [-87.64, 39.96], [-87.64, 39.800000000000004], [-87.48, 39.800000000000004]]]}}, {"id": "3853", "type": "Feature", "properties": {}, "geometry": {"type": "Polygon", "coordinates": [[[-87.32000000000001, 39.800000000000004], [-87.32000000000001, 39.96], [-87.48, 39.96], [-87.48, 39.800000000000004], [-87.32000000000001, 39.800000000000004]]]}}, {"id": "3854", "type": "Feature", "properties": {}, "geometry": {"type": "Polygon", "coordinates": [[[-87.16, 39.800000000000004], [-87.16, 39.96], [-87.32, 39.96], [-87.32, 39.800000000000004], [-87.16, 39.800000000000004]]]}}, {"id": "3855", "type": "Feature", "properties": {}, "geometry": {"type": "Polygon", "coordinates": [[[-87.0, 39.800000000000004], [-87.0, 39.96], [-87.16, 39.96], [-87.16, 39.800000000000004], [-87.0, 39.800000000000004]]]}}, {"id": "3856", "type": "Feature", "properties": {}, "geometry": {"type": "Polygon", "coordinates": [[[-86.84, 39.800000000000004], [-86.84, 39.96], [-87.0, 39.96], [-87.0, 39.800000000000004], [-86.84, 39.800000000000004]]]}}, {"id": "3857", "type": "Feature", "properties": {}, "geometry": {"type": "Polygon", "coordinates": [[[-86.67999999999999, 39.800000000000004], [-86.67999999999999, 39.96], [-86.83999999999999, 39.96], [-86.83999999999999, 39.800000000000004], [-86.67999999999999, 39.800000000000004]]]}}, {"id": "3858", "type": "Feature", "properties": {}, "geometry": {"type": "Polygon", "coordinates": [[[-86.52, 39.800000000000004], [-86.52, 39.96], [-86.67999999999999, 39.96], [-86.67999999999999, 39.800000000000004], [-86.52, 39.800000000000004]]]}}, {"id": "3859", "type": "Feature", "properties": {}, "geometry": {"type": "Polygon", "coordinates": [[[-86.36, 39.800000000000004], [-86.36, 39.96], [-86.52, 39.96], [-86.52, 39.800000000000004], [-86.36, 39.800000000000004]]]}}, {"id": "3860", "type": "Feature", "properties": {}, "geometry": {"type": "Polygon", "coordinates": [[[-86.2, 39.800000000000004], [-86.2, 39.96], [-86.36, 39.96], [-86.36, 39.800000000000004], [-86.2, 39.800000000000004]]]}}, {"id": "3861", "type": "Feature", "properties": {}, "geometry": {"type": "Polygon", "coordinates": [[[-86.04, 39.800000000000004], [-86.04, 39.96], [-86.2, 39.96], [-86.2, 39.800000000000004], [-86.04, 39.800000000000004]]]}}, {"id": "3862", "type": "Feature", "properties": {}, "geometry": {"type": "Polygon", "coordinates": [[[-85.88000000000001, 39.800000000000004], [-85.88000000000001, 39.96], [-86.04, 39.96], [-86.04, 39.800000000000004], [-85.88000000000001, 39.800000000000004]]]}}, {"id": "3863", "type": "Feature", "properties": {}, "geometry": {"type": "Polygon", "coordinates": [[[-85.72, 39.800000000000004], [-85.72, 39.96], [-85.88, 39.96], [-85.88, 39.800000000000004], [-85.72, 39.800000000000004]]]}}, {"id": "3864", "type": "Feature", "properties": {}, "geometry": {"type": "Polygon", "coordinates": [[[-85.56, 39.800000000000004], [-85.56, 39.96], [-85.72, 39.96], [-85.72, 39.800000000000004], [-85.56, 39.800000000000004]]]}}, {"id": "3865", "type": "Feature", "properties": {}, "geometry": {"type": "Polygon", "coordinates": [[[-85.4, 39.800000000000004], [-85.4, 39.96], [-85.56, 39.96], [-85.56, 39.800000000000004], [-85.4, 39.800000000000004]]]}}, {"id": "3866", "type": "Feature", "properties": {}, "geometry": {"type": "Polygon", "coordinates": [[[-85.24, 39.800000000000004], [-85.24, 39.96], [-85.39999999999999, 39.96], [-85.39999999999999, 39.800000000000004], [-85.24, 39.800000000000004]]]}}, {"id": "3867", "type": "Feature", "properties": {}, "geometry": {"type": "Polygon", "coordinates": [[[-85.08, 39.800000000000004], [-85.08, 39.96], [-85.24, 39.96], [-85.24, 39.800000000000004], [-85.08, 39.800000000000004]]]}}, {"id": "3868", "type": "Feature", "properties": {}, "geometry": {"type": "Polygon", "coordinates": [[[-84.92, 39.800000000000004], [-84.92, 39.96], [-85.08, 39.96], [-85.08, 39.800000000000004], [-84.92, 39.800000000000004]]]}}, {"id": "3869", "type": "Feature", "properties": {}, "geometry": {"type": "Polygon", "coordinates": [[[-84.76, 39.800000000000004], [-84.76, 39.96], [-84.92, 39.96], [-84.92, 39.800000000000004], [-84.76, 39.800000000000004]]]}}, {"id": "3870", "type": "Feature", "properties": {}, "geometry": {"type": "Polygon", "coordinates": [[[-84.60000000000001, 39.800000000000004], [-84.60000000000001, 39.96], [-84.76, 39.96], [-84.76, 39.800000000000004], [-84.60000000000001, 39.800000000000004]]]}}, {"id": "3871", "type": "Feature", "properties": {}, "geometry": {"type": "Polygon", "coordinates": [[[-84.44, 39.800000000000004], [-84.44, 39.96], [-84.6, 39.96], [-84.6, 39.800000000000004], [-84.44, 39.800000000000004]]]}}, {"id": "3872", "type": "Feature", "properties": {}, "geometry": {"type": "Polygon", "coordinates": [[[-84.28, 39.800000000000004], [-84.28, 39.96], [-84.44, 39.96], [-84.44, 39.800000000000004], [-84.28, 39.800000000000004]]]}}, {"id": "3873", "type": "Feature", "properties": {}, "geometry": {"type": "Polygon", "coordinates": [[[-84.12, 39.800000000000004], [-84.12, 39.96], [-84.28, 39.96], [-84.28, 39.800000000000004], [-84.12, 39.800000000000004]]]}}, {"id": "3874", "type": "Feature", "properties": {}, "geometry": {"type": "Polygon", "coordinates": [[[-83.96, 39.800000000000004], [-83.96, 39.96], [-84.11999999999999, 39.96], [-84.11999999999999, 39.800000000000004], [-83.96, 39.800000000000004]]]}}]}