{"type": "FeatureCollection", "features": [{"id": "0", "type": "Feature", "properties": {"min_value": 1.4323432373473743, "max_value": 12.0, "color": "#00e400"}, "geometry": {"type": "MultiPolygon", "coordinates": [[[[-87.51886792452834, 30.717240038782478], [-87.32075471698118, 30.739427520791732], [-87.122641509434, 30.72750728632878], [-87.06146859128587, 30.672268907563023], [-86.99863630166656, 30.504201680672267], [-87.09585590908782, 30.33613445378151], [-87.122641509434, 30.312741617751858], [-87.32075471698118, 30.297744132394875], [-87.51886792452834, 30.306241051737377], [-87.68437870975363, 30.168067226890756], [-87.71698113207552, 30.149786227581014], [-87.91509433962267, 30.084265388403793], [-88.11320754716985, 30.06688849423419], [-88.311320754717, 30.004403934555754], [-88.32648120757418, 30.0], [-88.32648120757418, 29.915966386554622], [-88.41037735849059, 29.915966386554622], [-88.50943396226418, 29.915966386554622], [-88.60849056603776, 29.915966386554622], [-88.70754716981133, 29.915966386554622], [-88.80660377358492, 29.915966386554622], [-88.90566037735852, 29.915966386554622], [-89.00471698113209, 29.915966386554622], [-89.10377358490567, 29.915966386554622], [-89.20283018867926, 29.915966386554622], [-89.30188679245285, 29.915966386554622], [-89.40094339622642, 29.915966386554622], [-89.5, 29.915966386554622], [-89.59905660377359, 29.915966386554622], [-89.59905660377359, 30.0], [-89.59905660377359, 30.084033613445378], [-89.59905660377359, 30.168067226890756], [-89.59905660377359, 30.252100840336134], [-89.59905660377359, 30.33613445378151], [-89.59905660377359, 30.42016806722689], [-89.59905660377359, 30.504201680672267], [-89.59905660377359, 30.588235294117645], [-89.59905660377359, 30.672268907563023], [-89.59905660377359, 30.710229923331056], [-89.5, 30.710229923331056], [-89.30188679245285, 30.826224692819753], [-89.2182377836932, 30.84033613445378], [-89.10377358490567, 30.919015518779354], [-88.90566037735852, 30.853096411112073], [-88.70754716981133, 30.860221357028347], [-88.50943396226418, 30.930025968207126], [-88.40966716360796, 31.008403361344534], [-88.311320754717, 31.057365575090035], [-88.11320754716985, 31.112627958178944], [-87.91509433962267, 31.06746808933033], [-87.81916507463187, 31.008403361344534], [-87.71698113207552, 30.917362122318107], [-87.62402000102287, 30.84033613445378], [-87.51886792452834, 30.717240038782478]]], [[[-89.016702758302, 31.17647058823529], [-89.10377358490567, 31.03372245725659], [-89.19540572460735, 31.008403361344534], [-89.30188679245285, 30.900219973227905], [-89.34136829008067, 31.008403361344534], [-89.5, 31.10572933522234], [-89.59905660377359, 31.10572933522234], [-89.59905660377359, 31.17647058823529], [-89.59905660377359, 31.260504201680668], [-89.59905660377359, 31.344537815126046], [-89.59905660377359, 31.428571428571423], [-89.59905660377359, 31.470439799426327], [-89.5, 31.470439799426327], [-89.45715636482726, 31.5126050420168], [-89.30188679245285, 31.582387217932236], [-89.11610899439953, 31.5126050420168], [-89.10377358490567, 31.502785535019115], [-89.00314050872129, 31.344537815126046], [-89.016702758302, 31.17647058823529]]], [[[-88.11320754716985, 32.32666041235722], [-88.29689358757138, 32.184873949579824], [-88.311320754717, 32.178987270716505], [-88.32081775833863, 32.184873949579824], [-88.44993615809187, 32.35294117647058], [-88.33469421216543, 32.521008403361336], [-88.311320754717, 32.53416771166703], [-88.2753812221105, 32.521008403361336], [-88.11320754716985, 32.37837147843113], [-88.10171765641087, 32.35294117647058], [-88.11320754716985, 32.32666041235722]]], [[[-89.09452517684237, 42.26890756302517], [-89.10377358490567, 42.26031037378551], [-89.11202419317841, 42.26890756302517], [-89.10377358490567, 42.278555336957794], [-89.09452517684237, 42.26890756302517]]], [[[-87.90933652082816, 42.94117647058819], [-87.91509433962267, 42.93455438345932], [-87.93107702813984, 42.94117647058819], [-87.91509433962267, 42.99047173726646], [-87.90933652082816, 42.94117647058819]]], [[[-89.59905660377359, 42.96897661020073], [-89.59905660377359, 43.02521008403357], [-89.59905660377359, 43.109243697478945], [-89.59905660377359, 43.19327731092432], [-89.59905660377359, 43.19963287438658], [-89.5, 43.19963287438658], [-89.30188679245285, 43.244118661918996], [-89.20350945732686, 43.109243697478945], [-89.30188679245285, 42.95303145766314], [-89.5, 42.96897661020073], [-89.59905660377359, 42.96897661020073]]], [[[-88.50943396226418, 43.34310193203347], [-88.70754716981133, 43.32023463287711], [-88.81423938497588, 43.445378151260456], [-88.72501106078288, 43.61344537815121], [-88.70754716981133, 43.62817285535672], [-88.58139725399393, 43.61344537815121], [-88.50943396226418, 43.59953792978272], [-88.42226266609438, 43.445378151260456], [-88.50943396226418, 43.34310193203347]]], [[[-87.91509433962267, 43.347084472657], [-88.0038058659839, 43.445378151260456], [-87.95332282712782, 43.61344537815121], [-87.91509433962267, 43.64314150799308], [-87.71698113207552, 43.64120294928902], [-87.69097732786241, 43.61344537815121], [-87.65111419268585, 43.445378151260456], [-87.71698113207552, 43.35770114945085], [-87.91509433962267, 43.347084472657]]], [[[-88.14693969991198, 44.285714285714235], [-88.311320754717, 44.17542673830706], [-88.50943396226418, 44.20872488805804], [-88.56095374187021, 44.285714285714235], [-88.50943396226418, 44.40974800230797], [-88.413557887009, 44.45378151260499], [-88.311320754717, 44.487459571082276], [-88.20414813709523, 44.621848739495746], [-88.11320754716985, 44.68303910263749], [-87.91509433962267, 44.69604965666918], [-87.83758357893304, 44.621848739495746], [-87.80562846638625, 44.45378151260499], [-87.91509433962267, 44.321286285487915], [-88.11320754716985, 44.30780270555304], [-88.14693969991198, 44.285714285714235]]], [[[-89.02406163273318, 45.462184873949525], [-89.04099302549857, 45.63025210084028], [-88.90566037735852, 45.788164847100404], [-88.70754716981133, 45.781329403169295], [-88.58452167744765, 45.63025210084028], [-88.59983565945316, 45.462184873949525], [-88.70754716981133, 45.351709138170314], [-88.90566037735852, 45.34729319207851], [-89.02406163273318, 45.462184873949525]]], [[[-81.57547169811335, 30.37324300333375], [-81.53765333117073, 30.33613445378151], [-81.57547169811335, 30.285263027878546], [-81.60924940617974, 30.33613445378151], [-81.57547169811335, 30.37324300333375]]], [[[-84.23814773250442, 31.5126050420168], [-84.20814845830493, 31.680672268907557], [-84.15094339622652, 31.725778050347927], [-84.02561703961024, 31.680672268907557], [-83.95639055477717, 31.5126050420168], [-84.15094339622652, 31.429310317849442], [-84.23814773250442, 31.5126050420168]]], [[[-84.94339622641519, 32.57305624778867], [-84.88622796964054, 32.521008403361336], [-84.94339622641519, 32.39874581504721], [-85.00379562185776, 32.521008403361336], [-84.94339622641519, 32.57305624778867]]], [[[-71.06254828657151, 42.773109243697434], [-71.07547169811355, 42.75874539411283], [-71.0936346984232, 42.773109243697434], [-71.07547169811355, 42.78536207315523], [-71.06254828657151, 42.773109243697434]]], [[[-70.6765924988605, 43.109243697478945], [-70.67924528301921, 43.104967956030485], [-70.68555586311321, 43.109243697478945], [-70.67924528301921, 43.11214966030003], [-70.6765924988605, 43.109243697478945]]], [[[-71.47169811320788, 43.660778845976004], [-71.41542921690748, 43.61344537815121], [-71.47169811320788, 43.51701345346058], [-71.53463298015787, 43.61344537815121], [-71.47169811320788, 43.660778845976004]]], [[[-70.0635158925504, 43.94957983193272], [-70.0849056603777, 43.89866812746989], [-70.17492428738431, 43.78151260504197], [-70.14123357593868, 43.61344537815121], [-70.28301886792488, 43.522823668542394], [-70.39195500463953, 43.61344537815121], [-70.3504764091694, 43.78151260504197], [-70.3569143137554, 43.94957983193272], [-70.4229900728552, 44.11764705882348], [-70.32938286262475, 44.285714285714235], [-70.28301886792488, 44.32193650288485], [-70.22511374199486, 44.285714285714235], [-70.0849056603777, 44.24541627205735], [-70.00268599524675, 44.11764705882348], [-70.0635158925504, 43.94957983193272]]], [[[-70.67924528301921, 44.406513076156166], [-70.71535643575987, 44.45378151260499], [-70.73136879596227, 44.621848739495746], [-70.67924528301921, 44.68987219185776], [-70.48113207547203, 44.7452951034733], [-70.34125538670234, 44.621848739495746], [-70.3337285039577, 44.45378151260499], [-70.48113207547203, 44.325421482644934], [-70.67924528301921, 44.406513076156166]]], [[[-68.17393107521974, 44.621848739495746], [-68.10377358490604, 44.595949745275185], [-68.0069816709894, 44.45378151260499], [-68.01855803810123, 44.285714285714235], [-68.10377358490604, 44.18528393096037], [-68.30188679245322, 44.13218858456686], [-68.50000000000037, 44.28243247722441], [-68.50307684457877, 44.285714285714235], [-68.55841825463742, 44.45378151260499], [-68.69811320754755, 44.54076341090494], [-68.8962264150947, 44.59783870402893], [-68.9216619592368, 44.621848739495746], [-69.01645314279642, 44.7899159663865], [-68.97359357354473, 44.95798319327726], [-68.8962264150947, 45.03625022767315], [-68.69811320754755, 45.06789955115118], [-68.54212614173589, 44.95798319327726], [-68.50000000000037, 44.8403576345801], [-68.47028880438533, 44.7899159663865], [-68.30188679245322, 44.67372513714576], [-68.17393107521974, 44.621848739495746]]], [[[-67.97568100019818, 47.14285714285708], [-67.90566037735888, 47.061330614838056], [-67.84297211530371, 46.974789915966326], [-67.7169205735617, 46.80672268907557], [-67.7075471698117, 46.69729086779945], [-67.7033279099706, 46.638655462184815], [-67.7075471698117, 46.62945300340672], [-67.80456767690696, 46.47058823529406], [-67.90566037735888, 46.400903044169006], [-68.10377358490604, 46.39603344979741], [-68.21783258984506, 46.47058823529406], [-68.30188679245322, 46.591497512491195], [-68.32727253915891, 46.638655462184815], [-68.33503793817127, 46.80672268907557], [-68.35110847121773, 46.974789915966326], [-68.50000000000037, 47.067347206568016], [-68.55742208153657, 47.14285714285708], [-68.62997883180284, 47.31092436974784], [-68.60637729780697, 47.47899159663859], [-68.50000000000037, 47.61534916939506], [-68.41823570787847, 47.64705882352935], [-68.30188679245322, 47.68128696669715], [-68.19714047930927, 47.64705882352935], [-68.10377358490604, 47.601219346555546], [-68.00232404572222, 47.47899159663859], [-67.96363194497212, 47.31092436974784], [-67.97568100019818, 47.14285714285708]]]]}}, {"id": "1", "type": "Feature", "properties": {"min_value": 12.0, "max_value": 35.4, "color": "#ffff00"}, "geometry": {"type": "MultiPolygon", "coordinates": [[[[-79.79245283018886, 37.12417184123932], [-79.99056603773602, 37.119590129675125], [-80.0817042104853, 37.226890756302495], [-80.02874483013801, 37.39495798319325], [-79.99056603773602, 37.423502218710986], [-79.79245283018886, 37.42285514225359], [-79.7623544062604, 37.39495798319325], [-79.71700966596218, 37.226890756302495], [-79.79245283018886, 37.12417184123932]]], [[[-81.57547169811335, 38.07750071160475], [-81.77358490566053, 38.10594065204421], [-81.89246387410563, 38.23529411764703], [-81.89809268569856, 38.403361344537785], [-81.77358490566053, 38.53898392506035], [-81.63787547565246, 38.57142857142854], [-81.57547169811335, 38.58549605172559], [-81.55336689968304, 38.57142857142854], [-81.38645700105427, 38.403361344537785], [-81.39799994067832, 38.23529411764703], [-81.57547169811335, 38.07750071160475]]], [[[-88.50943396226418, 47.55773054354184], [-88.311320754717, 47.48901092263321], [-88.28799008815115, 47.47899159663859], [-88.11320754716985, 47.407018325206316], [-87.92721114485167, 47.31092436974784], [-87.91509433962267, 47.30477651108662], [-87.71698113207552, 47.18612760038999], [-87.65471163320063, 47.14285714285708], [-87.51886792452834, 47.04648832297544], [-87.4291212625937, 46.974789915966326], [-87.32075471698118, 46.88475656583929], [-87.2347329785563, 46.80672268907557], [-87.122641509434, 46.69960526006727], [-87.06276633392274, 46.638655462184815], [-86.92452830188685, 46.489192896783194], [-86.90807248668, 46.47058823529406], [-86.76626666901034, 46.3025210084033], [-86.72641509433967, 46.252080870274554], [-86.63551478102706, 46.13445378151255], [-86.52830188679252, 45.98444024909583], [-86.5154781329755, 45.96638655462179], [-86.40161435459144, 45.798319327731036], [-86.33018867924534, 45.683843156275785], [-86.29579760969284, 45.63025210084028], [-86.19343672125369, 45.462184873949525], [-86.13207547169819, 45.35439373486244], [-86.09446203199512, 45.29411764705877], [-85.99206370242821, 45.12605042016801], [-85.933962264151, 45.02805259543603], [-85.87928609526499, 44.95798319327726], [-85.73584905660385, 44.790227740726195], [-85.7350719862288, 44.7899159663865], [-85.53773584905667, 44.73047148438421], [-85.36008580155558, 44.7899159663865], [-85.33962264150952, 44.79387146225195], [-85.14150943396234, 44.85198552398825], [-84.94339622641519, 44.85739923781207], [-84.76311443744642, 44.7899159663865], [-84.74528301886801, 44.785537527511536], [-84.56304632812157, 44.621848739495746], [-84.54716981132086, 44.59520464567393], [-84.4793688345925, 44.45378151260499], [-84.47097847175512, 44.285714285714235], [-84.54340884267529, 44.11764705882348], [-84.54716981132086, 44.11258090076674], [-84.7072408025786, 43.94957983193272], [-84.74528301886801, 43.91817327834259], [-84.94339622641519, 43.84534426791741], [-85.14150943396234, 43.839681719926496], [-85.33962264150952, 43.84556675100007], [-85.45246544188907, 43.78151260504197], [-85.51070491391016, 43.61344537815121], [-85.52374067982703, 43.445378151260456], [-85.53773584905667, 43.39197987522896], [-85.56385057346276, 43.2773109243697], [-85.73584905660385, 43.152635910270455], [-85.75209294690346, 43.109243697478945], [-85.75192073449638, 42.94117647058819], [-85.73584905660385, 42.91783894632251], [-85.53773584905667, 42.83176267243507], [-85.40848126738375, 42.773109243697434], [-85.33962264150952, 42.686795541948285], [-85.30851416896408, 42.60504201680668], [-85.23365190843069, 42.43697478991592], [-85.19999319426601, 42.26890756302517], [-85.22747150831907, 42.10084033613441], [-85.29481170022184, 41.932773109243655], [-85.33962264150952, 41.80910121948222], [-85.35700255354294, 41.7647058823529], [-85.41256893252942, 41.596638655462144], [-85.53773584905667, 41.44123122733084], [-85.54707296074821, 41.42857142857139], [-85.73584905660385, 41.31349623758403], [-85.79958085172542, 41.26050420168063], [-85.88041817831596, 41.09243697478988], [-85.933962264151, 40.94339976911242], [-85.94558835462175, 40.92436974789912], [-86.05527238866054, 40.756302521008365], [-86.13207547169819, 40.65230662711297], [-86.17048492394775, 40.58823529411761], [-86.27898653577962, 40.420168067226854], [-86.33018867924534, 40.36861451143], [-86.40108992222733, 40.2521008403361], [-86.52830188679252, 40.117209222198404], [-86.55631290099174, 40.08403361344534], [-86.66767877882926, 39.91596638655459], [-86.7007579838866, 39.74789915966383], [-86.66132705226353, 39.579831932773075], [-86.52830188679252, 39.451415224013445], [-86.46257239913707, 39.41176470588232], [-86.33018867924534, 39.34500573591877], [-86.13207547169819, 39.36887496961023], [-86.08143561614547, 39.41176470588232], [-85.933962264151, 39.481064050991776], [-85.73584905660385, 39.446615778499556], [-85.69319419785337, 39.41176470588232], [-85.57740919159333, 39.243697478991564], [-85.55585361693835, 39.07563025210081], [-85.53773584905667, 39.02223236035358], [-85.47852858684674, 38.90756302521005], [-85.33962264150952, 38.76078126300902], [-85.32221765672442, 38.7394957983193], [-85.17128849664233, 38.57142857142854], [-85.14150943396234, 38.53292141665495], [-85.01871149440882, 38.403361344537785], [-84.94339622641519, 38.31626629932018], [-84.74528301886801, 38.279703508941616], [-84.54716981132086, 38.3291632650264], [-84.34905660377368, 38.278774211820014], [-84.27745063884741, 38.23529411764703], [-84.16109319292363, 38.067226890756274], [-84.15094339622652, 38.0038906368583], [-84.08917972275245, 37.89915966386552], [-83.96896893358519, 37.73109243697476], [-83.95283018867934, 37.71695850039311], [-83.75471698113219, 37.64404456619354], [-83.55660377358501, 37.65747869989067], [-83.35849056603786, 37.71541332392311], [-83.29750605554615, 37.73109243697476], [-83.16037735849068, 37.81405412176337], [-83.03406570979334, 37.89915966386552], [-83.16037735849068, 37.96756018505511], [-83.20470873910006, 38.067226890756274], [-83.2407914370424, 38.23529411764703], [-83.16037735849068, 38.32092012646662], [-82.96226415094353, 38.39003811023757], [-82.7921244090488, 38.23529411764703], [-82.80729632314684, 38.067226890756274], [-82.76415094339634, 37.92560485676513], [-82.56603773584919, 37.90417951668765], [-82.54882531333728, 37.89915966386552], [-82.36792452830201, 37.87046047105575], [-82.17736907256592, 37.73109243697476], [-82.16981132075486, 37.719681216197976], [-82.06058819146457, 37.56302521008401], [-82.01860290452088, 37.39495798319325], [-81.99080176971033, 37.226890756302495], [-81.97169811320768, 37.16956718606685], [-81.91562227550473, 37.05882352941174], [-81.7878555739119, 36.890756302520984], [-81.77358490566053, 36.874882166228474], [-81.6009677835081, 36.72268907563023], [-81.57547169811335, 36.70329867031376], [-81.3773584905662, 36.58699410934679], [-81.3034419484936, 36.55462184873947], [-81.17924528301901, 36.507096171499136], [-80.98113207547186, 36.45640179732558], [-80.78301886792468, 36.45039715584252], [-80.58490566037753, 36.488351564627436], [-80.38679245283035, 36.52594220997], [-80.1886792452832, 36.529891932473255], [-79.99056603773602, 36.50548147843955], [-79.79245283018886, 36.47485570032009], [-79.62830001834077, 36.38655462184872], [-79.59433962264168, 36.36679303389515], [-79.43884872201036, 36.21848739495796], [-79.39622641509453, 36.08349439993445], [-79.19811320754735, 36.16161638181864], [-79.15953214850703, 36.21848739495796], [-79.0000000000002, 36.296778229892354], [-78.80188679245302, 36.28002351869978], [-78.70114359268814, 36.21848739495796], [-78.60377358490587, 36.111621853741866], [-78.53764159278988, 36.050420168067205], [-78.40889003599789, 35.88235294117645], [-78.40566037735869, 35.869427240716504], [-78.37560643340417, 35.714285714285694], [-78.33965862359531, 35.54621848739494], [-78.40566037735869, 35.46073902009794], [-78.60377358490587, 35.47476683008155], [-78.80188679245302, 35.48891505488797], [-79.0000000000002, 35.51687949299374], [-79.0292560260394, 35.54621848739494], [-79.19811320754735, 35.65210112295672], [-79.3329751379497, 35.714285714285694], [-79.39622641509453, 35.77542878984083], [-79.42208280288914, 35.714285714285694], [-79.49689035119924, 35.54621848739494], [-79.50638401806177, 35.37815126050418], [-79.45640554444422, 35.21008403361343], [-79.39622641509453, 35.104861142902145], [-79.26224171916593, 35.21008403361343], [-79.19811320754735, 35.23307713581848], [-79.0000000000002, 35.3438173357956], [-78.80188679245302, 35.25162025540807], [-78.7810513931169, 35.21008403361343], [-78.70790300647911, 35.04201680672267], [-78.77394375647819, 34.873949579831915], [-78.80188679245302, 34.832410970558], [-79.0000000000002, 34.72091828745471], [-79.08718706882146, 34.70588235294116], [-79.08075096468393, 34.537815126050404], [-79.0000000000002, 34.457605599185385], [-78.92633793960623, 34.36974789915965], [-78.80188679245302, 34.300301973787626], [-78.69812902509554, 34.20168067226889], [-78.60377358490587, 34.09211501535717], [-78.5602941604858, 34.03361344537814], [-78.49944085292574, 33.86554621848738], [-78.50243872041366, 33.697478991596626], [-78.55709474830567, 33.52941176470587], [-78.60377358490587, 33.44093805785041], [-78.65533659159337, 33.361344537815114], [-78.76873544084825, 33.19327731092436], [-78.80188679245302, 33.123188727572796], [-78.84368022999006, 33.0252100840336], [-78.88839387540833, 32.85714285714285], [-78.94115153709973, 32.68907563025209], [-79.0000000000002, 32.558018589547714], [-79.01576902294542, 32.521008403361336], [-79.11549250917302, 32.35294117647058], [-79.19811320754735, 32.23868536117742], [-79.2497034058032, 32.184873949579824], [-79.39550034065789, 32.01680672268907], [-79.39622641509453, 32.0157383520097], [-79.52610220928963, 31.848739495798313], [-79.59433962264168, 31.718332675676574], [-79.61363358378249, 31.680672268907557], [-79.67070720167818, 31.5126050420168], [-79.70935223528777, 31.344537815126046], [-79.7372496402735, 31.17647058823529], [-79.7589747284911, 31.008403361344534], [-79.77783317473977, 30.84033613445378], [-79.79245283018886, 30.709500428628292], [-79.79619327605766, 30.672268907563023], [-79.81522410924184, 30.504201680672267], [-79.8382748033729, 30.33613445378151], [-79.86742345704785, 30.168067226890756], [-79.90475452223045, 30.0], [-79.90475452223045, 29.915966386554622], [-79.99056603773602, 29.915966386554622], [-80.0896226415096, 29.915966386554622], [-80.1886792452832, 29.915966386554622], [-80.28773584905677, 29.915966386554622], [-80.38679245283035, 29.915966386554622], [-80.48584905660394, 29.915966386554622], [-80.58490566037753, 29.915966386554622], [-80.6839622641511, 29.915966386554622], [-80.78301886792468, 29.915966386554622], [-80.88207547169827, 29.915966386554622], [-80.98113207547186, 29.915966386554622], [-81.08018867924544, 29.915966386554622], [-81.17924528301901, 29.915966386554622], [-81.2783018867926, 29.915966386554622], [-81.3773584905662, 29.915966386554622], [-81.47641509433977, 29.915966386554622], [-81.57547169811335, 29.915966386554622], [-81.67452830188694, 29.915966386554622], [-81.77358490566053, 29.915966386554622], [-81.8726415094341, 29.915966386554622], [-81.97169811320768, 29.915966386554622], [-82.07075471698127, 29.915966386554622], [-82.16981132075486, 29.915966386554622], [-82.26886792452844, 29.915966386554622], [-82.36792452830201, 29.915966386554622], [-82.4669811320756, 29.915966386554622], [-82.56603773584919, 29.915966386554622], [-82.66509433962277, 29.915966386554622], [-82.76415094339634, 29.915966386554622], [-82.86320754716994, 29.915966386554622], [-82.96226415094353, 29.915966386554622], [-83.0613207547171, 29.915966386554622], [-83.16037735849068, 29.915966386554622], [-83.25943396226427, 29.915966386554622], [-83.35849056603786, 29.915966386554622], [-83.45754716981143, 29.915966386554622], [-83.55660377358501, 29.915966386554622], [-83.6556603773586, 29.915966386554622], [-83.75471698113219, 29.915966386554622], [-83.85377358490577, 29.915966386554622], [-83.95283018867934, 29.915966386554622], [-84.05188679245293, 29.915966386554622], [-84.15094339622652, 29.915966386554622], [-84.2500000000001, 29.915966386554622], [-84.34905660377368, 29.915966386554622], [-84.44811320754727, 29.915966386554622], [-84.54716981132086, 29.915966386554622], [-84.64622641509443, 29.915966386554622], [-84.74528301886801, 29.915966386554622], [-84.8443396226416, 29.915966386554622], [-84.94339622641519, 29.915966386554622], [-85.04245283018876, 29.915966386554622], [-85.14150943396234, 29.915966386554622], [-85.24056603773593, 29.915966386554622], [-85.33962264150952, 29.915966386554622], [-85.4386792452831, 29.915966386554622], [-85.53773584905667, 29.915966386554622], [-85.63679245283026, 29.915966386554622], [-85.73584905660385, 29.915966386554622], [-85.83490566037743, 29.915966386554622], [-85.933962264151, 29.915966386554622], [-86.0330188679246, 29.915966386554622], [-86.13207547169819, 29.915966386554622], [-86.23113207547176, 29.915966386554622], [-86.33018867924534, 29.915966386554622], [-86.42924528301893, 29.915966386554622], [-86.52830188679252, 29.915966386554622], [-86.6273584905661, 29.915966386554622], [-86.72641509433967, 29.915966386554622], [-86.82547169811326, 29.915966386554622], [-86.92452830188685, 29.915966386554622], [-87.02358490566043, 29.915966386554622], [-87.122641509434, 29.915966386554622], [-87.2216981132076, 29.915966386554622], [-87.32075471698118, 29.915966386554622], [-87.41981132075476, 29.915966386554622], [-87.51886792452834, 29.915966386554622], [-87.61792452830193, 29.915966386554622], [-87.71698113207552, 29.915966386554622], [-87.8160377358491, 29.915966386554622], [-87.91509433962267, 29.915966386554622], [-88.01415094339626, 29.915966386554622], [-88.11320754716985, 29.915966386554622], [-88.21226415094343, 29.915966386554622], [-88.311320754717, 29.915966386554622], [-88.32648120757418, 29.915966386554622], [-88.32648120757418, 30.0], [-88.311320754717, 30.004403934555754], [-88.11320754716985, 30.06688849423419], [-87.91509433962267, 30.084265388403793], [-87.71698113207552, 30.149786227581014], [-87.68437870975363, 30.168067226890756], [-87.51886792452834, 30.306241051737377], [-87.32075471698118, 30.297744132394875], [-87.122641509434, 30.312741617751858], [-87.09585590908782, 30.33613445378151], [-86.99863630166656, 30.504201680672267], [-87.06146859128587, 30.672268907563023], [-87.122641509434, 30.72750728632878], [-87.32075471698118, 30.739427520791732], [-87.51886792452834, 30.717240038782478], [-87.62402000102287, 30.84033613445378], [-87.71698113207552, 30.917362122318107], [-87.81916507463187, 31.008403361344534], [-87.91509433962267, 31.06746808933033], [-88.11320754716985, 31.112627958178944], [-88.311320754717, 31.057365575090035], [-88.40966716360796, 31.008403361344534], [-88.50943396226418, 30.930025968207126], [-88.70754716981133, 30.860221357028347], [-88.90566037735852, 30.853096411112073], [-89.10377358490567, 30.919015518779354], [-89.2182377836932, 30.84033613445378], [-89.30188679245285, 30.826224692819753], [-89.5, 30.710229923331056], [-89.59905660377359, 30.710229923331056], [-89.59905660377359, 30.7563025210084], [-89.59905660377359, 30.84033613445378], [-89.59905660377359, 30.924369747899156], [-89.59905660377359, 31.008403361344534], [-89.59905660377359, 31.092436974789912], [-89.59905660377359, 31.10572933522234], [-89.5, 31.10572933522234], [-89.34136829008067, 31.008403361344534], [-89.30188679245285, 30.900219973227905], [-89.19540572460735, 31.008403361344534], [-89.10377358490567, 31.03372245725659], [-89.016702758302, 31.17647058823529], [-89.00314050872129, 31.344537815126046], [-89.10377358490567, 31.502785535019115], [-89.11610899439953, 31.5126050420168], [-89.30188679245285, 31.582387217932236], [-89.45715636482726, 31.5126050420168], [-89.5, 31.470439799426327], [-89.59905660377359, 31.470439799426327], [-89.59905660377359, 31.5126050420168], [-89.59905660377359, 31.59663865546218], [-89.59905660377359, 31.680672268907557], [-89.59905660377359, 31.764705882352935], [-89.59905660377359, 31.848739495798313], [-89.59905660377359, 31.93277310924369], [-89.59905660377359, 32.01680672268907], [-89.59905660377359, 32.100840336134446], [-89.59905660377359, 32.184873949579824], [-89.59905660377359, 32.2689075630252], [-89.59905660377359, 32.35294117647058], [-89.59905660377359, 32.43697478991596], [-89.59905660377359, 32.521008403361336], [-89.59905660377359, 32.60504201680671], [-89.59905660377359, 32.68907563025209], [-89.59905660377359, 32.77310924369747], [-89.59905660377359, 32.85714285714285], [-89.59905660377359, 32.941176470588225], [-89.59905660377359, 33.0252100840336], [-89.59905660377359, 33.10924369747898], [-89.59905660377359, 33.19327731092436], [-89.59905660377359, 33.277310924369736], [-89.59905660377359, 33.361344537815114], [-89.59905660377359, 33.44537815126049], [-89.59905660377359, 33.52941176470587], [-89.59905660377359, 33.61344537815125], [-89.59905660377359, 33.697478991596626], [-89.59905660377359, 33.781512605042], [-89.59905660377359, 33.86554621848738], [-89.59905660377359, 33.94957983193276], [-89.59905660377359, 34.03361344537814], [-89.59905660377359, 34.117647058823515], [-89.59905660377359, 34.20168067226889], [-89.59905660377359, 34.28571428571427], [-89.59905660377359, 34.36974789915965], [-89.59905660377359, 34.453781512605026], [-89.59905660377359, 34.537815126050404], [-89.59905660377359, 34.62184873949578], [-89.59905660377359, 34.70588235294116], [-89.59905660377359, 34.78991596638654], [-89.59905660377359, 34.873949579831915], [-89.59905660377359, 34.95798319327729], [-89.59905660377359, 35.04201680672267], [-89.59905660377359, 35.12605042016805], [-89.59905660377359, 35.21008403361343], [-89.59905660377359, 35.294117647058805], [-89.59905660377359, 35.37815126050418], [-89.59905660377359, 35.46218487394956], [-89.59905660377359, 35.54621848739494], [-89.59905660377359, 35.630252100840316], [-89.59905660377359, 35.714285714285694], [-89.59905660377359, 35.79831932773107], [-89.59905660377359, 35.88235294117645], [-89.59905660377359, 35.96638655462183], [-89.59905660377359, 36.050420168067205], [-89.59905660377359, 36.13445378151258], [-89.59905660377359, 36.21848739495796], [-89.59905660377359, 36.30252100840334], [-89.59905660377359, 36.38655462184872], [-89.59905660377359, 36.470588235294095], [-89.59905660377359, 36.55462184873947], [-89.59905660377359, 36.63865546218485], [-89.59905660377359, 36.72268907563023], [-89.59905660377359, 36.806722689075606], [-89.59905660377359, 36.890756302520984], [-89.59905660377359, 36.97478991596636], [-89.59905660377359, 37.05882352941174], [-89.59905660377359, 37.14285714285712], [-89.59905660377359, 37.226890756302495], [-89.59905660377359, 37.31092436974787], [-89.59905660377359, 37.39495798319325], [-89.59905660377359, 37.47899159663863], [-89.59905660377359, 37.56302521008401], [-89.59905660377359, 37.647058823529385], [-89.59905660377359, 37.73109243697476], [-89.59905660377359, 37.81512605042014], [-89.59905660377359, 37.89915966386552], [-89.59905660377359, 37.983193277310896], [-89.59905660377359, 38.067226890756274], [-89.59905660377359, 38.15126050420165], [-89.59905660377359, 38.23529411764703], [-89.59905660377359, 38.31932773109241], [-89.59905660377359, 38.403361344537785], [-89.59905660377359, 38.48739495798316], [-89.59905660377359, 38.57142857142854], [-89.59905660377359, 38.65546218487392], [-89.59905660377359, 38.7394957983193], [-89.59905660377359, 38.823529411764675], [-89.59905660377359, 38.90756302521005], [-89.59905660377359, 38.99159663865543], [-89.59905660377359, 39.07563025210081], [-89.59905660377359, 39.159663865546186], [-89.59905660377359, 39.243697478991564], [-89.59905660377359, 39.32773109243694], [-89.59905660377359, 39.41176470588232], [-89.59905660377359, 39.4957983193277], [-89.59905660377359, 39.579831932773075], [-89.59905660377359, 39.66386554621845], [-89.59905660377359, 39.74789915966383], [-89.59905660377359, 39.83193277310921], [-89.59905660377359, 39.91596638655459], [-89.59905660377359, 39.999999999999964], [-89.59905660377359, 40.08403361344534], [-89.59905660377359, 40.16806722689072], [-89.59905660377359, 40.2521008403361], [-89.59905660377359, 40.336134453781476], [-89.59905660377359, 40.420168067226854], [-89.59905660377359, 40.50420168067223], [-89.59905660377359, 40.58823529411761], [-89.59905660377359, 40.67226890756299], [-89.59905660377359, 40.756302521008365], [-89.59905660377359, 40.84033613445374], [-89.59905660377359, 40.92436974789912], [-89.59905660377359, 41.0084033613445], [-89.59905660377359, 41.09243697478988], [-89.59905660377359, 41.176470588235254], [-89.59905660377359, 41.26050420168063], [-89.59905660377359, 41.34453781512601], [-89.59905660377359, 41.42857142857139], [-89.59905660377359, 41.512605042016766], [-89.59905660377359, 41.596638655462144], [-89.59905660377359, 41.68067226890752], [-89.59905660377359, 41.7647058823529], [-89.59905660377359, 41.84873949579828], [-89.59905660377359, 41.932773109243655], [-89.59905660377359, 42.01680672268903], [-89.59905660377359, 42.10084033613441], [-89.59905660377359, 42.18487394957979], [-89.59905660377359, 42.26890756302517], [-89.59905660377359, 42.352941176470544], [-89.59905660377359, 42.43697478991592], [-89.59905660377359, 42.5210084033613], [-89.59905660377359, 42.60504201680668], [-89.59905660377359, 42.689075630252056], [-89.59905660377359, 42.773109243697434], [-89.59905660377359, 42.85714285714281], [-89.59905660377359, 42.94117647058819], [-89.59905660377359, 42.96897661020073], [-89.5, 42.96897661020073], [-89.30188679245285, 42.95303145766314], [-89.20350945732686, 43.109243697478945], [-89.30188679245285, 43.244118661918996], [-89.5, 43.19963287438658], [-89.59905660377359, 43.19963287438658], [-89.59905660377359, 43.2773109243697], [-89.59905660377359, 43.36134453781508], [-89.59905660377359, 43.445378151260456], [-89.59905660377359, 43.529411764705834], [-89.59905660377359, 43.61344537815121], [-89.59905660377359, 43.69747899159659], [-89.59905660377359, 43.78151260504197], [-89.59905660377359, 43.865546218487346], [-89.59905660377359, 43.94957983193272], [-89.59905660377359, 44.0336134453781], [-89.59905660377359, 44.11764705882348], [-89.59905660377359, 44.20168067226886], [-89.59905660377359, 44.285714285714235], [-89.59905660377359, 44.36974789915961], [-89.59905660377359, 44.45378151260499], [-89.59905660377359, 44.53781512605037], [-89.59905660377359, 44.621848739495746], [-89.59905660377359, 44.705882352941124], [-89.59905660377359, 44.7899159663865], [-89.59905660377359, 44.87394957983188], [-89.59905660377359, 44.95798319327726], [-89.59905660377359, 45.042016806722636], [-89.59905660377359, 45.12605042016801], [-89.59905660377359, 45.21008403361339], [-89.59905660377359, 45.29411764705877], [-89.59905660377359, 45.37815126050415], [-89.59905660377359, 45.462184873949525], [-89.59905660377359, 45.5462184873949], [-89.59905660377359, 45.63025210084028], [-89.59905660377359, 45.71428571428566], [-89.59905660377359, 45.798319327731036], [-89.59905660377359, 45.882352941176414], [-89.59905660377359, 45.96638655462179], [-89.59905660377359, 46.05042016806717], [-89.59905660377359, 46.13445378151255], [-89.59905660377359, 46.218487394957926], [-89.59905660377359, 46.3025210084033], [-89.59905660377359, 46.38655462184868], [-89.59905660377359, 46.47058823529406], [-89.59905660377359, 46.55462184873944], [-89.59905660377359, 46.638655462184815], [-89.59905660377359, 46.72268907563019], [-89.59905660377359, 46.80672268907557], [-89.59905660377359, 46.89075630252095], [-89.59905660377359, 46.974789915966326], [-89.59905660377359, 47.058823529411704], [-89.59905660377359, 47.14285714285708], [-89.59905660377359, 47.22689075630246], [-89.59905660377359, 47.31092436974784], [-89.59905660377359, 47.394957983193216], [-89.59905660377359, 47.47899159663859], [-89.59905660377359, 47.56302521008397], [-89.59905660377359, 47.64705882352935], [-89.59905660377359, 47.68205687805183], [-89.5, 47.68205687805183], [-89.30188679245285, 47.68285775365685], [-89.10377358490567, 47.67101329372687], [-88.91654316918229, 47.64705882352935], [-88.90566037735852, 47.64580709967942], [-88.70754716981133, 47.60928791906398], [-88.50943396226418, 47.55773054354184]], [[-88.50943396226418, 43.34310193203347], [-88.42226266609438, 43.445378151260456], [-88.50943396226418, 43.59953792978272], [-88.58139725399393, 43.61344537815121], [-88.70754716981133, 43.62817285535672], [-88.72501106078288, 43.61344537815121], [-88.81423938497588, 43.445378151260456], [-88.70754716981133, 43.32023463287711], [-88.50943396226418, 43.34310193203347]], [[-87.91509433962267, 43.347084472657], [-87.71698113207552, 43.35770114945085], [-87.65111419268585, 43.445378151260456], [-87.69097732786241, 43.61344537815121], [-87.71698113207552, 43.64120294928902], [-87.91509433962267, 43.64314150799308], [-87.95332282712782, 43.61344537815121], [-88.0038058659839, 43.445378151260456], [-87.91509433962267, 43.347084472657]], [[-87.91509433962267, 42.99047173726646], [-87.93107702813984, 42.94117647058819], [-87.91509433962267, 42.93455438345932], [-87.90933652082816, 42.94117647058819], [-87.91509433962267, 42.99047173726646]], [[-89.10377358490567, 42.278555336957794], [-89.11202419317841, 42.26890756302517], [-89.10377358490567, 42.26031037378551], [-89.09452517684237, 42.26890756302517], [-89.10377358490567, 42.278555336957794]], [[-84.94339622641519, 32.57305624778867], [-85.00379562185776, 32.521008403361336], [-84.94339622641519, 32.39874581504721], [-84.88622796964054, 32.521008403361336], [-84.94339622641519, 32.57305624778867]], [[-88.413557887009, 44.45378151260499], [-88.50943396226418, 44.40974800230797], [-88.56095374187021, 44.285714285714235], [-88.50943396226418, 44.20872488805804], [-88.311320754717, 44.17542673830706], [-88.14693969991198, 44.285714285714235], [-88.11320754716985, 44.30780270555304], [-87.91509433962267, 44.321286285487915], [-87.80562846638625, 44.45378151260499], [-87.83758357893304, 44.621848739495746], [-87.91509433962267, 44.69604965666918], [-88.11320754716985, 44.68303910263749], [-88.20414813709523, 44.621848739495746], [-88.311320754717, 44.487459571082276], [-88.413557887009, 44.45378151260499]], [[-88.311320754717, 32.178987270716505], [-88.29689358757138, 32.184873949579824], [-88.11320754716985, 32.32666041235722], [-88.10171765641087, 32.35294117647058], [-88.11320754716985, 32.37837147843113], [-88.2753812221105, 32.521008403361336], [-88.311320754717, 32.53416771166703], [-88.33469421216543, 32.521008403361336], [-88.44993615809187, 32.35294117647058], [-88.32081775833863, 32.184873949579824], [-88.311320754717, 32.178987270716505]], [[-83.95639055477717, 31.5126050420168], [-84.02561703961024, 31.680672268907557], [-84.15094339622652, 31.725778050347927], [-84.20814845830493, 31.680672268907557], [-84.23814773250442, 31.5126050420168], [-84.15094339622652, 31.429310317849442], [-83.95639055477717, 31.5126050420168]], [[-81.57547169811335, 30.37324300333375], [-81.60924940617974, 30.33613445378151], [-81.57547169811335, 30.285263027878546], [-81.53765333117073, 30.33613445378151], [-81.57547169811335, 30.37324300333375]], [[-88.90566037735852, 45.34729319207851], [-88.70754716981133, 45.351709138170314], [-88.59983565945316, 45.462184873949525], [-88.58452167744765, 45.63025210084028], [-88.70754716981133, 45.781329403169295], [-88.90566037735852, 45.788164847100404], [-89.04099302549857, 45.63025210084028], [-89.02406163273318, 45.462184873949525], [-88.90566037735852, 45.34729319207851]]], [[[-79.0000000000002, 39.83631344728861], [-78.91295502675557, 39.74789915966383], [-79.0000000000002, 39.58289546922438], [-79.12596351424267, 39.74789915966383], [-79.0000000000002, 39.83631344728861]]], [[[-80.78301886792468, 40.025199727069726], [-80.64887000907625, 39.91596638655459], [-80.78301886792468, 39.83728376947991], [-80.84996789654913, 39.91596638655459], [-80.78301886792468, 40.025199727069726]]], [[[-86.01938920958284, 39.91596638655459], [-85.97130811580841, 40.08403361344534], [-85.933962264151, 40.115922529091605], [-85.91678206042073, 40.08403361344534], [-85.82289073811434, 39.91596638655459], [-85.933962264151, 39.82448873462517], [-86.01938920958284, 39.91596638655459]]], [[[-79.70795742796692, 40.58823529411761], [-79.64813992205822, 40.420168067226854], [-79.6560903848418, 40.2521008403361], [-79.79245283018886, 40.105225007352686], [-79.99056603773602, 40.103370897995376], [-80.1886792452832, 40.19103881014002], [-80.38679245283035, 40.1672347823986], [-80.58490566037753, 40.12440443403075], [-80.75420588820296, 40.2521008403361], [-80.78301886792468, 40.38183014139601], [-80.78872709400721, 40.420168067226854], [-80.78301886792468, 40.42985300046117], [-80.64519710886125, 40.58823529411761], [-80.58490566037753, 40.65166784204357], [-80.46472040850848, 40.756302521008365], [-80.38679245283035, 40.81884259495572], [-80.1886792452832, 40.82106972851518], [-80.05564888628862, 40.756302521008365], [-79.99056603773602, 40.720326229472], [-79.79245283018886, 40.678076366481044], [-79.75896293264815, 40.756302521008365], [-79.65236183266393, 40.92436974789912], [-79.59433962264168, 40.950337620517516], [-79.55533113594664, 40.92436974789912], [-79.48211754389648, 40.756302521008365], [-79.59433962264168, 40.628413603922276], [-79.70795742796692, 40.58823529411761]]], [[[-77.55721692493107, 34.36974789915965], [-77.60366015444068, 34.20168067226889], [-77.61320754717002, 34.18796081757407], [-77.8113207547172, 34.052766343450884], [-78.00943396226435, 34.08071906560507], [-78.14831024260921, 34.20168067226889], [-78.17726306447243, 34.36974789915965], [-78.10151228876276, 34.537815126050404], [-78.00943396226435, 34.604063984169024], [-77.8113207547172, 34.64514902421558], [-77.64164354184615, 34.537815126050404], [-77.61320754717002, 34.49509023522283], [-77.55721692493107, 34.36974789915965]]], [[[-77.46539861782591, 35.54621848739494], [-77.4772536469533, 35.714285714285694], [-77.41509433962287, 35.762092294750275], [-77.29992279577563, 35.714285714285694], [-77.32144818892527, 35.54621848739494], [-77.41509433962287, 35.50538861636658], [-77.46539861782591, 35.54621848739494]]], [[[-77.72546088583672, 36.38655462184872], [-77.81118665810216, 36.55462184873947], [-77.61320754717002, 36.64904481044411], [-77.51512431889165, 36.55462184873947], [-77.56584356176852, 36.38655462184872], [-77.61320754717002, 36.34073333089152], [-77.72546088583672, 36.38655462184872]]], [[[-78.64537556639972, 38.067226890756274], [-78.60377358490587, 38.12399311650081], [-78.40566037735869, 38.11063239542481], [-78.37921750929301, 38.067226890756274], [-78.40566037735869, 38.0237897862134], [-78.60377358490587, 38.01106148995513], [-78.64537556639972, 38.067226890756274]]], [[[-73.05660377358521, 43.477948033607724], [-73.16064557941851, 43.61344537815121], [-73.06915244817336, 43.78151260504197], [-73.05660377358521, 43.799991064419004], [-72.85849056603803, 43.79720924453114], [-72.82212844070307, 43.78151260504197], [-72.70060121449488, 43.61344537815121], [-72.85849056603803, 43.496226675009936], [-73.05660377358521, 43.477948033607724]]], [[[-72.58636146198236, 44.285714285714235], [-72.66037735849088, 44.22265696772181], [-72.85849056603803, 44.16236281905454], [-73.05660377358521, 44.182305401974965], [-73.25471698113236, 44.21788434931202], [-73.33911531626447, 44.285714285714235], [-73.4499016123472, 44.45378151260499], [-73.41747145554052, 44.621848739495746], [-73.25471698113236, 44.78391993589641], [-73.23871248919906, 44.7899159663865], [-73.05660377358521, 44.87151919730551], [-72.85849056603803, 44.90591802913086], [-72.66037735849088, 44.83558143208344], [-72.60312575258769, 44.7899159663865], [-72.49813159560254, 44.621848739495746], [-72.49394178324086, 44.45378151260499], [-72.58636146198236, 44.285714285714235]]], [[[-67.62601972711411, 48.151260504201616], [-67.50943396226455, 48.068462965777], [-67.41243239123199, 47.98319327731086], [-67.31132075471737, 47.86940515803978], [-67.26586928366957, 47.815126050420105], [-67.1553936153241, 47.64705882352935], [-67.11320754717022, 47.56097423690563], [-67.07089180963632, 47.47899159663859], [-67.00565471347846, 47.31092436974784], [-66.96196182618291, 47.14285714285708], [-66.93742252556585, 46.974789915966326], [-66.93088059871593, 46.80672268907557], [-66.94233225009177, 46.638655462184815], [-66.97390394983222, 46.47058823529406], [-67.02995980336235, 46.3025210084033], [-67.11320754717022, 46.13652678877743], [-67.1142714972864, 46.13445378151255], [-67.21630518214465, 45.96638655462179], [-67.31132075471737, 45.82892162040358], [-67.3373665545538, 45.798319327731036], [-67.44322917888822, 45.63025210084028], [-67.49111553944373, 45.462184873949525], [-67.48167536002825, 45.29411764705877], [-67.44277118238213, 45.12605042016801], [-67.39964216059404, 44.95798319327726], [-67.36692602752976, 44.7899159663865], [-67.35135855133153, 44.621848739495746], [-67.35603050429334, 44.45378151260499], [-67.38516303292988, 44.285714285714235], [-67.44837197197126, 44.11764705882348], [-67.50943396226455, 44.02021809468129], [-67.55214577611042, 43.94957983193272], [-67.7075471698117, 43.7906874612316], [-67.71948007496955, 43.78151260504197], [-67.90566037735888, 43.66108175437226], [-68.05047659618542, 43.61344537815121], [-68.10377358490604, 43.593433102078485], [-68.30188679245322, 43.56078623480096], [-68.50000000000037, 43.561316898474175], [-68.69811320754755, 43.579899078287234], [-68.8962264150947, 43.59020705052622], [-69.09433962264188, 43.54498609471955], [-69.22870310370739, 43.445378151260456], [-69.29245283018903, 43.39122971306633], [-69.38568333198424, 43.2773109243697], [-69.49056603773622, 43.15494282782058], [-69.52561771292969, 43.109243697478945], [-69.6540212268654, 42.94117647058819], [-69.68867924528337, 42.89185693349057], [-69.76443787533896, 42.773109243697434], [-69.85808917049339, 42.60504201680668], [-69.88679245283055, 42.55209460741208], [-69.93969122208178, 42.43697478991592], [-70.02518567769381, 42.26890756302517], [-70.0849056603777, 42.175065150238275], [-70.12708217684843, 42.10084033613441], [-70.26122815670213, 41.932773109243655], [-70.28301886792488, 41.91207800329307], [-70.45733461325537, 41.7647058823529], [-70.48113207547203, 41.74902966774342], [-70.67924528301921, 41.649612733535605], [-70.87735849056637, 41.59897991859019], [-70.91386186768365, 41.596638655462144], [-71.07547169811355, 41.58400142624459], [-71.2735849056607, 41.56335318472892], [-71.42089442727784, 41.596638655462144], [-71.47169811320788, 41.603700153052195], [-71.62302091164138, 41.7647058823529], [-71.65648882418604, 41.932773109243655], [-71.66981132075503, 41.995380860528485], [-71.70497476367787, 42.10084033613441], [-71.86792452830221, 42.19327554831555], [-71.9155437633971, 42.26890756302517], [-71.86792452830221, 42.411209008905615], [-71.84276364624701, 42.43697478991592], [-71.86792452830221, 42.471668703339944], [-71.93952321856196, 42.60504201680668], [-72.06603773584936, 42.69218791485209], [-72.26415094339654, 42.75531353257612], [-72.28592952263566, 42.773109243697434], [-72.43035714955478, 42.94117647058819], [-72.33794175082123, 43.109243697478945], [-72.26415094339654, 43.26337811285209], [-72.22935094340758, 43.2773109243697], [-72.26415094339654, 43.282723236716905], [-72.4622641509437, 43.39181701309518], [-72.51808299120023, 43.445378151260456], [-72.63376517361871, 43.61344537815121], [-72.61454896028985, 43.78151260504197], [-72.4622641509437, 43.936816414103546], [-72.41355639350233, 43.94957983193272], [-72.26415094339654, 44.00991210659437], [-72.06603773584936, 43.97209284511112], [-71.86792452830221, 43.98837318681621], [-71.66981132075503, 44.10221241424252], [-71.63361854434947, 44.11764705882348], [-71.47169811320788, 44.22330764942336], [-71.39649247874415, 44.285714285714235], [-71.2972855952057, 44.45378151260499], [-71.2735849056607, 44.50471369639482], [-71.24290866764379, 44.621848739495746], [-71.17835823331792, 44.7899159663865], [-71.07547169811355, 44.9440461823181], [-71.06667539010866, 44.95798319327726], [-70.90017660928828, 45.12605042016801], [-70.87735849056637, 45.14487509577169], [-70.67924528301921, 45.25615634841555], [-70.52493347602423, 45.29411764705877], [-70.48113207547203, 45.30848733799175], [-70.28301886792488, 45.331373303136274], [-70.0849056603777, 45.333518939143914], [-69.88679245283055, 45.344309201751194], [-69.68867924528337, 45.406673262226306], [-69.60654573163201, 45.462184873949525], [-69.49056603773622, 45.54390220987664], [-69.38867403570912, 45.63025210084028], [-69.29245283018903, 45.719531561272625], [-69.20641857858405, 45.798319327731036], [-69.09433962264188, 45.964597646683345], [-69.09324758391998, 45.96638655462179], [-69.067510782803, 46.13445378151255], [-69.08747443943444, 46.3025210084033], [-69.09433962264188, 46.33161364269367], [-69.12717007946033, 46.47058823529406], [-69.16989545225566, 46.638655462184815], [-69.2071792912596, 46.80672268907557], [-69.23507851853563, 46.974789915966326], [-69.25008633132116, 47.14285714285708], [-69.24909171669174, 47.31092436974784], [-69.22835771166889, 47.47899159663859], [-69.18136795447253, 47.64705882352935], [-69.09777395398935, 47.815126050420105], [-69.09433962264188, 47.82033045722939], [-68.98060434205952, 47.98319327731086], [-68.8962264150947, 48.069152390926874], [-68.78741629892943, 48.151260504201616], [-68.69811320754755, 48.211236624531836], [-68.50000000000037, 48.29144806320105], [-68.33354828750285, 48.31932773109237], [-68.30188679245322, 48.325657310335615], [-68.10377358490604, 48.32255132046009], [-68.08833685784957, 48.31932773109237], [-67.90566037735888, 48.28367019299078], [-67.7075471698117, 48.20101927748229], [-67.62601972711411, 48.151260504201616]], [[-70.3504764091694, 43.78151260504197], [-70.39195500463953, 43.61344537815121], [-70.28301886792488, 43.522823668542394], [-70.14123357593868, 43.61344537815121], [-70.17492428738431, 43.78151260504197], [-70.0849056603777, 43.89866812746989], [-70.0635158925504, 43.94957983193272], [-70.00268599524675, 44.11764705882348], [-70.0849056603777, 44.24541627205735], [-70.22511374199486, 44.285714285714235], [-70.28301886792488, 44.32193650288485], [-70.32938286262475, 44.285714285714235], [-70.4229900728552, 44.11764705882348], [-70.3569143137554, 43.94957983193272], [-70.3504764091694, 43.78151260504197]], [[-70.67924528301921, 44.406513076156166], [-70.48113207547203, 44.325421482644934], [-70.3337285039577, 44.45378151260499], [-70.34125538670234, 44.621848739495746], [-70.48113207547203, 44.7452951034733], [-70.67924528301921, 44.68987219185776], [-70.73136879596227, 44.621848739495746], [-70.71535643575987, 44.45378151260499], [-70.67924528301921, 44.406513076156166]], [[-71.07547169811355, 42.78536207315523], [-71.0936346984232, 42.773109243697434], [-71.07547169811355, 42.75874539411283], [-71.06254828657151, 42.773109243697434], [-71.07547169811355, 42.78536207315523]], [[-71.47169811320788, 43.660778845976004], [-71.53463298015787, 43.61344537815121], [-71.47169811320788, 43.51701345346058], [-71.41542921690748, 43.61344537815121], [-71.47169811320788, 43.660778845976004]], [[-70.67924528301921, 43.11214966030003], [-70.68555586311321, 43.109243697478945], [-70.67924528301921, 43.104967956030485], [-70.6765924988605, 43.109243697478945], [-70.67924528301921, 43.11214966030003]], [[-68.9216619592368, 44.621848739495746], [-68.8962264150947, 44.59783870402893], [-68.69811320754755, 44.54076341090494], [-68.55841825463742, 44.45378151260499], [-68.50307684457877, 44.285714285714235], [-68.50000000000037, 44.28243247722441], [-68.30188679245322, 44.13218858456686], [-68.10377358490604, 44.18528393096037], [-68.01855803810123, 44.285714285714235], [-68.0069816709894, 44.45378151260499], [-68.10377358490604, 44.595949745275185], [-68.17393107521974, 44.621848739495746], [-68.30188679245322, 44.67372513714576], [-68.47028880438533, 44.7899159663865], [-68.50000000000037, 44.8403576345801], [-68.54212614173589, 44.95798319327726], [-68.69811320754755, 45.06789955115118], [-68.8962264150947, 45.03625022767315], [-68.97359357354473, 44.95798319327726], [-69.01645314279642, 44.7899159663865], [-68.9216619592368, 44.621848739495746]], [[-68.62997883180284, 47.31092436974784], [-68.55742208153657, 47.14285714285708], [-68.50000000000037, 47.067347206568016], [-68.35110847121773, 46.974789915966326], [-68.33503793817127, 46.80672268907557], [-68.32727253915891, 46.638655462184815], [-68.30188679245322, 46.591497512491195], [-68.21783258984506, 46.47058823529406], [-68.10377358490604, 46.39603344979741], [-67.90566037735888, 46.400903044169006], [-67.80456767690696, 46.47058823529406], [-67.7075471698117, 46.62945300340672], [-67.7033279099706, 46.638655462184815], [-67.7075471698117, 46.69729086779945], [-67.7169205735617, 46.80672268907557], [-67.84297211530371, 46.974789915966326], [-67.90566037735888, 47.061330614838056], [-67.97568100019818, 47.14285714285708], [-67.96363194497212, 47.31092436974784], [-68.00232404572222, 47.47899159663859], [-68.10377358490604, 47.601219346555546], [-68.19714047930927, 47.64705882352935], [-68.30188679245322, 47.68128696669715], [-68.41823570787847, 47.64705882352935], [-68.50000000000037, 47.61534916939506], [-68.60637729780697, 47.47899159663859], [-68.62997883180284, 47.31092436974784]]]]}}, {"id": "2", "type": "Feature", "properties": {"min_value": 35.4, "max_value": 55.4, "color": "#ff7e00"}, "geometry": {"type": "MultiPolygon", "coordinates": [[[[-77.21698113207569, 37.53117949150818], [-77.10273838402058, 37.39495798319325], [-77.13770238903304, 37.226890756302495], [-77.21698113207569, 37.133906896257386], [-77.41509433962287, 37.17745298646902], [-77.46178651233937, 37.226890756302495], [-77.49072221690494, 37.39495798319325], [-77.52251327886665, 37.56302521008401], [-77.41509433962287, 37.64217030810678], [-77.29478702598946, 37.56302521008401], [-77.21698113207569, 37.53117949150818]]], [[[-78.00943396226435, 39.19204969636924], [-78.20754716981153, 39.241073363814145], [-78.2104325914047, 39.243697478991564], [-78.20754716981153, 39.248319423645654], [-78.00943396226435, 39.33795514253959], [-77.96381182670903, 39.243697478991564], [-78.00943396226435, 39.19204969636924]]], [[[-77.8113207547172, 39.535760946764896], [-77.84762521794305, 39.579831932773075], [-77.8113207547172, 39.60522682628152], [-77.72275654936085, 39.579831932773075], [-77.8113207547172, 39.535760946764896]]], [[[-81.50395121626804, 49.66386554621842], [-81.50775570731177, 49.49579831932766], [-81.51088249933142, 49.327731092436906], [-81.51332874883062, 49.15966386554615], [-81.51509099976676, 48.991596638655395], [-81.51616513909866, 48.82352941176464], [-81.51654635296634, 48.65546218487388], [-81.5162290821183, 48.48739495798313], [-81.51520697402542, 48.31932773109237], [-81.51347282746197, 48.151260504201616], [-81.51101852305554, 47.98319327731086], [-81.50783493024771, 47.815126050420105], [-81.50391177707982, 47.64705882352935], [-81.49923746400754, 47.47899159663859], [-81.49379879630698, 47.31092436974784], [-81.48758060125265, 47.14285714285708], [-81.4805651856983, 46.974789915966326], [-81.472731576296, 46.80672268907557], [-81.46405446714601, 46.638655462184815], [-81.45450277595081, 46.47058823529406], [-81.44403767555285, 46.3025210084033], [-81.43260991527903, 46.13445378151255], [-81.42015616160462, 45.96638655462179], [-81.40659394487238, 45.798319327731036], [-81.39181455305996, 45.63025210084028], [-81.3773584905662, 45.4798505777783], [-81.37571979591723, 45.462184873949525], [-81.35857458320766, 45.29411764705877], [-81.33979482821731, 45.12605042016801], [-81.3190727135318, 44.95798319327726], [-81.29597107551325, 44.7899159663865], [-81.26985320585317, 44.621848739495746], [-81.23976478384165, 44.45378151260499], [-81.2042291632949, 44.285714285714235], [-81.17924528301901, 44.18692884822359], [-81.16252490820517, 44.11764705882348], [-81.11365849520746, 43.94957983193272], [-81.05130040325976, 43.78151260504197], [-80.98113207547186, 43.63812828625404], [-80.9698305813169, 43.61344537815121], [-80.8715378784417, 43.445378151260456], [-80.78301886792468, 43.33513253996456], [-80.73906467716824, 43.2773109243697], [-80.58490566037753, 43.13268297015216], [-80.56074829087191, 43.109243697478945], [-80.38679245283035, 42.99539051034275], [-80.30674128451963, 42.94117647058819], [-80.1886792452832, 42.89219543154161], [-79.99056603773602, 42.78553796665869], [-79.97630791335851, 42.773109243697434], [-79.79245283018886, 42.650020413121254], [-79.75343558064274, 42.60504201680668], [-79.62179418023503, 42.43697478991592], [-79.59433962264168, 42.37622979287591], [-79.54675796899011, 42.26890756302517], [-79.5088189351475, 42.10084033613441], [-79.49083703765, 41.932773109243655], [-79.45717038613324, 41.7647058823529], [-79.39622641509453, 41.63350427860006], [-79.38027570163648, 41.596638655462144], [-79.27894692441184, 41.42857142857139], [-79.19811320754735, 41.31424419686478], [-79.16816419985899, 41.26050420168063], [-79.07056394513364, 41.09243697478988], [-79.0000000000002, 40.970776788444134], [-78.97349227789476, 40.92436974789912], [-78.80891977712535, 40.756302521008365], [-78.80188679245302, 40.751579443866454], [-78.72387032785085, 40.58823529411761], [-78.68412763172287, 40.420168067226854], [-78.65284346307618, 40.2521008403361], [-78.69716951887042, 40.08403361344534], [-78.70243093920794, 39.91596638655459], [-78.66689801172072, 39.74789915966383], [-78.68773776871691, 39.579831932773075], [-78.79806126844085, 39.41176470588232], [-78.80188679245302, 39.40652536992395], [-79.0000000000002, 39.25053701155092], [-79.02517984037473, 39.243697478991564], [-79.19811320754735, 39.121950602412085], [-79.26850660416086, 39.07563025210081], [-79.38317137177873, 38.90756302521005], [-79.39622641509453, 38.85921480725441], [-79.43204312353221, 38.7394957983193], [-79.42649253869828, 38.57142857142854], [-79.39622641509453, 38.48208681397369], [-79.36224744213102, 38.403361344537785], [-79.20524555972638, 38.23529411764703], [-79.19811320754735, 38.229352887803984], [-79.15927846507988, 38.23529411764703], [-79.0000000000002, 38.24941078814872], [-78.80188679245302, 38.36821512989162], [-78.67166242523147, 38.403361344537785], [-78.60377358490587, 38.417613222630976], [-78.56198495263722, 38.403361344537785], [-78.40566037735869, 38.379509522063856], [-78.24954340714027, 38.23529411764703], [-78.20754716981153, 38.09435168835233], [-78.19573259691502, 38.067226890756274], [-78.20754716981153, 37.99414515658142], [-78.2200286298916, 37.89915966386552], [-78.32973145008467, 37.73109243697476], [-78.40566037735869, 37.62815184384987], [-78.53583101025484, 37.56302521008401], [-78.57879186009562, 37.39495798319325], [-78.47933793999687, 37.226890756302495], [-78.40566037735869, 37.16187467360147], [-78.25860938394581, 37.05882352941174], [-78.20754716981153, 37.034326366461684], [-78.00943396226435, 36.993225196470036], [-77.8113207547172, 36.99475060475288], [-77.61320754717002, 36.978943660737635], [-77.47712148299544, 36.890756302520984], [-77.41509433962287, 36.86062746327682], [-77.30000858241705, 36.72268907563023], [-77.22839029021146, 36.55462184873947], [-77.21698113207569, 36.4829912246743], [-77.18832289495369, 36.38655462184872], [-77.14136977693408, 36.21848739495796], [-77.03607492961906, 36.050420168067205], [-77.01886792452854, 36.03068598183964], [-76.91380781729274, 35.88235294117645], [-76.84045597176443, 35.714285714285694], [-76.82075471698136, 35.60815840762893], [-76.80289053293586, 35.54621848739494], [-76.78755554233547, 35.37815126050418], [-76.78440781769235, 35.21008403361343], [-76.77484061958613, 35.04201680672267], [-76.74922875282637, 34.873949579831915], [-76.7101322915542, 34.70588235294116], [-76.66589203565813, 34.537815126050404], [-76.62291057677237, 34.36974789915965], [-76.6226415094342, 34.36856372537139], [-76.57838345244276, 34.20168067226889], [-76.53719667293946, 34.03361344537814], [-76.49828011806976, 33.86554621848738], [-76.46001610149702, 33.697478991596626], [-76.42452830188702, 33.54382865854139], [-76.42074153317284, 33.52941176470587], [-76.3777879478463, 33.361344537815114], [-76.33302184691524, 33.19327731092436], [-76.28605171109548, 33.0252100840336], [-76.23675353376962, 32.85714285714285], [-76.22641509433987, 32.82216860818884], [-76.18358388087813, 32.68907563025209], [-76.12800814837885, 32.521008403361336], [-76.07056745331911, 32.35294117647058], [-76.02830188679269, 32.23155759116577], [-76.01078591668633, 32.184873949579824], [-75.94794397753328, 32.01680672268907], [-75.88379353520332, 31.848739495798313], [-75.83018867924554, 31.71002149962927], [-75.81804035800062, 31.680672268907557], [-75.74935032623661, 31.5126050420168], [-75.67983021235075, 31.344537815126046], [-75.63207547169836, 31.229213842667363], [-75.60877590296037, 31.17647058823529], [-75.53544681511563, 31.008403361344534], [-75.46167610846655, 30.84033613445378], [-75.4339622641512, 30.776456219482075], [-75.38588656970161, 30.672268907563023], [-75.30889904043048, 30.504201680672267], [-75.23584905660402, 30.344821588648095], [-75.23161927444194, 30.33613445378151], [-75.1516729309692, 30.168067226890756], [-75.07177370038721, 30.0], [-75.07177370038721, 29.915966386554622], [-75.13679245283045, 29.915966386554622], [-75.23584905660402, 29.915966386554622], [-75.33490566037761, 29.915966386554622], [-75.4339622641512, 29.915966386554622], [-75.53301886792478, 29.915966386554622], [-75.63207547169836, 29.915966386554622], [-75.73113207547195, 29.915966386554622], [-75.83018867924554, 29.915966386554622], [-75.92924528301911, 29.915966386554622], [-76.02830188679269, 29.915966386554622], [-76.12735849056628, 29.915966386554622], [-76.22641509433987, 29.915966386554622], [-76.32547169811345, 29.915966386554622], [-76.42452830188702, 29.915966386554622], [-76.52358490566061, 29.915966386554622], [-76.6226415094342, 29.915966386554622], [-76.72169811320778, 29.915966386554622], [-76.82075471698136, 29.915966386554622], [-76.91981132075495, 29.915966386554622], [-77.01886792452854, 29.915966386554622], [-77.11792452830211, 29.915966386554622], [-77.21698113207569, 29.915966386554622], [-77.31603773584928, 29.915966386554622], [-77.41509433962287, 29.915966386554622], [-77.51415094339644, 29.915966386554622], [-77.61320754717002, 29.915966386554622], [-77.71226415094361, 29.915966386554622], [-77.8113207547172, 29.915966386554622], [-77.91037735849078, 29.915966386554622], [-78.00943396226435, 29.915966386554622], [-78.10849056603794, 29.915966386554622], [-78.20754716981153, 29.915966386554622], [-78.30660377358511, 29.915966386554622], [-78.40566037735869, 29.915966386554622], [-78.50471698113228, 29.915966386554622], [-78.60377358490587, 29.915966386554622], [-78.70283018867944, 29.915966386554622], [-78.80188679245302, 29.915966386554622], [-78.90094339622661, 29.915966386554622], [-79.0000000000002, 29.915966386554622], [-79.09905660377378, 29.915966386554622], [-79.19811320754735, 29.915966386554622], [-79.29716981132094, 29.915966386554622], [-79.39622641509453, 29.915966386554622], [-79.49528301886811, 29.915966386554622], [-79.59433962264168, 29.915966386554622], [-79.69339622641527, 29.915966386554622], [-79.79245283018886, 29.915966386554622], [-79.89150943396244, 29.915966386554622], [-79.90475452223045, 29.915966386554622], [-79.90475452223045, 30.0], [-79.86742345704785, 30.168067226890756], [-79.8382748033729, 30.33613445378151], [-79.81522410924184, 30.504201680672267], [-79.79619327605766, 30.672268907563023], [-79.79245283018886, 30.709500428628292], [-79.77783317473977, 30.84033613445378], [-79.7589747284911, 31.008403361344534], [-79.7372496402735, 31.17647058823529], [-79.70935223528777, 31.344537815126046], [-79.67070720167818, 31.5126050420168], [-79.61363358378249, 31.680672268907557], [-79.59433962264168, 31.718332675676574], [-79.52610220928963, 31.848739495798313], [-79.39622641509453, 32.0157383520097], [-79.39550034065789, 32.01680672268907], [-79.2497034058032, 32.184873949579824], [-79.19811320754735, 32.23868536117742], [-79.11549250917302, 32.35294117647058], [-79.01576902294542, 32.521008403361336], [-79.0000000000002, 32.558018589547714], [-78.94115153709973, 32.68907563025209], [-78.88839387540833, 32.85714285714285], [-78.84368022999006, 33.0252100840336], [-78.80188679245302, 33.123188727572796], [-78.76873544084825, 33.19327731092436], [-78.65533659159337, 33.361344537815114], [-78.60377358490587, 33.44093805785041], [-78.55709474830567, 33.52941176470587], [-78.50243872041366, 33.697478991596626], [-78.49944085292574, 33.86554621848738], [-78.5602941604858, 34.03361344537814], [-78.60377358490587, 34.09211501535717], [-78.69812902509554, 34.20168067226889], [-78.80188679245302, 34.300301973787626], [-78.92633793960623, 34.36974789915965], [-79.0000000000002, 34.457605599185385], [-79.08075096468393, 34.537815126050404], [-79.08718706882146, 34.70588235294116], [-79.0000000000002, 34.72091828745471], [-78.80188679245302, 34.832410970558], [-78.77394375647819, 34.873949579831915], [-78.70790300647911, 35.04201680672267], [-78.7810513931169, 35.21008403361343], [-78.80188679245302, 35.25162025540807], [-79.0000000000002, 35.3438173357956], [-79.19811320754735, 35.23307713581848], [-79.26224171916593, 35.21008403361343], [-79.39622641509453, 35.104861142902145], [-79.45640554444422, 35.21008403361343], [-79.50638401806177, 35.37815126050418], [-79.49689035119924, 35.54621848739494], [-79.42208280288914, 35.714285714285694], [-79.39622641509453, 35.77542878984083], [-79.3329751379497, 35.714285714285694], [-79.19811320754735, 35.65210112295672], [-79.0292560260394, 35.54621848739494], [-79.0000000000002, 35.51687949299374], [-78.80188679245302, 35.48891505488797], [-78.60377358490587, 35.47476683008155], [-78.40566037735869, 35.46073902009794], [-78.33965862359531, 35.54621848739494], [-78.37560643340417, 35.714285714285694], [-78.40566037735869, 35.869427240716504], [-78.40889003599789, 35.88235294117645], [-78.53764159278988, 36.050420168067205], [-78.60377358490587, 36.111621853741866], [-78.70114359268814, 36.21848739495796], [-78.80188679245302, 36.28002351869978], [-79.0000000000002, 36.296778229892354], [-79.15953214850703, 36.21848739495796], [-79.19811320754735, 36.16161638181864], [-79.39622641509453, 36.08349439993445], [-79.43884872201036, 36.21848739495796], [-79.59433962264168, 36.36679303389515], [-79.62830001834077, 36.38655462184872], [-79.79245283018886, 36.47485570032009], [-79.99056603773602, 36.50548147843955], [-80.1886792452832, 36.529891932473255], [-80.38679245283035, 36.52594220997], [-80.58490566037753, 36.488351564627436], [-80.78301886792468, 36.45039715584252], [-80.98113207547186, 36.45640179732558], [-81.17924528301901, 36.507096171499136], [-81.3034419484936, 36.55462184873947], [-81.3773584905662, 36.58699410934679], [-81.57547169811335, 36.70329867031376], [-81.6009677835081, 36.72268907563023], [-81.77358490566053, 36.874882166228474], [-81.7878555739119, 36.890756302520984], [-81.91562227550473, 37.05882352941174], [-81.97169811320768, 37.16956718606685], [-81.99080176971033, 37.226890756302495], [-82.01860290452088, 37.39495798319325], [-82.06058819146457, 37.56302521008401], [-82.16981132075486, 37.719681216197976], [-82.17736907256592, 37.73109243697476], [-82.36792452830201, 37.87046047105575], [-82.54882531333728, 37.89915966386552], [-82.56603773584919, 37.90417951668765], [-82.76415094339634, 37.92560485676513], [-82.80729632314684, 38.067226890756274], [-82.7921244090488, 38.23529411764703], [-82.96226415094353, 38.39003811023757], [-83.16037735849068, 38.32092012646662], [-83.2407914370424, 38.23529411764703], [-83.20470873910006, 38.067226890756274], [-83.16037735849068, 37.96756018505511], [-83.03406570979334, 37.89915966386552], [-83.16037735849068, 37.81405412176337], [-83.29750605554615, 37.73109243697476], [-83.35849056603786, 37.71541332392311], [-83.55660377358501, 37.65747869989067], [-83.75471698113219, 37.64404456619354], [-83.95283018867934, 37.71695850039311], [-83.96896893358519, 37.73109243697476], [-84.08917972275245, 37.89915966386552], [-84.15094339622652, 38.0038906368583], [-84.16109319292363, 38.067226890756274], [-84.27745063884741, 38.23529411764703], [-84.34905660377368, 38.278774211820014], [-84.54716981132086, 38.3291632650264], [-84.74528301886801, 38.279703508941616], [-84.94339622641519, 38.31626629932018], [-85.01871149440882, 38.403361344537785], [-85.14150943396234, 38.53292141665495], [-85.17128849664233, 38.57142857142854], [-85.32221765672442, 38.7394957983193], [-85.33962264150952, 38.76078126300902], [-85.47852858684674, 38.90756302521005], [-85.53773584905667, 39.02223236035358], [-85.55585361693835, 39.07563025210081], [-85.57740919159333, 39.243697478991564], [-85.69319419785337, 39.41176470588232], [-85.73584905660385, 39.446615778499556], [-85.933962264151, 39.481064050991776], [-86.08143561614547, 39.41176470588232], [-86.13207547169819, 39.36887496961023], [-86.33018867924534, 39.34500573591877], [-86.46257239913707, 39.41176470588232], [-86.52830188679252, 39.451415224013445], [-86.66132705226353, 39.579831932773075], [-86.7007579838866, 39.74789915966383], [-86.66767877882926, 39.91596638655459], [-86.55631290099174, 40.08403361344534], [-86.52830188679252, 40.117209222198404], [-86.40108992222733, 40.2521008403361], [-86.33018867924534, 40.36861451143], [-86.27898653577962, 40.420168067226854], [-86.17048492394775, 40.58823529411761], [-86.13207547169819, 40.65230662711297], [-86.05527238866054, 40.756302521008365], [-85.94558835462175, 40.92436974789912], [-85.933962264151, 40.94339976911242], [-85.88041817831596, 41.09243697478988], [-85.79958085172542, 41.26050420168063], [-85.73584905660385, 41.31349623758403], [-85.54707296074821, 41.42857142857139], [-85.53773584905667, 41.44123122733084], [-85.41256893252942, 41.596638655462144], [-85.35700255354294, 41.7647058823529], [-85.33962264150952, 41.80910121948222], [-85.29481170022184, 41.932773109243655], [-85.22747150831907, 42.10084033613441], [-85.19999319426601, 42.26890756302517], [-85.23365190843069, 42.43697478991592], [-85.30851416896408, 42.60504201680668], [-85.33962264150952, 42.686795541948285], [-85.40848126738375, 42.773109243697434], [-85.53773584905667, 42.83176267243507], [-85.73584905660385, 42.91783894632251], [-85.75192073449638, 42.94117647058819], [-85.75209294690346, 43.109243697478945], [-85.73584905660385, 43.152635910270455], [-85.56385057346276, 43.2773109243697], [-85.53773584905667, 43.39197987522896], [-85.52374067982703, 43.445378151260456], [-85.51070491391016, 43.61344537815121], [-85.45246544188907, 43.78151260504197], [-85.33962264150952, 43.84556675100007], [-85.14150943396234, 43.839681719926496], [-84.94339622641519, 43.84534426791741], [-84.74528301886801, 43.91817327834259], [-84.7072408025786, 43.94957983193272], [-84.54716981132086, 44.11258090076674], [-84.54340884267529, 44.11764705882348], [-84.47097847175512, 44.285714285714235], [-84.4793688345925, 44.45378151260499], [-84.54716981132086, 44.59520464567393], [-84.56304632812157, 44.621848739495746], [-84.74528301886801, 44.785537527511536], [-84.76311443744642, 44.7899159663865], [-84.94339622641519, 44.85739923781207], [-85.14150943396234, 44.85198552398825], [-85.33962264150952, 44.79387146225195], [-85.36008580155558, 44.7899159663865], [-85.53773584905667, 44.73047148438421], [-85.7350719862288, 44.7899159663865], [-85.73584905660385, 44.790227740726195], [-85.87928609526499, 44.95798319327726], [-85.933962264151, 45.02805259543603], [-85.99206370242821, 45.12605042016801], [-86.09446203199512, 45.29411764705877], [-86.13207547169819, 45.35439373486244], [-86.19343672125369, 45.462184873949525], [-86.29579760969284, 45.63025210084028], [-86.33018867924534, 45.683843156275785], [-86.40161435459144, 45.798319327731036], [-86.5154781329755, 45.96638655462179], [-86.52830188679252, 45.98444024909583], [-86.63551478102706, 46.13445378151255], [-86.72641509433967, 46.252080870274554], [-86.76626666901034, 46.3025210084033], [-86.90807248668, 46.47058823529406], [-86.92452830188685, 46.489192896783194], [-87.06276633392274, 46.638655462184815], [-87.122641509434, 46.69960526006727], [-87.2347329785563, 46.80672268907557], [-87.32075471698118, 46.88475656583929], [-87.4291212625937, 46.974789915966326], [-87.51886792452834, 47.04648832297544], [-87.65471163320063, 47.14285714285708], [-87.71698113207552, 47.18612760038999], [-87.91509433962267, 47.30477651108662], [-87.92721114485167, 47.31092436974784], [-88.11320754716985, 47.407018325206316], [-88.28799008815115, 47.47899159663859], [-88.311320754717, 47.48901092263321], [-88.50943396226418, 47.55773054354184], [-88.70754716981133, 47.60928791906398], [-88.90566037735852, 47.64580709967942], [-88.91654316918229, 47.64705882352935], [-89.10377358490567, 47.67101329372687], [-89.30188679245285, 47.68285775365685], [-89.5, 47.68205687805183], [-89.59905660377359, 47.68205687805183], [-89.59905660377359, 47.73109243697473], [-89.59905660377359, 47.815126050420105], [-89.59905660377359, 47.89915966386548], [-89.59905660377359, 47.98319327731086], [-89.59905660377359, 48.06722689075624], [-89.59905660377359, 48.151260504201616], [-89.59905660377359, 48.235294117646994], [-89.59905660377359, 48.31932773109237], [-89.59905660377359, 48.40336134453775], [-89.59905660377359, 48.48739495798313], [-89.59905660377359, 48.571428571428505], [-89.59905660377359, 48.65546218487388], [-89.59905660377359, 48.73949579831926], [-89.59905660377359, 48.82352941176464], [-89.59905660377359, 48.90756302521002], [-89.59905660377359, 48.991596638655395], [-89.59905660377359, 49.07563025210077], [-89.59905660377359, 49.15966386554615], [-89.59905660377359, 49.24369747899153], [-89.59905660377359, 49.327731092436906], [-89.59905660377359, 49.411764705882284], [-89.59905660377359, 49.49579831932766], [-89.59905660377359, 49.57983193277304], [-89.59905660377359, 49.66386554621842], [-89.59905660377359, 49.747899159663795], [-89.59905660377359, 49.83193277310917], [-89.59905660377359, 49.91596638655455], [-89.59905660377359, 49.99999999999993], [-89.59905660377359, 50.08403361344531], [-89.5, 50.08403361344531], [-89.40094339622642, 50.08403361344531], [-89.30188679245285, 50.08403361344531], [-89.20283018867926, 50.08403361344531], [-89.10377358490567, 50.08403361344531], [-89.00471698113209, 50.08403361344531], [-88.90566037735852, 50.08403361344531], [-88.80660377358492, 50.08403361344531], [-88.70754716981133, 50.08403361344531], [-88.60849056603776, 50.08403361344531], [-88.50943396226418, 50.08403361344531], [-88.41037735849059, 50.08403361344531], [-88.311320754717, 50.08403361344531], [-88.21226415094343, 50.08403361344531], [-88.11320754716985, 50.08403361344531], [-88.01415094339626, 50.08403361344531], [-87.91509433962267, 50.08403361344531], [-87.8160377358491, 50.08403361344531], [-87.71698113207552, 50.08403361344531], [-87.61792452830193, 50.08403361344531], [-87.51886792452834, 50.08403361344531], [-87.41981132075476, 50.08403361344531], [-87.32075471698118, 50.08403361344531], [-87.2216981132076, 50.08403361344531], [-87.122641509434, 50.08403361344531], [-87.02358490566043, 50.08403361344531], [-86.92452830188685, 50.08403361344531], [-86.82547169811326, 50.08403361344531], [-86.72641509433967, 50.08403361344531], [-86.6273584905661, 50.08403361344531], [-86.52830188679252, 50.08403361344531], [-86.42924528301893, 50.08403361344531], [-86.33018867924534, 50.08403361344531], [-86.23113207547176, 50.08403361344531], [-86.13207547169819, 50.08403361344531], [-86.0330188679246, 50.08403361344531], [-85.933962264151, 50.08403361344531], [-85.83490566037743, 50.08403361344531], [-85.73584905660385, 50.08403361344531], [-85.63679245283026, 50.08403361344531], [-85.53773584905667, 50.08403361344531], [-85.4386792452831, 50.08403361344531], [-85.33962264150952, 50.08403361344531], [-85.24056603773593, 50.08403361344531], [-85.14150943396234, 50.08403361344531], [-85.04245283018876, 50.08403361344531], [-84.94339622641519, 50.08403361344531], [-84.8443396226416, 50.08403361344531], [-84.74528301886801, 50.08403361344531], [-84.64622641509443, 50.08403361344531], [-84.54716981132086, 50.08403361344531], [-84.44811320754727, 50.08403361344531], [-84.34905660377368, 50.08403361344531], [-84.2500000000001, 50.08403361344531], [-84.15094339622652, 50.08403361344531], [-84.05188679245293, 50.08403361344531], [-83.95283018867934, 50.08403361344531], [-83.85377358490577, 50.08403361344531], [-83.75471698113219, 50.08403361344531], [-83.6556603773586, 50.08403361344531], [-83.55660377358501, 50.08403361344531], [-83.45754716981143, 50.08403361344531], [-83.35849056603786, 50.08403361344531], [-83.25943396226427, 50.08403361344531], [-83.16037735849068, 50.08403361344531], [-83.0613207547171, 50.08403361344531], [-82.96226415094353, 50.08403361344531], [-82.86320754716994, 50.08403361344531], [-82.76415094339634, 50.08403361344531], [-82.66509433962277, 50.08403361344531], [-82.56603773584919, 50.08403361344531], [-82.4669811320756, 50.08403361344531], [-82.36792452830201, 50.08403361344531], [-82.26886792452844, 50.08403361344531], [-82.16981132075486, 50.08403361344531], [-82.07075471698127, 50.08403361344531], [-81.97169811320768, 50.08403361344531], [-81.8726415094341, 50.08403361344531], [-81.77358490566053, 50.08403361344531], [-81.67452830188694, 50.08403361344531], [-81.57547169811335, 50.08403361344531], [-81.49431772358574, 50.08403361344531], [-81.49431772358574, 49.99999999999993], [-81.49947130281174, 49.83193277310917], [-81.50395121626804, 49.66386554621842]], [[-81.89809268569856, 38.403361344537785], [-81.89246387410563, 38.23529411764703], [-81.77358490566053, 38.10594065204421], [-81.57547169811335, 38.07750071160475], [-81.39799994067832, 38.23529411764703], [-81.38645700105427, 38.403361344537785], [-81.55336689968304, 38.57142857142854], [-81.57547169811335, 38.58549605172559], [-81.63787547565246, 38.57142857142854], [-81.77358490566053, 38.53898392506035], [-81.89809268569856, 38.403361344537785]], [[-78.60377358490587, 38.01106148995513], [-78.40566037735869, 38.0237897862134], [-78.37921750929301, 38.067226890756274], [-78.40566037735869, 38.11063239542481], [-78.60377358490587, 38.12399311650081], [-78.64537556639972, 38.067226890756274], [-78.60377358490587, 38.01106148995513]], [[-80.0817042104853, 37.226890756302495], [-79.99056603773602, 37.119590129675125], [-79.79245283018886, 37.12417184123932], [-79.71700966596218, 37.226890756302495], [-79.7623544062604, 37.39495798319325], [-79.79245283018886, 37.42285514225359], [-79.99056603773602, 37.423502218710986], [-80.02874483013801, 37.39495798319325], [-80.0817042104853, 37.226890756302495]], [[-78.91295502675557, 39.74789915966383], [-79.0000000000002, 39.83631344728861], [-79.12596351424267, 39.74789915966383], [-79.0000000000002, 39.58289546922438], [-78.91295502675557, 39.74789915966383]], [[-80.64887000907625, 39.91596638655459], [-80.78301886792468, 40.025199727069726], [-80.84996789654913, 39.91596638655459], [-80.78301886792468, 39.83728376947991], [-80.64887000907625, 39.91596638655459]], [[-85.933962264151, 39.82448873462517], [-85.82289073811434, 39.91596638655459], [-85.91678206042073, 40.08403361344534], [-85.933962264151, 40.115922529091605], [-85.97130811580841, 40.08403361344534], [-86.01938920958284, 39.91596638655459], [-85.933962264151, 39.82448873462517]], [[-79.79245283018886, 40.678076366481044], [-79.99056603773602, 40.720326229472], [-80.05564888628862, 40.756302521008365], [-80.1886792452832, 40.82106972851518], [-80.38679245283035, 40.81884259495572], [-80.46472040850848, 40.756302521008365], [-80.58490566037753, 40.65166784204357], [-80.64519710886125, 40.58823529411761], [-80.78301886792468, 40.42985300046117], [-80.78872709400721, 40.420168067226854], [-80.78301886792468, 40.38183014139601], [-80.75420588820296, 40.2521008403361], [-80.58490566037753, 40.12440443403075], [-80.38679245283035, 40.1672347823986], [-80.1886792452832, 40.19103881014002], [-79.99056603773602, 40.103370897995376], [-79.79245283018886, 40.105225007352686], [-79.6560903848418, 40.2521008403361], [-79.64813992205822, 40.420168067226854], [-79.70795742796692, 40.58823529411761], [-79.59433962264168, 40.628413603922276], [-79.48211754389648, 40.756302521008365], [-79.55533113594664, 40.92436974789912], [-79.59433962264168, 40.950337620517516], [-79.65236183266393, 40.92436974789912], [-79.75896293264815, 40.756302521008365], [-79.79245283018886, 40.678076366481044]], [[-84.04631913720256, 41.932773109243655], [-83.95283018867934, 41.85405859907486], [-83.8202982590083, 41.932773109243655], [-83.85563662918194, 42.10084033613441], [-83.95283018867934, 42.14720929663432], [-84.00462747363522, 42.10084033613441], [-84.04631913720256, 41.932773109243655]], [[-83.34066913838389, 42.26890756302517], [-83.35849056603786, 42.1442531902747], [-83.39498495576787, 42.10084033613441], [-83.35849056603786, 42.07142269127779], [-83.16037735849068, 41.946026794839156], [-82.96226415094353, 41.99745934837391], [-82.8612645053494, 42.10084033613441], [-82.92054672051614, 42.26890756302517], [-82.96226415094353, 42.27659969799143], [-83.15825355351049, 42.43697478991592], [-83.16037735849068, 42.44519077406846], [-83.16372383304841, 42.43697478991592], [-83.34066913838389, 42.26890756302517]], [[-82.56603773584919, 43.245226126781496], [-82.7295069174015, 43.109243697478945], [-82.76415094339634, 43.05591055338174], [-82.8703008865386, 42.94117647058819], [-82.96226415094353, 42.824972227862965], [-82.99426621229792, 42.773109243697434], [-82.96226415094353, 42.718490120161086], [-82.88807360290463, 42.60504201680668], [-82.76415094339634, 42.52383234435569], [-82.56603773584919, 42.58193793886485], [-82.5136239645602, 42.60504201680668], [-82.36792452830201, 42.63978284922686], [-82.19718424082335, 42.773109243697434], [-82.16981132075486, 42.832369895605794], [-82.11284849737395, 42.94117647058819], [-82.1539630618156, 43.109243697478945], [-82.16981132075486, 43.12820838015694], [-82.36792452830201, 43.267986607645604], [-82.56603773584919, 43.245226126781496]], [[-77.61320754717002, 36.34073333089152], [-77.56584356176852, 36.38655462184872], [-77.51512431889165, 36.55462184873947], [-77.61320754717002, 36.64904481044411], [-77.81118665810216, 36.55462184873947], [-77.72546088583672, 36.38655462184872], [-77.61320754717002, 36.34073333089152]], [[-77.41509433962287, 35.50538861636658], [-77.32144818892527, 35.54621848739494], [-77.29992279577563, 35.714285714285694], [-77.41509433962287, 35.762092294750275], [-77.4772536469533, 35.714285714285694], [-77.46539861782591, 35.54621848739494], [-77.41509433962287, 35.50538861636658]], [[-78.17726306447243, 34.36974789915965], [-78.14831024260921, 34.20168067226889], [-78.00943396226435, 34.08071906560507], [-77.8113207547172, 34.052766343450884], [-77.61320754717002, 34.18796081757407], [-77.60366015444068, 34.20168067226889], [-77.55721692493107, 34.36974789915965], [-77.61320754717002, 34.49509023522283], [-77.64164354184615, 34.537815126050404], [-77.8113207547172, 34.64514902421558], [-78.00943396226435, 34.604063984169024], [-78.10151228876276, 34.537815126050404], [-78.17726306447243, 34.36974789915965]]], [[[-64.51916161499159, 49.83193277310917], [-64.38091386073626, 49.66386554621842], [-64.33962264150989, 49.608517786439535], [-64.25733825148868, 49.49579831932766], [-64.14836660571719, 49.327731092436906], [-64.14150943396271, 49.3162276768398], [-64.04844223060392, 49.15966386554615], [-63.961429185839954, 48.991596638655395], [-63.94339622641555, 48.95297348324218], [-63.88211883303121, 48.82352941176464], [-63.812502327559045, 48.65546218487388], [-63.75277407979745, 48.48739495798313], [-63.745283018868385, 48.46352111413505], [-63.69847977654367, 48.31932773109237], [-63.652160639594435, 48.151260504201616], [-63.61372072326656, 47.98319327731086], [-63.58257473065774, 47.815126050420105], [-63.55823066763635, 47.64705882352935], [-63.54716981132122, 47.54445567542489], [-63.53967953424229, 47.47899159663859], [-63.52674940957558, 47.31092436974784], [-63.52015919133185, 47.14285714285708], [-63.51973996313536, 46.974789915966326], [-63.52539024829876, 46.80672268907557], [-63.53707309592731, 46.638655462184815], [-63.54716981132122, 46.54320362584061], [-63.55417961487679, 46.47058823529406], [-63.576085499436196, 46.3025210084033], [-63.603770331216715, 46.13445378151255], [-63.63743358241462, 45.96638655462179], [-63.677334691000596, 45.798319327731036], [-63.72379802340291, 45.63025210084028], [-63.745283018868385, 45.56220027036379], [-63.774575113424945, 45.462184873949525], [-63.83041729163051, 45.29411764705877], [-63.89363855261013, 45.12605042016801], [-63.94339622641555, 45.00798354679702], [-63.963088981022324, 44.95798319327726], [-64.03646469096819, 44.7899159663865], [-64.11874362384549, 44.621848739495746], [-64.14150943396271, 44.57949182029747], [-64.20512748486989, 44.45378151260499], [-64.2998260730348, 44.285714285714235], [-64.33962264150989, 44.221460831059815], [-64.40049312727592, 44.11764705882348], [-64.50995935140192, 43.94957983193272], [-64.53773584905704, 43.910567599484835], [-64.62532419044585, 43.78151260504197], [-64.73584905660422, 43.6355410616938], [-64.75185987730339, 43.61344537815121], [-64.88519449140125, 43.445378151260456], [-64.93396226415138, 43.389622514605584], [-65.02903240391278, 43.2773109243697], [-65.13207547169856, 43.167370139816214], [-65.18519075899782, 43.109243697478945], [-65.33018867924571, 42.965500447743516], [-65.35432838073267, 42.94117647058819], [-65.52830188679289, 42.781663582866344], [-65.53757938969571, 42.773109243697434], [-65.72641509434004, 42.61369532359512], [-65.73672953550759, 42.60504201680668], [-65.92452830188722, 42.45965734170538], [-65.95437312678355, 42.43697478991592], [-66.12264150943437, 42.31788807291754], [-66.19394082084392, 42.26890756302517], [-66.32075471698155, 42.187007667562476], [-66.45946353602143, 42.10084033613441], [-66.5188679245287, 42.06583857942459], [-66.71698113207589, 41.952781457177046], [-66.75294168681357, 41.932773109243655], [-66.91509433962304, 41.84614971609154], [-67.07443683820753, 41.7647058823529], [-67.11320754717022, 41.74562440210223], [-67.31132075471737, 41.648888522710074], [-67.42051940102952, 41.596638655462144], [-67.50943396226455, 41.55568679491869], [-67.7075471698117, 41.46481040381657], [-67.78586724871984, 41.42857142857139], [-67.90566037735888, 41.37578175541715], [-68.10377358490604, 41.28854179560881], [-68.16606877217303, 41.26050420168063], [-68.30188679245322, 41.20330651931837], [-68.50000000000037, 41.12079285051669], [-68.56746342457566, 41.09243697478988], [-68.69811320754755, 41.04195878454226], [-68.8962264150947, 40.96797586299778], [-69.0187675105001, 40.92436974789912], [-69.09433962264188, 40.899907614324015], [-69.29245283018903, 40.839038244008314], [-69.49056603773622, 40.786428341453714], [-69.62373982013722, 40.756302521008365], [-69.68867924528337, 40.74292216357814], [-69.88679245283055, 40.70909622044363], [-70.0849056603777, 40.68605523134231], [-70.28301886792488, 40.674480618362345], [-70.48113207547203, 40.67508973009624], [-70.67924528301921, 40.688843219084085], [-70.87735849056637, 40.71733658242473], [-71.04174686109042, 40.756302521008365], [-71.07547169811355, 40.763122736183114], [-71.2735849056607, 40.82702810329312], [-71.47169811320788, 40.92299459001273], [-71.47355637792494, 40.92436974789912], [-71.66981132075503, 41.06582611717523], [-71.69373438115639, 41.09243697478988], [-71.81098111625161, 41.26050420168063], [-71.86792452830221, 41.3401352586976], [-71.91102092475388, 41.42857142857139], [-72.02847936777795, 41.596638655462144], [-72.06603773584936, 41.69755556951291], [-72.10239735083995, 41.7647058823529], [-72.19159102032849, 41.932773109243655], [-72.26415094339654, 42.01340131026833], [-72.45150118307134, 42.10084033613441], [-72.4622641509437, 42.1093186143221], [-72.58415615056101, 42.26890756302517], [-72.66037735849088, 42.36811389842073], [-72.68947970176761, 42.43697478991592], [-72.79461368463737, 42.60504201680668], [-72.77080332240249, 42.773109243697434], [-72.786159536726, 42.94117647058819], [-72.85849056603803, 43.094194505914736], [-72.8688676834134, 43.109243697478945], [-73.05660377358521, 43.227666467030296], [-73.12085746977297, 43.2773109243697], [-73.25471698113236, 43.372054626693256], [-73.3247047067474, 43.445378151260456], [-73.41303840909947, 43.61344537815121], [-73.45283018867954, 43.76787084460822], [-73.45891910546672, 43.78151260504197], [-73.53911566881422, 43.94957983193272], [-73.64524834919278, 44.11764705882348], [-73.6509433962267, 44.12739417706846], [-73.73794618741006, 44.285714285714235], [-73.78766874602101, 44.45378151260499], [-73.79904656412309, 44.621848739495746], [-73.77784389856532, 44.7899159663865], [-73.72320427093707, 44.95798319327726], [-73.6509433962267, 45.1011758252105], [-73.63493469329647, 45.12605042016801], [-73.51251510550532, 45.29411764705877], [-73.45283018867954, 45.369371167120725], [-73.34818001111206, 45.462184873949525], [-73.25471698113236, 45.552954189187645], [-73.14106281511378, 45.63025210084028], [-73.05660377358521, 45.70074159105695], [-72.90328428988708, 45.798319327731036], [-72.85849056603803, 45.834816803299844], [-72.67037945364875, 45.96638655462179], [-72.66037735849088, 45.97524592648107], [-72.46812746076291, 46.13445378151255], [-72.4622641509437, 46.14035936836119], [-72.29669199151925, 46.3025210084033], [-72.26415094339654, 46.33948710166026], [-72.14679992116754, 46.47058823529406], [-72.06603773584936, 46.57119771656588], [-72.01102366607087, 46.638655462184815], [-71.88540767854221, 46.80672268907557], [-71.86792452830221, 46.83226082142336], [-71.76871272590209, 46.974789915966326], [-71.66981132075503, 47.12650213853394], [-71.65906724108657, 47.14285714285708], [-71.55725261853941, 47.31092436974784], [-71.47169811320788, 47.45972812056302], [-71.46071497711758, 47.47899159663859], [-71.37095953255515, 47.64705882352935], [-71.2836602386936, 47.815126050420105], [-71.2735849056607, 47.83530263366536], [-71.20126688334905, 47.98319327731086], [-71.11880605921752, 48.151260504201616], [-71.07547169811355, 48.23905774551915], [-71.0367273196172, 48.31932773109237], [-70.95359393720135, 48.48739495798313], [-70.87735849056637, 48.63342892906848], [-70.8659882074438, 48.65546218487388], [-70.77656002846867, 48.82352941176464], [-70.67924528301921, 48.99109415594709], [-70.6789506409634, 48.991596638655395], [-70.57735012904283, 49.15966386554615], [-70.48113207547203, 49.304855061020824], [-70.465405613189, 49.327731092436906], [-70.34516210403307, 49.49579831932766], [-70.28301886792488, 49.5774935859645], [-70.21292934811105, 49.66386554621842], [-70.0849056603777, 49.81291311856042], [-70.06710980347276, 49.83193277310917], [-69.9055926749683, 49.99999999999993], [-69.9055926749683, 50.08403361344531], [-69.88679245283055, 50.08403361344531], [-69.78773584905696, 50.08403361344531], [-69.68867924528337, 50.08403361344531], [-69.58962264150979, 50.08403361344531], [-69.49056603773622, 50.08403361344531], [-69.39150943396263, 50.08403361344531], [-69.29245283018903, 50.08403361344531], [-69.19339622641546, 50.08403361344531], [-69.09433962264188, 50.08403361344531], [-68.99528301886829, 50.08403361344531], [-68.8962264150947, 50.08403361344531], [-68.79716981132113, 50.08403361344531], [-68.69811320754755, 50.08403361344531], [-68.59905660377396, 50.08403361344531], [-68.50000000000037, 50.08403361344531], [-68.4009433962268, 50.08403361344531], [-68.30188679245322, 50.08403361344531], [-68.20283018867963, 50.08403361344531], [-68.10377358490604, 50.08403361344531], [-68.00471698113246, 50.08403361344531], [-67.90566037735888, 50.08403361344531], [-67.8066037735853, 50.08403361344531], [-67.7075471698117, 50.08403361344531], [-67.60849056603813, 50.08403361344531], [-67.50943396226455, 50.08403361344531], [-67.41037735849096, 50.08403361344531], [-67.31132075471737, 50.08403361344531], [-67.2122641509438, 50.08403361344531], [-67.11320754717022, 50.08403361344531], [-67.01415094339663, 50.08403361344531], [-66.91509433962304, 50.08403361344531], [-66.81603773584946, 50.08403361344531], [-66.71698113207589, 50.08403361344531], [-66.6179245283023, 50.08403361344531], [-66.5188679245287, 50.08403361344531], [-66.41981132075513, 50.08403361344531], [-66.32075471698155, 50.08403361344531], [-66.22169811320796, 50.08403361344531], [-66.12264150943437, 50.08403361344531], [-66.0235849056608, 50.08403361344531], [-65.92452830188722, 50.08403361344531], [-65.82547169811363, 50.08403361344531], [-65.72641509434004, 50.08403361344531], [-65.62735849056646, 50.08403361344531], [-65.52830188679289, 50.08403361344531], [-65.4292452830193, 50.08403361344531], [-65.33018867924571, 50.08403361344531], [-65.23113207547213, 50.08403361344531], [-65.13207547169856, 50.08403361344531], [-65.03301886792497, 50.08403361344531], [-64.93396226415138, 50.08403361344531], [-64.8349056603778, 50.08403361344531], [-64.73584905660422, 50.08403361344531], [-64.6736338246978, 50.08403361344531], [-64.6736338246978, 49.99999999999993], [-64.53773584905704, 49.85291888834874], [-64.51916161499159, 49.83193277310917]], [[-73.16064557941851, 43.61344537815121], [-73.05660377358521, 43.477948033607724], [-72.85849056603803, 43.496226675009936], [-72.70060121449488, 43.61344537815121], [-72.82212844070307, 43.78151260504197], [-72.85849056603803, 43.79720924453114], [-73.05660377358521, 43.799991064419004], [-73.06915244817336, 43.78151260504197], [-73.16064557941851, 43.61344537815121]], [[-73.23871248919906, 44.7899159663865], [-73.25471698113236, 44.78391993589641], [-73.41747145554052, 44.621848739495746], [-73.4499016123472, 44.45378151260499], [-73.33911531626447, 44.285714285714235], [-73.25471698113236, 44.21788434931202], [-73.05660377358521, 44.182305401974965], [-72.85849056603803, 44.16236281905454], [-72.66037735849088, 44.22265696772181], [-72.58636146198236, 44.285714285714235], [-72.49394178324086, 44.45378151260499], [-72.49813159560254, 44.621848739495746], [-72.60312575258769, 44.7899159663865], [-72.66037735849088, 44.83558143208344], [-72.85849056603803, 44.90591802913086], [-73.05660377358521, 44.87151919730551], [-73.23871248919906, 44.7899159663865]], [[-68.50000000000037, 48.29144806320105], [-68.69811320754755, 48.211236624531836], [-68.78741629892943, 48.151260504201616], [-68.8962264150947, 48.069152390926874], [-68.98060434205952, 47.98319327731086], [-69.09433962264188, 47.82033045722939], [-69.09777395398935, 47.815126050420105], [-69.18136795447253, 47.64705882352935], [-69.22835771166889, 47.47899159663859], [-69.24909171669174, 47.31092436974784], [-69.25008633132116, 47.14285714285708], [-69.23507851853563, 46.974789915966326], [-69.2071792912596, 46.80672268907557], [-69.16989545225566, 46.638655462184815], [-69.12717007946033, 46.47058823529406], [-69.09433962264188, 46.33161364269367], [-69.08747443943444, 46.3025210084033], [-69.067510782803, 46.13445378151255], [-69.09324758391998, 45.96638655462179], [-69.09433962264188, 45.964597646683345], [-69.20641857858405, 45.798319327731036], [-69.29245283018903, 45.719531561272625], [-69.38867403570912, 45.63025210084028], [-69.49056603773622, 45.54390220987664], [-69.60654573163201, 45.462184873949525], [-69.68867924528337, 45.406673262226306], [-69.88679245283055, 45.344309201751194], [-70.0849056603777, 45.333518939143914], [-70.28301886792488, 45.331373303136274], [-70.48113207547203, 45.30848733799175], [-70.52493347602423, 45.29411764705877], [-70.67924528301921, 45.25615634841555], [-70.87735849056637, 45.14487509577169], [-70.90017660928828, 45.12605042016801], [-71.06667539010866, 44.95798319327726], [-71.07547169811355, 44.9440461823181], [-71.17835823331792, 44.7899159663865], [-71.24290866764379, 44.621848739495746], [-71.2735849056607, 44.50471369639482], [-71.2972855952057, 44.45378151260499], [-71.39649247874415, 44.285714285714235], [-71.47169811320788, 44.22330764942336], [-71.63361854434947, 44.11764705882348], [-71.66981132075503, 44.10221241424252], [-71.86792452830221, 43.98837318681621], [-72.06603773584936, 43.97209284511112], [-72.26415094339654, 44.00991210659437], [-72.41355639350233, 43.94957983193272], [-72.4622641509437, 43.936816414103546], [-72.61454896028985, 43.78151260504197], [-72.63376517361871, 43.61344537815121], [-72.51808299120023, 43.445378151260456], [-72.4622641509437, 43.39181701309518], [-72.26415094339654, 43.282723236716905], [-72.22935094340758, 43.2773109243697], [-72.26415094339654, 43.26337811285209], [-72.33794175082123, 43.109243697478945], [-72.43035714955478, 42.94117647058819], [-72.28592952263566, 42.773109243697434], [-72.26415094339654, 42.75531353257612], [-72.06603773584936, 42.69218791485209], [-71.93952321856196, 42.60504201680668], [-71.86792452830221, 42.471668703339944], [-71.84276364624701, 42.43697478991592], [-71.86792452830221, 42.411209008905615], [-71.9155437633971, 42.26890756302517], [-71.86792452830221, 42.19327554831555], [-71.70497476367787, 42.10084033613441], [-71.66981132075503, 41.995380860528485], [-71.65648882418604, 41.932773109243655], [-71.62302091164138, 41.7647058823529], [-71.47169811320788, 41.603700153052195], [-71.42089442727784, 41.596638655462144], [-71.2735849056607, 41.56335318472892], [-71.07547169811355, 41.58400142624459], [-70.91386186768365, 41.596638655462144], [-70.87735849056637, 41.59897991859019], [-70.67924528301921, 41.649612733535605], [-70.48113207547203, 41.74902966774342], [-70.45733461325537, 41.7647058823529], [-70.28301886792488, 41.91207800329307], [-70.26122815670213, 41.932773109243655], [-70.12708217684843, 42.10084033613441], [-70.0849056603777, 42.175065150238275], [-70.02518567769381, 42.26890756302517], [-69.93969122208178, 42.43697478991592], [-69.88679245283055, 42.55209460741208], [-69.85808917049339, 42.60504201680668], [-69.76443787533896, 42.773109243697434], [-69.68867924528337, 42.89185693349057], [-69.6540212268654, 42.94117647058819], [-69.52561771292969, 43.109243697478945], [-69.49056603773622, 43.15494282782058], [-69.38568333198424, 43.2773109243697], [-69.29245283018903, 43.39122971306633], [-69.22870310370739, 43.445378151260456], [-69.09433962264188, 43.54498609471955], [-68.8962264150947, 43.59020705052622], [-68.69811320754755, 43.579899078287234], [-68.50000000000037, 43.561316898474175], [-68.30188679245322, 43.56078623480096], [-68.10377358490604, 43.593433102078485], [-68.05047659618542, 43.61344537815121], [-67.90566037735888, 43.66108175437226], [-67.71948007496955, 43.78151260504197], [-67.7075471698117, 43.7906874612316], [-67.55214577611042, 43.94957983193272], [-67.50943396226455, 44.02021809468129], [-67.44837197197126, 44.11764705882348], [-67.38516303292988, 44.285714285714235], [-67.35603050429334, 44.45378151260499], [-67.35135855133153, 44.621848739495746], [-67.36692602752976, 44.7899159663865], [-67.39964216059404, 44.95798319327726], [-67.44277118238213, 45.12605042016801], [-67.48167536002825, 45.29411764705877], [-67.49111553944373, 45.462184873949525], [-67.44322917888822, 45.63025210084028], [-67.3373665545538, 45.798319327731036], [-67.31132075471737, 45.82892162040358], [-67.21630518214465, 45.96638655462179], [-67.1142714972864, 46.13445378151255], [-67.11320754717022, 46.13652678877743], [-67.02995980336235, 46.3025210084033], [-66.97390394983222, 46.47058823529406], [-66.94233225009177, 46.638655462184815], [-66.93088059871593, 46.80672268907557], [-66.93742252556585, 46.974789915966326], [-66.96196182618291, 47.14285714285708], [-67.00565471347846, 47.31092436974784], [-67.07089180963632, 47.47899159663859], [-67.11320754717022, 47.56097423690563], [-67.1553936153241, 47.64705882352935], [-67.26586928366957, 47.815126050420105], [-67.31132075471737, 47.86940515803978], [-67.41243239123199, 47.98319327731086], [-67.50943396226455, 48.068462965777], [-67.62601972711411, 48.151260504201616], [-67.7075471698117, 48.20101927748229], [-67.90566037735888, 48.28367019299078], [-68.08833685784957, 48.31932773109237], [-68.10377358490604, 48.32255132046009], [-68.30188679245322, 48.325657310335615], [-68.33354828750285, 48.31932773109237], [-68.50000000000037, 48.29144806320105]]]]}}, {"id": "3", "type": "Feature", "properties": {"min_value": 55.4, "max_value": 125.4, "color": "#ff0000"}, "geometry": {"type": "MultiPolygon", "coordinates": [[[[-75.03773584905687, 39.28237867068989], [-75.13998660201429, 39.41176470588232], [-75.03773584905687, 39.48567074035617], [-74.91626659883514, 39.41176470588232], [-75.03773584905687, 39.28237867068989]]], [[[-57.90094339622698, 49.91596638655455], [-57.90094339622698, 49.83193277310917], [-57.90094339622698, 49.747899159663795], [-57.90094339622698, 49.66386554621842], [-57.90094339622698, 49.57983193277304], [-57.90094339622698, 49.49579831932766], [-57.90094339622698, 49.411764705882284], [-57.90094339622698, 49.327731092436906], [-57.90094339622698, 49.24369747899153], [-57.90094339622698, 49.15966386554615], [-57.90094339622698, 49.07563025210077], [-57.90094339622698, 48.991596638655395], [-57.90094339622698, 48.90756302521002], [-57.90094339622698, 48.82352941176464], [-57.90094339622698, 48.73949579831926], [-57.90094339622698, 48.65546218487388], [-57.90094339622698, 48.571428571428505], [-57.90094339622698, 48.48739495798313], [-57.90094339622698, 48.40336134453775], [-57.90094339622698, 48.31932773109237], [-57.90094339622698, 48.235294117646994], [-57.90094339622698, 48.151260504201616], [-57.90094339622698, 48.06722689075624], [-57.90094339622698, 47.98319327731086], [-57.90094339622698, 47.89915966386548], [-57.90094339622698, 47.815126050420105], [-57.90094339622698, 47.73109243697473], [-57.90094339622698, 47.64705882352935], [-57.90094339622698, 47.56302521008397], [-57.90094339622698, 47.47899159663859], [-57.90094339622698, 47.394957983193216], [-57.90094339622698, 47.31092436974784], [-57.90094339622698, 47.22689075630246], [-57.90094339622698, 47.14285714285708], [-57.90094339622698, 47.058823529411704], [-57.90094339622698, 46.974789915966326], [-57.90094339622698, 46.89075630252095], [-57.90094339622698, 46.80672268907557], [-57.90094339622698, 46.72268907563019], [-57.90094339622698, 46.638655462184815], [-57.90094339622698, 46.55462184873944], [-57.90094339622698, 46.47058823529406], [-57.90094339622698, 46.38655462184868], [-57.90094339622698, 46.3025210084033], [-57.90094339622698, 46.218487394957926], [-57.90094339622698, 46.13445378151255], [-57.90094339622698, 46.05042016806717], [-57.90094339622698, 45.96638655462179], [-57.90094339622698, 45.882352941176414], [-57.90094339622698, 45.798319327731036], [-57.90094339622698, 45.71428571428566], [-57.90094339622698, 45.63025210084028], [-57.90094339622698, 45.5462184873949], [-57.90094339622698, 45.462184873949525], [-57.90094339622698, 45.37815126050415], [-57.90094339622698, 45.29411764705877], [-57.90094339622698, 45.21008403361339], [-57.90094339622698, 45.12605042016801], [-57.90094339622698, 45.042016806722636], [-57.90094339622698, 44.95798319327726], [-57.90094339622698, 44.87394957983188], [-57.90094339622698, 44.7899159663865], [-57.90094339622698, 44.705882352941124], [-57.90094339622698, 44.621848739495746], [-57.90094339622698, 44.53781512605037], [-57.90094339622698, 44.45378151260499], [-57.90094339622698, 44.36974789915961], [-57.90094339622698, 44.285714285714235], [-57.90094339622698, 44.20168067226886], [-57.90094339622698, 44.11764705882348], [-57.90094339622698, 44.0336134453781], [-57.90094339622698, 43.94957983193272], [-57.90094339622698, 43.865546218487346], [-57.90094339622698, 43.78151260504197], [-57.90094339622698, 43.69747899159659], [-57.90094339622698, 43.61344537815121], [-57.90094339622698, 43.529411764705834], [-57.90094339622698, 43.445378151260456], [-57.90094339622698, 43.36134453781508], [-57.90094339622698, 43.2773109243697], [-57.90094339622698, 43.19327731092432], [-57.90094339622698, 43.109243697478945], [-57.90094339622698, 43.02521008403357], [-57.90094339622698, 42.94117647058819], [-57.90094339622698, 42.85714285714281], [-57.90094339622698, 42.773109243697434], [-57.90094339622698, 42.689075630252056], [-57.90094339622698, 42.60504201680668], [-57.90094339622698, 42.5210084033613], [-57.90094339622698, 42.43697478991592], [-57.90094339622698, 42.352941176470544], [-57.90094339622698, 42.26890756302517], [-57.90094339622698, 42.18487394957979], [-57.90094339622698, 42.10084033613441], [-57.90094339622698, 42.01680672268903], [-57.90094339622698, 41.932773109243655], [-57.90094339622698, 41.84873949579828], [-57.90094339622698, 41.7647058823529], [-57.90094339622698, 41.68067226890752], [-57.90094339622698, 41.596638655462144], [-57.90094339622698, 41.512605042016766], [-57.90094339622698, 41.42857142857139], [-57.90094339622698, 41.34453781512601], [-57.90094339622698, 41.26050420168063], [-57.90094339622698, 41.176470588235254], [-57.90094339622698, 41.09243697478988], [-57.90094339622698, 41.0084033613445], [-57.90094339622698, 40.92436974789912], [-57.90094339622698, 40.84033613445374], [-57.90094339622698, 40.756302521008365], [-57.90094339622698, 40.67226890756299], [-57.90094339622698, 40.58823529411761], [-57.90094339622698, 40.50420168067223], [-57.90094339622698, 40.420168067226854], [-57.90094339622698, 40.336134453781476], [-57.90094339622698, 40.2521008403361], [-57.90094339622698, 40.16806722689072], [-57.90094339622698, 40.08403361344534], [-57.90094339622698, 39.999999999999964], [-57.90094339622698, 39.91596638655459], [-57.90094339622698, 39.83193277310921], [-57.90094339622698, 39.74789915966383], [-57.90094339622698, 39.66386554621845], [-57.90094339622698, 39.579831932773075], [-57.90094339622698, 39.4957983193277], [-57.90094339622698, 39.41176470588232], [-57.90094339622698, 39.32773109243694], [-57.90094339622698, 39.243697478991564], [-57.90094339622698, 39.159663865546186], [-57.90094339622698, 39.07563025210081], [-57.90094339622698, 38.99159663865543], [-57.90094339622698, 38.90756302521005], [-57.90094339622698, 38.823529411764675], [-57.90094339622698, 38.7394957983193], [-57.90094339622698, 38.65546218487392], [-57.90094339622698, 38.57142857142854], [-57.90094339622698, 38.48739495798316], [-57.90094339622698, 38.403361344537785], [-57.90094339622698, 38.31932773109241], [-57.90094339622698, 38.23529411764703], [-57.90094339622698, 38.15126050420165], [-57.90094339622698, 38.067226890756274], [-57.90094339622698, 37.983193277310896], [-57.90094339622698, 37.89915966386552], [-57.90094339622698, 37.81512605042014], [-57.90094339622698, 37.73109243697476], [-57.90094339622698, 37.647058823529385], [-57.90094339622698, 37.56302521008401], [-57.90094339622698, 37.47899159663863], [-57.90094339622698, 37.39495798319325], [-57.90094339622698, 37.31092436974787], [-57.90094339622698, 37.226890756302495], [-57.90094339622698, 37.14285714285712], [-57.90094339622698, 37.05882352941174], [-57.90094339622698, 36.97478991596636], [-57.90094339622698, 36.890756302520984], [-57.90094339622698, 36.806722689075606], [-57.90094339622698, 36.72268907563023], [-57.90094339622698, 36.63865546218485], [-57.90094339622698, 36.55462184873947], [-57.90094339622698, 36.470588235294095], [-57.90094339622698, 36.38655462184872], [-57.90094339622698, 36.30252100840334], [-57.90094339622698, 36.21848739495796], [-57.90094339622698, 36.13445378151258], [-57.90094339622698, 36.050420168067205], [-57.90094339622698, 35.96638655462183], [-57.90094339622698, 35.88235294117645], [-57.90094339622698, 35.79831932773107], [-57.90094339622698, 35.714285714285694], [-57.90094339622698, 35.630252100840316], [-57.90094339622698, 35.54621848739494], [-57.90094339622698, 35.46218487394956], [-57.90094339622698, 35.37815126050418], [-57.90094339622698, 35.294117647058805], [-57.90094339622698, 35.21008403361343], [-57.90094339622698, 35.12605042016805], [-57.90094339622698, 35.04201680672267], [-57.90094339622698, 34.95798319327729], [-57.90094339622698, 34.873949579831915], [-57.90094339622698, 34.78991596638654], [-57.90094339622698, 34.70588235294116], [-57.90094339622698, 34.62184873949578], [-57.90094339622698, 34.537815126050404], [-57.90094339622698, 34.453781512605026], [-57.90094339622698, 34.36974789915965], [-57.90094339622698, 34.28571428571427], [-57.90094339622698, 34.20168067226889], [-57.90094339622698, 34.117647058823515], [-57.90094339622698, 34.03361344537814], [-57.90094339622698, 33.94957983193276], [-57.90094339622698, 33.86554621848738], [-57.90094339622698, 33.781512605042], [-57.90094339622698, 33.697478991596626], [-57.90094339622698, 33.61344537815125], [-57.90094339622698, 33.52941176470587], [-57.90094339622698, 33.44537815126049], [-57.90094339622698, 33.361344537815114], [-57.90094339622698, 33.277310924369736], [-57.90094339622698, 33.19327731092436], [-57.90094339622698, 33.10924369747898], [-57.90094339622698, 33.0252100840336], [-57.90094339622698, 32.941176470588225], [-57.90094339622698, 32.85714285714285], [-57.90094339622698, 32.77310924369747], [-57.90094339622698, 32.68907563025209], [-57.90094339622698, 32.60504201680671], [-57.90094339622698, 32.521008403361336], [-57.90094339622698, 32.43697478991596], [-57.90094339622698, 32.35294117647058], [-57.90094339622698, 32.2689075630252], [-57.90094339622698, 32.184873949579824], [-57.90094339622698, 32.100840336134446], [-57.90094339622698, 32.01680672268907], [-57.90094339622698, 31.93277310924369], [-57.90094339622698, 31.848739495798313], [-57.90094339622698, 31.764705882352935], [-57.90094339622698, 31.680672268907557], [-57.90094339622698, 31.59663865546218], [-57.90094339622698, 31.5126050420168], [-57.90094339622698, 31.428571428571423], [-57.90094339622698, 31.344537815126046], [-57.90094339622698, 31.260504201680668], [-57.90094339622698, 31.17647058823529], [-57.90094339622698, 31.092436974789912], [-57.90094339622698, 31.008403361344534], [-57.90094339622698, 30.924369747899156], [-57.90094339622698, 30.84033613445378], [-57.90094339622698, 30.7563025210084], [-57.90094339622698, 30.672268907563023], [-57.90094339622698, 30.588235294117645], [-57.90094339622698, 30.504201680672267], [-57.90094339622698, 30.42016806722689], [-57.90094339622698, 30.33613445378151], [-57.90094339622698, 30.252100840336134], [-57.90094339622698, 30.168067226890756], [-57.90094339622698, 30.084033613445378], [-57.90094339622698, 30.0], [-57.90094339622698, 29.915966386554622], [-58.00000000000056, 29.915966386554622], [-58.099056603774144, 29.915966386554622], [-58.19811320754773, 29.915966386554622], [-58.29716981132131, 29.915966386554622], [-58.396226415094894, 29.915966386554622], [-58.49528301886848, 29.915966386554622], [-58.59433962264206, 29.915966386554622], [-58.69339622641564, 29.915966386554622], [-58.79245283018923, 29.915966386554622], [-58.89150943396281, 29.915966386554622], [-58.99056603773639, 29.915966386554622], [-59.089622641509976, 29.915966386554622], [-59.18867924528356, 29.915966386554622], [-59.28773584905714, 29.915966386554622], [-59.386792452830726, 29.915966386554622], [-59.48584905660431, 29.915966386554622], [-59.58490566037789, 29.915966386554622], [-59.683962264151475, 29.915966386554622], [-59.78301886792506, 29.915966386554622], [-59.88207547169864, 29.915966386554622], [-59.981132075472225, 29.915966386554622], [-60.08018867924581, 29.915966386554622], [-60.17924528301939, 29.915966386554622], [-60.278301886792974, 29.915966386554622], [-60.37735849056656, 29.915966386554622], [-60.47641509434014, 29.915966386554622], [-60.575471698113724, 29.915966386554622], [-60.67452830188731, 29.915966386554622], [-60.77358490566089, 29.915966386554622], [-60.87264150943447, 29.915966386554622], [-60.971698113208056, 29.915966386554622], [-61.07075471698164, 29.915966386554622], [-61.16981132075522, 29.915966386554622], [-61.268867924528806, 29.915966386554622], [-61.36792452830239, 29.915966386554622], [-61.46698113207597, 29.915966386554622], [-61.566037735849555, 29.915966386554622], [-61.66509433962314, 29.915966386554622], [-61.76415094339672, 29.915966386554622], [-61.863207547170305, 29.915966386554622], [-61.96226415094389, 29.915966386554622], [-62.06132075471747, 29.915966386554622], [-62.160377358491054, 29.915966386554622], [-62.25943396226464, 29.915966386554622], [-62.35849056603822, 29.915966386554622], [-62.457547169811804, 29.915966386554622], [-62.55660377358539, 29.915966386554622], [-62.65566037735897, 29.915966386554622], [-62.75471698113255, 29.915966386554622], [-62.853773584906136, 29.915966386554622], [-62.95283018867972, 29.915966386554622], [-63.0518867924533, 29.915966386554622], [-63.150943396226886, 29.915966386554622], [-63.25000000000047, 29.915966386554622], [-63.34905660377405, 29.915966386554622], [-63.448113207547635, 29.915966386554622], [-63.54716981132122, 29.915966386554622], [-63.6462264150948, 29.915966386554622], [-63.745283018868385, 29.915966386554622], [-63.84433962264197, 29.915966386554622], [-63.94339622641555, 29.915966386554622], [-64.04245283018913, 29.915966386554622], [-64.14150943396271, 29.915966386554622], [-64.2405660377363, 29.915966386554622], [-64.33962264150989, 29.915966386554622], [-64.43867924528347, 29.915966386554622], [-64.53773584905704, 29.915966386554622], [-64.63679245283063, 29.915966386554622], [-64.73584905660422, 29.915966386554622], [-64.8349056603778, 29.915966386554622], [-64.93396226415138, 29.915966386554622], [-65.03301886792497, 29.915966386554622], [-65.13207547169856, 29.915966386554622], [-65.23113207547213, 29.915966386554622], [-65.33018867924571, 29.915966386554622], [-65.4292452830193, 29.915966386554622], [-65.52830188679289, 29.915966386554622], [-65.62735849056646, 29.915966386554622], [-65.72641509434004, 29.915966386554622], [-65.82547169811363, 29.915966386554622], [-65.92452830188722, 29.915966386554622], [-66.0235849056608, 29.915966386554622], [-66.12264150943437, 29.915966386554622], [-66.22169811320796, 29.915966386554622], [-66.32075471698155, 29.915966386554622], [-66.41981132075513, 29.915966386554622], [-66.5188679245287, 29.915966386554622], [-66.6179245283023, 29.915966386554622], [-66.71698113207589, 29.915966386554622], [-66.81603773584946, 29.915966386554622], [-66.91509433962304, 29.915966386554622], [-67.01415094339663, 29.915966386554622], [-67.11320754717022, 29.915966386554622], [-67.2122641509438, 29.915966386554622], [-67.31132075471737, 29.915966386554622], [-67.41037735849096, 29.915966386554622], [-67.50943396226455, 29.915966386554622], [-67.60849056603813, 29.915966386554622], [-67.7075471698117, 29.915966386554622], [-67.8066037735853, 29.915966386554622], [-67.90566037735888, 29.915966386554622], [-68.00471698113246, 29.915966386554622], [-68.10377358490604, 29.915966386554622], [-68.20283018867963, 29.915966386554622], [-68.30188679245322, 29.915966386554622], [-68.4009433962268, 29.915966386554622], [-68.50000000000037, 29.915966386554622], [-68.59905660377396, 29.915966386554622], [-68.69811320754755, 29.915966386554622], [-68.79716981132113, 29.915966386554622], [-68.8962264150947, 29.915966386554622], [-68.99528301886829, 29.915966386554622], [-69.09433962264188, 29.915966386554622], [-69.19339622641546, 29.915966386554622], [-69.29245283018903, 29.915966386554622], [-69.39150943396263, 29.915966386554622], [-69.49056603773622, 29.915966386554622], [-69.58962264150979, 29.915966386554622], [-69.68867924528337, 29.915966386554622], [-69.78773584905696, 29.915966386554622], [-69.88679245283055, 29.915966386554622], [-69.98584905660412, 29.915966386554622], [-70.0849056603777, 29.915966386554622], [-70.18396226415129, 29.915966386554622], [-70.28301886792488, 29.915966386554622], [-70.38207547169846, 29.915966386554622], [-70.48113207547203, 29.915966386554622], [-70.58018867924562, 29.915966386554622], [-70.67924528301921, 29.915966386554622], [-70.77830188679279, 29.915966386554622], [-70.87735849056637, 29.915966386554622], [-70.97641509433996, 29.915966386554622], [-71.07547169811355, 29.915966386554622], [-71.17452830188712, 29.915966386554622], [-71.2735849056607, 29.915966386554622], [-71.37264150943429, 29.915966386554622], [-71.47169811320788, 29.915966386554622], [-71.57075471698145, 29.915966386554622], [-71.66981132075503, 29.915966386554622], [-71.76886792452862, 29.915966386554622], [-71.86792452830221, 29.915966386554622], [-71.96698113207579, 29.915966386554622], [-72.06603773584936, 29.915966386554622], [-72.16509433962295, 29.915966386554622], [-72.26415094339654, 29.915966386554622], [-72.36320754717012, 29.915966386554622], [-72.4622641509437, 29.915966386554622], [-72.56132075471729, 29.915966386554622], [-72.66037735849088, 29.915966386554622], [-72.75943396226445, 29.915966386554622], [-72.85849056603803, 29.915966386554622], [-72.95754716981162, 29.915966386554622], [-73.05660377358521, 29.915966386554622], [-73.15566037735879, 29.915966386554622], [-73.25471698113236, 29.915966386554622], [-73.35377358490595, 29.915966386554622], [-73.45283018867954, 29.915966386554622], [-73.55188679245312, 29.915966386554622], [-73.6509433962267, 29.915966386554622], [-73.75000000000028, 29.915966386554622], [-73.84905660377387, 29.915966386554622], [-73.94811320754745, 29.915966386554622], [-74.04716981132103, 29.915966386554622], [-74.14622641509462, 29.915966386554622], [-74.24528301886821, 29.915966386554622], [-74.34433962264178, 29.915966386554622], [-74.44339622641536, 29.915966386554622], [-74.54245283018895, 29.915966386554622], [-74.64150943396254, 29.915966386554622], [-74.74056603773612, 29.915966386554622], [-74.83962264150969, 29.915966386554622], [-74.93867924528328, 29.915966386554622], [-75.03773584905687, 29.915966386554622], [-75.07177370038721, 29.915966386554622], [-75.07177370038721, 30.0], [-75.1516729309692, 30.168067226890756], [-75.23161927444194, 30.33613445378151], [-75.23584905660402, 30.344821588648095], [-75.30889904043048, 30.504201680672267], [-75.38588656970161, 30.672268907563023], [-75.4339622641512, 30.776456219482075], [-75.46167610846655, 30.84033613445378], [-75.53544681511563, 31.008403361344534], [-75.60877590296037, 31.17647058823529], [-75.63207547169836, 31.229213842667363], [-75.67983021235075, 31.344537815126046], [-75.74935032623661, 31.5126050420168], [-75.81804035800062, 31.680672268907557], [-75.83018867924554, 31.71002149962927], [-75.88379353520332, 31.848739495798313], [-75.94794397753328, 32.01680672268907], [-76.01078591668633, 32.184873949579824], [-76.02830188679269, 32.23155759116577], [-76.07056745331911, 32.35294117647058], [-76.12800814837885, 32.521008403361336], [-76.18358388087813, 32.68907563025209], [-76.22641509433987, 32.82216860818884], [-76.23675353376962, 32.85714285714285], [-76.28605171109548, 33.0252100840336], [-76.33302184691524, 33.19327731092436], [-76.3777879478463, 33.361344537815114], [-76.42074153317284, 33.52941176470587], [-76.42452830188702, 33.54382865854139], [-76.46001610149702, 33.697478991596626], [-76.49828011806976, 33.86554621848738], [-76.53719667293946, 34.03361344537814], [-76.57838345244276, 34.20168067226889], [-76.6226415094342, 34.36856372537139], [-76.62291057677237, 34.36974789915965], [-76.66589203565813, 34.537815126050404], [-76.7101322915542, 34.70588235294116], [-76.74922875282637, 34.873949579831915], [-76.77484061958613, 35.04201680672267], [-76.78440781769235, 35.21008403361343], [-76.78755554233547, 35.37815126050418], [-76.80289053293586, 35.54621848739494], [-76.82075471698136, 35.60815840762893], [-76.84045597176443, 35.714285714285694], [-76.91380781729274, 35.88235294117645], [-77.01886792452854, 36.03068598183964], [-77.03607492961906, 36.050420168067205], [-77.14136977693408, 36.21848739495796], [-77.18832289495369, 36.38655462184872], [-77.21698113207569, 36.4829912246743], [-77.22839029021146, 36.55462184873947], [-77.30000858241705, 36.72268907563023], [-77.41509433962287, 36.86062746327682], [-77.47712148299544, 36.890756302520984], [-77.61320754717002, 36.978943660737635], [-77.8113207547172, 36.99475060475288], [-78.00943396226435, 36.993225196470036], [-78.20754716981153, 37.034326366461684], [-78.25860938394581, 37.05882352941174], [-78.40566037735869, 37.16187467360147], [-78.47933793999687, 37.226890756302495], [-78.57879186009562, 37.39495798319325], [-78.53583101025484, 37.56302521008401], [-78.40566037735869, 37.62815184384987], [-78.32973145008467, 37.73109243697476], [-78.2200286298916, 37.89915966386552], [-78.20754716981153, 37.99414515658142], [-78.19573259691502, 38.067226890756274], [-78.20754716981153, 38.09435168835233], [-78.24954340714027, 38.23529411764703], [-78.40566037735869, 38.379509522063856], [-78.56198495263722, 38.403361344537785], [-78.60377358490587, 38.417613222630976], [-78.67166242523147, 38.403361344537785], [-78.80188679245302, 38.36821512989162], [-79.0000000000002, 38.24941078814872], [-79.15927846507988, 38.23529411764703], [-79.19811320754735, 38.229352887803984], [-79.20524555972638, 38.23529411764703], [-79.36224744213102, 38.403361344537785], [-79.39622641509453, 38.48208681397369], [-79.42649253869828, 38.57142857142854], [-79.43204312353221, 38.7394957983193], [-79.39622641509453, 38.85921480725441], [-79.38317137177873, 38.90756302521005], [-79.26850660416086, 39.07563025210081], [-79.19811320754735, 39.121950602412085], [-79.02517984037473, 39.243697478991564], [-79.0000000000002, 39.25053701155092], [-78.80188679245302, 39.40652536992395], [-78.79806126844085, 39.41176470588232], [-78.68773776871691, 39.579831932773075], [-78.66689801172072, 39.74789915966383], [-78.70243093920794, 39.91596638655459], [-78.69716951887042, 40.08403361344534], [-78.65284346307618, 40.2521008403361], [-78.68412763172287, 40.420168067226854], [-78.72387032785085, 40.58823529411761], [-78.80188679245302, 40.751579443866454], [-78.80891977712535, 40.756302521008365], [-78.97349227789476, 40.92436974789912], [-79.0000000000002, 40.970776788444134], [-79.07056394513364, 41.09243697478988], [-79.16816419985899, 41.26050420168063], [-79.19811320754735, 41.31424419686478], [-79.27894692441184, 41.42857142857139], [-79.38027570163648, 41.596638655462144], [-79.39622641509453, 41.63350427860006], [-79.45717038613324, 41.7647058823529], [-79.49083703765, 41.932773109243655], [-79.5088189351475, 42.10084033613441], [-79.54675796899011, 42.26890756302517], [-79.59433962264168, 42.37622979287591], [-79.62179418023503, 42.43697478991592], [-79.75343558064274, 42.60504201680668], [-79.79245283018886, 42.650020413121254], [-79.97630791335851, 42.773109243697434], [-79.99056603773602, 42.78553796665869], [-80.1886792452832, 42.89219543154161], [-80.30674128451963, 42.94117647058819], [-80.38679245283035, 42.99539051034275], [-80.56074829087191, 43.109243697478945], [-80.58490566037753, 43.13268297015216], [-80.73906467716824, 43.2773109243697], [-80.78301886792468, 43.33513253996456], [-80.8715378784417, 43.445378151260456], [-80.9698305813169, 43.61344537815121], [-80.98113207547186, 43.63812828625404], [-81.05130040325976, 43.78151260504197], [-81.11365849520746, 43.94957983193272], [-81.16252490820517, 44.11764705882348], [-81.17924528301901, 44.18692884822359], [-81.2042291632949, 44.285714285714235], [-81.23976478384165, 44.45378151260499], [-81.26985320585317, 44.621848739495746], [-81.29597107551325, 44.7899159663865], [-81.3190727135318, 44.95798319327726], [-81.33979482821731, 45.12605042016801], [-81.35857458320766, 45.29411764705877], [-81.37571979591723, 45.462184873949525], [-81.3773584905662, 45.4798505777783], [-81.39181455305996, 45.63025210084028], [-81.40659394487238, 45.798319327731036], [-81.42015616160462, 45.96638655462179], [-81.43260991527903, 46.13445378151255], [-81.44403767555285, 46.3025210084033], [-81.45450277595081, 46.47058823529406], [-81.46405446714601, 46.638655462184815], [-81.472731576296, 46.80672268907557], [-81.4805651856983, 46.974789915966326], [-81.48758060125265, 47.14285714285708], [-81.49379879630698, 47.31092436974784], [-81.49923746400754, 47.47899159663859], [-81.50391177707982, 47.64705882352935], [-81.50783493024771, 47.815126050420105], [-81.51101852305554, 47.98319327731086], [-81.51347282746197, 48.151260504201616], [-81.51520697402542, 48.31932773109237], [-81.5162290821183, 48.48739495798313], [-81.51654635296634, 48.65546218487388], [-81.51616513909866, 48.82352941176464], [-81.51509099976676, 48.991596638655395], [-81.51332874883062, 49.15966386554615], [-81.51088249933142, 49.327731092436906], [-81.50775570731177, 49.49579831932766], [-81.50395121626804, 49.66386554621842], [-81.49947130281174, 49.83193277310917], [-81.49431772358574, 49.99999999999993], [-81.49431772358574, 50.08403361344531], [-81.47641509433977, 50.08403361344531], [-81.3773584905662, 50.08403361344531], [-81.2783018867926, 50.08403361344531], [-81.17924528301901, 50.08403361344531], [-81.08018867924544, 50.08403361344531], [-80.98113207547186, 50.08403361344531], [-80.88207547169827, 50.08403361344531], [-80.78301886792468, 50.08403361344531], [-80.6839622641511, 50.08403361344531], [-80.58490566037753, 50.08403361344531], [-80.48584905660394, 50.08403361344531], [-80.38679245283035, 50.08403361344531], [-80.28773584905677, 50.08403361344531], [-80.1886792452832, 50.08403361344531], [-80.0896226415096, 50.08403361344531], [-79.99056603773602, 50.08403361344531], [-79.89150943396244, 50.08403361344531], [-79.79245283018886, 50.08403361344531], [-79.69339622641527, 50.08403361344531], [-79.59433962264168, 50.08403361344531], [-79.49528301886811, 50.08403361344531], [-79.39622641509453, 50.08403361344531], [-79.29716981132094, 50.08403361344531], [-79.19811320754735, 50.08403361344531], [-79.09905660377378, 50.08403361344531], [-79.0000000000002, 50.08403361344531], [-78.90094339622661, 50.08403361344531], [-78.80188679245302, 50.08403361344531], [-78.70283018867944, 50.08403361344531], [-78.60377358490587, 50.08403361344531], [-78.50471698113228, 50.08403361344531], [-78.40566037735869, 50.08403361344531], [-78.30660377358511, 50.08403361344531], [-78.20754716981153, 50.08403361344531], [-78.10849056603794, 50.08403361344531], [-78.00943396226435, 50.08403361344531], [-77.91037735849078, 50.08403361344531], [-77.8113207547172, 50.08403361344531], [-77.71226415094361, 50.08403361344531], [-77.61320754717002, 50.08403361344531], [-77.51415094339644, 50.08403361344531], [-77.41509433962287, 50.08403361344531], [-77.31603773584928, 50.08403361344531], [-77.21698113207569, 50.08403361344531], [-77.11792452830211, 50.08403361344531], [-77.01886792452854, 50.08403361344531], [-76.91981132075495, 50.08403361344531], [-76.82075471698136, 50.08403361344531], [-76.72169811320778, 50.08403361344531], [-76.6226415094342, 50.08403361344531], [-76.52358490566061, 50.08403361344531], [-76.42452830188702, 50.08403361344531], [-76.32547169811345, 50.08403361344531], [-76.22641509433987, 50.08403361344531], [-76.12735849056628, 50.08403361344531], [-76.02830188679269, 50.08403361344531], [-75.92924528301911, 50.08403361344531], [-75.83018867924554, 50.08403361344531], [-75.73113207547195, 50.08403361344531], [-75.63207547169836, 50.08403361344531], [-75.53301886792478, 50.08403361344531], [-75.4339622641512, 50.08403361344531], [-75.33490566037761, 50.08403361344531], [-75.23584905660402, 50.08403361344531], [-75.13679245283045, 50.08403361344531], [-75.03773584905687, 50.08403361344531], [-74.93867924528328, 50.08403361344531], [-74.83962264150969, 50.08403361344531], [-74.74056603773612, 50.08403361344531], [-74.64150943396254, 50.08403361344531], [-74.54245283018895, 50.08403361344531], [-74.44339622641536, 50.08403361344531], [-74.34433962264178, 50.08403361344531], [-74.24528301886821, 50.08403361344531], [-74.14622641509462, 50.08403361344531], [-74.04716981132103, 50.08403361344531], [-73.94811320754745, 50.08403361344531], [-73.84905660377387, 50.08403361344531], [-73.75000000000028, 50.08403361344531], [-73.6509433962267, 50.08403361344531], [-73.55188679245312, 50.08403361344531], [-73.45283018867954, 50.08403361344531], [-73.35377358490595, 50.08403361344531], [-73.25471698113236, 50.08403361344531], [-73.15566037735879, 50.08403361344531], [-73.05660377358521, 50.08403361344531], [-72.95754716981162, 50.08403361344531], [-72.85849056603803, 50.08403361344531], [-72.75943396226445, 50.08403361344531], [-72.66037735849088, 50.08403361344531], [-72.56132075471729, 50.08403361344531], [-72.4622641509437, 50.08403361344531], [-72.36320754717012, 50.08403361344531], [-72.26415094339654, 50.08403361344531], [-72.16509433962295, 50.08403361344531], [-72.06603773584936, 50.08403361344531], [-71.96698113207579, 50.08403361344531], [-71.86792452830221, 50.08403361344531], [-71.76886792452862, 50.08403361344531], [-71.66981132075503, 50.08403361344531], [-71.57075471698145, 50.08403361344531], [-71.47169811320788, 50.08403361344531], [-71.37264150943429, 50.08403361344531], [-71.2735849056607, 50.08403361344531], [-71.17452830188712, 50.08403361344531], [-71.07547169811355, 50.08403361344531], [-70.97641509433996, 50.08403361344531], [-70.87735849056637, 50.08403361344531], [-70.77830188679279, 50.08403361344531], [-70.67924528301921, 50.08403361344531], [-70.58018867924562, 50.08403361344531], [-70.48113207547203, 50.08403361344531], [-70.38207547169846, 50.08403361344531], [-70.28301886792488, 50.08403361344531], [-70.18396226415129, 50.08403361344531], [-70.0849056603777, 50.08403361344531], [-69.98584905660412, 50.08403361344531], [-69.9055926749683, 50.08403361344531], [-69.9055926749683, 49.99999999999993], [-70.06710980347276, 49.83193277310917], [-70.0849056603777, 49.81291311856042], [-70.21292934811105, 49.66386554621842], [-70.28301886792488, 49.5774935859645], [-70.34516210403307, 49.49579831932766], [-70.465405613189, 49.327731092436906], [-70.48113207547203, 49.304855061020824], [-70.57735012904283, 49.15966386554615], [-70.6789506409634, 48.991596638655395], [-70.67924528301921, 48.99109415594709], [-70.77656002846867, 48.82352941176464], [-70.8659882074438, 48.65546218487388], [-70.87735849056637, 48.63342892906848], [-70.95359393720135, 48.48739495798313], [-71.0367273196172, 48.31932773109237], [-71.07547169811355, 48.23905774551915], [-71.11880605921752, 48.151260504201616], [-71.20126688334905, 47.98319327731086], [-71.2735849056607, 47.83530263366536], [-71.2836602386936, 47.815126050420105], [-71.37095953255515, 47.64705882352935], [-71.46071497711758, 47.47899159663859], [-71.47169811320788, 47.45972812056302], [-71.55725261853941, 47.31092436974784], [-71.65906724108657, 47.14285714285708], [-71.66981132075503, 47.12650213853394], [-71.76871272590209, 46.974789915966326], [-71.86792452830221, 46.83226082142336], [-71.88540767854221, 46.80672268907557], [-72.01102366607087, 46.638655462184815], [-72.06603773584936, 46.57119771656588], [-72.14679992116754, 46.47058823529406], [-72.26415094339654, 46.33948710166026], [-72.29669199151925, 46.3025210084033], [-72.4622641509437, 46.14035936836119], [-72.46812746076291, 46.13445378151255], [-72.66037735849088, 45.97524592648107], [-72.67037945364875, 45.96638655462179], [-72.85849056603803, 45.834816803299844], [-72.90328428988708, 45.798319327731036], [-73.05660377358521, 45.70074159105695], [-73.14106281511378, 45.63025210084028], [-73.25471698113236, 45.552954189187645], [-73.34818001111206, 45.462184873949525], [-73.45283018867954, 45.369371167120725], [-73.51251510550532, 45.29411764705877], [-73.63493469329647, 45.12605042016801], [-73.6509433962267, 45.1011758252105], [-73.72320427093707, 44.95798319327726], [-73.77784389856532, 44.7899159663865], [-73.79904656412309, 44.621848739495746], [-73.78766874602101, 44.45378151260499], [-73.73794618741006, 44.285714285714235], [-73.6509433962267, 44.12739417706846], [-73.64524834919278, 44.11764705882348], [-73.53911566881422, 43.94957983193272], [-73.45891910546672, 43.78151260504197], [-73.45283018867954, 43.76787084460822], [-73.41303840909947, 43.61344537815121], [-73.3247047067474, 43.445378151260456], [-73.25471698113236, 43.372054626693256], [-73.12085746977297, 43.2773109243697], [-73.05660377358521, 43.227666467030296], [-72.8688676834134, 43.109243697478945], [-72.85849056603803, 43.094194505914736], [-72.786159536726, 42.94117647058819], [-72.77080332240249, 42.773109243697434], [-72.79461368463737, 42.60504201680668], [-72.68947970176761, 42.43697478991592], [-72.66037735849088, 42.36811389842073], [-72.58415615056101, 42.26890756302517], [-72.4622641509437, 42.1093186143221], [-72.45150118307134, 42.10084033613441], [-72.26415094339654, 42.01340131026833], [-72.19159102032849, 41.932773109243655], [-72.10239735083995, 41.7647058823529], [-72.06603773584936, 41.69755556951291], [-72.02847936777795, 41.596638655462144], [-71.91102092475388, 41.42857142857139], [-71.86792452830221, 41.3401352586976], [-71.81098111625161, 41.26050420168063], [-71.69373438115639, 41.09243697478988], [-71.66981132075503, 41.06582611717523], [-71.47355637792494, 40.92436974789912], [-71.47169811320788, 40.92299459001273], [-71.2735849056607, 40.82702810329312], [-71.07547169811355, 40.763122736183114], [-71.04174686109042, 40.756302521008365], [-70.87735849056637, 40.71733658242473], [-70.67924528301921, 40.688843219084085], [-70.48113207547203, 40.67508973009624], [-70.28301886792488, 40.674480618362345], [-70.0849056603777, 40.68605523134231], [-69.88679245283055, 40.70909622044363], [-69.68867924528337, 40.74292216357814], [-69.62373982013722, 40.756302521008365], [-69.49056603773622, 40.786428341453714], [-69.29245283018903, 40.839038244008314], [-69.09433962264188, 40.899907614324015], [-69.0187675105001, 40.92436974789912], [-68.8962264150947, 40.96797586299778], [-68.69811320754755, 41.04195878454226], [-68.56746342457566, 41.09243697478988], [-68.50000000000037, 41.12079285051669], [-68.30188679245322, 41.20330651931837], [-68.16606877217303, 41.26050420168063], [-68.10377358490604, 41.28854179560881], [-67.90566037735888, 41.37578175541715], [-67.78586724871984, 41.42857142857139], [-67.7075471698117, 41.46481040381657], [-67.50943396226455, 41.55568679491869], [-67.42051940102952, 41.596638655462144], [-67.31132075471737, 41.648888522710074], [-67.11320754717022, 41.74562440210223], [-67.07443683820753, 41.7647058823529], [-66.91509433962304, 41.84614971609154], [-66.75294168681357, 41.932773109243655], [-66.71698113207589, 41.952781457177046], [-66.5188679245287, 42.06583857942459], [-66.45946353602143, 42.10084033613441], [-66.32075471698155, 42.187007667562476], [-66.19394082084392, 42.26890756302517], [-66.12264150943437, 42.31788807291754], [-65.95437312678355, 42.43697478991592], [-65.92452830188722, 42.45965734170538], [-65.73672953550759, 42.60504201680668], [-65.72641509434004, 42.61369532359512], [-65.53757938969571, 42.773109243697434], [-65.52830188679289, 42.781663582866344], [-65.35432838073267, 42.94117647058819], [-65.33018867924571, 42.965500447743516], [-65.18519075899782, 43.109243697478945], [-65.13207547169856, 43.167370139816214], [-65.02903240391278, 43.2773109243697], [-64.93396226415138, 43.389622514605584], [-64.88519449140125, 43.445378151260456], [-64.75185987730339, 43.61344537815121], [-64.73584905660422, 43.6355410616938], [-64.62532419044585, 43.78151260504197], [-64.53773584905704, 43.910567599484835], [-64.50995935140192, 43.94957983193272], [-64.40049312727592, 44.11764705882348], [-64.33962264150989, 44.221460831059815], [-64.2998260730348, 44.285714285714235], [-64.20512748486989, 44.45378151260499], [-64.14150943396271, 44.57949182029747], [-64.11874362384549, 44.621848739495746], [-64.03646469096819, 44.7899159663865], [-63.963088981022324, 44.95798319327726], [-63.94339622641555, 45.00798354679702], [-63.89363855261013, 45.12605042016801], [-63.83041729163051, 45.29411764705877], [-63.774575113424945, 45.462184873949525], [-63.745283018868385, 45.56220027036379], [-63.72379802340291, 45.63025210084028], [-63.677334691000596, 45.798319327731036], [-63.63743358241462, 45.96638655462179], [-63.603770331216715, 46.13445378151255], [-63.576085499436196, 46.3025210084033], [-63.55417961487679, 46.47058823529406], [-63.54716981132122, 46.54320362584061], [-63.53707309592731, 46.638655462184815], [-63.52539024829876, 46.80672268907557], [-63.51973996313536, 46.974789915966326], [-63.52015919133185, 47.14285714285708], [-63.52674940957558, 47.31092436974784], [-63.53967953424229, 47.47899159663859], [-63.54716981132122, 47.54445567542489], [-63.55823066763635, 47.64705882352935], [-63.58257473065774, 47.815126050420105], [-63.61372072326656, 47.98319327731086], [-63.652160639594435, 48.151260504201616], [-63.69847977654367, 48.31932773109237], [-63.745283018868385, 48.46352111413505], [-63.75277407979745, 48.48739495798313], [-63.812502327559045, 48.65546218487388], [-63.88211883303121, 48.82352941176464], [-63.94339622641555, 48.95297348324218], [-63.961429185839954, 48.991596638655395], [-64.04844223060392, 49.15966386554615], [-64.14150943396271, 49.3162276768398], [-64.14836660571719, 49.327731092436906], [-64.25733825148868, 49.49579831932766], [-64.33962264150989, 49.608517786439535], [-64.38091386073626, 49.66386554621842], [-64.51916161499159, 49.83193277310917], [-64.53773584905704, 49.85291888834874], [-64.6736338246978, 49.99999999999993], [-64.6736338246978, 50.08403361344531], [-64.63679245283063, 50.08403361344531], [-64.53773584905704, 50.08403361344531], [-64.43867924528347, 50.08403361344531], [-64.33962264150989, 50.08403361344531], [-64.2405660377363, 50.08403361344531], [-64.14150943396271, 50.08403361344531], [-64.04245283018913, 50.08403361344531], [-63.94339622641555, 50.08403361344531], [-63.84433962264197, 50.08403361344531], [-63.745283018868385, 50.08403361344531], [-63.6462264150948, 50.08403361344531], [-63.54716981132122, 50.08403361344531], [-63.448113207547635, 50.08403361344531], [-63.34905660377405, 50.08403361344531], [-63.25000000000047, 50.08403361344531], [-63.150943396226886, 50.08403361344531], [-63.0518867924533, 50.08403361344531], [-62.95283018867972, 50.08403361344531], [-62.853773584906136, 50.08403361344531], [-62.75471698113255, 50.08403361344531], [-62.65566037735897, 50.08403361344531], [-62.55660377358539, 50.08403361344531], [-62.457547169811804, 50.08403361344531], [-62.35849056603822, 50.08403361344531], [-62.25943396226464, 50.08403361344531], [-62.160377358491054, 50.08403361344531], [-62.06132075471747, 50.08403361344531], [-61.96226415094389, 50.08403361344531], [-61.863207547170305, 50.08403361344531], [-61.76415094339672, 50.08403361344531], [-61.66509433962314, 50.08403361344531], [-61.566037735849555, 50.08403361344531], [-61.46698113207597, 50.08403361344531], [-61.36792452830239, 50.08403361344531], [-61.268867924528806, 50.08403361344531], [-61.16981132075522, 50.08403361344531], [-61.07075471698164, 50.08403361344531], [-60.971698113208056, 50.08403361344531], [-60.87264150943447, 50.08403361344531], [-60.77358490566089, 50.08403361344531], [-60.67452830188731, 50.08403361344531], [-60.575471698113724, 50.08403361344531], [-60.47641509434014, 50.08403361344531], [-60.37735849056656, 50.08403361344531], [-60.278301886792974, 50.08403361344531], [-60.17924528301939, 50.08403361344531], [-60.08018867924581, 50.08403361344531], [-59.981132075472225, 50.08403361344531], [-59.88207547169864, 50.08403361344531], [-59.78301886792506, 50.08403361344531], [-59.683962264151475, 50.08403361344531], [-59.58490566037789, 50.08403361344531], [-59.48584905660431, 50.08403361344531], [-59.386792452830726, 50.08403361344531], [-59.28773584905714, 50.08403361344531], [-59.18867924528356, 50.08403361344531], [-59.089622641509976, 50.08403361344531], [-58.99056603773639, 50.08403361344531], [-58.89150943396281, 50.08403361344531], [-58.79245283018923, 50.08403361344531], [-58.69339622641564, 50.08403361344531], [-58.59433962264206, 50.08403361344531], [-58.49528301886848, 50.08403361344531], [-58.396226415094894, 50.08403361344531], [-58.29716981132131, 50.08403361344531], [-58.19811320754773, 50.08403361344531], [-58.099056603774144, 50.08403361344531], [-58.00000000000056, 50.08403361344531], [-57.90094339622698, 50.08403361344531], [-57.90094339622698, 49.99999999999993], [-57.90094339622698, 49.91596638655455]], [[-77.72275654936085, 39.579831932773075], [-77.8113207547172, 39.60522682628152], [-77.84762521794305, 39.579831932773075], [-77.8113207547172, 39.535760946764896], [-77.72275654936085, 39.579831932773075]], [[-75.83018867924554, 42.240204722639575], [-76.02830188679269, 42.18432498964852], [-76.14296449789445, 42.10084033613441], [-76.22641509433987, 42.04175152915919], [-76.35179655119751, 41.932773109243655], [-76.42452830188702, 41.8386215386058], [-76.49147678534162, 41.7647058823529], [-76.56764727346186, 41.596638655462144], [-76.62077945861884, 41.42857142857139], [-76.6226415094342, 41.42351993964913], [-76.68163725078963, 41.26050420168063], [-76.7452489883062, 41.09243697478988], [-76.8130857029854, 40.92436974789912], [-76.82075471698136, 40.90773524265595], [-76.88705842753073, 40.756302521008365], [-76.96931476812465, 40.58823529411761], [-77.01886792452854, 40.50969477488369], [-77.07817023949433, 40.420168067226854], [-77.21698113207569, 40.30891459640426], [-77.24692055795185, 40.2521008403361], [-77.21698113207569, 40.2204633757741], [-77.01886792452854, 40.14799864485723], [-76.94821140686251, 40.08403361344534], [-76.82075471698136, 39.99919999986501], [-76.6226415094342, 39.95113697579094], [-76.59921801772805, 39.91596638655459], [-76.42452830188702, 39.7851983934228], [-76.36891905718295, 39.74789915966383], [-76.22641509433987, 39.67730084236302], [-76.06079975696325, 39.579831932773075], [-76.02830188679269, 39.540214771163434], [-75.83018867924554, 39.49873314811358], [-75.72869133686223, 39.41176470588232], [-75.63207547169836, 39.320129308843036], [-75.4339622641512, 39.268760073524255], [-75.37984693672533, 39.243697478991564], [-75.29215165331654, 39.07563025210081], [-75.248786627528, 38.90756302521005], [-75.23584905660402, 38.89292357285113], [-75.03773584905687, 38.76620504963353], [-74.92547962962506, 38.7394957983193], [-74.83962264150969, 38.72010077484244], [-74.64150943396254, 38.713636065355715], [-74.45696353657956, 38.7394957983193], [-74.44339622641536, 38.74146931018415], [-74.24528301886821, 38.80353597007453], [-74.04716981132103, 38.90320102159188], [-74.04075028465384, 38.90756302521005], [-73.84905660377387, 39.05069419984231], [-73.82349469303566, 39.07563025210081], [-73.67131915282575, 39.243697478991564], [-73.6509433962267, 39.269390129261254], [-73.56028763887795, 39.41176470588232], [-73.47842728764641, 39.579831932773075], [-73.45283018867954, 39.65038700560478], [-73.42028452435002, 39.74789915966383], [-73.37909606045224, 39.91596638655459], [-73.34864734497313, 40.08403361344534], [-73.32150096028448, 40.2521008403361], [-73.29559377690445, 40.420168067226854], [-73.27699690444378, 40.58823529411761], [-73.26226928465371, 40.756302521008365], [-73.25471698113236, 40.77174738250897], [-73.15943466312208, 40.92436974789912], [-73.05660377358521, 40.98464810838906], [-72.98464605916321, 41.09243697478988], [-72.90513072215964, 41.26050420168063], [-73.05660377358521, 41.27285344007497], [-73.25471698113236, 41.36929083622377], [-73.39796568303642, 41.42857142857139], [-73.45283018867954, 41.462212721095966], [-73.53512095356595, 41.42857142857139], [-73.6509433962267, 41.26875462586666], [-73.84905660377387, 41.33245035602595], [-74.04716981132103, 41.3977672315235], [-74.11982279455816, 41.42857142857139], [-74.24528301886821, 41.48407696581701], [-74.44339622641536, 41.594038348974856], [-74.44747184786364, 41.596638655462144], [-74.64150943396254, 41.718051219647805], [-74.70869413635886, 41.7647058823529], [-74.83962264150969, 41.852946687405954], [-74.95431022246842, 41.932773109243655], [-75.03773584905687, 41.98741085320867], [-75.23584905660402, 42.098851832963625], [-75.24093988573595, 42.10084033613441], [-75.4339622641512, 42.18660171831501], [-75.63207547169836, 42.23341658145108], [-75.83018867924554, 42.240204722639575]], [[-78.20754716981153, 39.241073363814145], [-78.00943396226435, 39.19204969636924], [-77.96381182670903, 39.243697478991564], [-78.00943396226435, 39.33795514253959], [-78.20754716981153, 39.248319423645654], [-78.2104325914047, 39.243697478991564], [-78.20754716981153, 39.241073363814145]], [[-77.30489193971611, 42.43697478991592], [-77.41509433962287, 42.388939789654536], [-77.51572248932386, 42.26890756302517], [-77.55996780952967, 42.10084033613441], [-77.51521791959254, 41.932773109243655], [-77.41509433962287, 41.81312053157066], [-77.30904109469063, 41.7647058823529], [-77.21698113207569, 41.70873655998371], [-77.01886792452854, 41.7175355584152], [-76.90565065065213, 41.7647058823529], [-76.82075471698136, 41.840108220699186], [-76.72406079518183, 41.932773109243655], [-76.70667189250625, 42.10084033613441], [-76.78883407865221, 42.26890756302517], [-76.82075471698136, 42.29532568152121], [-76.98627939014689, 42.43697478991592], [-77.01886792452854, 42.45201915629496], [-77.21698113207569, 42.48115777456865], [-77.30489193971611, 42.43697478991592]], [[-77.46178651233937, 37.226890756302495], [-77.41509433962287, 37.17745298646902], [-77.21698113207569, 37.133906896257386], [-77.13770238903304, 37.226890756302495], [-77.10273838402058, 37.39495798319325], [-77.21698113207569, 37.53117949150818], [-77.29478702598946, 37.56302521008401], [-77.41509433962287, 37.64217030810678], [-77.52251327886665, 37.56302521008401], [-77.49072221690494, 37.39495798319325], [-77.46178651233937, 37.226890756302495]], [[-76.22641509433987, 43.43396051380195], [-76.4157659877499, 43.2773109243697], [-76.42452830188702, 43.25678268340398], [-76.49961376297973, 43.109243697478945], [-76.50178992987935, 42.94117647058819], [-76.42508335293121, 42.773109243697434], [-76.42452830188702, 42.77215310516137], [-76.25884352330372, 42.60504201680668], [-76.22641509433987, 42.57139272116218], [-76.02830188679269, 42.50578109027319], [-75.84795336210313, 42.60504201680668], [-75.83018867924554, 42.61053981706855], [-75.69229557371176, 42.773109243697434], [-75.6412746135545, 42.94117647058819], [-75.6438456323961, 43.109243697478945], [-75.70895011391175, 43.2773109243697], [-75.83018867924554, 43.39410718364043], [-75.9731720455541, 43.445378151260456], [-76.02830188679269, 43.4661730403248], [-76.1440412922824, 43.445378151260456], [-76.22641509433987, 43.43396051380195]]], [[[-74.12994337882485, 40.756302521008365], [-74.04716981132103, 40.86852579775235], [-74.01897488930658, 40.756302521008365], [-74.04716981132103, 40.67575424829512], [-74.12994337882485, 40.756302521008365]]], [[[-75.05174564315872, 40.92436974789912], [-75.03773584905687, 40.94627074181047], [-75.01831631021386, 40.92436974789912], [-75.03773584905687, 40.91273769502524], [-75.05174564315872, 40.92436974789912]]], [[[-84.04631913720256, 41.932773109243655], [-84.00462747363522, 42.10084033613441], [-83.95283018867934, 42.14720929663432], [-83.85563662918194, 42.10084033613441], [-83.8202982590083, 41.932773109243655], [-83.95283018867934, 41.85405859907486], [-84.04631913720256, 41.932773109243655]]], [[[-82.8612645053494, 42.10084033613441], [-82.96226415094353, 41.99745934837391], [-83.16037735849068, 41.946026794839156], [-83.35849056603786, 42.07142269127779], [-83.39498495576787, 42.10084033613441], [-83.35849056603786, 42.1442531902747], [-83.34066913838389, 42.26890756302517], [-83.16372383304841, 42.43697478991592], [-83.16037735849068, 42.44519077406846], [-83.15825355351049, 42.43697478991592], [-82.96226415094353, 42.27659969799143], [-82.92054672051614, 42.26890756302517], [-82.8612645053494, 42.10084033613441]]], [[[-82.19718424082335, 42.773109243697434], [-82.36792452830201, 42.63978284922686], [-82.5136239645602, 42.60504201680668], [-82.56603773584919, 42.58193793886485], [-82.76415094339634, 42.52383234435569], [-82.88807360290463, 42.60504201680668], [-82.96226415094353, 42.718490120161086], [-82.99426621229792, 42.773109243697434], [-82.96226415094353, 42.824972227862965], [-82.8703008865386, 42.94117647058819], [-82.76415094339634, 43.05591055338174], [-82.7295069174015, 43.109243697478945], [-82.56603773584919, 43.245226126781496], [-82.36792452830201, 43.267986607645604], [-82.16981132075486, 43.12820838015694], [-82.1539630618156, 43.109243697478945], [-82.11284849737395, 42.94117647058819], [-82.16981132075486, 42.832369895605794], [-82.19718424082335, 42.773109243697434]]]]}}, {"id": "4", "type": "Feature", "properties": {"min_value": 125.4, "max_value": 225.4, "color": "#8f3f97"}, "geometry": {"type": "MultiPolygon", "coordinates": [[[[-75.23584905660402, 42.098851832963625], [-75.03773584905687, 41.98741085320867], [-74.95431022246842, 41.932773109243655], [-74.83962264150969, 41.852946687405954], [-74.70869413635886, 41.7647058823529], [-74.64150943396254, 41.718051219647805], [-74.44747184786364, 41.596638655462144], [-74.44339622641536, 41.594038348974856], [-74.24528301886821, 41.48407696581701], [-74.11982279455816, 41.42857142857139], [-74.04716981132103, 41.3977672315235], [-73.84905660377387, 41.33245035602595], [-73.6509433962267, 41.26875462586666], [-73.53512095356595, 41.42857142857139], [-73.45283018867954, 41.462212721095966], [-73.39796568303642, 41.42857142857139], [-73.25471698113236, 41.36929083622377], [-73.05660377358521, 41.27285344007497], [-72.90513072215964, 41.26050420168063], [-72.98464605916321, 41.09243697478988], [-73.05660377358521, 40.98464810838906], [-73.15943466312208, 40.92436974789912], [-73.25471698113236, 40.77174738250897], [-73.26226928465371, 40.756302521008365], [-73.27699690444378, 40.58823529411761], [-73.29559377690445, 40.420168067226854], [-73.32150096028448, 40.2521008403361], [-73.34864734497313, 40.08403361344534], [-73.37909606045224, 39.91596638655459], [-73.42028452435002, 39.74789915966383], [-73.45283018867954, 39.65038700560478], [-73.47842728764641, 39.579831932773075], [-73.56028763887795, 39.41176470588232], [-73.6509433962267, 39.269390129261254], [-73.67131915282575, 39.243697478991564], [-73.82349469303566, 39.07563025210081], [-73.84905660377387, 39.05069419984231], [-74.04075028465384, 38.90756302521005], [-74.04716981132103, 38.90320102159188], [-74.24528301886821, 38.80353597007453], [-74.44339622641536, 38.74146931018415], [-74.45696353657956, 38.7394957983193], [-74.64150943396254, 38.713636065355715], [-74.83962264150969, 38.72010077484244], [-74.92547962962506, 38.7394957983193], [-75.03773584905687, 38.76620504963353], [-75.23584905660402, 38.89292357285113], [-75.248786627528, 38.90756302521005], [-75.29215165331654, 39.07563025210081], [-75.37984693672533, 39.243697478991564], [-75.4339622641512, 39.268760073524255], [-75.63207547169836, 39.320129308843036], [-75.72869133686223, 39.41176470588232], [-75.83018867924554, 39.49873314811358], [-76.02830188679269, 39.540214771163434], [-76.06079975696325, 39.579831932773075], [-76.22641509433987, 39.67730084236302], [-76.36891905718295, 39.74789915966383], [-76.42452830188702, 39.7851983934228], [-76.59921801772805, 39.91596638655459], [-76.6226415094342, 39.95113697579094], [-76.82075471698136, 39.99919999986501], [-76.94821140686251, 40.08403361344534], [-77.01886792452854, 40.14799864485723], [-77.21698113207569, 40.2204633757741], [-77.24692055795185, 40.2521008403361], [-77.21698113207569, 40.30891459640426], [-77.07817023949433, 40.420168067226854], [-77.01886792452854, 40.50969477488369], [-76.96931476812465, 40.58823529411761], [-76.88705842753073, 40.756302521008365], [-76.82075471698136, 40.90773524265595], [-76.8130857029854, 40.92436974789912], [-76.7452489883062, 41.09243697478988], [-76.68163725078963, 41.26050420168063], [-76.6226415094342, 41.42351993964913], [-76.62077945861884, 41.42857142857139], [-76.56764727346186, 41.596638655462144], [-76.49147678534162, 41.7647058823529], [-76.42452830188702, 41.8386215386058], [-76.35179655119751, 41.932773109243655], [-76.22641509433987, 42.04175152915919], [-76.14296449789445, 42.10084033613441], [-76.02830188679269, 42.18432498964852], [-75.83018867924554, 42.240204722639575], [-75.63207547169836, 42.23341658145108], [-75.4339622641512, 42.18660171831501], [-75.24093988573595, 42.10084033613441], [-75.23584905660402, 42.098851832963625]], [[-75.13998660201429, 39.41176470588232], [-75.03773584905687, 39.28237867068989], [-74.91626659883514, 39.41176470588232], [-75.03773584905687, 39.48567074035617], [-75.13998660201429, 39.41176470588232]], [[-75.4339622641512, 40.67251155363711], [-75.49347098164353, 40.58823529411761], [-75.4339622641512, 40.53296898210648], [-75.32415962688682, 40.58823529411761], [-75.4339622641512, 40.67251155363711]], [[-74.12994337882485, 40.756302521008365], [-74.04716981132103, 40.67575424829512], [-74.01897488930658, 40.756302521008365], [-74.04716981132103, 40.86852579775235], [-74.12994337882485, 40.756302521008365]], [[-75.05174564315872, 40.92436974789912], [-75.03773584905687, 40.91273769502524], [-75.01831631021386, 40.92436974789912], [-75.03773584905687, 40.94627074181047], [-75.05174564315872, 40.92436974789912]]], [[[-76.78883407865221, 42.26890756302517], [-76.70667189250625, 42.10084033613441], [-76.72406079518183, 41.932773109243655], [-76.82075471698136, 41.840108220699186], [-76.90565065065213, 41.7647058823529], [-77.01886792452854, 41.7175355584152], [-77.21698113207569, 41.70873655998371], [-77.30904109469063, 41.7647058823529], [-77.41509433962287, 41.81312053157066], [-77.51521791959254, 41.932773109243655], [-77.55996780952967, 42.10084033613441], [-77.51572248932386, 42.26890756302517], [-77.41509433962287, 42.388939789654536], [-77.30489193971611, 42.43697478991592], [-77.21698113207569, 42.48115777456865], [-77.01886792452854, 42.45201915629496], [-76.98627939014689, 42.43697478991592], [-76.82075471698136, 42.29532568152121], [-76.78883407865221, 42.26890756302517]]], [[[-75.70895011391175, 43.2773109243697], [-75.6438456323961, 43.109243697478945], [-75.6412746135545, 42.94117647058819], [-75.69229557371176, 42.773109243697434], [-75.83018867924554, 42.61053981706855], [-75.84795336210313, 42.60504201680668], [-76.02830188679269, 42.50578109027319], [-76.22641509433987, 42.57139272116218], [-76.25884352330372, 42.60504201680668], [-76.42452830188702, 42.77215310516137], [-76.42508335293121, 42.773109243697434], [-76.50178992987935, 42.94117647058819], [-76.49961376297973, 43.109243697478945], [-76.42452830188702, 43.25678268340398], [-76.4157659877499, 43.2773109243697], [-76.22641509433987, 43.43396051380195], [-76.1440412922824, 43.445378151260456], [-76.02830188679269, 43.4661730403248], [-75.9731720455541, 43.445378151260456], [-75.83018867924554, 43.39410718364043], [-75.70895011391175, 43.2773109243697]]]]}}, {"id": "5", "type": "Feature", "properties": {"min_value": 225.4, "max_value": 240.60651562222975, "color": "#7e0023"}, "geometry": {"type": "Polygon", "coordinates": [[[-75.32415962688682, 40.58823529411761], [-75.4339622641512, 40.67251155363711], [-75.49347098164353, 40.58823529411761], [-75.4339622641512, 40.53296898210648], [-75.32415962688682, 40.58823529411761]]]}}]}